WHENEVER SQLERROR EXIT SQL.SQLCODE ROLLBACK
SET SCAN OFF
SET DEFINE OFF
DECLARE
TMP_VAR NUMBER;
CUR_PRD_ID NUMBER;
CUR_CAPABILITY_ID NUMBER;
BEGIN
BEGIN
  SELECT 1 INTO TMP_VAR FROM OFFER_CHAIN WHERE ID = 7801360120 AND ROWNUM <= 1;
  UPDATE OFFER_CHAIN SET NAME='NYTimes: All Digital Access', DESCRIPTION='Unlimited access to NYTimes.com, and the NYTimes smartphone and tablet apps.*', PRODUCT_URI='', VENDOR_SOURCE_ID='1', BILLING_SOURCE_ID=(SELECT ID FROM BILLING_SOURCE BS WHERE BS.NAME='CIS'), IS_SEAT_LICENSE=0, GROUP_ACCOUNT_TYPE_ID='NO',IS_ADDRESS_REQUIRED=1, OFFER_CHAIN_STATUS_ID = 1, UPDATE_DATE = SYSDATE, UPDATED_BY = 'OFFERMAKER', IS_GIFT_CERTIFICATE='1', REVOKE_ENTITLEMENTS = '0', ADOPTABILITY_WINDOW_START_DATE = to_date('22-Jul-2013 00:00:00','DD-MON-YY HH24:MI:SS'), ADOPTABILITY_WINDOW_END_DATE = to_date('31-Dec-2018 00:00:00','DD-MON-YY HH24:MI:SS'), AMAZON_APPSTORE_SKU=NULL WHERE ID = 7801360120;
EXCEPTION
  WHEN NO_DATA_FOUND THEN
    INSERT INTO OFFER_CHAIN (ID, NAME, DESCRIPTION, ADOPTABILITY_WINDOW_START_DATE, ADOPTABILITY_WINDOW_END_DATE, IS_GIFT_CERTIFICATE, PRODUCT_URI, OFFER_CHAIN_STATUS_ID, REVOKE_ENTITLEMENTS, VENDOR_SOURCE_ID, BILLING_SOURCE_ID, IS_SEAT_LICENSE, GROUP_ACCOUNT_TYPE_ID, IS_ADDRESS_REQUIRED, AMAZON_APPSTORE_SKU, CREATED_BY, CREATE_DATE, updated_by, update_date) VALUES (7801360120, 'NYTimes: All Digital Access', 'Unlimited access to NYTimes.com, and the NYTimes smartphone and tablet apps.*', to_date('22-Jul-2013 00:00:00','DD-MON-YY HH24:MI:SS'), to_date('31-Dec-2018 00:00:00','DD-MON-YY HH24:MI:SS'), '1', NULL, '1', '0', '1', (SELECT ID FROM BILLING_SOURCE BS WHERE BS.NAME='CIS'), decode('NO','IL',1,0), 'NO', '1', '', 'OFFERMAKER', SYSDATE, 'OFFERMAKER', SYSDATE);
END;
DELETE FROM OFFER_CHAIN_ELIGIBILITY WHERE offer_chain_id = 7801360120;
INSERT INTO OFFER_CHAIN_ELIGIBILITY (ID, OFFER_CHAIN_ID, NAME, VALUE, CREATED_BY, CREATE_DATE) VALUES (ELG_ID_SEQ.NEXTVAL, 7801360120, 'IS_COMP', '1', 'OFFERMAKER', SYSDATE);
DELETE FROM OFFER_CHAIN_META_DATA WHERE offer_chain_id = 7801360120;
INSERT INTO OFFER_CHAIN_META_DATA (ID, OFFER_CHAIN_ID, NAME, VALUE, CREATED_BY, CREATE_DATE) VALUES (OCMD_ID_SEQ.NEXTVAL, 7801360120, 'BUNDLE_EXPLANATION', 'Bundle D - DAC Comp 8 Week Sub for Starbucks - Code Generation OC', 'OFFERMAKER', SYSDATE);
INSERT INTO OFFER_CHAIN_META_DATA (ID, OFFER_CHAIN_ID, NAME, VALUE, CREATED_BY, CREATE_DATE) VALUES (OCMD_ID_SEQ.NEXTVAL, 7801360120, 'PRICE_DESCRIPTION', '8 Week DAC Comp ADA Subscription - Code Generation OC', 'OFFERMAKER', SYSDATE);
INSERT INTO OFFER_CHAIN_META_DATA (ID, OFFER_CHAIN_ID, NAME, VALUE, CREATED_BY, CREATE_DATE) VALUES (OCMD_ID_SEQ.NEXTVAL, 7801360120, 'PRICE_SHORT_DESCRIPTION', 'BNDL D / $0 8 wks DAC Comp GC purch', 'OFFERMAKER', SYSDATE);
INSERT INTO OFFER_CHAIN_META_DATA (ID, OFFER_CHAIN_ID, NAME, VALUE, CREATED_BY, CREATE_DATE) VALUES (OCMD_ID_SEQ.NEXTVAL, 7801360120, 'OFFER_TYPE', 'Digital Subscription for 8 weeks', 'OFFERMAKER', SYSDATE);
INSERT INTO OFFER_CHAIN_META_DATA (ID, OFFER_CHAIN_ID, NAME, VALUE, CREATED_BY, CREATE_DATE) VALUES (OCMD_ID_SEQ.NEXTVAL, 7801360120, 'PROMO_PRICE_FOOTER_LABEL', '8 Weeks', 'OFFERMAKER', SYSDATE);
INSERT INTO OFFER_CHAIN_META_DATA (ID, OFFER_CHAIN_ID, NAME, VALUE, CREATED_BY, CREATE_DATE) VALUES (OCMD_ID_SEQ.NEXTVAL, 7801360120, 'BILLING_CYCLE', '8 week subscription', 'OFFERMAKER', SYSDATE);
INSERT INTO OFFER_CHAIN_META_DATA (ID, OFFER_CHAIN_ID, NAME, VALUE, CREATED_BY, CREATE_DATE) VALUES (OCMD_ID_SEQ.NEXTVAL, 7801360120, 'SUBSCRIBER_TYPE', 'DAC', 'OFFERMAKER', SYSDATE);
INSERT INTO OFFER_CHAIN_META_DATA (ID, OFFER_CHAIN_ID, NAME, VALUE, CREATED_BY, CREATE_DATE) VALUES (OCMD_ID_SEQ.NEXTVAL, 7801360120, 'redemption offer chain id', '7801360121, 7801360122', 'OFFERMAKER', SYSDATE);
INSERT INTO OFFER_CHAIN_META_DATA (ID, OFFER_CHAIN_ID, NAME, VALUE, CREATED_BY, CREATE_DATE) VALUES (OCMD_ID_SEQ.NEXTVAL, 7801360120, 'BUNDLE', 'Bundle D (Digital All Access)', 'OFFERMAKER', SYSDATE);
INSERT INTO OFFER_CHAIN_META_DATA (ID, OFFER_CHAIN_ID, NAME, VALUE, CREATED_BY, CREATE_DATE) VALUES (OCMD_ID_SEQ.NEXTVAL, 7801360120, 'ADX_BUNDLE', 'MM_PROMO', 'OFFERMAKER', SYSDATE);
INSERT INTO OFFER_CHAIN_META_DATA (ID, OFFER_CHAIN_ID, NAME, VALUE, CREATED_BY, CREATE_DATE) VALUES (OCMD_ID_SEQ.NEXTVAL, 7801360120, 'SIEBEL_CAMPAIGN_CODE', '3FY6X', 'OFFERMAKER', SYSDATE);
INSERT INTO OFFER_CHAIN_META_DATA (ID, OFFER_CHAIN_ID, NAME, VALUE, CREATED_BY, CREATE_DATE) VALUES (OCMD_ID_SEQ.NEXTVAL, 7801360120, 'IS_COMP', '1', 'OFFERMAKER', SYSDATE);
INSERT INTO OFFER_CHAIN_META_DATA (ID, OFFER_CHAIN_ID, NAME, VALUE, CREATED_BY, CREATE_DATE) VALUES (OCMD_ID_SEQ.NEXTVAL, 7801360120, 'ANNUAL_PRICE', '455.00', 'OFFERMAKER', SYSDATE);
INSERT INTO OFFER_CHAIN_META_DATA (ID, OFFER_CHAIN_ID, NAME, VALUE, CREATED_BY, CREATE_DATE) VALUES (OCMD_ID_SEQ.NEXTVAL, 7801360120, 'UID', 'e18a8ec11ebc882d293ec5246543aacb84009406b5e9a9cf0cc7ce1635822e89', 'OFFERMAKER', SYSDATE);
DELETE FROM OFFER_CHAIN_NOTIFICATION_TYPE WHERE offer_chain_id = 7801360120;
BEGIN
  SELECT 1 INTO TMP_VAR FROM OFFER_OFFER_CHAIN WHERE OFFER_CHAIN_ID = 7801360120 AND INDEX_VALUE = 0 AND ROWNUM <= 1;
EXCEPTION
  WHEN NO_DATA_FOUND THEN
INSERT INTO OFFER (ID, OFFER_STATUS_ID, ENTITLEMENT_DURATION, CREATED_BY, CREATE_DATE, updated_by, update_date) VALUES (OFR_ID_SEQ.NEXTVAL, 1, 'P0Y0M56DT0H0M', 'OFFERMAKER', SYSDATE, 'OFFERMAKER', SYSDATE);
BEGIN
  SELECT ID INTO CUR_PRD_ID FROM PRODUCT WHERE NAME = 'Web' AND ROWNUM <= 1;
EXCEPTION
  WHEN NO_DATA_FOUND THEN
    INSERT INTO PRODUCT (ID, NAME, CREATED_BY, CREATE_DATE) VALUES (PRD_ID_SEQ.NEXTVAL, 'Web', 'OFFERMAKER', SYSDATE);
    SELECT ID INTO CUR_PRD_ID FROM PRODUCT WHERE NAME = 'Web' AND ROWNUM <= 1;
  WHEN OTHERS THEN
    RAISE;
END;
INSERT INTO PRODUCT_OFFERING (ID, PRODUCT_ID, TAX_POLICY_TYPE_ID, QUANTITY, UNIT_PRICE, CREATED_BY, CREATE_DATE) VALUES (PO_ID_SEQ.NEXTVAL, CUR_PRD_ID, '1', '56', '0.357143', 'OFFERMAKER', SYSDATE);
INSERT INTO OFFER_PRODUCT_OFFERING (OFFER_ID, PRODUCT_OFFERING_ID, CREATED_BY, CREATE_DATE) VALUES (OFR_ID_SEQ.CURRVAL, PO_ID_SEQ.CURRVAL, 'OFFERMAKER', SYSDATE);
INSERT INTO DISCOUNT (ID, NAME, DESCRIPTION, FIXED_AMOUNT, PERCENT_AMOUNT, DISCOUNT_TYPE_ID, CREATED_BY, CREATE_DATE) VALUES (DSC_ID_SEQ.NEXTVAL, 'Discount', 'Off: 0.0. P.Disc: 0.0000. P.Full: 20.0000', '20.00', '0', 1, 'OFFERMAKER', SYSDATE);
INSERT INTO DISCOUNT_PRODUCT_OFFERING (DISCOUNT_ID, PRODUCT_OFFERING_ID, CREATED_BY, CREATE_DATE) VALUES (DSC_ID_SEQ.CURRVAL, PO_ID_SEQ.CURRVAL, 'OFFERMAKER', SYSDATE);
BEGIN
  SELECT ID INTO CUR_PRD_ID FROM PRODUCT WHERE NAME = 'Mobile' AND ROWNUM <= 1;
EXCEPTION
  WHEN NO_DATA_FOUND THEN
    INSERT INTO PRODUCT (ID, NAME, CREATED_BY, CREATE_DATE) VALUES (PRD_ID_SEQ.NEXTVAL, 'Mobile', 'OFFERMAKER', SYSDATE);
    SELECT ID INTO CUR_PRD_ID FROM PRODUCT WHERE NAME = 'Mobile' AND ROWNUM <= 1;
  WHEN OTHERS THEN
    RAISE;
END;
INSERT INTO PRODUCT_OFFERING (ID, PRODUCT_ID, TAX_POLICY_TYPE_ID, QUANTITY, UNIT_PRICE, CREATED_BY, CREATE_DATE) VALUES (PO_ID_SEQ.NEXTVAL, CUR_PRD_ID, '1', '56', '0', 'OFFERMAKER', SYSDATE);
INSERT INTO OFFER_PRODUCT_OFFERING (OFFER_ID, PRODUCT_OFFERING_ID, CREATED_BY, CREATE_DATE) VALUES (OFR_ID_SEQ.CURRVAL, PO_ID_SEQ.CURRVAL, 'OFFERMAKER', SYSDATE);
BEGIN
  SELECT ID INTO CUR_PRD_ID FROM PRODUCT WHERE NAME = 'Archive Article' AND ROWNUM <= 1;
EXCEPTION
  WHEN NO_DATA_FOUND THEN
    INSERT INTO PRODUCT (ID, NAME, CREATED_BY, CREATE_DATE) VALUES (PRD_ID_SEQ.NEXTVAL, 'Archive Article', 'OFFERMAKER', SYSDATE);
    SELECT ID INTO CUR_PRD_ID FROM PRODUCT WHERE NAME = 'Archive Article' AND ROWNUM <= 1;
  WHEN OTHERS THEN
    RAISE;
END;
INSERT INTO PRODUCT_OFFERING (ID, PRODUCT_ID, TAX_POLICY_TYPE_ID, QUANTITY, UNIT_PRICE, CREATED_BY, CREATE_DATE) VALUES (PO_ID_SEQ.NEXTVAL, CUR_PRD_ID, '1', '200', '0', 'OFFERMAKER', SYSDATE);
INSERT INTO OFFER_PRODUCT_OFFERING (OFFER_ID, PRODUCT_OFFERING_ID, CREATED_BY, CREATE_DATE) VALUES (OFR_ID_SEQ.CURRVAL, PO_ID_SEQ.CURRVAL, 'OFFERMAKER', SYSDATE);
BEGIN
  SELECT ID INTO CUR_PRD_ID FROM PRODUCT WHERE NAME = 'TimesMachine' AND ROWNUM <= 1;
EXCEPTION
  WHEN NO_DATA_FOUND THEN
    INSERT INTO PRODUCT (ID, NAME, CREATED_BY, CREATE_DATE) VALUES (PRD_ID_SEQ.NEXTVAL, 'TimesMachine', 'OFFERMAKER', SYSDATE);
    SELECT ID INTO CUR_PRD_ID FROM PRODUCT WHERE NAME = 'TimesMachine' AND ROWNUM <= 1;
  WHEN OTHERS THEN
    RAISE;
END;
INSERT INTO PRODUCT_OFFERING (ID, PRODUCT_ID, TAX_POLICY_TYPE_ID, QUANTITY, UNIT_PRICE, CREATED_BY, CREATE_DATE) VALUES (PO_ID_SEQ.NEXTVAL, CUR_PRD_ID, '1', '56', '0', 'OFFERMAKER', SYSDATE);
INSERT INTO OFFER_PRODUCT_OFFERING (OFFER_ID, PRODUCT_OFFERING_ID, CREATED_BY, CREATE_DATE) VALUES (OFR_ID_SEQ.CURRVAL, PO_ID_SEQ.CURRVAL, 'OFFERMAKER', SYSDATE);
BEGIN
  SELECT ID INTO CUR_PRD_ID FROM PRODUCT WHERE NAME = 'Smartphone' AND ROWNUM <= 1;
EXCEPTION
  WHEN NO_DATA_FOUND THEN
    INSERT INTO PRODUCT (ID, NAME, CREATED_BY, CREATE_DATE) VALUES (PRD_ID_SEQ.NEXTVAL, 'Smartphone', 'OFFERMAKER', SYSDATE);
    SELECT ID INTO CUR_PRD_ID FROM PRODUCT WHERE NAME = 'Smartphone' AND ROWNUM <= 1;
  WHEN OTHERS THEN
    RAISE;
END;
INSERT INTO PRODUCT_OFFERING (ID, PRODUCT_ID, TAX_POLICY_TYPE_ID, QUANTITY, UNIT_PRICE, CREATED_BY, CREATE_DATE) VALUES (PO_ID_SEQ.NEXTVAL, CUR_PRD_ID, '1', '56', '0.178571', 'OFFERMAKER', SYSDATE);
INSERT INTO OFFER_PRODUCT_OFFERING (OFFER_ID, PRODUCT_OFFERING_ID, CREATED_BY, CREATE_DATE) VALUES (OFR_ID_SEQ.CURRVAL, PO_ID_SEQ.CURRVAL, 'OFFERMAKER', SYSDATE);
INSERT INTO DISCOUNT (ID, NAME, DESCRIPTION, FIXED_AMOUNT, PERCENT_AMOUNT, DISCOUNT_TYPE_ID, CREATED_BY, CREATE_DATE) VALUES (DSC_ID_SEQ.NEXTVAL, 'Discount', 'Off: 0.0. P.Disc: -0.00002. P.Full: 9.99998', '10.00', '0', 1, 'OFFERMAKER', SYSDATE);
INSERT INTO DISCOUNT_PRODUCT_OFFERING (DISCOUNT_ID, PRODUCT_OFFERING_ID, CREATED_BY, CREATE_DATE) VALUES (DSC_ID_SEQ.CURRVAL, PO_ID_SEQ.CURRVAL, 'OFFERMAKER', SYSDATE);
BEGIN
  SELECT ID INTO CUR_PRD_ID FROM PRODUCT WHERE NAME = 'Tablet' AND ROWNUM <= 1;
EXCEPTION
  WHEN NO_DATA_FOUND THEN
    INSERT INTO PRODUCT (ID, NAME, CREATED_BY, CREATE_DATE) VALUES (PRD_ID_SEQ.NEXTVAL, 'Tablet', 'OFFERMAKER', SYSDATE);
    SELECT ID INTO CUR_PRD_ID FROM PRODUCT WHERE NAME = 'Tablet' AND ROWNUM <= 1;
  WHEN OTHERS THEN
    RAISE;
END;
INSERT INTO PRODUCT_OFFERING (ID, PRODUCT_ID, TAX_POLICY_TYPE_ID, QUANTITY, UNIT_PRICE, CREATED_BY, CREATE_DATE) VALUES (PO_ID_SEQ.NEXTVAL, CUR_PRD_ID, '1', '56', '0.714286', 'OFFERMAKER', SYSDATE);
INSERT INTO OFFER_PRODUCT_OFFERING (OFFER_ID, PRODUCT_OFFERING_ID, CREATED_BY, CREATE_DATE) VALUES (OFR_ID_SEQ.CURRVAL, PO_ID_SEQ.CURRVAL, 'OFFERMAKER', SYSDATE);
INSERT INTO DISCOUNT (ID, NAME, DESCRIPTION, FIXED_AMOUNT, PERCENT_AMOUNT, DISCOUNT_TYPE_ID, CREATED_BY, CREATE_DATE) VALUES (DSC_ID_SEQ.NEXTVAL, 'Discount', 'Off: 0.0. P.Disc: 0.0000. P.Full: 40.0000', '40.00', '0', 1, 'OFFERMAKER', SYSDATE);
INSERT INTO DISCOUNT_PRODUCT_OFFERING (DISCOUNT_ID, PRODUCT_OFFERING_ID, CREATED_BY, CREATE_DATE) VALUES (DSC_ID_SEQ.CURRVAL, PO_ID_SEQ.CURRVAL, 'OFFERMAKER', SYSDATE);
BEGIN
  SELECT ID INTO CUR_PRD_ID FROM PRODUCT WHERE NAME = 'TimesReader' AND ROWNUM <= 1;
EXCEPTION
  WHEN NO_DATA_FOUND THEN
    INSERT INTO PRODUCT (ID, NAME, CREATED_BY, CREATE_DATE) VALUES (PRD_ID_SEQ.NEXTVAL, 'TimesReader', 'OFFERMAKER', SYSDATE);
    SELECT ID INTO CUR_PRD_ID FROM PRODUCT WHERE NAME = 'TimesReader' AND ROWNUM <= 1;
  WHEN OTHERS THEN
    RAISE;
END;
INSERT INTO PRODUCT_OFFERING (ID, PRODUCT_ID, TAX_POLICY_TYPE_ID, QUANTITY, UNIT_PRICE, CREATED_BY, CREATE_DATE) VALUES (PO_ID_SEQ.NEXTVAL, CUR_PRD_ID, '1', '56', '0', 'OFFERMAKER', SYSDATE);
INSERT INTO OFFER_PRODUCT_OFFERING (OFFER_ID, PRODUCT_OFFERING_ID, CREATED_BY, CREATE_DATE) VALUES (OFR_ID_SEQ.CURRVAL, PO_ID_SEQ.CURRVAL, 'OFFERMAKER', SYSDATE);
INSERT INTO OFFER_OFFER_CHAIN (OFFER_ID, OFFER_CHAIN_ID, INDEX_VALUE, NUM_RECURRENCES, CREATED_BY, CREATE_DATE, updated_by, update_date) VALUES (OFR_ID_SEQ.CURRVAL, 7801360120, '0', '1', 'OFFERMAKER', SYSDATE, 'OFFERMAKER', SYSDATE);
END;
END;
/
COMMIT;
DECLARE
TMP_VAR NUMBER;
CUR_PRD_ID NUMBER;
CUR_CAPABILITY_ID NUMBER;
BEGIN
BEGIN
  SELECT 1 INTO TMP_VAR FROM OFFER_CHAIN WHERE ID = 7801360121 AND ROWNUM <= 1;
  UPDATE OFFER_CHAIN SET NAME='NYTimes: All Digital Access', DESCRIPTION='Unlimited access to NYTimes.com, and the NYTimes smartphone and tablet apps.*', PRODUCT_URI='', VENDOR_SOURCE_ID='1', BILLING_SOURCE_ID=(SELECT ID FROM BILLING_SOURCE BS WHERE BS.NAME='CIS'), IS_SEAT_LICENSE=0, GROUP_ACCOUNT_TYPE_ID='NO',IS_ADDRESS_REQUIRED=1, OFFER_CHAIN_STATUS_ID = 1, UPDATE_DATE = SYSDATE, UPDATED_BY = 'OFFERMAKER', IS_GIFT_CERTIFICATE='0', REVOKE_ENTITLEMENTS = '0', ADOPTABILITY_WINDOW_START_DATE = to_date('22-Jul-2013 00:00:00','DD-MON-YY HH24:MI:SS'), ADOPTABILITY_WINDOW_END_DATE = to_date('31-Dec-2018 00:00:00','DD-MON-YY HH24:MI:SS'), AMAZON_APPSTORE_SKU=NULL WHERE ID = 7801360121;
EXCEPTION
  WHEN NO_DATA_FOUND THEN
    INSERT INTO OFFER_CHAIN (ID, NAME, DESCRIPTION, ADOPTABILITY_WINDOW_START_DATE, ADOPTABILITY_WINDOW_END_DATE, IS_GIFT_CERTIFICATE, PRODUCT_URI, OFFER_CHAIN_STATUS_ID, REVOKE_ENTITLEMENTS, VENDOR_SOURCE_ID, BILLING_SOURCE_ID, IS_SEAT_LICENSE, GROUP_ACCOUNT_TYPE_ID, IS_ADDRESS_REQUIRED, AMAZON_APPSTORE_SKU, CREATED_BY, CREATE_DATE, updated_by, update_date) VALUES (7801360121, 'NYTimes: All Digital Access', 'Unlimited access to NYTimes.com, and the NYTimes smartphone and tablet apps.*', to_date('22-Jul-2013 00:00:00','DD-MON-YY HH24:MI:SS'), to_date('31-Dec-2018 00:00:00','DD-MON-YY HH24:MI:SS'), '0', NULL, '1', '0', '1', (SELECT ID FROM BILLING_SOURCE BS WHERE BS.NAME='CIS'), decode('NO','IL',1,0), 'NO', '1', '', 'OFFERMAKER', SYSDATE, 'OFFERMAKER', SYSDATE);
END;
DELETE FROM OFFER_CHAIN_ELIGIBILITY WHERE offer_chain_id = 7801360121;
INSERT INTO OFFER_CHAIN_ELIGIBILITY (ID, OFFER_CHAIN_ID, NAME, VALUE, CREATED_BY, CREATE_DATE) VALUES (ELG_ID_SEQ.NEXTVAL, 7801360121, 'GIFT CERTIFICATE REQUIRED', '1', 'OFFERMAKER', SYSDATE);
INSERT INTO OFFER_CHAIN_ELIGIBILITY (ID, OFFER_CHAIN_ID, NAME, VALUE, CREATED_BY, CREATE_DATE) VALUES (ELG_ID_SEQ.NEXTVAL, 7801360121, 'IS_COMP', '1', 'OFFERMAKER', SYSDATE);
INSERT INTO OFFER_CHAIN_ELIGIBILITY (ID, OFFER_CHAIN_ID, NAME, VALUE, CREATED_BY, CREATE_DATE) VALUES (ELG_ID_SEQ.NEXTVAL, 7801360121, 'MAX_CONCURRENT_SUBS', '1', 'OFFERMAKER', SYSDATE);
DELETE FROM OFFER_CHAIN_META_DATA WHERE offer_chain_id = 7801360121;
INSERT INTO OFFER_CHAIN_META_DATA (ID, OFFER_CHAIN_ID, NAME, VALUE, CREATED_BY, CREATE_DATE) VALUES (OCMD_ID_SEQ.NEXTVAL, 7801360121, 'BUNDLE_EXPLANATION', 'Bundle D - DAC Comp 8 Week Sub for Starbucks - Redeem OC', 'OFFERMAKER', SYSDATE);
INSERT INTO OFFER_CHAIN_META_DATA (ID, OFFER_CHAIN_ID, NAME, VALUE, CREATED_BY, CREATE_DATE) VALUES (OCMD_ID_SEQ.NEXTVAL, 7801360121, 'PRICE_DESCRIPTION', '8 Week DAC Comp ADA Subscription - Redeem OC', 'OFFERMAKER', SYSDATE);
INSERT INTO OFFER_CHAIN_META_DATA (ID, OFFER_CHAIN_ID, NAME, VALUE, CREATED_BY, CREATE_DATE) VALUES (OCMD_ID_SEQ.NEXTVAL, 7801360121, 'PRICE_SHORT_DESCRIPTION', 'BNDL D / $0 8 wks DAC Comp GC redemp', 'OFFERMAKER', SYSDATE);
INSERT INTO OFFER_CHAIN_META_DATA (ID, OFFER_CHAIN_ID, NAME, VALUE, CREATED_BY, CREATE_DATE) VALUES (OCMD_ID_SEQ.NEXTVAL, 7801360121, 'OFFER_TYPE', 'Digital Subscription for 8 weeks', 'OFFERMAKER', SYSDATE);
INSERT INTO OFFER_CHAIN_META_DATA (ID, OFFER_CHAIN_ID, NAME, VALUE, CREATED_BY, CREATE_DATE) VALUES (OCMD_ID_SEQ.NEXTVAL, 7801360121, 'PROMO_PRICE_FOOTER_LABEL', '8 Weeks', 'OFFERMAKER', SYSDATE);
INSERT INTO OFFER_CHAIN_META_DATA (ID, OFFER_CHAIN_ID, NAME, VALUE, CREATED_BY, CREATE_DATE) VALUES (OCMD_ID_SEQ.NEXTVAL, 7801360121, 'BILLING_CYCLE', '8 week subscription', 'OFFERMAKER', SYSDATE);
INSERT INTO OFFER_CHAIN_META_DATA (ID, OFFER_CHAIN_ID, NAME, VALUE, CREATED_BY, CREATE_DATE) VALUES (OCMD_ID_SEQ.NEXTVAL, 7801360121, 'SUBSCRIBER_TYPE', 'DAC', 'OFFERMAKER', SYSDATE);
INSERT INTO OFFER_CHAIN_META_DATA (ID, OFFER_CHAIN_ID, NAME, VALUE, CREATED_BY, CREATE_DATE) VALUES (OCMD_ID_SEQ.NEXTVAL, 7801360121, 'BUNDLE', 'Bundle D (Digital All Access)', 'OFFERMAKER', SYSDATE);
INSERT INTO OFFER_CHAIN_META_DATA (ID, OFFER_CHAIN_ID, NAME, VALUE, CREATED_BY, CREATE_DATE) VALUES (OCMD_ID_SEQ.NEXTVAL, 7801360121, 'ADX_BUNDLE', 'MM_PROMO', 'OFFERMAKER', SYSDATE);
INSERT INTO OFFER_CHAIN_META_DATA (ID, OFFER_CHAIN_ID, NAME, VALUE, CREATED_BY, CREATE_DATE) VALUES (OCMD_ID_SEQ.NEXTVAL, 7801360121, 'SIEBEL_CAMPAIGN_CODE', '3FY6X', 'OFFERMAKER', SYSDATE);
INSERT INTO OFFER_CHAIN_META_DATA (ID, OFFER_CHAIN_ID, NAME, VALUE, CREATED_BY, CREATE_DATE) VALUES (OCMD_ID_SEQ.NEXTVAL, 7801360121, 'IS_COMP', '1', 'OFFERMAKER', SYSDATE);
INSERT INTO OFFER_CHAIN_META_DATA (ID, OFFER_CHAIN_ID, NAME, VALUE, CREATED_BY, CREATE_DATE) VALUES (OCMD_ID_SEQ.NEXTVAL, 7801360121, 'ANNUAL_PRICE', '455.00', 'OFFERMAKER', SYSDATE);
INSERT INTO OFFER_CHAIN_META_DATA (ID, OFFER_CHAIN_ID, NAME, VALUE, CREATED_BY, CREATE_DATE) VALUES (OCMD_ID_SEQ.NEXTVAL, 7801360121, 'UID', '2ed4a66cf729d94af3ce4d894ff140289fec5c3fc84ce8f98ceb2de7a93747b6', 'OFFERMAKER', SYSDATE);
DELETE FROM OFFER_CHAIN_NOTIFICATION_TYPE WHERE offer_chain_id = 7801360121;
BEGIN
  SELECT 1 INTO TMP_VAR FROM ACTION WHERE NAME = 'GC_REDEEMER_ON_REDEEM';
EXCEPTION
  WHEN NO_DATA_FOUND THEN
    INSERT INTO ACTION (ID, NAME, CREATE_DATE, CREATED_BY) VALUES (ACTION_ID_SEQ.NEXTVAL, 'GC_REDEEMER_ON_REDEEM', SYSDATE, 'OFFERMAKER');
END;
BEGIN
  SELECT 1 INTO TMP_VAR FROM CORE_OWNER.NOTIFICATION_TYPE WHERE VALUE = 'sartre-redeemer-access-digital-access-code';
EXCEPTION
  WHEN NO_DATA_FOUND THEN NULL;
    INSERT INTO CORE_OWNER.NOTIFICATION_TYPE (ID, VALUE, TEMPLATE_URL) VALUES (CORE_OWNER.NOTTID_SEQ.NEXTVAL, 'sartre-redeemer-access-digital-access-code', 'N/A');
END;
BEGIN
  SELECT 1 INTO TMP_VAR FROM ACTION WHERE NAME = 'CLOSE_SUBSCRIPTION';
EXCEPTION
  WHEN NO_DATA_FOUND THEN
    INSERT INTO ACTION (ID, NAME, CREATE_DATE, CREATED_BY) VALUES (ACTION_ID_SEQ.NEXTVAL, 'CLOSE_SUBSCRIPTION', SYSDATE, 'OFFERMAKER');
END;
BEGIN
  SELECT 1 INTO TMP_VAR FROM CORE_OWNER.NOTIFICATION_TYPE WHERE VALUE = 'sartre-sub-expired-digital-access-code';
EXCEPTION
  WHEN NO_DATA_FOUND THEN NULL;
    INSERT INTO CORE_OWNER.NOTIFICATION_TYPE (ID, VALUE, TEMPLATE_URL) VALUES (CORE_OWNER.NOTTID_SEQ.NEXTVAL, 'sartre-sub-expired-digital-access-code', 'N/A');
END;
INSERT INTO OFFER_CHAIN_NOTIFICATION_TYPE (ID, OFFER_CHAIN_ID, NOTIFICATION_TYPE_ID, ACTION_ID, CREATED_BY, CREATE_DATE) VALUES (OCET_ID_SEQ.NEXTVAL, 7801360121, (SELECT ID FROM CORE_OWNER.NOTIFICATION_TYPE WHERE VALUE = 'sartre-redeemer-access-digital-access-code'), (SELECT ID FROM ACTION WHERE NAME = 'GC_REDEEMER_ON_REDEEM'), 'OFFERMAKER', SYSDATE);
INSERT INTO OFFER_CHAIN_NOTIFICATION_TYPE (ID, OFFER_CHAIN_ID, NOTIFICATION_TYPE_ID, ACTION_ID, CREATED_BY, CREATE_DATE) VALUES (OCET_ID_SEQ.NEXTVAL, 7801360121, (SELECT ID FROM CORE_OWNER.NOTIFICATION_TYPE WHERE VALUE = 'sartre-sub-expired-digital-access-code'), (SELECT ID FROM ACTION WHERE NAME = 'CLOSE_SUBSCRIPTION'), 'OFFERMAKER', SYSDATE);
BEGIN
  SELECT 1 INTO TMP_VAR FROM OFFER_OFFER_CHAIN WHERE OFFER_CHAIN_ID = 7801360121 AND INDEX_VALUE = 0 AND ROWNUM <= 1;
EXCEPTION
  WHEN NO_DATA_FOUND THEN
INSERT INTO OFFER (ID, OFFER_STATUS_ID, ENTITLEMENT_DURATION, CREATED_BY, CREATE_DATE, updated_by, update_date) VALUES (OFR_ID_SEQ.NEXTVAL, 1, 'P0Y0M56DT0H0M', 'OFFERMAKER', SYSDATE, 'OFFERMAKER', SYSDATE);
BEGIN
  SELECT ID INTO CUR_PRD_ID FROM PRODUCT WHERE NAME = 'Web' AND ROWNUM <= 1;
EXCEPTION
  WHEN NO_DATA_FOUND THEN
    INSERT INTO PRODUCT (ID, NAME, CREATED_BY, CREATE_DATE) VALUES (PRD_ID_SEQ.NEXTVAL, 'Web', 'OFFERMAKER', SYSDATE);
    SELECT ID INTO CUR_PRD_ID FROM PRODUCT WHERE NAME = 'Web' AND ROWNUM <= 1;
  WHEN OTHERS THEN
    RAISE;
END;
INSERT INTO PRODUCT_OFFERING (ID, PRODUCT_ID, TAX_POLICY_TYPE_ID, QUANTITY, UNIT_PRICE, CREATED_BY, CREATE_DATE) VALUES (PO_ID_SEQ.NEXTVAL, CUR_PRD_ID, '1', '56', '0.357143', 'OFFERMAKER', SYSDATE);
INSERT INTO OFFER_PRODUCT_OFFERING (OFFER_ID, PRODUCT_OFFERING_ID, CREATED_BY, CREATE_DATE) VALUES (OFR_ID_SEQ.CURRVAL, PO_ID_SEQ.CURRVAL, 'OFFERMAKER', SYSDATE);
INSERT INTO DISCOUNT (ID, NAME, DESCRIPTION, FIXED_AMOUNT, PERCENT_AMOUNT, DISCOUNT_TYPE_ID, CREATED_BY, CREATE_DATE) VALUES (DSC_ID_SEQ.NEXTVAL, 'Discount', 'Off: 0.0. P.Disc: 0.0000. P.Full: 20.0000', '20.00', '0', 1, 'OFFERMAKER', SYSDATE);
INSERT INTO DISCOUNT_PRODUCT_OFFERING (DISCOUNT_ID, PRODUCT_OFFERING_ID, CREATED_BY, CREATE_DATE) VALUES (DSC_ID_SEQ.CURRVAL, PO_ID_SEQ.CURRVAL, 'OFFERMAKER', SYSDATE);
BEGIN
  SELECT ID INTO CUR_PRD_ID FROM PRODUCT WHERE NAME = 'Mobile' AND ROWNUM <= 1;
EXCEPTION
  WHEN NO_DATA_FOUND THEN
    INSERT INTO PRODUCT (ID, NAME, CREATED_BY, CREATE_DATE) VALUES (PRD_ID_SEQ.NEXTVAL, 'Mobile', 'OFFERMAKER', SYSDATE);
    SELECT ID INTO CUR_PRD_ID FROM PRODUCT WHERE NAME = 'Mobile' AND ROWNUM <= 1;
  WHEN OTHERS THEN
    RAISE;
END;
INSERT INTO PRODUCT_OFFERING (ID, PRODUCT_ID, TAX_POLICY_TYPE_ID, QUANTITY, UNIT_PRICE, CREATED_BY, CREATE_DATE) VALUES (PO_ID_SEQ.NEXTVAL, CUR_PRD_ID, '1', '56', '0', 'OFFERMAKER', SYSDATE);
INSERT INTO OFFER_PRODUCT_OFFERING (OFFER_ID, PRODUCT_OFFERING_ID, CREATED_BY, CREATE_DATE) VALUES (OFR_ID_SEQ.CURRVAL, PO_ID_SEQ.CURRVAL, 'OFFERMAKER', SYSDATE);
BEGIN
  SELECT ID INTO CUR_PRD_ID FROM PRODUCT WHERE NAME = 'Archive Article' AND ROWNUM <= 1;
EXCEPTION
  WHEN NO_DATA_FOUND THEN
    INSERT INTO PRODUCT (ID, NAME, CREATED_BY, CREATE_DATE) VALUES (PRD_ID_SEQ.NEXTVAL, 'Archive Article', 'OFFERMAKER', SYSDATE);
    SELECT ID INTO CUR_PRD_ID FROM PRODUCT WHERE NAME = 'Archive Article' AND ROWNUM <= 1;
  WHEN OTHERS THEN
    RAISE;
END;
INSERT INTO PRODUCT_OFFERING (ID, PRODUCT_ID, TAX_POLICY_TYPE_ID, QUANTITY, UNIT_PRICE, CREATED_BY, CREATE_DATE) VALUES (PO_ID_SEQ.NEXTVAL, CUR_PRD_ID, '1', '200', '0', 'OFFERMAKER', SYSDATE);
INSERT INTO OFFER_PRODUCT_OFFERING (OFFER_ID, PRODUCT_OFFERING_ID, CREATED_BY, CREATE_DATE) VALUES (OFR_ID_SEQ.CURRVAL, PO_ID_SEQ.CURRVAL, 'OFFERMAKER', SYSDATE);
BEGIN
  SELECT ID INTO CUR_PRD_ID FROM PRODUCT WHERE NAME = 'TimesMachine' AND ROWNUM <= 1;
EXCEPTION
  WHEN NO_DATA_FOUND THEN
    INSERT INTO PRODUCT (ID, NAME, CREATED_BY, CREATE_DATE) VALUES (PRD_ID_SEQ.NEXTVAL, 'TimesMachine', 'OFFERMAKER', SYSDATE);
    SELECT ID INTO CUR_PRD_ID FROM PRODUCT WHERE NAME = 'TimesMachine' AND ROWNUM <= 1;
  WHEN OTHERS THEN
    RAISE;
END;
INSERT INTO PRODUCT_OFFERING (ID, PRODUCT_ID, TAX_POLICY_TYPE_ID, QUANTITY, UNIT_PRICE, CREATED_BY, CREATE_DATE) VALUES (PO_ID_SEQ.NEXTVAL, CUR_PRD_ID, '1', '56', '0', 'OFFERMAKER', SYSDATE);
INSERT INTO OFFER_PRODUCT_OFFERING (OFFER_ID, PRODUCT_OFFERING_ID, CREATED_BY, CREATE_DATE) VALUES (OFR_ID_SEQ.CURRVAL, PO_ID_SEQ.CURRVAL, 'OFFERMAKER', SYSDATE);
BEGIN
  SELECT ID INTO CUR_PRD_ID FROM PRODUCT WHERE NAME = 'Smartphone' AND ROWNUM <= 1;
EXCEPTION
  WHEN NO_DATA_FOUND THEN
    INSERT INTO PRODUCT (ID, NAME, CREATED_BY, CREATE_DATE) VALUES (PRD_ID_SEQ.NEXTVAL, 'Smartphone', 'OFFERMAKER', SYSDATE);
    SELECT ID INTO CUR_PRD_ID FROM PRODUCT WHERE NAME = 'Smartphone' AND ROWNUM <= 1;
  WHEN OTHERS THEN
    RAISE;
END;
INSERT INTO PRODUCT_OFFERING (ID, PRODUCT_ID, TAX_POLICY_TYPE_ID, QUANTITY, UNIT_PRICE, CREATED_BY, CREATE_DATE) VALUES (PO_ID_SEQ.NEXTVAL, CUR_PRD_ID, '1', '56', '0.178571', 'OFFERMAKER', SYSDATE);
INSERT INTO OFFER_PRODUCT_OFFERING (OFFER_ID, PRODUCT_OFFERING_ID, CREATED_BY, CREATE_DATE) VALUES (OFR_ID_SEQ.CURRVAL, PO_ID_SEQ.CURRVAL, 'OFFERMAKER', SYSDATE);
INSERT INTO DISCOUNT (ID, NAME, DESCRIPTION, FIXED_AMOUNT, PERCENT_AMOUNT, DISCOUNT_TYPE_ID, CREATED_BY, CREATE_DATE) VALUES (DSC_ID_SEQ.NEXTVAL, 'Discount', 'Off: 0.0. P.Disc: -0.00002. P.Full: 9.99998', '10.00', '0', 1, 'OFFERMAKER', SYSDATE);
INSERT INTO DISCOUNT_PRODUCT_OFFERING (DISCOUNT_ID, PRODUCT_OFFERING_ID, CREATED_BY, CREATE_DATE) VALUES (DSC_ID_SEQ.CURRVAL, PO_ID_SEQ.CURRVAL, 'OFFERMAKER', SYSDATE);
BEGIN
  SELECT ID INTO CUR_PRD_ID FROM PRODUCT WHERE NAME = 'Tablet' AND ROWNUM <= 1;
EXCEPTION
  WHEN NO_DATA_FOUND THEN
    INSERT INTO PRODUCT (ID, NAME, CREATED_BY, CREATE_DATE) VALUES (PRD_ID_SEQ.NEXTVAL, 'Tablet', 'OFFERMAKER', SYSDATE);
    SELECT ID INTO CUR_PRD_ID FROM PRODUCT WHERE NAME = 'Tablet' AND ROWNUM <= 1;
  WHEN OTHERS THEN
    RAISE;
END;
INSERT INTO PRODUCT_OFFERING (ID, PRODUCT_ID, TAX_POLICY_TYPE_ID, QUANTITY, UNIT_PRICE, CREATED_BY, CREATE_DATE) VALUES (PO_ID_SEQ.NEXTVAL, CUR_PRD_ID, '1', '56', '0.714286', 'OFFERMAKER', SYSDATE);
INSERT INTO OFFER_PRODUCT_OFFERING (OFFER_ID, PRODUCT_OFFERING_ID, CREATED_BY, CREATE_DATE) VALUES (OFR_ID_SEQ.CURRVAL, PO_ID_SEQ.CURRVAL, 'OFFERMAKER', SYSDATE);
INSERT INTO DISCOUNT (ID, NAME, DESCRIPTION, FIXED_AMOUNT, PERCENT_AMOUNT, DISCOUNT_TYPE_ID, CREATED_BY, CREATE_DATE) VALUES (DSC_ID_SEQ.NEXTVAL, 'Discount', 'Off: 0.0. P.Disc: 0.0000. P.Full: 40.0000', '40.00', '0', 1, 'OFFERMAKER', SYSDATE);
INSERT INTO DISCOUNT_PRODUCT_OFFERING (DISCOUNT_ID, PRODUCT_OFFERING_ID, CREATED_BY, CREATE_DATE) VALUES (DSC_ID_SEQ.CURRVAL, PO_ID_SEQ.CURRVAL, 'OFFERMAKER', SYSDATE);
BEGIN
  SELECT ID INTO CUR_PRD_ID FROM PRODUCT WHERE NAME = 'TimesReader' AND ROWNUM <= 1;
EXCEPTION
  WHEN NO_DATA_FOUND THEN
    INSERT INTO PRODUCT (ID, NAME, CREATED_BY, CREATE_DATE) VALUES (PRD_ID_SEQ.NEXTVAL, 'TimesReader', 'OFFERMAKER', SYSDATE);
    SELECT ID INTO CUR_PRD_ID FROM PRODUCT WHERE NAME = 'TimesReader' AND ROWNUM <= 1;
  WHEN OTHERS THEN
    RAISE;
END;
INSERT INTO PRODUCT_OFFERING (ID, PRODUCT_ID, TAX_POLICY_TYPE_ID, QUANTITY, UNIT_PRICE, CREATED_BY, CREATE_DATE) VALUES (PO_ID_SEQ.NEXTVAL, CUR_PRD_ID, '1', '56', '0', 'OFFERMAKER', SYSDATE);
INSERT INTO OFFER_PRODUCT_OFFERING (OFFER_ID, PRODUCT_OFFERING_ID, CREATED_BY, CREATE_DATE) VALUES (OFR_ID_SEQ.CURRVAL, PO_ID_SEQ.CURRVAL, 'OFFERMAKER', SYSDATE);
INSERT INTO OFFER_OFFER_CHAIN (OFFER_ID, OFFER_CHAIN_ID, INDEX_VALUE, NUM_RECURRENCES, CREATED_BY, CREATE_DATE, updated_by, update_date) VALUES (OFR_ID_SEQ.CURRVAL, 7801360121, '0', '1', 'OFFERMAKER', SYSDATE, 'OFFERMAKER', SYSDATE);
END;
END;
/
COMMIT;
DECLARE
TMP_VAR NUMBER;
CUR_PRD_ID NUMBER;
CUR_CAPABILITY_ID NUMBER;
BEGIN
BEGIN
  SELECT 1 INTO TMP_VAR FROM OFFER_CHAIN WHERE ID = 7801360122 AND ROWNUM <= 1;
  UPDATE OFFER_CHAIN SET NAME='NYTimes: All Digital Access', DESCRIPTION='Unlimited access to NYTimes.com, and the NYTimes smartphone and tablet apps.*', PRODUCT_URI='', VENDOR_SOURCE_ID='1', BILLING_SOURCE_ID=(SELECT ID FROM BILLING_SOURCE BS WHERE BS.NAME='Sartre'), IS_SEAT_LICENSE=0, GROUP_ACCOUNT_TYPE_ID='FL',IS_ADDRESS_REQUIRED=0, OFFER_CHAIN_STATUS_ID = 1, UPDATE_DATE = SYSDATE, UPDATED_BY = 'OFFERMAKER', IS_GIFT_CERTIFICATE='0', REVOKE_ENTITLEMENTS = '0', ADOPTABILITY_WINDOW_START_DATE = to_date('22-Jul-2013 00:00:00','DD-MON-YY HH24:MI:SS'), ADOPTABILITY_WINDOW_END_DATE = to_date('31-Dec-2018 00:00:00','DD-MON-YY HH24:MI:SS'), AMAZON_APPSTORE_SKU=NULL WHERE ID = 7801360122;
EXCEPTION
  WHEN NO_DATA_FOUND THEN
    INSERT INTO OFFER_CHAIN (ID, NAME, DESCRIPTION, ADOPTABILITY_WINDOW_START_DATE, ADOPTABILITY_WINDOW_END_DATE, IS_GIFT_CERTIFICATE, PRODUCT_URI, OFFER_CHAIN_STATUS_ID, REVOKE_ENTITLEMENTS, VENDOR_SOURCE_ID, BILLING_SOURCE_ID, IS_SEAT_LICENSE, GROUP_ACCOUNT_TYPE_ID, IS_ADDRESS_REQUIRED, AMAZON_APPSTORE_SKU, CREATED_BY, CREATE_DATE, updated_by, update_date) VALUES (7801360122, 'NYTimes: All Digital Access', 'Unlimited access to NYTimes.com, and the NYTimes smartphone and tablet apps.*', to_date('22-Jul-2013 00:00:00','DD-MON-YY HH24:MI:SS'), to_date('31-Dec-2018 00:00:00','DD-MON-YY HH24:MI:SS'), '0', NULL, '1', '0', '1', (SELECT ID FROM BILLING_SOURCE BS WHERE BS.NAME='Sartre'), decode('FL','IL',1,0), 'FL', '0', '', 'OFFERMAKER', SYSDATE, 'OFFERMAKER', SYSDATE);
END;
DELETE FROM OFFER_CHAIN_ELIGIBILITY WHERE offer_chain_id = 7801360122;
INSERT INTO OFFER_CHAIN_ELIGIBILITY (ID, OFFER_CHAIN_ID, NAME, VALUE, CREATED_BY, CREATE_DATE) VALUES (ELG_ID_SEQ.NEXTVAL, 7801360122, 'GIFT CERTIFICATE REQUIRED', '1', 'OFFERMAKER', SYSDATE);
INSERT INTO OFFER_CHAIN_ELIGIBILITY (ID, OFFER_CHAIN_ID, NAME, VALUE, CREATED_BY, CREATE_DATE) VALUES (ELG_ID_SEQ.NEXTVAL, 7801360122, 'IS_COMP', '0', 'OFFERMAKER', SYSDATE);
INSERT INTO OFFER_CHAIN_ELIGIBILITY (ID, OFFER_CHAIN_ID, NAME, VALUE, CREATED_BY, CREATE_DATE) VALUES (ELG_ID_SEQ.NEXTVAL, 7801360122, 'MAX_CONCURRENT_SUBS', '1', 'OFFERMAKER', SYSDATE);
DELETE FROM OFFER_CHAIN_META_DATA WHERE offer_chain_id = 7801360122;
INSERT INTO OFFER_CHAIN_META_DATA (ID, OFFER_CHAIN_ID, NAME, VALUE, CREATED_BY, CREATE_DATE) VALUES (OCMD_ID_SEQ.NEXTVAL, 7801360122, 'BUNDLE_EXPLANATION', 'Bundle D - DAC Comp 8 Week Sub for Starbucks- Upsell OC', 'OFFERMAKER', SYSDATE);
INSERT INTO OFFER_CHAIN_META_DATA (ID, OFFER_CHAIN_ID, NAME, VALUE, CREATED_BY, CREATE_DATE) VALUES (OCMD_ID_SEQ.NEXTVAL, 7801360122, 'PRICE_DESCRIPTION', '8 Week DAC ADA Comp Subscription upsell - initial 8 Wks, $0.99 for next 8 weeks, then 4 Wks for $35 ($8.75 / week thereafter)', 'OFFERMAKER', SYSDATE);
INSERT INTO OFFER_CHAIN_META_DATA (ID, OFFER_CHAIN_ID, NAME, VALUE, CREATED_BY, CREATE_DATE) VALUES (OCMD_ID_SEQ.NEXTVAL, 7801360122, 'PRICE_SHORT_DESCRIPTION', 'BNDL D / $0 8 wks DAC Comp GC upsell', 'OFFERMAKER', SYSDATE);
INSERT INTO OFFER_CHAIN_META_DATA (ID, OFFER_CHAIN_ID, NAME, VALUE, CREATED_BY, CREATE_DATE) VALUES (OCMD_ID_SEQ.NEXTVAL, 7801360122, 'OFFER_TYPE', '$0.99 for first 8 Weeks after redeemed period', 'OFFERMAKER', SYSDATE);
INSERT INTO OFFER_CHAIN_META_DATA (ID, OFFER_CHAIN_ID, NAME, VALUE, CREATED_BY, CREATE_DATE) VALUES (OCMD_ID_SEQ.NEXTVAL, 7801360122, 'OFFER_PRICE_DESCRIPTOR', 'First 8 Weeks: Subscription Code Redemption', 'OFFERMAKER', SYSDATE);
INSERT INTO OFFER_CHAIN_META_DATA (ID, OFFER_CHAIN_ID, NAME, VALUE, CREATED_BY, CREATE_DATE) VALUES (OCMD_ID_SEQ.NEXTVAL, 7801360122, 'OFFER_PRICE', '$0.99 for subsequent 8 weeks', 'OFFERMAKER', SYSDATE);
INSERT INTO OFFER_CHAIN_META_DATA (ID, OFFER_CHAIN_ID, NAME, VALUE, CREATED_BY, CREATE_DATE) VALUES (OCMD_ID_SEQ.NEXTVAL, 7801360122, 'OFFER_PRICE_DETAIL', '($8.75 / week thereafter)', 'OFFERMAKER', SYSDATE);
INSERT INTO OFFER_CHAIN_META_DATA (ID, OFFER_CHAIN_ID, NAME, VALUE, CREATED_BY, CREATE_DATE) VALUES (OCMD_ID_SEQ.NEXTVAL, 7801360122, 'PROMO_PRICE_FOOTER_LABEL', 'First 8 weeks', 'OFFERMAKER', SYSDATE);
INSERT INTO OFFER_CHAIN_META_DATA (ID, OFFER_CHAIN_ID, NAME, VALUE, CREATED_BY, CREATE_DATE) VALUES (OCMD_ID_SEQ.NEXTVAL, 7801360122, 'ACTUAL_PRICE_FOOTER_LABEL', 'Subsequent 8 weeks $0.99', 'OFFERMAKER', SYSDATE);
INSERT INTO OFFER_CHAIN_META_DATA (ID, OFFER_CHAIN_ID, NAME, VALUE, CREATED_BY, CREATE_DATE) VALUES (OCMD_ID_SEQ.NEXTVAL, 7801360122, 'UPSELL_OFFER_HEADER', 'WANT TO ADD 4 WEEKS FOR ONLY 99&cent;?', 'OFFERMAKER', SYSDATE);
INSERT INTO OFFER_CHAIN_META_DATA (ID, OFFER_CHAIN_ID, NAME, VALUE, CREATED_BY, CREATE_DATE) VALUES (OCMD_ID_SEQ.NEXTVAL, 7801360122, 'UPSELL_OFFER_TRAILER', 'Sign up now to get 4 additional weeks for just 99&cent;.', 'OFFERMAKER', SYSDATE);
INSERT INTO OFFER_CHAIN_META_DATA (ID, OFFER_CHAIN_ID, NAME, VALUE, CREATED_BY, CREATE_DATE) VALUES (OCMD_ID_SEQ.NEXTVAL, 7801360122, 'BILLING_CYCLE', 'every 4 weeks thereafter', 'OFFERMAKER', SYSDATE);
INSERT INTO OFFER_CHAIN_META_DATA (ID, OFFER_CHAIN_ID, NAME, VALUE, CREATED_BY, CREATE_DATE) VALUES (OCMD_ID_SEQ.NEXTVAL, 7801360122, 'SUBSCRIBER_TYPE', 'Upsell - DAC', 'OFFERMAKER', SYSDATE);
INSERT INTO OFFER_CHAIN_META_DATA (ID, OFFER_CHAIN_ID, NAME, VALUE, CREATED_BY, CREATE_DATE) VALUES (OCMD_ID_SEQ.NEXTVAL, 7801360122, 'PRORATED_REFUND_DAYS_LIMIT', '28', 'OFFERMAKER', SYSDATE);
INSERT INTO OFFER_CHAIN_META_DATA (ID, OFFER_CHAIN_ID, NAME, VALUE, CREATED_BY, CREATE_DATE) VALUES (OCMD_ID_SEQ.NEXTVAL, 7801360122, 'OPEN_TO_ANONYMOUS', '1', 'OFFERMAKER', SYSDATE);
INSERT INTO OFFER_CHAIN_META_DATA (ID, OFFER_CHAIN_ID, NAME, VALUE, CREATED_BY, CREATE_DATE) VALUES (OCMD_ID_SEQ.NEXTVAL, 7801360122, 'BUNDLE', 'Bundle D (Digital All Access)', 'OFFERMAKER', SYSDATE);
INSERT INTO OFFER_CHAIN_META_DATA (ID, OFFER_CHAIN_ID, NAME, VALUE, CREATED_BY, CREATE_DATE) VALUES (OCMD_ID_SEQ.NEXTVAL, 7801360122, 'ADX_BUNDLE', 'MM_PROMO', 'OFFERMAKER', SYSDATE);
INSERT INTO OFFER_CHAIN_META_DATA (ID, OFFER_CHAIN_ID, NAME, VALUE, CREATED_BY, CREATE_DATE) VALUES (OCMD_ID_SEQ.NEXTVAL, 7801360122, 'SIEBEL_CAMPAIGN_CODE', '3K8HF', 'OFFERMAKER', SYSDATE);
INSERT INTO OFFER_CHAIN_META_DATA (ID, OFFER_CHAIN_ID, NAME, VALUE, CREATED_BY, CREATE_DATE) VALUES (OCMD_ID_SEQ.NEXTVAL, 7801360122, 'ANNUAL_PRICE', '455.00', 'OFFERMAKER', SYSDATE);
INSERT INTO OFFER_CHAIN_META_DATA (ID, OFFER_CHAIN_ID, NAME, VALUE, CREATED_BY, CREATE_DATE) VALUES (OCMD_ID_SEQ.NEXTVAL, 7801360122, 'UID', '35332a4f0a802a0de08b99ed152c7332ed29754b6bca48ce510606f56bbcaf62', 'OFFERMAKER', SYSDATE);
DELETE FROM OFFER_CHAIN_NOTIFICATION_TYPE WHERE offer_chain_id = 7801360122;
BEGIN
  SELECT 1 INTO TMP_VAR FROM ACTION WHERE NAME = 'SUBSCRIBE_TO_OFFER_CHAIN';
EXCEPTION
  WHEN NO_DATA_FOUND THEN
    INSERT INTO ACTION (ID, NAME, CREATE_DATE, CREATED_BY) VALUES (ACTION_ID_SEQ.NEXTVAL, 'SUBSCRIBE_TO_OFFER_CHAIN', SYSDATE, 'OFFERMAKER');
END;
BEGIN
  SELECT 1 INTO TMP_VAR FROM CORE_OWNER.NOTIFICATION_TYPE WHERE VALUE = 'sartre-purchase';
EXCEPTION
  WHEN NO_DATA_FOUND THEN NULL;
    INSERT INTO CORE_OWNER.NOTIFICATION_TYPE (ID, VALUE, TEMPLATE_URL) VALUES (CORE_OWNER.NOTTID_SEQ.NEXTVAL, 'sartre-purchase', 'N/A');
END;
BEGIN
  SELECT 1 INTO TMP_VAR FROM ACTION WHERE NAME = 'UPGRADE_SUBSCRIPTION';
EXCEPTION
  WHEN NO_DATA_FOUND THEN
    INSERT INTO ACTION (ID, NAME, CREATE_DATE, CREATED_BY) VALUES (ACTION_ID_SEQ.NEXTVAL, 'UPGRADE_SUBSCRIPTION', SYSDATE, 'OFFERMAKER');
END;
BEGIN
  SELECT 1 INTO TMP_VAR FROM CORE_OWNER.NOTIFICATION_TYPE WHERE VALUE = 'sartre-purchase';
EXCEPTION
  WHEN NO_DATA_FOUND THEN NULL;
    INSERT INTO CORE_OWNER.NOTIFICATION_TYPE (ID, VALUE, TEMPLATE_URL) VALUES (CORE_OWNER.NOTTID_SEQ.NEXTVAL, 'sartre-purchase', 'N/A');
END;
BEGIN
  SELECT 1 INTO TMP_VAR FROM ACTION WHERE NAME = 'CANCEL_SUBSCRIPTION';
EXCEPTION
  WHEN NO_DATA_FOUND THEN
    INSERT INTO ACTION (ID, NAME, CREATE_DATE, CREATED_BY) VALUES (ACTION_ID_SEQ.NEXTVAL, 'CANCEL_SUBSCRIPTION', SYSDATE, 'OFFERMAKER');
END;
BEGIN
  SELECT 1 INTO TMP_VAR FROM CORE_OWNER.NOTIFICATION_TYPE WHERE VALUE = 'sartre-cancel';
EXCEPTION
  WHEN NO_DATA_FOUND THEN NULL;
    INSERT INTO CORE_OWNER.NOTIFICATION_TYPE (ID, VALUE, TEMPLATE_URL) VALUES (CORE_OWNER.NOTTID_SEQ.NEXTVAL, 'sartre-cancel', 'N/A');
END;
BEGIN
  SELECT 1 INTO TMP_VAR FROM ACTION WHERE NAME = 'SYSTEM_CANCEL';
EXCEPTION
  WHEN NO_DATA_FOUND THEN
    INSERT INTO ACTION (ID, NAME, CREATE_DATE, CREATED_BY) VALUES (ACTION_ID_SEQ.NEXTVAL, 'SYSTEM_CANCEL', SYSDATE, 'OFFERMAKER');
END;
BEGIN
  SELECT 1 INTO TMP_VAR FROM CORE_OWNER.NOTIFICATION_TYPE WHERE VALUE = 'sartre-decline';
EXCEPTION
  WHEN NO_DATA_FOUND THEN NULL;
    INSERT INTO CORE_OWNER.NOTIFICATION_TYPE (ID, VALUE, TEMPLATE_URL) VALUES (CORE_OWNER.NOTTID_SEQ.NEXTVAL, 'sartre-decline', 'N/A');
END;
BEGIN
  SELECT 1 INTO TMP_VAR FROM ACTION WHERE NAME = 'CREDIT_CARD_EXP';
EXCEPTION
  WHEN NO_DATA_FOUND THEN
    INSERT INTO ACTION (ID, NAME, CREATE_DATE, CREATED_BY) VALUES (ACTION_ID_SEQ.NEXTVAL, 'CREDIT_CARD_EXP', SYSDATE, 'OFFERMAKER');
END;
BEGIN
  SELECT 1 INTO TMP_VAR FROM CORE_OWNER.NOTIFICATION_TYPE WHERE VALUE = 'card_expiration';
EXCEPTION
  WHEN NO_DATA_FOUND THEN NULL;
    INSERT INTO CORE_OWNER.NOTIFICATION_TYPE (ID, VALUE, TEMPLATE_URL) VALUES (CORE_OWNER.NOTTID_SEQ.NEXTVAL, 'card_expiration', 'N/A');
END;
BEGIN
  SELECT 1 INTO TMP_VAR FROM ACTION WHERE NAME = 'GC_REDEEMER_ON_REDEEM';
EXCEPTION
  WHEN NO_DATA_FOUND THEN
    INSERT INTO ACTION (ID, NAME, CREATE_DATE, CREATED_BY) VALUES (ACTION_ID_SEQ.NEXTVAL, 'GC_REDEEMER_ON_REDEEM', SYSDATE, 'OFFERMAKER');
END;
BEGIN
  SELECT 1 INTO TMP_VAR FROM CORE_OWNER.NOTIFICATION_TYPE WHERE VALUE = 'sartre-upsell-sub-activation-digital-access-code';
EXCEPTION
  WHEN NO_DATA_FOUND THEN NULL;
    INSERT INTO CORE_OWNER.NOTIFICATION_TYPE (ID, VALUE, TEMPLATE_URL) VALUES (CORE_OWNER.NOTTID_SEQ.NEXTVAL, 'sartre-upsell-sub-activation-digital-access-code', 'N/A');
END;
BEGIN
  SELECT 1 INTO TMP_VAR FROM ACTION WHERE NAME = 'FAMILY_PLAN_OWNER_ADD';
EXCEPTION
  WHEN NO_DATA_FOUND THEN
    INSERT INTO ACTION (ID, NAME, CREATE_DATE, CREATED_BY) VALUES (ACTION_ID_SEQ.NEXTVAL, 'FAMILY_PLAN_OWNER_ADD', SYSDATE, 'OFFERMAKER');
END;
BEGIN
  SELECT 1 INTO TMP_VAR FROM CORE_OWNER.NOTIFICATION_TYPE WHERE VALUE = 'family-plan-welcome';
EXCEPTION
  WHEN NO_DATA_FOUND THEN NULL;
    INSERT INTO CORE_OWNER.NOTIFICATION_TYPE (ID, VALUE, TEMPLATE_URL) VALUES (CORE_OWNER.NOTTID_SEQ.NEXTVAL, 'family-plan-welcome', 'N/A');
END;
BEGIN
  SELECT 1 INTO TMP_VAR FROM ACTION WHERE NAME = 'FAMILY_PLAN_OWNER_EXPIRE';
EXCEPTION
  WHEN NO_DATA_FOUND THEN
    INSERT INTO ACTION (ID, NAME, CREATE_DATE, CREATED_BY) VALUES (ACTION_ID_SEQ.NEXTVAL, 'FAMILY_PLAN_OWNER_EXPIRE', SYSDATE, 'OFFERMAKER');
END;
BEGIN
  SELECT 1 INTO TMP_VAR FROM CORE_OWNER.NOTIFICATION_TYPE WHERE VALUE = 'family-plan-child-remove';
EXCEPTION
  WHEN NO_DATA_FOUND THEN NULL;
    INSERT INTO CORE_OWNER.NOTIFICATION_TYPE (ID, VALUE, TEMPLATE_URL) VALUES (CORE_OWNER.NOTTID_SEQ.NEXTVAL, 'family-plan-child-remove', 'N/A');
END;
BEGIN
  SELECT 1 INTO TMP_VAR FROM ACTION WHERE NAME = 'FAMILY_PLAN_OWNER_INVITE';
EXCEPTION
  WHEN NO_DATA_FOUND THEN
    INSERT INTO ACTION (ID, NAME, CREATE_DATE, CREATED_BY) VALUES (ACTION_ID_SEQ.NEXTVAL, 'FAMILY_PLAN_OWNER_INVITE', SYSDATE, 'OFFERMAKER');
END;
BEGIN
  SELECT 1 INTO TMP_VAR FROM CORE_OWNER.NOTIFICATION_TYPE WHERE VALUE = 'family-plan-child-invite';
EXCEPTION
  WHEN NO_DATA_FOUND THEN NULL;
    INSERT INTO CORE_OWNER.NOTIFICATION_TYPE (ID, VALUE, TEMPLATE_URL) VALUES (CORE_OWNER.NOTTID_SEQ.NEXTVAL, 'family-plan-child-invite', 'N/A');
END;
BEGIN
  SELECT 1 INTO TMP_VAR FROM ACTION WHERE NAME = 'FAMILY_PLAN_BORROWER_EXPIRE';
EXCEPTION
  WHEN NO_DATA_FOUND THEN
    INSERT INTO ACTION (ID, NAME, CREATE_DATE, CREATED_BY) VALUES (ACTION_ID_SEQ.NEXTVAL, 'FAMILY_PLAN_BORROWER_EXPIRE', SYSDATE, 'OFFERMAKER');
END;
BEGIN
  SELECT 1 INTO TMP_VAR FROM CORE_OWNER.NOTIFICATION_TYPE WHERE VALUE = 'family-plan-parent-remove';
EXCEPTION
  WHEN NO_DATA_FOUND THEN NULL;
    INSERT INTO CORE_OWNER.NOTIFICATION_TYPE (ID, VALUE, TEMPLATE_URL) VALUES (CORE_OWNER.NOTTID_SEQ.NEXTVAL, 'family-plan-parent-remove', 'N/A');
END;
INSERT INTO OFFER_CHAIN_NOTIFICATION_TYPE (ID, OFFER_CHAIN_ID, NOTIFICATION_TYPE_ID, ACTION_ID, CREATED_BY, CREATE_DATE) VALUES (OCET_ID_SEQ.NEXTVAL, 7801360122, (SELECT ID FROM CORE_OWNER.NOTIFICATION_TYPE WHERE VALUE = 'sartre-purchase'), (SELECT ID FROM ACTION WHERE NAME = 'SUBSCRIBE_TO_OFFER_CHAIN'), 'OFFERMAKER', SYSDATE);
INSERT INTO OFFER_CHAIN_NOTIFICATION_TYPE (ID, OFFER_CHAIN_ID, NOTIFICATION_TYPE_ID, ACTION_ID, CREATED_BY, CREATE_DATE) VALUES (OCET_ID_SEQ.NEXTVAL, 7801360122, (SELECT ID FROM CORE_OWNER.NOTIFICATION_TYPE WHERE VALUE = 'sartre-purchase'), (SELECT ID FROM ACTION WHERE NAME = 'UPGRADE_SUBSCRIPTION'), 'OFFERMAKER', SYSDATE);
INSERT INTO OFFER_CHAIN_NOTIFICATION_TYPE (ID, OFFER_CHAIN_ID, NOTIFICATION_TYPE_ID, ACTION_ID, CREATED_BY, CREATE_DATE) VALUES (OCET_ID_SEQ.NEXTVAL, 7801360122, (SELECT ID FROM CORE_OWNER.NOTIFICATION_TYPE WHERE VALUE = 'sartre-cancel'), (SELECT ID FROM ACTION WHERE NAME = 'CANCEL_SUBSCRIPTION'), 'OFFERMAKER', SYSDATE);
INSERT INTO OFFER_CHAIN_NOTIFICATION_TYPE (ID, OFFER_CHAIN_ID, NOTIFICATION_TYPE_ID, ACTION_ID, CREATED_BY, CREATE_DATE) VALUES (OCET_ID_SEQ.NEXTVAL, 7801360122, (SELECT ID FROM CORE_OWNER.NOTIFICATION_TYPE WHERE VALUE = 'sartre-decline'), (SELECT ID FROM ACTION WHERE NAME = 'SYSTEM_CANCEL'), 'OFFERMAKER', SYSDATE);
INSERT INTO OFFER_CHAIN_NOTIFICATION_TYPE (ID, OFFER_CHAIN_ID, NOTIFICATION_TYPE_ID, ACTION_ID, CREATED_BY, CREATE_DATE) VALUES (OCET_ID_SEQ.NEXTVAL, 7801360122, (SELECT ID FROM CORE_OWNER.NOTIFICATION_TYPE WHERE VALUE = 'card_expiration'), (SELECT ID FROM ACTION WHERE NAME = 'CREDIT_CARD_EXP'), 'OFFERMAKER', SYSDATE);
INSERT INTO OFFER_CHAIN_NOTIFICATION_TYPE (ID, OFFER_CHAIN_ID, NOTIFICATION_TYPE_ID, ACTION_ID, CREATED_BY, CREATE_DATE) VALUES (OCET_ID_SEQ.NEXTVAL, 7801360122, (SELECT ID FROM CORE_OWNER.NOTIFICATION_TYPE WHERE VALUE = 'sartre-upsell-sub-activation-digital-access-code'), (SELECT ID FROM ACTION WHERE NAME = 'GC_REDEEMER_ON_REDEEM'), 'OFFERMAKER', SYSDATE);
INSERT INTO OFFER_CHAIN_NOTIFICATION_TYPE (ID, OFFER_CHAIN_ID, NOTIFICATION_TYPE_ID, ACTION_ID, CREATED_BY, CREATE_DATE) VALUES (OCET_ID_SEQ.NEXTVAL, 7801360122, (SELECT ID FROM CORE_OWNER.NOTIFICATION_TYPE WHERE VALUE = 'family-plan-welcome'), (SELECT ID FROM ACTION WHERE NAME = 'FAMILY_PLAN_OWNER_ADD'), 'OFFERMAKER', SYSDATE);
INSERT INTO OFFER_CHAIN_NOTIFICATION_TYPE (ID, OFFER_CHAIN_ID, NOTIFICATION_TYPE_ID, ACTION_ID, CREATED_BY, CREATE_DATE) VALUES (OCET_ID_SEQ.NEXTVAL, 7801360122, (SELECT ID FROM CORE_OWNER.NOTIFICATION_TYPE WHERE VALUE = 'family-plan-child-remove'), (SELECT ID FROM ACTION WHERE NAME = 'FAMILY_PLAN_OWNER_EXPIRE'), 'OFFERMAKER', SYSDATE);
INSERT INTO OFFER_CHAIN_NOTIFICATION_TYPE (ID, OFFER_CHAIN_ID, NOTIFICATION_TYPE_ID, ACTION_ID, CREATED_BY, CREATE_DATE) VALUES (OCET_ID_SEQ.NEXTVAL, 7801360122, (SELECT ID FROM CORE_OWNER.NOTIFICATION_TYPE WHERE VALUE = 'family-plan-child-invite'), (SELECT ID FROM ACTION WHERE NAME = 'FAMILY_PLAN_OWNER_INVITE'), 'OFFERMAKER', SYSDATE);
INSERT INTO OFFER_CHAIN_NOTIFICATION_TYPE (ID, OFFER_CHAIN_ID, NOTIFICATION_TYPE_ID, ACTION_ID, CREATED_BY, CREATE_DATE) VALUES (OCET_ID_SEQ.NEXTVAL, 7801360122, (SELECT ID FROM CORE_OWNER.NOTIFICATION_TYPE WHERE VALUE = 'family-plan-parent-remove'), (SELECT ID FROM ACTION WHERE NAME = 'FAMILY_PLAN_BORROWER_EXPIRE'), 'OFFERMAKER', SYSDATE);
BEGIN
  SELECT 1 INTO TMP_VAR FROM OFFER_OFFER_CHAIN WHERE OFFER_CHAIN_ID = 7801360122 AND INDEX_VALUE = 0 AND ROWNUM <= 1;
EXCEPTION
  WHEN NO_DATA_FOUND THEN
INSERT INTO OFFER (ID, OFFER_STATUS_ID, ENTITLEMENT_DURATION, CREATED_BY, CREATE_DATE, updated_by, update_date) VALUES (OFR_ID_SEQ.NEXTVAL, 1, 'P0Y0M56DT0H0M', 'OFFERMAKER', SYSDATE, 'OFFERMAKER', SYSDATE);
BEGIN
  SELECT ID INTO CUR_PRD_ID FROM PRODUCT WHERE NAME = 'Web' AND ROWNUM <= 1;
EXCEPTION
  WHEN NO_DATA_FOUND THEN
    INSERT INTO PRODUCT (ID, NAME, CREATED_BY, CREATE_DATE) VALUES (PRD_ID_SEQ.NEXTVAL, 'Web', 'OFFERMAKER', SYSDATE);
    SELECT ID INTO CUR_PRD_ID FROM PRODUCT WHERE NAME = 'Web' AND ROWNUM <= 1;
  WHEN OTHERS THEN
    RAISE;
END;
INSERT INTO PRODUCT_OFFERING (ID, PRODUCT_ID, TAX_POLICY_TYPE_ID, QUANTITY, UNIT_PRICE, CREATED_BY, CREATE_DATE) VALUES (PO_ID_SEQ.NEXTVAL, CUR_PRD_ID, '1', '56', '0.357143', 'OFFERMAKER', SYSDATE);
INSERT INTO OFFER_PRODUCT_OFFERING (OFFER_ID, PRODUCT_OFFERING_ID, CREATED_BY, CREATE_DATE) VALUES (OFR_ID_SEQ.CURRVAL, PO_ID_SEQ.CURRVAL, 'OFFERMAKER', SYSDATE);
INSERT INTO DISCOUNT (ID, NAME, DESCRIPTION, FIXED_AMOUNT, PERCENT_AMOUNT, DISCOUNT_TYPE_ID, CREATED_BY, CREATE_DATE) VALUES (DSC_ID_SEQ.NEXTVAL, 'Discount', 'Off: 0.0. P.Disc: 0.0000. P.Full: 20.0000', '20.00', '0', 1, 'OFFERMAKER', SYSDATE);
INSERT INTO DISCOUNT_PRODUCT_OFFERING (DISCOUNT_ID, PRODUCT_OFFERING_ID, CREATED_BY, CREATE_DATE) VALUES (DSC_ID_SEQ.CURRVAL, PO_ID_SEQ.CURRVAL, 'OFFERMAKER', SYSDATE);
BEGIN
  SELECT ID INTO CUR_PRD_ID FROM PRODUCT WHERE NAME = 'Mobile' AND ROWNUM <= 1;
EXCEPTION
  WHEN NO_DATA_FOUND THEN
    INSERT INTO PRODUCT (ID, NAME, CREATED_BY, CREATE_DATE) VALUES (PRD_ID_SEQ.NEXTVAL, 'Mobile', 'OFFERMAKER', SYSDATE);
    SELECT ID INTO CUR_PRD_ID FROM PRODUCT WHERE NAME = 'Mobile' AND ROWNUM <= 1;
  WHEN OTHERS THEN
    RAISE;
END;
INSERT INTO PRODUCT_OFFERING (ID, PRODUCT_ID, TAX_POLICY_TYPE_ID, QUANTITY, UNIT_PRICE, CREATED_BY, CREATE_DATE) VALUES (PO_ID_SEQ.NEXTVAL, CUR_PRD_ID, '1', '56', '0', 'OFFERMAKER', SYSDATE);
INSERT INTO OFFER_PRODUCT_OFFERING (OFFER_ID, PRODUCT_OFFERING_ID, CREATED_BY, CREATE_DATE) VALUES (OFR_ID_SEQ.CURRVAL, PO_ID_SEQ.CURRVAL, 'OFFERMAKER', SYSDATE);
BEGIN
  SELECT ID INTO CUR_PRD_ID FROM PRODUCT WHERE NAME = 'Archive Article' AND ROWNUM <= 1;
EXCEPTION
  WHEN NO_DATA_FOUND THEN
    INSERT INTO PRODUCT (ID, NAME, CREATED_BY, CREATE_DATE) VALUES (PRD_ID_SEQ.NEXTVAL, 'Archive Article', 'OFFERMAKER', SYSDATE);
    SELECT ID INTO CUR_PRD_ID FROM PRODUCT WHERE NAME = 'Archive Article' AND ROWNUM <= 1;
  WHEN OTHERS THEN
    RAISE;
END;
INSERT INTO PRODUCT_OFFERING (ID, PRODUCT_ID, TAX_POLICY_TYPE_ID, QUANTITY, UNIT_PRICE, CREATED_BY, CREATE_DATE) VALUES (PO_ID_SEQ.NEXTVAL, CUR_PRD_ID, '1', '200', '0', 'OFFERMAKER', SYSDATE);
INSERT INTO OFFER_PRODUCT_OFFERING (OFFER_ID, PRODUCT_OFFERING_ID, CREATED_BY, CREATE_DATE) VALUES (OFR_ID_SEQ.CURRVAL, PO_ID_SEQ.CURRVAL, 'OFFERMAKER', SYSDATE);
BEGIN
  SELECT ID INTO CUR_PRD_ID FROM PRODUCT WHERE NAME = 'TimesMachine' AND ROWNUM <= 1;
EXCEPTION
  WHEN NO_DATA_FOUND THEN
    INSERT INTO PRODUCT (ID, NAME, CREATED_BY, CREATE_DATE) VALUES (PRD_ID_SEQ.NEXTVAL, 'TimesMachine', 'OFFERMAKER', SYSDATE);
    SELECT ID INTO CUR_PRD_ID FROM PRODUCT WHERE NAME = 'TimesMachine' AND ROWNUM <= 1;
  WHEN OTHERS THEN
    RAISE;
END;
INSERT INTO PRODUCT_OFFERING (ID, PRODUCT_ID, TAX_POLICY_TYPE_ID, QUANTITY, UNIT_PRICE, CREATED_BY, CREATE_DATE) VALUES (PO_ID_SEQ.NEXTVAL, CUR_PRD_ID, '1', '56', '0', 'OFFERMAKER', SYSDATE);
INSERT INTO OFFER_PRODUCT_OFFERING (OFFER_ID, PRODUCT_OFFERING_ID, CREATED_BY, CREATE_DATE) VALUES (OFR_ID_SEQ.CURRVAL, PO_ID_SEQ.CURRVAL, 'OFFERMAKER', SYSDATE);
BEGIN
  SELECT ID INTO CUR_PRD_ID FROM PRODUCT WHERE NAME = 'Smartphone' AND ROWNUM <= 1;
EXCEPTION
  WHEN NO_DATA_FOUND THEN
    INSERT INTO PRODUCT (ID, NAME, CREATED_BY, CREATE_DATE) VALUES (PRD_ID_SEQ.NEXTVAL, 'Smartphone', 'OFFERMAKER', SYSDATE);
    SELECT ID INTO CUR_PRD_ID FROM PRODUCT WHERE NAME = 'Smartphone' AND ROWNUM <= 1;
  WHEN OTHERS THEN
    RAISE;
END;
INSERT INTO PRODUCT_OFFERING (ID, PRODUCT_ID, TAX_POLICY_TYPE_ID, QUANTITY, UNIT_PRICE, CREATED_BY, CREATE_DATE) VALUES (PO_ID_SEQ.NEXTVAL, CUR_PRD_ID, '1', '56', '0.178571', 'OFFERMAKER', SYSDATE);
INSERT INTO OFFER_PRODUCT_OFFERING (OFFER_ID, PRODUCT_OFFERING_ID, CREATED_BY, CREATE_DATE) VALUES (OFR_ID_SEQ.CURRVAL, PO_ID_SEQ.CURRVAL, 'OFFERMAKER', SYSDATE);
INSERT INTO DISCOUNT (ID, NAME, DESCRIPTION, FIXED_AMOUNT, PERCENT_AMOUNT, DISCOUNT_TYPE_ID, CREATED_BY, CREATE_DATE) VALUES (DSC_ID_SEQ.NEXTVAL, 'Discount', 'Off: 0.0. P.Disc: -0.00002. P.Full: 9.99998', '10.00', '0', 1, 'OFFERMAKER', SYSDATE);
INSERT INTO DISCOUNT_PRODUCT_OFFERING (DISCOUNT_ID, PRODUCT_OFFERING_ID, CREATED_BY, CREATE_DATE) VALUES (DSC_ID_SEQ.CURRVAL, PO_ID_SEQ.CURRVAL, 'OFFERMAKER', SYSDATE);
BEGIN
  SELECT ID INTO CUR_PRD_ID FROM PRODUCT WHERE NAME = 'Tablet' AND ROWNUM <= 1;
EXCEPTION
  WHEN NO_DATA_FOUND THEN
    INSERT INTO PRODUCT (ID, NAME, CREATED_BY, CREATE_DATE) VALUES (PRD_ID_SEQ.NEXTVAL, 'Tablet', 'OFFERMAKER', SYSDATE);
    SELECT ID INTO CUR_PRD_ID FROM PRODUCT WHERE NAME = 'Tablet' AND ROWNUM <= 1;
  WHEN OTHERS THEN
    RAISE;
END;
INSERT INTO PRODUCT_OFFERING (ID, PRODUCT_ID, TAX_POLICY_TYPE_ID, QUANTITY, UNIT_PRICE, CREATED_BY, CREATE_DATE) VALUES (PO_ID_SEQ.NEXTVAL, CUR_PRD_ID, '1', '56', '0.714286', 'OFFERMAKER', SYSDATE);
INSERT INTO OFFER_PRODUCT_OFFERING (OFFER_ID, PRODUCT_OFFERING_ID, CREATED_BY, CREATE_DATE) VALUES (OFR_ID_SEQ.CURRVAL, PO_ID_SEQ.CURRVAL, 'OFFERMAKER', SYSDATE);
INSERT INTO DISCOUNT (ID, NAME, DESCRIPTION, FIXED_AMOUNT, PERCENT_AMOUNT, DISCOUNT_TYPE_ID, CREATED_BY, CREATE_DATE) VALUES (DSC_ID_SEQ.NEXTVAL, 'Discount', 'Off: 0.0. P.Disc: 0.0000. P.Full: 40.0000', '40.00', '0', 1, 'OFFERMAKER', SYSDATE);
INSERT INTO DISCOUNT_PRODUCT_OFFERING (DISCOUNT_ID, PRODUCT_OFFERING_ID, CREATED_BY, CREATE_DATE) VALUES (DSC_ID_SEQ.CURRVAL, PO_ID_SEQ.CURRVAL, 'OFFERMAKER', SYSDATE);
BEGIN
  SELECT ID INTO CUR_PRD_ID FROM PRODUCT WHERE NAME = 'TimesReader' AND ROWNUM <= 1;
EXCEPTION
  WHEN NO_DATA_FOUND THEN
    INSERT INTO PRODUCT (ID, NAME, CREATED_BY, CREATE_DATE) VALUES (PRD_ID_SEQ.NEXTVAL, 'TimesReader', 'OFFERMAKER', SYSDATE);
    SELECT ID INTO CUR_PRD_ID FROM PRODUCT WHERE NAME = 'TimesReader' AND ROWNUM <= 1;
  WHEN OTHERS THEN
    RAISE;
END;
INSERT INTO PRODUCT_OFFERING (ID, PRODUCT_ID, TAX_POLICY_TYPE_ID, QUANTITY, UNIT_PRICE, CREATED_BY, CREATE_DATE) VALUES (PO_ID_SEQ.NEXTVAL, CUR_PRD_ID, '1', '56', '0', 'OFFERMAKER', SYSDATE);
INSERT INTO OFFER_PRODUCT_OFFERING (OFFER_ID, PRODUCT_OFFERING_ID, CREATED_BY, CREATE_DATE) VALUES (OFR_ID_SEQ.CURRVAL, PO_ID_SEQ.CURRVAL, 'OFFERMAKER', SYSDATE);
INSERT INTO OFFER_OFFER_CHAIN (OFFER_ID, OFFER_CHAIN_ID, INDEX_VALUE, NUM_RECURRENCES, CREATED_BY, CREATE_DATE, updated_by, update_date) VALUES (OFR_ID_SEQ.CURRVAL, 7801360122, '0', '1', 'OFFERMAKER', SYSDATE, 'OFFERMAKER', SYSDATE);
END;
BEGIN
  SELECT 1 INTO TMP_VAR FROM OFFER_OFFER_CHAIN WHERE OFFER_CHAIN_ID = 7801360122 AND INDEX_VALUE = 1 AND ROWNUM <= 1;
EXCEPTION
  WHEN NO_DATA_FOUND THEN
INSERT INTO OFFER (ID, OFFER_STATUS_ID, ENTITLEMENT_DURATION, CREATED_BY, CREATE_DATE, updated_by, update_date) VALUES (OFR_ID_SEQ.NEXTVAL, 1, 'P0Y0M56DT0H0M', 'OFFERMAKER', SYSDATE, 'OFFERMAKER', SYSDATE);
BEGIN
  SELECT ID INTO CUR_PRD_ID FROM PRODUCT WHERE NAME = 'Web' AND ROWNUM <= 1;
EXCEPTION
  WHEN NO_DATA_FOUND THEN
    INSERT INTO PRODUCT (ID, NAME, CREATED_BY, CREATE_DATE) VALUES (PRD_ID_SEQ.NEXTVAL, 'Web', 'OFFERMAKER', SYSDATE);
    SELECT ID INTO CUR_PRD_ID FROM PRODUCT WHERE NAME = 'Web' AND ROWNUM <= 1;
  WHEN OTHERS THEN
    RAISE;
END;
INSERT INTO PRODUCT_OFFERING (ID, PRODUCT_ID, TAX_POLICY_TYPE_ID, QUANTITY, UNIT_PRICE, CREATED_BY, CREATE_DATE) VALUES (PO_ID_SEQ.NEXTVAL, CUR_PRD_ID, '1', '56', '0.357143', 'OFFERMAKER', SYSDATE);
INSERT INTO OFFER_PRODUCT_OFFERING (OFFER_ID, PRODUCT_OFFERING_ID, CREATED_BY, CREATE_DATE) VALUES (OFR_ID_SEQ.CURRVAL, PO_ID_SEQ.CURRVAL, 'OFFERMAKER', SYSDATE);
INSERT INTO DISCOUNT (ID, NAME, DESCRIPTION, FIXED_AMOUNT, PERCENT_AMOUNT, DISCOUNT_TYPE_ID, CREATED_BY, CREATE_DATE) VALUES (DSC_ID_SEQ.NEXTVAL, 'Discount', 'Off: 0.99. P.Disc: 0.2800. P.Full: 20.0000', '19.72', '0', 1, 'OFFERMAKER', SYSDATE);
INSERT INTO DISCOUNT_PRODUCT_OFFERING (DISCOUNT_ID, PRODUCT_OFFERING_ID, CREATED_BY, CREATE_DATE) VALUES (DSC_ID_SEQ.CURRVAL, PO_ID_SEQ.CURRVAL, 'OFFERMAKER', SYSDATE);
BEGIN
  SELECT ID INTO CUR_PRD_ID FROM PRODUCT WHERE NAME = 'Mobile' AND ROWNUM <= 1;
EXCEPTION
  WHEN NO_DATA_FOUND THEN
    INSERT INTO PRODUCT (ID, NAME, CREATED_BY, CREATE_DATE) VALUES (PRD_ID_SEQ.NEXTVAL, 'Mobile', 'OFFERMAKER', SYSDATE);
    SELECT ID INTO CUR_PRD_ID FROM PRODUCT WHERE NAME = 'Mobile' AND ROWNUM <= 1;
  WHEN OTHERS THEN
    RAISE;
END;
INSERT INTO PRODUCT_OFFERING (ID, PRODUCT_ID, TAX_POLICY_TYPE_ID, QUANTITY, UNIT_PRICE, CREATED_BY, CREATE_DATE) VALUES (PO_ID_SEQ.NEXTVAL, CUR_PRD_ID, '1', '56', '0', 'OFFERMAKER', SYSDATE);
INSERT INTO OFFER_PRODUCT_OFFERING (OFFER_ID, PRODUCT_OFFERING_ID, CREATED_BY, CREATE_DATE) VALUES (OFR_ID_SEQ.CURRVAL, PO_ID_SEQ.CURRVAL, 'OFFERMAKER', SYSDATE);
BEGIN
  SELECT ID INTO CUR_PRD_ID FROM PRODUCT WHERE NAME = 'Archive Article' AND ROWNUM <= 1;
EXCEPTION
  WHEN NO_DATA_FOUND THEN
    INSERT INTO PRODUCT (ID, NAME, CREATED_BY, CREATE_DATE) VALUES (PRD_ID_SEQ.NEXTVAL, 'Archive Article', 'OFFERMAKER', SYSDATE);
    SELECT ID INTO CUR_PRD_ID FROM PRODUCT WHERE NAME = 'Archive Article' AND ROWNUM <= 1;
  WHEN OTHERS THEN
    RAISE;
END;
INSERT INTO PRODUCT_OFFERING (ID, PRODUCT_ID, TAX_POLICY_TYPE_ID, QUANTITY, UNIT_PRICE, CREATED_BY, CREATE_DATE) VALUES (PO_ID_SEQ.NEXTVAL, CUR_PRD_ID, '1', '200', '0', 'OFFERMAKER', SYSDATE);
INSERT INTO OFFER_PRODUCT_OFFERING (OFFER_ID, PRODUCT_OFFERING_ID, CREATED_BY, CREATE_DATE) VALUES (OFR_ID_SEQ.CURRVAL, PO_ID_SEQ.CURRVAL, 'OFFERMAKER', SYSDATE);
BEGIN
  SELECT ID INTO CUR_PRD_ID FROM PRODUCT WHERE NAME = 'TimesMachine' AND ROWNUM <= 1;
EXCEPTION
  WHEN NO_DATA_FOUND THEN
    INSERT INTO PRODUCT (ID, NAME, CREATED_BY, CREATE_DATE) VALUES (PRD_ID_SEQ.NEXTVAL, 'TimesMachine', 'OFFERMAKER', SYSDATE);
    SELECT ID INTO CUR_PRD_ID FROM PRODUCT WHERE NAME = 'TimesMachine' AND ROWNUM <= 1;
  WHEN OTHERS THEN
    RAISE;
END;
INSERT INTO PRODUCT_OFFERING (ID, PRODUCT_ID, TAX_POLICY_TYPE_ID, QUANTITY, UNIT_PRICE, CREATED_BY, CREATE_DATE) VALUES (PO_ID_SEQ.NEXTVAL, CUR_PRD_ID, '1', '56', '0', 'OFFERMAKER', SYSDATE);
INSERT INTO OFFER_PRODUCT_OFFERING (OFFER_ID, PRODUCT_OFFERING_ID, CREATED_BY, CREATE_DATE) VALUES (OFR_ID_SEQ.CURRVAL, PO_ID_SEQ.CURRVAL, 'OFFERMAKER', SYSDATE);
BEGIN
  SELECT ID INTO CUR_PRD_ID FROM PRODUCT WHERE NAME = 'Smartphone' AND ROWNUM <= 1;
EXCEPTION
  WHEN NO_DATA_FOUND THEN
    INSERT INTO PRODUCT (ID, NAME, CREATED_BY, CREATE_DATE) VALUES (PRD_ID_SEQ.NEXTVAL, 'Smartphone', 'OFFERMAKER', SYSDATE);
    SELECT ID INTO CUR_PRD_ID FROM PRODUCT WHERE NAME = 'Smartphone' AND ROWNUM <= 1;
  WHEN OTHERS THEN
    RAISE;
END;
INSERT INTO PRODUCT_OFFERING (ID, PRODUCT_ID, TAX_POLICY_TYPE_ID, QUANTITY, UNIT_PRICE, CREATED_BY, CREATE_DATE) VALUES (PO_ID_SEQ.NEXTVAL, CUR_PRD_ID, '1', '56', '0.178571', 'OFFERMAKER', SYSDATE);
INSERT INTO OFFER_PRODUCT_OFFERING (OFFER_ID, PRODUCT_OFFERING_ID, CREATED_BY, CREATE_DATE) VALUES (OFR_ID_SEQ.CURRVAL, PO_ID_SEQ.CURRVAL, 'OFFERMAKER', SYSDATE);
INSERT INTO DISCOUNT (ID, NAME, DESCRIPTION, FIXED_AMOUNT, PERCENT_AMOUNT, DISCOUNT_TYPE_ID, CREATED_BY, CREATE_DATE) VALUES (DSC_ID_SEQ.NEXTVAL, 'Discount', 'Off: 0.99. P.Disc: 0.13998. P.Full: 9.99998', '9.86', '0', 1, 'OFFERMAKER', SYSDATE);
INSERT INTO DISCOUNT_PRODUCT_OFFERING (DISCOUNT_ID, PRODUCT_OFFERING_ID, CREATED_BY, CREATE_DATE) VALUES (DSC_ID_SEQ.CURRVAL, PO_ID_SEQ.CURRVAL, 'OFFERMAKER', SYSDATE);
BEGIN
  SELECT ID INTO CUR_PRD_ID FROM PRODUCT WHERE NAME = 'Tablet' AND ROWNUM <= 1;
EXCEPTION
  WHEN NO_DATA_FOUND THEN
    INSERT INTO PRODUCT (ID, NAME, CREATED_BY, CREATE_DATE) VALUES (PRD_ID_SEQ.NEXTVAL, 'Tablet', 'OFFERMAKER', SYSDATE);
    SELECT ID INTO CUR_PRD_ID FROM PRODUCT WHERE NAME = 'Tablet' AND ROWNUM <= 1;
  WHEN OTHERS THEN
    RAISE;
END;
INSERT INTO PRODUCT_OFFERING (ID, PRODUCT_ID, TAX_POLICY_TYPE_ID, QUANTITY, UNIT_PRICE, CREATED_BY, CREATE_DATE) VALUES (PO_ID_SEQ.NEXTVAL, CUR_PRD_ID, '1', '56', '0.714286', 'OFFERMAKER', SYSDATE);
INSERT INTO OFFER_PRODUCT_OFFERING (OFFER_ID, PRODUCT_OFFERING_ID, CREATED_BY, CREATE_DATE) VALUES (OFR_ID_SEQ.CURRVAL, PO_ID_SEQ.CURRVAL, 'OFFERMAKER', SYSDATE);
INSERT INTO DISCOUNT (ID, NAME, DESCRIPTION, FIXED_AMOUNT, PERCENT_AMOUNT, DISCOUNT_TYPE_ID, CREATED_BY, CREATE_DATE) VALUES (DSC_ID_SEQ.NEXTVAL, 'Discount', 'Off: 0.99. P.Disc: 0.5700. P.Full: 40.0000', '39.43', '0', 1, 'OFFERMAKER', SYSDATE);
INSERT INTO DISCOUNT_PRODUCT_OFFERING (DISCOUNT_ID, PRODUCT_OFFERING_ID, CREATED_BY, CREATE_DATE) VALUES (DSC_ID_SEQ.CURRVAL, PO_ID_SEQ.CURRVAL, 'OFFERMAKER', SYSDATE);
BEGIN
  SELECT ID INTO CUR_PRD_ID FROM PRODUCT WHERE NAME = 'TimesReader' AND ROWNUM <= 1;
EXCEPTION
  WHEN NO_DATA_FOUND THEN
    INSERT INTO PRODUCT (ID, NAME, CREATED_BY, CREATE_DATE) VALUES (PRD_ID_SEQ.NEXTVAL, 'TimesReader', 'OFFERMAKER', SYSDATE);
    SELECT ID INTO CUR_PRD_ID FROM PRODUCT WHERE NAME = 'TimesReader' AND ROWNUM <= 1;
  WHEN OTHERS THEN
    RAISE;
END;
INSERT INTO PRODUCT_OFFERING (ID, PRODUCT_ID, TAX_POLICY_TYPE_ID, QUANTITY, UNIT_PRICE, CREATED_BY, CREATE_DATE) VALUES (PO_ID_SEQ.NEXTVAL, CUR_PRD_ID, '1', '56', '0', 'OFFERMAKER', SYSDATE);
INSERT INTO OFFER_PRODUCT_OFFERING (OFFER_ID, PRODUCT_OFFERING_ID, CREATED_BY, CREATE_DATE) VALUES (OFR_ID_SEQ.CURRVAL, PO_ID_SEQ.CURRVAL, 'OFFERMAKER', SYSDATE);
INSERT INTO OFFER_OFFER_CHAIN (OFFER_ID, OFFER_CHAIN_ID, INDEX_VALUE, NUM_RECURRENCES, CREATED_BY, CREATE_DATE, updated_by, update_date) VALUES (OFR_ID_SEQ.CURRVAL, 7801360122, '1', '1', 'OFFERMAKER', SYSDATE, 'OFFERMAKER', SYSDATE);
END;
BEGIN
  SELECT 1 INTO TMP_VAR FROM OFFER_OFFER_CHAIN WHERE OFFER_CHAIN_ID = 7801360122 AND INDEX_VALUE = 2 AND ROWNUM <= 1;
EXCEPTION
  WHEN NO_DATA_FOUND THEN
INSERT INTO OFFER (ID, OFFER_STATUS_ID, ENTITLEMENT_DURATION, CREATED_BY, CREATE_DATE, updated_by, update_date) VALUES (OFR_ID_SEQ.NEXTVAL, 1, 'P0Y0M28DT0H0M', 'OFFERMAKER', SYSDATE, 'OFFERMAKER', SYSDATE);
BEGIN
  SELECT ID INTO CUR_PRD_ID FROM PRODUCT WHERE NAME = 'Web' AND ROWNUM <= 1;
EXCEPTION
  WHEN NO_DATA_FOUND THEN
    INSERT INTO PRODUCT (ID, NAME, CREATED_BY, CREATE_DATE) VALUES (PRD_ID_SEQ.NEXTVAL, 'Web', 'OFFERMAKER', SYSDATE);
    SELECT ID INTO CUR_PRD_ID FROM PRODUCT WHERE NAME = 'Web' AND ROWNUM <= 1;
  WHEN OTHERS THEN
    RAISE;
END;
INSERT INTO PRODUCT_OFFERING (ID, PRODUCT_ID, TAX_POLICY_TYPE_ID, QUANTITY, UNIT_PRICE, CREATED_BY, CREATE_DATE) VALUES (PO_ID_SEQ.NEXTVAL, CUR_PRD_ID, '1', '28', '0.357143', 'OFFERMAKER', SYSDATE);
INSERT INTO OFFER_PRODUCT_OFFERING (OFFER_ID, PRODUCT_OFFERING_ID, CREATED_BY, CREATE_DATE) VALUES (OFR_ID_SEQ.CURRVAL, PO_ID_SEQ.CURRVAL, 'OFFERMAKER', SYSDATE);
BEGIN
  SELECT ID INTO CUR_PRD_ID FROM PRODUCT WHERE NAME = 'Mobile' AND ROWNUM <= 1;
EXCEPTION
  WHEN NO_DATA_FOUND THEN
    INSERT INTO PRODUCT (ID, NAME, CREATED_BY, CREATE_DATE) VALUES (PRD_ID_SEQ.NEXTVAL, 'Mobile', 'OFFERMAKER', SYSDATE);
    SELECT ID INTO CUR_PRD_ID FROM PRODUCT WHERE NAME = 'Mobile' AND ROWNUM <= 1;
  WHEN OTHERS THEN
    RAISE;
END;
INSERT INTO PRODUCT_OFFERING (ID, PRODUCT_ID, TAX_POLICY_TYPE_ID, QUANTITY, UNIT_PRICE, CREATED_BY, CREATE_DATE) VALUES (PO_ID_SEQ.NEXTVAL, CUR_PRD_ID, '1', '28', '0', 'OFFERMAKER', SYSDATE);
INSERT INTO OFFER_PRODUCT_OFFERING (OFFER_ID, PRODUCT_OFFERING_ID, CREATED_BY, CREATE_DATE) VALUES (OFR_ID_SEQ.CURRVAL, PO_ID_SEQ.CURRVAL, 'OFFERMAKER', SYSDATE);
BEGIN
  SELECT ID INTO CUR_PRD_ID FROM PRODUCT WHERE NAME = 'Archive Article' AND ROWNUM <= 1;
EXCEPTION
  WHEN NO_DATA_FOUND THEN
    INSERT INTO PRODUCT (ID, NAME, CREATED_BY, CREATE_DATE) VALUES (PRD_ID_SEQ.NEXTVAL, 'Archive Article', 'OFFERMAKER', SYSDATE);
    SELECT ID INTO CUR_PRD_ID FROM PRODUCT WHERE NAME = 'Archive Article' AND ROWNUM <= 1;
  WHEN OTHERS THEN
    RAISE;
END;
INSERT INTO PRODUCT_OFFERING (ID, PRODUCT_ID, TAX_POLICY_TYPE_ID, QUANTITY, UNIT_PRICE, CREATED_BY, CREATE_DATE) VALUES (PO_ID_SEQ.NEXTVAL, CUR_PRD_ID, '1', '100', '0', 'OFFERMAKER', SYSDATE);
INSERT INTO OFFER_PRODUCT_OFFERING (OFFER_ID, PRODUCT_OFFERING_ID, CREATED_BY, CREATE_DATE) VALUES (OFR_ID_SEQ.CURRVAL, PO_ID_SEQ.CURRVAL, 'OFFERMAKER', SYSDATE);
BEGIN
  SELECT ID INTO CUR_PRD_ID FROM PRODUCT WHERE NAME = 'TimesMachine' AND ROWNUM <= 1;
EXCEPTION
  WHEN NO_DATA_FOUND THEN
    INSERT INTO PRODUCT (ID, NAME, CREATED_BY, CREATE_DATE) VALUES (PRD_ID_SEQ.NEXTVAL, 'TimesMachine', 'OFFERMAKER', SYSDATE);
    SELECT ID INTO CUR_PRD_ID FROM PRODUCT WHERE NAME = 'TimesMachine' AND ROWNUM <= 1;
  WHEN OTHERS THEN
    RAISE;
END;
INSERT INTO PRODUCT_OFFERING (ID, PRODUCT_ID, TAX_POLICY_TYPE_ID, QUANTITY, UNIT_PRICE, CREATED_BY, CREATE_DATE) VALUES (PO_ID_SEQ.NEXTVAL, CUR_PRD_ID, '1', '28', '0', 'OFFERMAKER', SYSDATE);
INSERT INTO OFFER_PRODUCT_OFFERING (OFFER_ID, PRODUCT_OFFERING_ID, CREATED_BY, CREATE_DATE) VALUES (OFR_ID_SEQ.CURRVAL, PO_ID_SEQ.CURRVAL, 'OFFERMAKER', SYSDATE);
BEGIN
  SELECT ID INTO CUR_PRD_ID FROM PRODUCT WHERE NAME = 'Smartphone' AND ROWNUM <= 1;
EXCEPTION
  WHEN NO_DATA_FOUND THEN
    INSERT INTO PRODUCT (ID, NAME, CREATED_BY, CREATE_DATE) VALUES (PRD_ID_SEQ.NEXTVAL, 'Smartphone', 'OFFERMAKER', SYSDATE);
    SELECT ID INTO CUR_PRD_ID FROM PRODUCT WHERE NAME = 'Smartphone' AND ROWNUM <= 1;
  WHEN OTHERS THEN
    RAISE;
END;
INSERT INTO PRODUCT_OFFERING (ID, PRODUCT_ID, TAX_POLICY_TYPE_ID, QUANTITY, UNIT_PRICE, CREATED_BY, CREATE_DATE) VALUES (PO_ID_SEQ.NEXTVAL, CUR_PRD_ID, '1', '28', '0.178571', 'OFFERMAKER', SYSDATE);
INSERT INTO OFFER_PRODUCT_OFFERING (OFFER_ID, PRODUCT_OFFERING_ID, CREATED_BY, CREATE_DATE) VALUES (OFR_ID_SEQ.CURRVAL, PO_ID_SEQ.CURRVAL, 'OFFERMAKER', SYSDATE);
BEGIN
  SELECT ID INTO CUR_PRD_ID FROM PRODUCT WHERE NAME = 'Tablet' AND ROWNUM <= 1;
EXCEPTION
  WHEN NO_DATA_FOUND THEN
    INSERT INTO PRODUCT (ID, NAME, CREATED_BY, CREATE_DATE) VALUES (PRD_ID_SEQ.NEXTVAL, 'Tablet', 'OFFERMAKER', SYSDATE);
    SELECT ID INTO CUR_PRD_ID FROM PRODUCT WHERE NAME = 'Tablet' AND ROWNUM <= 1;
  WHEN OTHERS THEN
    RAISE;
END;
INSERT INTO PRODUCT_OFFERING (ID, PRODUCT_ID, TAX_POLICY_TYPE_ID, QUANTITY, UNIT_PRICE, CREATED_BY, CREATE_DATE) VALUES (PO_ID_SEQ.NEXTVAL, CUR_PRD_ID, '1', '28', '0.714286', 'OFFERMAKER', SYSDATE);
INSERT INTO OFFER_PRODUCT_OFFERING (OFFER_ID, PRODUCT_OFFERING_ID, CREATED_BY, CREATE_DATE) VALUES (OFR_ID_SEQ.CURRVAL, PO_ID_SEQ.CURRVAL, 'OFFERMAKER', SYSDATE);
BEGIN
  SELECT ID INTO CUR_PRD_ID FROM PRODUCT WHERE NAME = 'TimesReader' AND ROWNUM <= 1;
EXCEPTION
  WHEN NO_DATA_FOUND THEN
    INSERT INTO PRODUCT (ID, NAME, CREATED_BY, CREATE_DATE) VALUES (PRD_ID_SEQ.NEXTVAL, 'TimesReader', 'OFFERMAKER', SYSDATE);
    SELECT ID INTO CUR_PRD_ID FROM PRODUCT WHERE NAME = 'TimesReader' AND ROWNUM <= 1;
  WHEN OTHERS THEN
    RAISE;
END;
INSERT INTO PRODUCT_OFFERING (ID, PRODUCT_ID, TAX_POLICY_TYPE_ID, QUANTITY, UNIT_PRICE, CREATED_BY, CREATE_DATE) VALUES (PO_ID_SEQ.NEXTVAL, CUR_PRD_ID, '1', '28', '0', 'OFFERMAKER', SYSDATE);
INSERT INTO OFFER_PRODUCT_OFFERING (OFFER_ID, PRODUCT_OFFERING_ID, CREATED_BY, CREATE_DATE) VALUES (OFR_ID_SEQ.CURRVAL, PO_ID_SEQ.CURRVAL, 'OFFERMAKER', SYSDATE);
INSERT INTO OFFER_OFFER_CHAIN (OFFER_ID, OFFER_CHAIN_ID, INDEX_VALUE, NUM_RECURRENCES, CREATED_BY, CREATE_DATE, updated_by, update_date) VALUES (OFR_ID_SEQ.CURRVAL, 7801360122, '2', '-1', 'OFFERMAKER', SYSDATE, 'OFFERMAKER', SYSDATE);
END;
END;
/
COMMIT;
