WHENEVER SQLERROR EXIT SQL.SQLCODE ROLLBACK
SET SCAN OFF
SET DEFINE OFF
DECLARE
TMP_VAR NUMBER;
CUR_PRD_ID NUMBER;
CUR_CAPABILITY_ID NUMBER;
BEGIN
BEGIN
  SELECT 1 INTO TMP_VAR FROM OFFER_CHAIN WHERE ID = 3468962342 AND ROWNUM <= 1;
  UPDATE OFFER_CHAIN SET NAME='NYTimes: Web + Smartphone App', DESCRIPTION='Unlimited access to NYTimes.com and the NYTimes smartphone app.*', PRODUCT_URI='', VENDOR_SOURCE_ID='1', BILLING_SOURCE_ID=(SELECT ID FROM BILLING_SOURCE BS WHERE BS.NAME='Sartre'), IS_SEAT_LICENSE=0, GROUP_ACCOUNT_TYPE_ID='NO',IS_ADDRESS_REQUIRED=0, OFFER_CHAIN_STATUS_ID = 1, UPDATE_DATE = SYSDATE, UPDATED_BY = 'OFFERMAKER', IS_GIFT_CERTIFICATE='0', REVOKE_ENTITLEMENTS = '0', ADOPTABILITY_WINDOW_START_DATE = to_date('15-Jul-2013 00:00:00','DD-MON-YY HH24:MI:SS'), ADOPTABILITY_WINDOW_END_DATE = to_date('31-Dec-2069 00:00:00','DD-MON-YY HH24:MI:SS'), AMAZON_APPSTORE_SKU=NULL WHERE ID = 3468962342;
EXCEPTION
  WHEN NO_DATA_FOUND THEN
    INSERT INTO OFFER_CHAIN (ID, NAME, DESCRIPTION, ADOPTABILITY_WINDOW_START_DATE, ADOPTABILITY_WINDOW_END_DATE, IS_GIFT_CERTIFICATE, PRODUCT_URI, OFFER_CHAIN_STATUS_ID, REVOKE_ENTITLEMENTS, VENDOR_SOURCE_ID, BILLING_SOURCE_ID, IS_SEAT_LICENSE, GROUP_ACCOUNT_TYPE_ID, IS_ADDRESS_REQUIRED, AMAZON_APPSTORE_SKU, CREATED_BY, CREATE_DATE, updated_by, update_date) VALUES (3468962342, 'NYTimes: Web + Smartphone App', 'Unlimited access to NYTimes.com and the NYTimes smartphone app.*', to_date('15-Jul-2013 00:00:00','DD-MON-YY HH24:MI:SS'), to_date('31-Dec-2069 00:00:00','DD-MON-YY HH24:MI:SS'), '0', NULL, '1', '0', '1', (SELECT ID FROM BILLING_SOURCE BS WHERE BS.NAME='Sartre'), decode('NO','IL',1,0), 'NO', '0', '', 'OFFERMAKER', SYSDATE, 'OFFERMAKER', SYSDATE);
END;
DELETE FROM OFFER_CHAIN_ELIGIBILITY WHERE offer_chain_id = 3468962342;
INSERT INTO OFFER_CHAIN_ELIGIBILITY (ID, OFFER_CHAIN_ID, NAME, VALUE, CREATED_BY, CREATE_DATE) VALUES (ELG_ID_SEQ.NEXTVAL, 3468962342, 'REQUIRES_EMAIL_DOMAIN', '*.edu,byu.net,cgcc.cc.or.us,gmc.cc.ga.us,lakeland.cc.il.us,aalto.fi,concordia.ca,dal.ca,epfl.ch,escpeurope.eu,ethz.ch,fgu.edu.tw,fu-berlin.de,huji.ac.il,iiml.ac.in,imperial.ac.uk,leeds.ac.uk,mcgill.ca,mun.ca,nottingham.ac.uk,ox.ac.uk,qmul.ac.uk,ryerson.ca,szie.hu,ubc.ca,uct.ac.za,unam.mx,uni-jena.de,unina.it,unisul.br,utoronto.ca,ac.at,ac.be,ac.il,ac.jp,ac.uk,dcu.ie,edu.au,edu.cn,edu.mx,edu.sa,edu.sg,enst.fr,etu.paris-sorbonne.fr,eur.nl,fh-koeln.de,graduateinstitute.ch,itesm.mx,koncon.nl,ku.dk,langara.bc.ca,leuphana.de,lmu.de,mccg.org,mcmaster.ca,mgh-ita.org,musikkons.dk,nyumc.org,partners.org,presidioedu.org,queensu.ca,questu.ca,su.se,tcd.ie,trinityprep.org,ualberta.ca,uam.es,uc.cl,ucc.ie,ufrgs.br,uib.no,uio.no,umanitoba.ca,unibe.ch,unibo.it,unipg.it,uniroma3.it,uoguelph.ca,uqam.ca,usask.ca,usuhs.mil,ut.ee,utfpr.edu.br,uvic.ca,fh-bielefeld.de,viu.ca,uwo.ca,au.dk,uva.nl,sch.uk,pucsp.br,yorku.ca,brocku.ca,um.es,mylaurier.ca,wlu.ca,uni-mannheim.de,uni-potsdam.de,ens.fr,nyt.net', 'OFFERMAKER', SYSDATE);
INSERT INTO OFFER_CHAIN_ELIGIBILITY (ID, OFFER_CHAIN_ID, NAME, VALUE, CREATED_BY, CREATE_DATE) VALUES (ELG_ID_SEQ.NEXTVAL, 3468962342, 'IS_COMP', '0', 'OFFERMAKER', SYSDATE);
INSERT INTO OFFER_CHAIN_ELIGIBILITY (ID, OFFER_CHAIN_ID, NAME, VALUE, CREATED_BY, CREATE_DATE) VALUES (ELG_ID_SEQ.NEXTVAL, 3468962342, 'MAX_CONCURRENT_SUBS', '1', 'OFFERMAKER', SYSDATE);
INSERT INTO OFFER_CHAIN_ELIGIBILITY (ID, OFFER_CHAIN_ID, NAME, VALUE, CREATED_BY, CREATE_DATE) VALUES (ELG_ID_SEQ.NEXTVAL, 3468962342, 'INTERNAL_ONLY', '0', 'OFFERMAKER', SYSDATE);
INSERT INTO OFFER_CHAIN_ELIGIBILITY (ID, OFFER_CHAIN_ID, NAME, VALUE, CREATED_BY, CREATE_DATE) VALUES (ELG_ID_SEQ.NEXTVAL, 3468962342, 'REDEEMER_PROHIBITED_ENTITLEMENTS', '0', 'OFFERMAKER', SYSDATE);
DELETE FROM OFFER_CHAIN_META_DATA WHERE offer_chain_id = 3468962342;
INSERT INTO OFFER_CHAIN_META_DATA (ID, OFFER_CHAIN_ID, NAME, VALUE, CREATED_BY, CREATE_DATE) VALUES (OCMD_ID_SEQ.NEXTVAL, 3468962342, 'BUNDLE_EXPLANATION', 'W+SP Edu $90.99 for first 52 weeks and 50% off regular price thereafter - email verify', 'OFFERMAKER', SYSDATE);
INSERT INTO OFFER_CHAIN_META_DATA (ID, OFFER_CHAIN_ID, NAME, VALUE, CREATED_BY, CREATE_DATE) VALUES (OCMD_ID_SEQ.NEXTVAL, 3468962342, 'PRICE_DESCRIPTION', 'Web+Smartphone $90.99 EDU Offer First 52 Weeks: $1.75/week Thereafter:$97.50 every 52 weeks', 'OFFERMAKER', SYSDATE);
INSERT INTO OFFER_CHAIN_META_DATA (ID, OFFER_CHAIN_ID, NAME, VALUE, CREATED_BY, CREATE_DATE) VALUES (OCMD_ID_SEQ.NEXTVAL, 3468962342, 'PRICE_SHORT_DESCRIPTION', 'W+SP Edu / $90.99 for First 52 wks / $97.50 every 52 wks thereafter', 'OFFERMAKER', SYSDATE);
INSERT INTO OFFER_CHAIN_META_DATA (ID, OFFER_CHAIN_ID, NAME, VALUE, CREATED_BY, CREATE_DATE) VALUES (OCMD_ID_SEQ.NEXTVAL, 3468962342, 'OFFER_TYPE', '$90.99 for first 52 Weeks', 'OFFERMAKER', SYSDATE);
INSERT INTO OFFER_CHAIN_META_DATA (ID, OFFER_CHAIN_ID, NAME, VALUE, CREATED_BY, CREATE_DATE) VALUES (OCMD_ID_SEQ.NEXTVAL, 3468962342, 'OFFER_PRICE_DESCRIPTOR', 'EDU RATE- ANNUAL SUB- 50% off', 'OFFERMAKER', SYSDATE);
INSERT INTO OFFER_CHAIN_META_DATA (ID, OFFER_CHAIN_ID, NAME, VALUE, CREATED_BY, CREATE_DATE) VALUES (OCMD_ID_SEQ.NEXTVAL, 3468962342, 'OFFER_PRICE', '$90.99 for first 52 Weeks and $97.50 for next 52 Weeks thereafter', 'OFFERMAKER', SYSDATE);
INSERT INTO OFFER_CHAIN_META_DATA (ID, OFFER_CHAIN_ID, NAME, VALUE, CREATED_BY, CREATE_DATE) VALUES (OCMD_ID_SEQ.NEXTVAL, 3468962342, 'OFFER_PRICE_DETAIL', '($1.88 / week thereafter)', 'OFFERMAKER', SYSDATE);
INSERT INTO OFFER_CHAIN_META_DATA (ID, OFFER_CHAIN_ID, NAME, VALUE, CREATED_BY, CREATE_DATE) VALUES (OCMD_ID_SEQ.NEXTVAL, 3468962342, 'PROMO_PRICE_FOOTER_LABEL', 'First 52 Weeks', 'OFFERMAKER', SYSDATE);
INSERT INTO OFFER_CHAIN_META_DATA (ID, OFFER_CHAIN_ID, NAME, VALUE, CREATED_BY, CREATE_DATE) VALUES (OCMD_ID_SEQ.NEXTVAL, 3468962342, 'ACTUAL_PRICE_FOOTER_LABEL', 'Thereafter', 'OFFERMAKER', SYSDATE);
INSERT INTO OFFER_CHAIN_META_DATA (ID, OFFER_CHAIN_ID, NAME, VALUE, CREATED_BY, CREATE_DATE) VALUES (OCMD_ID_SEQ.NEXTVAL, 3468962342, 'BILLING_CYCLE', 'every 52 weeks', 'OFFERMAKER', SYSDATE);
INSERT INTO OFFER_CHAIN_META_DATA (ID, OFFER_CHAIN_ID, NAME, VALUE, CREATED_BY, CREATE_DATE) VALUES (OCMD_ID_SEQ.NEXTVAL, 3468962342, 'SUBSCRIBER_TYPE', 'Education', 'OFFERMAKER', SYSDATE);
INSERT INTO OFFER_CHAIN_META_DATA (ID, OFFER_CHAIN_ID, NAME, VALUE, CREATED_BY, CREATE_DATE) VALUES (OCMD_ID_SEQ.NEXTVAL, 3468962342, 'REFUND_POLICY', 'Multi-week Billing: Full refund within first 30 days, No refund if cancelled in the last 30 days and access remains through the end of the period.  Otherwise, pro-rated refund and access removed within 6 hours.', 'OFFERMAKER', SYSDATE);
INSERT INTO OFFER_CHAIN_META_DATA (ID, OFFER_CHAIN_ID, NAME, VALUE, CREATED_BY, CREATE_DATE) VALUES (OCMD_ID_SEQ.NEXTVAL, 3468962342, 'REQUIRES_EMAIL_DOMAIN', '*.edu', 'OFFERMAKER', SYSDATE);
INSERT INTO OFFER_CHAIN_META_DATA (ID, OFFER_CHAIN_ID, NAME, VALUE, CREATED_BY, CREATE_DATE) VALUES (OCMD_ID_SEQ.NEXTVAL, 3468962342, 'REQUIRES_EMAIL_DOMAIN', 'byu.net', 'OFFERMAKER', SYSDATE);
INSERT INTO OFFER_CHAIN_META_DATA (ID, OFFER_CHAIN_ID, NAME, VALUE, CREATED_BY, CREATE_DATE) VALUES (OCMD_ID_SEQ.NEXTVAL, 3468962342, 'REQUIRES_EMAIL_DOMAIN', 'cgcc.cc.or.us', 'OFFERMAKER', SYSDATE);
INSERT INTO OFFER_CHAIN_META_DATA (ID, OFFER_CHAIN_ID, NAME, VALUE, CREATED_BY, CREATE_DATE) VALUES (OCMD_ID_SEQ.NEXTVAL, 3468962342, 'REQUIRES_EMAIL_DOMAIN', 'gmc.cc.ga.us', 'OFFERMAKER', SYSDATE);
INSERT INTO OFFER_CHAIN_META_DATA (ID, OFFER_CHAIN_ID, NAME, VALUE, CREATED_BY, CREATE_DATE) VALUES (OCMD_ID_SEQ.NEXTVAL, 3468962342, 'REQUIRES_EMAIL_DOMAIN', 'lakeland.cc.il.us', 'OFFERMAKER', SYSDATE);
INSERT INTO OFFER_CHAIN_META_DATA (ID, OFFER_CHAIN_ID, NAME, VALUE, CREATED_BY, CREATE_DATE) VALUES (OCMD_ID_SEQ.NEXTVAL, 3468962342, 'REQUIRES_EMAIL_DOMAIN', 'aalto.fi', 'OFFERMAKER', SYSDATE);
INSERT INTO OFFER_CHAIN_META_DATA (ID, OFFER_CHAIN_ID, NAME, VALUE, CREATED_BY, CREATE_DATE) VALUES (OCMD_ID_SEQ.NEXTVAL, 3468962342, 'REQUIRES_EMAIL_DOMAIN', 'concordia.ca', 'OFFERMAKER', SYSDATE);
INSERT INTO OFFER_CHAIN_META_DATA (ID, OFFER_CHAIN_ID, NAME, VALUE, CREATED_BY, CREATE_DATE) VALUES (OCMD_ID_SEQ.NEXTVAL, 3468962342, 'REQUIRES_EMAIL_DOMAIN', 'dal.ca', 'OFFERMAKER', SYSDATE);
INSERT INTO OFFER_CHAIN_META_DATA (ID, OFFER_CHAIN_ID, NAME, VALUE, CREATED_BY, CREATE_DATE) VALUES (OCMD_ID_SEQ.NEXTVAL, 3468962342, 'REQUIRES_EMAIL_DOMAIN', 'epfl.ch', 'OFFERMAKER', SYSDATE);
INSERT INTO OFFER_CHAIN_META_DATA (ID, OFFER_CHAIN_ID, NAME, VALUE, CREATED_BY, CREATE_DATE) VALUES (OCMD_ID_SEQ.NEXTVAL, 3468962342, 'REQUIRES_EMAIL_DOMAIN', 'escpeurope.eu', 'OFFERMAKER', SYSDATE);
INSERT INTO OFFER_CHAIN_META_DATA (ID, OFFER_CHAIN_ID, NAME, VALUE, CREATED_BY, CREATE_DATE) VALUES (OCMD_ID_SEQ.NEXTVAL, 3468962342, 'REQUIRES_EMAIL_DOMAIN', 'ethz.ch', 'OFFERMAKER', SYSDATE);
INSERT INTO OFFER_CHAIN_META_DATA (ID, OFFER_CHAIN_ID, NAME, VALUE, CREATED_BY, CREATE_DATE) VALUES (OCMD_ID_SEQ.NEXTVAL, 3468962342, 'REQUIRES_EMAIL_DOMAIN', 'fgu.edu.tw', 'OFFERMAKER', SYSDATE);
INSERT INTO OFFER_CHAIN_META_DATA (ID, OFFER_CHAIN_ID, NAME, VALUE, CREATED_BY, CREATE_DATE) VALUES (OCMD_ID_SEQ.NEXTVAL, 3468962342, 'REQUIRES_EMAIL_DOMAIN', 'fu-berlin.de', 'OFFERMAKER', SYSDATE);
INSERT INTO OFFER_CHAIN_META_DATA (ID, OFFER_CHAIN_ID, NAME, VALUE, CREATED_BY, CREATE_DATE) VALUES (OCMD_ID_SEQ.NEXTVAL, 3468962342, 'REQUIRES_EMAIL_DOMAIN', 'huji.ac.il', 'OFFERMAKER', SYSDATE);
INSERT INTO OFFER_CHAIN_META_DATA (ID, OFFER_CHAIN_ID, NAME, VALUE, CREATED_BY, CREATE_DATE) VALUES (OCMD_ID_SEQ.NEXTVAL, 3468962342, 'REQUIRES_EMAIL_DOMAIN', 'iiml.ac.in', 'OFFERMAKER', SYSDATE);
INSERT INTO OFFER_CHAIN_META_DATA (ID, OFFER_CHAIN_ID, NAME, VALUE, CREATED_BY, CREATE_DATE) VALUES (OCMD_ID_SEQ.NEXTVAL, 3468962342, 'REQUIRES_EMAIL_DOMAIN', 'imperial.ac.uk', 'OFFERMAKER', SYSDATE);
INSERT INTO OFFER_CHAIN_META_DATA (ID, OFFER_CHAIN_ID, NAME, VALUE, CREATED_BY, CREATE_DATE) VALUES (OCMD_ID_SEQ.NEXTVAL, 3468962342, 'REQUIRES_EMAIL_DOMAIN', 'leeds.ac.uk', 'OFFERMAKER', SYSDATE);
INSERT INTO OFFER_CHAIN_META_DATA (ID, OFFER_CHAIN_ID, NAME, VALUE, CREATED_BY, CREATE_DATE) VALUES (OCMD_ID_SEQ.NEXTVAL, 3468962342, 'REQUIRES_EMAIL_DOMAIN', 'mcgill.ca', 'OFFERMAKER', SYSDATE);
INSERT INTO OFFER_CHAIN_META_DATA (ID, OFFER_CHAIN_ID, NAME, VALUE, CREATED_BY, CREATE_DATE) VALUES (OCMD_ID_SEQ.NEXTVAL, 3468962342, 'REQUIRES_EMAIL_DOMAIN', 'mun.ca', 'OFFERMAKER', SYSDATE);
INSERT INTO OFFER_CHAIN_META_DATA (ID, OFFER_CHAIN_ID, NAME, VALUE, CREATED_BY, CREATE_DATE) VALUES (OCMD_ID_SEQ.NEXTVAL, 3468962342, 'REQUIRES_EMAIL_DOMAIN', 'nottingham.ac.uk', 'OFFERMAKER', SYSDATE);
INSERT INTO OFFER_CHAIN_META_DATA (ID, OFFER_CHAIN_ID, NAME, VALUE, CREATED_BY, CREATE_DATE) VALUES (OCMD_ID_SEQ.NEXTVAL, 3468962342, 'REQUIRES_EMAIL_DOMAIN', 'ox.ac.uk', 'OFFERMAKER', SYSDATE);
INSERT INTO OFFER_CHAIN_META_DATA (ID, OFFER_CHAIN_ID, NAME, VALUE, CREATED_BY, CREATE_DATE) VALUES (OCMD_ID_SEQ.NEXTVAL, 3468962342, 'REQUIRES_EMAIL_DOMAIN', 'qmul.ac.uk', 'OFFERMAKER', SYSDATE);
INSERT INTO OFFER_CHAIN_META_DATA (ID, OFFER_CHAIN_ID, NAME, VALUE, CREATED_BY, CREATE_DATE) VALUES (OCMD_ID_SEQ.NEXTVAL, 3468962342, 'REQUIRES_EMAIL_DOMAIN', 'ryerson.ca', 'OFFERMAKER', SYSDATE);
INSERT INTO OFFER_CHAIN_META_DATA (ID, OFFER_CHAIN_ID, NAME, VALUE, CREATED_BY, CREATE_DATE) VALUES (OCMD_ID_SEQ.NEXTVAL, 3468962342, 'REQUIRES_EMAIL_DOMAIN', 'szie.hu', 'OFFERMAKER', SYSDATE);
INSERT INTO OFFER_CHAIN_META_DATA (ID, OFFER_CHAIN_ID, NAME, VALUE, CREATED_BY, CREATE_DATE) VALUES (OCMD_ID_SEQ.NEXTVAL, 3468962342, 'REQUIRES_EMAIL_DOMAIN', 'ubc.ca', 'OFFERMAKER', SYSDATE);
INSERT INTO OFFER_CHAIN_META_DATA (ID, OFFER_CHAIN_ID, NAME, VALUE, CREATED_BY, CREATE_DATE) VALUES (OCMD_ID_SEQ.NEXTVAL, 3468962342, 'REQUIRES_EMAIL_DOMAIN', 'uct.ac.za', 'OFFERMAKER', SYSDATE);
INSERT INTO OFFER_CHAIN_META_DATA (ID, OFFER_CHAIN_ID, NAME, VALUE, CREATED_BY, CREATE_DATE) VALUES (OCMD_ID_SEQ.NEXTVAL, 3468962342, 'REQUIRES_EMAIL_DOMAIN', 'unam.mx', 'OFFERMAKER', SYSDATE);
INSERT INTO OFFER_CHAIN_META_DATA (ID, OFFER_CHAIN_ID, NAME, VALUE, CREATED_BY, CREATE_DATE) VALUES (OCMD_ID_SEQ.NEXTVAL, 3468962342, 'REQUIRES_EMAIL_DOMAIN', 'uni-jena.de', 'OFFERMAKER', SYSDATE);
INSERT INTO OFFER_CHAIN_META_DATA (ID, OFFER_CHAIN_ID, NAME, VALUE, CREATED_BY, CREATE_DATE) VALUES (OCMD_ID_SEQ.NEXTVAL, 3468962342, 'REQUIRES_EMAIL_DOMAIN', 'unina.it', 'OFFERMAKER', SYSDATE);
INSERT INTO OFFER_CHAIN_META_DATA (ID, OFFER_CHAIN_ID, NAME, VALUE, CREATED_BY, CREATE_DATE) VALUES (OCMD_ID_SEQ.NEXTVAL, 3468962342, 'REQUIRES_EMAIL_DOMAIN', 'unisul.br', 'OFFERMAKER', SYSDATE);
INSERT INTO OFFER_CHAIN_META_DATA (ID, OFFER_CHAIN_ID, NAME, VALUE, CREATED_BY, CREATE_DATE) VALUES (OCMD_ID_SEQ.NEXTVAL, 3468962342, 'REQUIRES_EMAIL_DOMAIN', 'utoronto.ca', 'OFFERMAKER', SYSDATE);
INSERT INTO OFFER_CHAIN_META_DATA (ID, OFFER_CHAIN_ID, NAME, VALUE, CREATED_BY, CREATE_DATE) VALUES (OCMD_ID_SEQ.NEXTVAL, 3468962342, 'REQUIRES_EMAIL_DOMAIN', 'ac.at', 'OFFERMAKER', SYSDATE);
INSERT INTO OFFER_CHAIN_META_DATA (ID, OFFER_CHAIN_ID, NAME, VALUE, CREATED_BY, CREATE_DATE) VALUES (OCMD_ID_SEQ.NEXTVAL, 3468962342, 'REQUIRES_EMAIL_DOMAIN', 'ac.be', 'OFFERMAKER', SYSDATE);
INSERT INTO OFFER_CHAIN_META_DATA (ID, OFFER_CHAIN_ID, NAME, VALUE, CREATED_BY, CREATE_DATE) VALUES (OCMD_ID_SEQ.NEXTVAL, 3468962342, 'REQUIRES_EMAIL_DOMAIN', 'ac.il', 'OFFERMAKER', SYSDATE);
INSERT INTO OFFER_CHAIN_META_DATA (ID, OFFER_CHAIN_ID, NAME, VALUE, CREATED_BY, CREATE_DATE) VALUES (OCMD_ID_SEQ.NEXTVAL, 3468962342, 'REQUIRES_EMAIL_DOMAIN', 'ac.jp', 'OFFERMAKER', SYSDATE);
INSERT INTO OFFER_CHAIN_META_DATA (ID, OFFER_CHAIN_ID, NAME, VALUE, CREATED_BY, CREATE_DATE) VALUES (OCMD_ID_SEQ.NEXTVAL, 3468962342, 'REQUIRES_EMAIL_DOMAIN', 'ac.uk', 'OFFERMAKER', SYSDATE);
INSERT INTO OFFER_CHAIN_META_DATA (ID, OFFER_CHAIN_ID, NAME, VALUE, CREATED_BY, CREATE_DATE) VALUES (OCMD_ID_SEQ.NEXTVAL, 3468962342, 'REQUIRES_EMAIL_DOMAIN', 'dcu.ie', 'OFFERMAKER', SYSDATE);
INSERT INTO OFFER_CHAIN_META_DATA (ID, OFFER_CHAIN_ID, NAME, VALUE, CREATED_BY, CREATE_DATE) VALUES (OCMD_ID_SEQ.NEXTVAL, 3468962342, 'REQUIRES_EMAIL_DOMAIN', 'edu.au', 'OFFERMAKER', SYSDATE);
INSERT INTO OFFER_CHAIN_META_DATA (ID, OFFER_CHAIN_ID, NAME, VALUE, CREATED_BY, CREATE_DATE) VALUES (OCMD_ID_SEQ.NEXTVAL, 3468962342, 'REQUIRES_EMAIL_DOMAIN', 'edu.cn', 'OFFERMAKER', SYSDATE);
INSERT INTO OFFER_CHAIN_META_DATA (ID, OFFER_CHAIN_ID, NAME, VALUE, CREATED_BY, CREATE_DATE) VALUES (OCMD_ID_SEQ.NEXTVAL, 3468962342, 'REQUIRES_EMAIL_DOMAIN', 'edu.mx', 'OFFERMAKER', SYSDATE);
INSERT INTO OFFER_CHAIN_META_DATA (ID, OFFER_CHAIN_ID, NAME, VALUE, CREATED_BY, CREATE_DATE) VALUES (OCMD_ID_SEQ.NEXTVAL, 3468962342, 'REQUIRES_EMAIL_DOMAIN', 'edu.sa', 'OFFERMAKER', SYSDATE);
INSERT INTO OFFER_CHAIN_META_DATA (ID, OFFER_CHAIN_ID, NAME, VALUE, CREATED_BY, CREATE_DATE) VALUES (OCMD_ID_SEQ.NEXTVAL, 3468962342, 'REQUIRES_EMAIL_DOMAIN', 'edu.sg', 'OFFERMAKER', SYSDATE);
INSERT INTO OFFER_CHAIN_META_DATA (ID, OFFER_CHAIN_ID, NAME, VALUE, CREATED_BY, CREATE_DATE) VALUES (OCMD_ID_SEQ.NEXTVAL, 3468962342, 'REQUIRES_EMAIL_DOMAIN', 'enst.fr', 'OFFERMAKER', SYSDATE);
INSERT INTO OFFER_CHAIN_META_DATA (ID, OFFER_CHAIN_ID, NAME, VALUE, CREATED_BY, CREATE_DATE) VALUES (OCMD_ID_SEQ.NEXTVAL, 3468962342, 'REQUIRES_EMAIL_DOMAIN', 'etu.paris-sorbonne.fr', 'OFFERMAKER', SYSDATE);
INSERT INTO OFFER_CHAIN_META_DATA (ID, OFFER_CHAIN_ID, NAME, VALUE, CREATED_BY, CREATE_DATE) VALUES (OCMD_ID_SEQ.NEXTVAL, 3468962342, 'REQUIRES_EMAIL_DOMAIN', 'eur.nl', 'OFFERMAKER', SYSDATE);
INSERT INTO OFFER_CHAIN_META_DATA (ID, OFFER_CHAIN_ID, NAME, VALUE, CREATED_BY, CREATE_DATE) VALUES (OCMD_ID_SEQ.NEXTVAL, 3468962342, 'REQUIRES_EMAIL_DOMAIN', 'fh-koeln.de', 'OFFERMAKER', SYSDATE);
INSERT INTO OFFER_CHAIN_META_DATA (ID, OFFER_CHAIN_ID, NAME, VALUE, CREATED_BY, CREATE_DATE) VALUES (OCMD_ID_SEQ.NEXTVAL, 3468962342, 'REQUIRES_EMAIL_DOMAIN', 'graduateinstitute.ch', 'OFFERMAKER', SYSDATE);
INSERT INTO OFFER_CHAIN_META_DATA (ID, OFFER_CHAIN_ID, NAME, VALUE, CREATED_BY, CREATE_DATE) VALUES (OCMD_ID_SEQ.NEXTVAL, 3468962342, 'REQUIRES_EMAIL_DOMAIN', 'itesm.mx', 'OFFERMAKER', SYSDATE);
INSERT INTO OFFER_CHAIN_META_DATA (ID, OFFER_CHAIN_ID, NAME, VALUE, CREATED_BY, CREATE_DATE) VALUES (OCMD_ID_SEQ.NEXTVAL, 3468962342, 'REQUIRES_EMAIL_DOMAIN', 'koncon.nl', 'OFFERMAKER', SYSDATE);
INSERT INTO OFFER_CHAIN_META_DATA (ID, OFFER_CHAIN_ID, NAME, VALUE, CREATED_BY, CREATE_DATE) VALUES (OCMD_ID_SEQ.NEXTVAL, 3468962342, 'REQUIRES_EMAIL_DOMAIN', 'ku.dk', 'OFFERMAKER', SYSDATE);
INSERT INTO OFFER_CHAIN_META_DATA (ID, OFFER_CHAIN_ID, NAME, VALUE, CREATED_BY, CREATE_DATE) VALUES (OCMD_ID_SEQ.NEXTVAL, 3468962342, 'REQUIRES_EMAIL_DOMAIN', 'langara.bc.ca', 'OFFERMAKER', SYSDATE);
INSERT INTO OFFER_CHAIN_META_DATA (ID, OFFER_CHAIN_ID, NAME, VALUE, CREATED_BY, CREATE_DATE) VALUES (OCMD_ID_SEQ.NEXTVAL, 3468962342, 'REQUIRES_EMAIL_DOMAIN', 'leuphana.de', 'OFFERMAKER', SYSDATE);
INSERT INTO OFFER_CHAIN_META_DATA (ID, OFFER_CHAIN_ID, NAME, VALUE, CREATED_BY, CREATE_DATE) VALUES (OCMD_ID_SEQ.NEXTVAL, 3468962342, 'REQUIRES_EMAIL_DOMAIN', 'lmu.de', 'OFFERMAKER', SYSDATE);
INSERT INTO OFFER_CHAIN_META_DATA (ID, OFFER_CHAIN_ID, NAME, VALUE, CREATED_BY, CREATE_DATE) VALUES (OCMD_ID_SEQ.NEXTVAL, 3468962342, 'REQUIRES_EMAIL_DOMAIN', 'mccg.org', 'OFFERMAKER', SYSDATE);
INSERT INTO OFFER_CHAIN_META_DATA (ID, OFFER_CHAIN_ID, NAME, VALUE, CREATED_BY, CREATE_DATE) VALUES (OCMD_ID_SEQ.NEXTVAL, 3468962342, 'REQUIRES_EMAIL_DOMAIN', 'mcmaster.ca', 'OFFERMAKER', SYSDATE);
INSERT INTO OFFER_CHAIN_META_DATA (ID, OFFER_CHAIN_ID, NAME, VALUE, CREATED_BY, CREATE_DATE) VALUES (OCMD_ID_SEQ.NEXTVAL, 3468962342, 'REQUIRES_EMAIL_DOMAIN', 'mgh-ita.org', 'OFFERMAKER', SYSDATE);
INSERT INTO OFFER_CHAIN_META_DATA (ID, OFFER_CHAIN_ID, NAME, VALUE, CREATED_BY, CREATE_DATE) VALUES (OCMD_ID_SEQ.NEXTVAL, 3468962342, 'REQUIRES_EMAIL_DOMAIN', 'musikkons.dk', 'OFFERMAKER', SYSDATE);
INSERT INTO OFFER_CHAIN_META_DATA (ID, OFFER_CHAIN_ID, NAME, VALUE, CREATED_BY, CREATE_DATE) VALUES (OCMD_ID_SEQ.NEXTVAL, 3468962342, 'REQUIRES_EMAIL_DOMAIN', 'nyumc.org', 'OFFERMAKER', SYSDATE);
INSERT INTO OFFER_CHAIN_META_DATA (ID, OFFER_CHAIN_ID, NAME, VALUE, CREATED_BY, CREATE_DATE) VALUES (OCMD_ID_SEQ.NEXTVAL, 3468962342, 'REQUIRES_EMAIL_DOMAIN', 'partners.org', 'OFFERMAKER', SYSDATE);
INSERT INTO OFFER_CHAIN_META_DATA (ID, OFFER_CHAIN_ID, NAME, VALUE, CREATED_BY, CREATE_DATE) VALUES (OCMD_ID_SEQ.NEXTVAL, 3468962342, 'REQUIRES_EMAIL_DOMAIN', 'presidioedu.org', 'OFFERMAKER', SYSDATE);
INSERT INTO OFFER_CHAIN_META_DATA (ID, OFFER_CHAIN_ID, NAME, VALUE, CREATED_BY, CREATE_DATE) VALUES (OCMD_ID_SEQ.NEXTVAL, 3468962342, 'REQUIRES_EMAIL_DOMAIN', 'queensu.ca', 'OFFERMAKER', SYSDATE);
INSERT INTO OFFER_CHAIN_META_DATA (ID, OFFER_CHAIN_ID, NAME, VALUE, CREATED_BY, CREATE_DATE) VALUES (OCMD_ID_SEQ.NEXTVAL, 3468962342, 'REQUIRES_EMAIL_DOMAIN', 'questu.ca', 'OFFERMAKER', SYSDATE);
INSERT INTO OFFER_CHAIN_META_DATA (ID, OFFER_CHAIN_ID, NAME, VALUE, CREATED_BY, CREATE_DATE) VALUES (OCMD_ID_SEQ.NEXTVAL, 3468962342, 'REQUIRES_EMAIL_DOMAIN', 'su.se', 'OFFERMAKER', SYSDATE);
INSERT INTO OFFER_CHAIN_META_DATA (ID, OFFER_CHAIN_ID, NAME, VALUE, CREATED_BY, CREATE_DATE) VALUES (OCMD_ID_SEQ.NEXTVAL, 3468962342, 'REQUIRES_EMAIL_DOMAIN', 'tcd.ie', 'OFFERMAKER', SYSDATE);
INSERT INTO OFFER_CHAIN_META_DATA (ID, OFFER_CHAIN_ID, NAME, VALUE, CREATED_BY, CREATE_DATE) VALUES (OCMD_ID_SEQ.NEXTVAL, 3468962342, 'REQUIRES_EMAIL_DOMAIN', 'trinityprep.org', 'OFFERMAKER', SYSDATE);
INSERT INTO OFFER_CHAIN_META_DATA (ID, OFFER_CHAIN_ID, NAME, VALUE, CREATED_BY, CREATE_DATE) VALUES (OCMD_ID_SEQ.NEXTVAL, 3468962342, 'REQUIRES_EMAIL_DOMAIN', 'ualberta.ca', 'OFFERMAKER', SYSDATE);
INSERT INTO OFFER_CHAIN_META_DATA (ID, OFFER_CHAIN_ID, NAME, VALUE, CREATED_BY, CREATE_DATE) VALUES (OCMD_ID_SEQ.NEXTVAL, 3468962342, 'REQUIRES_EMAIL_DOMAIN', 'uam.es', 'OFFERMAKER', SYSDATE);
INSERT INTO OFFER_CHAIN_META_DATA (ID, OFFER_CHAIN_ID, NAME, VALUE, CREATED_BY, CREATE_DATE) VALUES (OCMD_ID_SEQ.NEXTVAL, 3468962342, 'REQUIRES_EMAIL_DOMAIN', 'uc.cl', 'OFFERMAKER', SYSDATE);
INSERT INTO OFFER_CHAIN_META_DATA (ID, OFFER_CHAIN_ID, NAME, VALUE, CREATED_BY, CREATE_DATE) VALUES (OCMD_ID_SEQ.NEXTVAL, 3468962342, 'REQUIRES_EMAIL_DOMAIN', 'ucc.ie', 'OFFERMAKER', SYSDATE);
INSERT INTO OFFER_CHAIN_META_DATA (ID, OFFER_CHAIN_ID, NAME, VALUE, CREATED_BY, CREATE_DATE) VALUES (OCMD_ID_SEQ.NEXTVAL, 3468962342, 'REQUIRES_EMAIL_DOMAIN', 'ufrgs.br', 'OFFERMAKER', SYSDATE);
INSERT INTO OFFER_CHAIN_META_DATA (ID, OFFER_CHAIN_ID, NAME, VALUE, CREATED_BY, CREATE_DATE) VALUES (OCMD_ID_SEQ.NEXTVAL, 3468962342, 'REQUIRES_EMAIL_DOMAIN', 'uib.no', 'OFFERMAKER', SYSDATE);
INSERT INTO OFFER_CHAIN_META_DATA (ID, OFFER_CHAIN_ID, NAME, VALUE, CREATED_BY, CREATE_DATE) VALUES (OCMD_ID_SEQ.NEXTVAL, 3468962342, 'REQUIRES_EMAIL_DOMAIN', 'uio.no', 'OFFERMAKER', SYSDATE);
INSERT INTO OFFER_CHAIN_META_DATA (ID, OFFER_CHAIN_ID, NAME, VALUE, CREATED_BY, CREATE_DATE) VALUES (OCMD_ID_SEQ.NEXTVAL, 3468962342, 'REQUIRES_EMAIL_DOMAIN', 'umanitoba.ca', 'OFFERMAKER', SYSDATE);
INSERT INTO OFFER_CHAIN_META_DATA (ID, OFFER_CHAIN_ID, NAME, VALUE, CREATED_BY, CREATE_DATE) VALUES (OCMD_ID_SEQ.NEXTVAL, 3468962342, 'REQUIRES_EMAIL_DOMAIN', 'unibe.ch', 'OFFERMAKER', SYSDATE);
INSERT INTO OFFER_CHAIN_META_DATA (ID, OFFER_CHAIN_ID, NAME, VALUE, CREATED_BY, CREATE_DATE) VALUES (OCMD_ID_SEQ.NEXTVAL, 3468962342, 'REQUIRES_EMAIL_DOMAIN', 'unibo.it', 'OFFERMAKER', SYSDATE);
INSERT INTO OFFER_CHAIN_META_DATA (ID, OFFER_CHAIN_ID, NAME, VALUE, CREATED_BY, CREATE_DATE) VALUES (OCMD_ID_SEQ.NEXTVAL, 3468962342, 'REQUIRES_EMAIL_DOMAIN', 'unipg.it', 'OFFERMAKER', SYSDATE);
INSERT INTO OFFER_CHAIN_META_DATA (ID, OFFER_CHAIN_ID, NAME, VALUE, CREATED_BY, CREATE_DATE) VALUES (OCMD_ID_SEQ.NEXTVAL, 3468962342, 'REQUIRES_EMAIL_DOMAIN', 'uniroma3.it', 'OFFERMAKER', SYSDATE);
INSERT INTO OFFER_CHAIN_META_DATA (ID, OFFER_CHAIN_ID, NAME, VALUE, CREATED_BY, CREATE_DATE) VALUES (OCMD_ID_SEQ.NEXTVAL, 3468962342, 'REQUIRES_EMAIL_DOMAIN', 'uoguelph.ca', 'OFFERMAKER', SYSDATE);
INSERT INTO OFFER_CHAIN_META_DATA (ID, OFFER_CHAIN_ID, NAME, VALUE, CREATED_BY, CREATE_DATE) VALUES (OCMD_ID_SEQ.NEXTVAL, 3468962342, 'REQUIRES_EMAIL_DOMAIN', 'uqam.ca', 'OFFERMAKER', SYSDATE);
INSERT INTO OFFER_CHAIN_META_DATA (ID, OFFER_CHAIN_ID, NAME, VALUE, CREATED_BY, CREATE_DATE) VALUES (OCMD_ID_SEQ.NEXTVAL, 3468962342, 'REQUIRES_EMAIL_DOMAIN', 'usask.ca', 'OFFERMAKER', SYSDATE);
INSERT INTO OFFER_CHAIN_META_DATA (ID, OFFER_CHAIN_ID, NAME, VALUE, CREATED_BY, CREATE_DATE) VALUES (OCMD_ID_SEQ.NEXTVAL, 3468962342, 'REQUIRES_EMAIL_DOMAIN', 'usuhs.mil', 'OFFERMAKER', SYSDATE);
INSERT INTO OFFER_CHAIN_META_DATA (ID, OFFER_CHAIN_ID, NAME, VALUE, CREATED_BY, CREATE_DATE) VALUES (OCMD_ID_SEQ.NEXTVAL, 3468962342, 'REQUIRES_EMAIL_DOMAIN', 'ut.ee', 'OFFERMAKER', SYSDATE);
INSERT INTO OFFER_CHAIN_META_DATA (ID, OFFER_CHAIN_ID, NAME, VALUE, CREATED_BY, CREATE_DATE) VALUES (OCMD_ID_SEQ.NEXTVAL, 3468962342, 'REQUIRES_EMAIL_DOMAIN', 'utfpr.edu.br', 'OFFERMAKER', SYSDATE);
INSERT INTO OFFER_CHAIN_META_DATA (ID, OFFER_CHAIN_ID, NAME, VALUE, CREATED_BY, CREATE_DATE) VALUES (OCMD_ID_SEQ.NEXTVAL, 3468962342, 'REQUIRES_EMAIL_DOMAIN', 'uvic.ca', 'OFFERMAKER', SYSDATE);
INSERT INTO OFFER_CHAIN_META_DATA (ID, OFFER_CHAIN_ID, NAME, VALUE, CREATED_BY, CREATE_DATE) VALUES (OCMD_ID_SEQ.NEXTVAL, 3468962342, 'REQUIRES_EMAIL_DOMAIN', 'fh-bielefeld.de', 'OFFERMAKER', SYSDATE);
INSERT INTO OFFER_CHAIN_META_DATA (ID, OFFER_CHAIN_ID, NAME, VALUE, CREATED_BY, CREATE_DATE) VALUES (OCMD_ID_SEQ.NEXTVAL, 3468962342, 'REQUIRES_EMAIL_DOMAIN', 'viu.ca', 'OFFERMAKER', SYSDATE);
INSERT INTO OFFER_CHAIN_META_DATA (ID, OFFER_CHAIN_ID, NAME, VALUE, CREATED_BY, CREATE_DATE) VALUES (OCMD_ID_SEQ.NEXTVAL, 3468962342, 'REQUIRES_EMAIL_DOMAIN', 'uwo.ca', 'OFFERMAKER', SYSDATE);
INSERT INTO OFFER_CHAIN_META_DATA (ID, OFFER_CHAIN_ID, NAME, VALUE, CREATED_BY, CREATE_DATE) VALUES (OCMD_ID_SEQ.NEXTVAL, 3468962342, 'REQUIRES_EMAIL_DOMAIN', 'au.dk', 'OFFERMAKER', SYSDATE);
INSERT INTO OFFER_CHAIN_META_DATA (ID, OFFER_CHAIN_ID, NAME, VALUE, CREATED_BY, CREATE_DATE) VALUES (OCMD_ID_SEQ.NEXTVAL, 3468962342, 'REQUIRES_EMAIL_DOMAIN', 'uva.nl', 'OFFERMAKER', SYSDATE);
INSERT INTO OFFER_CHAIN_META_DATA (ID, OFFER_CHAIN_ID, NAME, VALUE, CREATED_BY, CREATE_DATE) VALUES (OCMD_ID_SEQ.NEXTVAL, 3468962342, 'REQUIRES_EMAIL_DOMAIN', 'sch.uk', 'OFFERMAKER', SYSDATE);
INSERT INTO OFFER_CHAIN_META_DATA (ID, OFFER_CHAIN_ID, NAME, VALUE, CREATED_BY, CREATE_DATE) VALUES (OCMD_ID_SEQ.NEXTVAL, 3468962342, 'REQUIRES_EMAIL_DOMAIN', 'pucsp.br', 'OFFERMAKER', SYSDATE);
INSERT INTO OFFER_CHAIN_META_DATA (ID, OFFER_CHAIN_ID, NAME, VALUE, CREATED_BY, CREATE_DATE) VALUES (OCMD_ID_SEQ.NEXTVAL, 3468962342, 'REQUIRES_EMAIL_DOMAIN', 'yorku.ca', 'OFFERMAKER', SYSDATE);
INSERT INTO OFFER_CHAIN_META_DATA (ID, OFFER_CHAIN_ID, NAME, VALUE, CREATED_BY, CREATE_DATE) VALUES (OCMD_ID_SEQ.NEXTVAL, 3468962342, 'REQUIRES_EMAIL_DOMAIN', 'brocku.ca', 'OFFERMAKER', SYSDATE);
INSERT INTO OFFER_CHAIN_META_DATA (ID, OFFER_CHAIN_ID, NAME, VALUE, CREATED_BY, CREATE_DATE) VALUES (OCMD_ID_SEQ.NEXTVAL, 3468962342, 'REQUIRES_EMAIL_DOMAIN', 'um.es', 'OFFERMAKER', SYSDATE);
INSERT INTO OFFER_CHAIN_META_DATA (ID, OFFER_CHAIN_ID, NAME, VALUE, CREATED_BY, CREATE_DATE) VALUES (OCMD_ID_SEQ.NEXTVAL, 3468962342, 'REQUIRES_EMAIL_DOMAIN', 'mylaurier.ca', 'OFFERMAKER', SYSDATE);
INSERT INTO OFFER_CHAIN_META_DATA (ID, OFFER_CHAIN_ID, NAME, VALUE, CREATED_BY, CREATE_DATE) VALUES (OCMD_ID_SEQ.NEXTVAL, 3468962342, 'REQUIRES_EMAIL_DOMAIN', 'wlu.ca', 'OFFERMAKER', SYSDATE);
INSERT INTO OFFER_CHAIN_META_DATA (ID, OFFER_CHAIN_ID, NAME, VALUE, CREATED_BY, CREATE_DATE) VALUES (OCMD_ID_SEQ.NEXTVAL, 3468962342, 'REQUIRES_EMAIL_DOMAIN', 'uni-mannheim.de', 'OFFERMAKER', SYSDATE);
INSERT INTO OFFER_CHAIN_META_DATA (ID, OFFER_CHAIN_ID, NAME, VALUE, CREATED_BY, CREATE_DATE) VALUES (OCMD_ID_SEQ.NEXTVAL, 3468962342, 'REQUIRES_EMAIL_DOMAIN', 'uni-potsdam.de', 'OFFERMAKER', SYSDATE);
INSERT INTO OFFER_CHAIN_META_DATA (ID, OFFER_CHAIN_ID, NAME, VALUE, CREATED_BY, CREATE_DATE) VALUES (OCMD_ID_SEQ.NEXTVAL, 3468962342, 'REQUIRES_EMAIL_DOMAIN', 'ens.fr', 'OFFERMAKER', SYSDATE);
INSERT INTO OFFER_CHAIN_META_DATA (ID, OFFER_CHAIN_ID, NAME, VALUE, CREATED_BY, CREATE_DATE) VALUES (OCMD_ID_SEQ.NEXTVAL, 3468962342, 'REQUIRES_EMAIL_DOMAIN', 'nyt.net', 'OFFERMAKER', SYSDATE);
INSERT INTO OFFER_CHAIN_META_DATA (ID, OFFER_CHAIN_ID, NAME, VALUE, CREATED_BY, CREATE_DATE) VALUES (OCMD_ID_SEQ.NEXTVAL, 3468962342, 'CANCELABLE', '1', 'OFFERMAKER', SYSDATE);
INSERT INTO OFFER_CHAIN_META_DATA (ID, OFFER_CHAIN_ID, NAME, VALUE, CREATED_BY, CREATE_DATE) VALUES (OCMD_ID_SEQ.NEXTVAL, 3468962342, 'REFUNDABLE', '1', 'OFFERMAKER', SYSDATE);
INSERT INTO OFFER_CHAIN_META_DATA (ID, OFFER_CHAIN_ID, NAME, VALUE, CREATED_BY, CREATE_DATE) VALUES (OCMD_ID_SEQ.NEXTVAL, 3468962342, 'FULL_REFUND_DAYS_LIMIT', '30', 'OFFERMAKER', SYSDATE);
INSERT INTO OFFER_CHAIN_META_DATA (ID, OFFER_CHAIN_ID, NAME, VALUE, CREATED_BY, CREATE_DATE) VALUES (OCMD_ID_SEQ.NEXTVAL, 3468962342, 'PRORATED_REFUND_DAYS_LIMIT', '334', 'OFFERMAKER', SYSDATE);
INSERT INTO OFFER_CHAIN_META_DATA (ID, OFFER_CHAIN_ID, NAME, VALUE, CREATED_BY, CREATE_DATE) VALUES (OCMD_ID_SEQ.NEXTVAL, 3468962342, 'OPEN_TO_ANONYMOUS', '1', 'OFFERMAKER', SYSDATE);
INSERT INTO OFFER_CHAIN_META_DATA (ID, OFFER_CHAIN_ID, NAME, VALUE, CREATED_BY, CREATE_DATE) VALUES (OCMD_ID_SEQ.NEXTVAL, 3468962342, 'BUNDLE', 'Bundle A (Web+SP)', 'OFFERMAKER', SYSDATE);
INSERT INTO OFFER_CHAIN_META_DATA (ID, OFFER_CHAIN_ID, NAME, VALUE, CREATED_BY, CREATE_DATE) VALUES (OCMD_ID_SEQ.NEXTVAL, 3468962342, 'ADX_BUNDLE', 'MM_EDU', 'OFFERMAKER', SYSDATE);
INSERT INTO OFFER_CHAIN_META_DATA (ID, OFFER_CHAIN_ID, NAME, VALUE, CREATED_BY, CREATE_DATE) VALUES (OCMD_ID_SEQ.NEXTVAL, 3468962342, 'SIEBEL_CAMPAIGN_CODE', '3KJXR', 'OFFERMAKER', SYSDATE);
INSERT INTO OFFER_CHAIN_META_DATA (ID, OFFER_CHAIN_ID, NAME, VALUE, CREATED_BY, CREATE_DATE) VALUES (OCMD_ID_SEQ.NEXTVAL, 3468962342, 'ANNUAL_PRICE', '97.50', 'OFFERMAKER', SYSDATE);
INSERT INTO OFFER_CHAIN_META_DATA (ID, OFFER_CHAIN_ID, NAME, VALUE, CREATED_BY, CREATE_DATE) VALUES (OCMD_ID_SEQ.NEXTVAL, 3468962342, 'UID', 'd8179d0cfc641e69e4d13f2d6bccb11dbe0f74be7b4fbb3023a89fa4b44528b0', 'OFFERMAKER', SYSDATE);
DELETE FROM OFFER_CHAIN_NOTIFICATION_TYPE WHERE offer_chain_id = 3468962342;
BEGIN
  SELECT 1 INTO TMP_VAR FROM ACTION WHERE NAME = 'SUBSCRIBE_TO_OFFER_CHAIN';
EXCEPTION
  WHEN NO_DATA_FOUND THEN
    INSERT INTO ACTION (ID, NAME, CREATE_DATE, CREATED_BY) VALUES (ACTION_ID_SEQ.NEXTVAL, 'SUBSCRIBE_TO_OFFER_CHAIN', SYSDATE, 'OFFERMAKER');
END;
BEGIN
  SELECT 1 INTO TMP_VAR FROM CORE_OWNER.NOTIFICATION_TYPE WHERE VALUE = 'sartre-digital-purchase-edu';
EXCEPTION
  WHEN NO_DATA_FOUND THEN NULL;
    INSERT INTO CORE_OWNER.NOTIFICATION_TYPE (ID, VALUE, TEMPLATE_URL) VALUES (CORE_OWNER.NOTTID_SEQ.NEXTVAL, 'sartre-digital-purchase-edu', 'N/A');
END;
BEGIN
  SELECT 1 INTO TMP_VAR FROM ACTION WHERE NAME = 'UPGRADE_SUBSCRIPTION';
EXCEPTION
  WHEN NO_DATA_FOUND THEN
    INSERT INTO ACTION (ID, NAME, CREATE_DATE, CREATED_BY) VALUES (ACTION_ID_SEQ.NEXTVAL, 'UPGRADE_SUBSCRIPTION', SYSDATE, 'OFFERMAKER');
END;
BEGIN
  SELECT 1 INTO TMP_VAR FROM CORE_OWNER.NOTIFICATION_TYPE WHERE VALUE = 'sartre-digital-purchase-edu';
EXCEPTION
  WHEN NO_DATA_FOUND THEN NULL;
    INSERT INTO CORE_OWNER.NOTIFICATION_TYPE (ID, VALUE, TEMPLATE_URL) VALUES (CORE_OWNER.NOTTID_SEQ.NEXTVAL, 'sartre-digital-purchase-edu', 'N/A');
END;
BEGIN
  SELECT 1 INTO TMP_VAR FROM ACTION WHERE NAME = 'CANCEL_SUBSCRIPTION';
EXCEPTION
  WHEN NO_DATA_FOUND THEN
    INSERT INTO ACTION (ID, NAME, CREATE_DATE, CREATED_BY) VALUES (ACTION_ID_SEQ.NEXTVAL, 'CANCEL_SUBSCRIPTION', SYSDATE, 'OFFERMAKER');
END;
BEGIN
  SELECT 1 INTO TMP_VAR FROM CORE_OWNER.NOTIFICATION_TYPE WHERE VALUE = 'sartre-cancel';
EXCEPTION
  WHEN NO_DATA_FOUND THEN NULL;
    INSERT INTO CORE_OWNER.NOTIFICATION_TYPE (ID, VALUE, TEMPLATE_URL) VALUES (CORE_OWNER.NOTTID_SEQ.NEXTVAL, 'sartre-cancel', 'N/A');
END;
BEGIN
  SELECT 1 INTO TMP_VAR FROM ACTION WHERE NAME = 'SYSTEM_CANCEL';
EXCEPTION
  WHEN NO_DATA_FOUND THEN
    INSERT INTO ACTION (ID, NAME, CREATE_DATE, CREATED_BY) VALUES (ACTION_ID_SEQ.NEXTVAL, 'SYSTEM_CANCEL', SYSDATE, 'OFFERMAKER');
END;
BEGIN
  SELECT 1 INTO TMP_VAR FROM CORE_OWNER.NOTIFICATION_TYPE WHERE VALUE = 'sartre-decline-edu-and-k12';
EXCEPTION
  WHEN NO_DATA_FOUND THEN NULL;
    INSERT INTO CORE_OWNER.NOTIFICATION_TYPE (ID, VALUE, TEMPLATE_URL) VALUES (CORE_OWNER.NOTTID_SEQ.NEXTVAL, 'sartre-decline-edu-and-k12', 'N/A');
END;
BEGIN
  SELECT 1 INTO TMP_VAR FROM ACTION WHERE NAME = 'CREDIT_CARD_EXP';
EXCEPTION
  WHEN NO_DATA_FOUND THEN
    INSERT INTO ACTION (ID, NAME, CREATE_DATE, CREATED_BY) VALUES (ACTION_ID_SEQ.NEXTVAL, 'CREDIT_CARD_EXP', SYSDATE, 'OFFERMAKER');
END;
BEGIN
  SELECT 1 INTO TMP_VAR FROM CORE_OWNER.NOTIFICATION_TYPE WHERE VALUE = 'card_expiration';
EXCEPTION
  WHEN NO_DATA_FOUND THEN NULL;
    INSERT INTO CORE_OWNER.NOTIFICATION_TYPE (ID, VALUE, TEMPLATE_URL) VALUES (CORE_OWNER.NOTTID_SEQ.NEXTVAL, 'card_expiration', 'N/A');
END;
INSERT INTO OFFER_CHAIN_NOTIFICATION_TYPE (ID, OFFER_CHAIN_ID, NOTIFICATION_TYPE_ID, ACTION_ID, CREATED_BY, CREATE_DATE) VALUES (OCET_ID_SEQ.NEXTVAL, 3468962342, (SELECT ID FROM CORE_OWNER.NOTIFICATION_TYPE WHERE VALUE = 'sartre-digital-purchase-edu'), (SELECT ID FROM ACTION WHERE NAME = 'SUBSCRIBE_TO_OFFER_CHAIN'), 'OFFERMAKER', SYSDATE);
INSERT INTO OFFER_CHAIN_NOTIFICATION_TYPE (ID, OFFER_CHAIN_ID, NOTIFICATION_TYPE_ID, ACTION_ID, CREATED_BY, CREATE_DATE) VALUES (OCET_ID_SEQ.NEXTVAL, 3468962342, (SELECT ID FROM CORE_OWNER.NOTIFICATION_TYPE WHERE VALUE = 'sartre-digital-purchase-edu'), (SELECT ID FROM ACTION WHERE NAME = 'UPGRADE_SUBSCRIPTION'), 'OFFERMAKER', SYSDATE);
INSERT INTO OFFER_CHAIN_NOTIFICATION_TYPE (ID, OFFER_CHAIN_ID, NOTIFICATION_TYPE_ID, ACTION_ID, CREATED_BY, CREATE_DATE) VALUES (OCET_ID_SEQ.NEXTVAL, 3468962342, (SELECT ID FROM CORE_OWNER.NOTIFICATION_TYPE WHERE VALUE = 'sartre-cancel'), (SELECT ID FROM ACTION WHERE NAME = 'CANCEL_SUBSCRIPTION'), 'OFFERMAKER', SYSDATE);
INSERT INTO OFFER_CHAIN_NOTIFICATION_TYPE (ID, OFFER_CHAIN_ID, NOTIFICATION_TYPE_ID, ACTION_ID, CREATED_BY, CREATE_DATE) VALUES (OCET_ID_SEQ.NEXTVAL, 3468962342, (SELECT ID FROM CORE_OWNER.NOTIFICATION_TYPE WHERE VALUE = 'sartre-decline-edu-and-k12'), (SELECT ID FROM ACTION WHERE NAME = 'SYSTEM_CANCEL'), 'OFFERMAKER', SYSDATE);
INSERT INTO OFFER_CHAIN_NOTIFICATION_TYPE (ID, OFFER_CHAIN_ID, NOTIFICATION_TYPE_ID, ACTION_ID, CREATED_BY, CREATE_DATE) VALUES (OCET_ID_SEQ.NEXTVAL, 3468962342, (SELECT ID FROM CORE_OWNER.NOTIFICATION_TYPE WHERE VALUE = 'card_expiration'), (SELECT ID FROM ACTION WHERE NAME = 'CREDIT_CARD_EXP'), 'OFFERMAKER', SYSDATE);
BEGIN
  SELECT 1 INTO TMP_VAR FROM OFFER_OFFER_CHAIN WHERE OFFER_CHAIN_ID = 3468962342 AND INDEX_VALUE = 0 AND ROWNUM <= 1;
EXCEPTION
  WHEN NO_DATA_FOUND THEN
INSERT INTO OFFER (ID, OFFER_STATUS_ID, ENTITLEMENT_DURATION, CREATED_BY, CREATE_DATE, updated_by, update_date) VALUES (OFR_ID_SEQ.NEXTVAL, 1, 'P0Y0M364DT0H0M', 'OFFERMAKER', SYSDATE, 'OFFERMAKER', SYSDATE);
BEGIN
  SELECT ID INTO CUR_PRD_ID FROM PRODUCT WHERE NAME = 'Web' AND ROWNUM <= 1;
EXCEPTION
  WHEN NO_DATA_FOUND THEN
    INSERT INTO PRODUCT (ID, NAME, CREATED_BY, CREATE_DATE) VALUES (PRD_ID_SEQ.NEXTVAL, 'Web', 'OFFERMAKER', SYSDATE);
    SELECT ID INTO CUR_PRD_ID FROM PRODUCT WHERE NAME = 'Web' AND ROWNUM <= 1;
  WHEN OTHERS THEN
    RAISE;
END;
INSERT INTO PRODUCT_OFFERING (ID, PRODUCT_ID, TAX_POLICY_TYPE_ID, QUANTITY, UNIT_PRICE, CREATED_BY, CREATE_DATE) VALUES (PO_ID_SEQ.NEXTVAL, CUR_PRD_ID, '1', '364', '0.357143', 'OFFERMAKER', SYSDATE);
INSERT INTO OFFER_PRODUCT_OFFERING (OFFER_ID, PRODUCT_OFFERING_ID, CREATED_BY, CREATE_DATE) VALUES (OFR_ID_SEQ.CURRVAL, PO_ID_SEQ.CURRVAL, 'OFFERMAKER', SYSDATE);
INSERT INTO DISCOUNT (ID, NAME, DESCRIPTION, FIXED_AMOUNT, PERCENT_AMOUNT, DISCOUNT_TYPE_ID, CREATED_BY, CREATE_DATE) VALUES (DSC_ID_SEQ.NEXTVAL, 'Discount', 'Off: 90.99. P.Disc: 60.660. P.Full: 130.000', '69.34', '0', 1, 'OFFERMAKER', SYSDATE);
INSERT INTO DISCOUNT_PRODUCT_OFFERING (DISCOUNT_ID, PRODUCT_OFFERING_ID, CREATED_BY, CREATE_DATE) VALUES (DSC_ID_SEQ.CURRVAL, PO_ID_SEQ.CURRVAL, 'OFFERMAKER', SYSDATE);
BEGIN
  SELECT ID INTO CUR_PRD_ID FROM PRODUCT WHERE NAME = 'Mobile' AND ROWNUM <= 1;
EXCEPTION
  WHEN NO_DATA_FOUND THEN
    INSERT INTO PRODUCT (ID, NAME, CREATED_BY, CREATE_DATE) VALUES (PRD_ID_SEQ.NEXTVAL, 'Mobile', 'OFFERMAKER', SYSDATE);
    SELECT ID INTO CUR_PRD_ID FROM PRODUCT WHERE NAME = 'Mobile' AND ROWNUM <= 1;
  WHEN OTHERS THEN
    RAISE;
END;
INSERT INTO PRODUCT_OFFERING (ID, PRODUCT_ID, TAX_POLICY_TYPE_ID, QUANTITY, UNIT_PRICE, CREATED_BY, CREATE_DATE) VALUES (PO_ID_SEQ.NEXTVAL, CUR_PRD_ID, '1', '364', '0', 'OFFERMAKER', SYSDATE);
INSERT INTO OFFER_PRODUCT_OFFERING (OFFER_ID, PRODUCT_OFFERING_ID, CREATED_BY, CREATE_DATE) VALUES (OFR_ID_SEQ.CURRVAL, PO_ID_SEQ.CURRVAL, 'OFFERMAKER', SYSDATE);
BEGIN
  SELECT ID INTO CUR_PRD_ID FROM PRODUCT WHERE NAME = 'Archive Article' AND ROWNUM <= 1;
EXCEPTION
  WHEN NO_DATA_FOUND THEN
    INSERT INTO PRODUCT (ID, NAME, CREATED_BY, CREATE_DATE) VALUES (PRD_ID_SEQ.NEXTVAL, 'Archive Article', 'OFFERMAKER', SYSDATE);
    SELECT ID INTO CUR_PRD_ID FROM PRODUCT WHERE NAME = 'Archive Article' AND ROWNUM <= 1;
  WHEN OTHERS THEN
    RAISE;
END;
INSERT INTO PRODUCT_OFFERING (ID, PRODUCT_ID, TAX_POLICY_TYPE_ID, QUANTITY, UNIT_PRICE, CREATED_BY, CREATE_DATE) VALUES (PO_ID_SEQ.NEXTVAL, CUR_PRD_ID, '1', '1300', '0', 'OFFERMAKER', SYSDATE);
INSERT INTO OFFER_PRODUCT_OFFERING (OFFER_ID, PRODUCT_OFFERING_ID, CREATED_BY, CREATE_DATE) VALUES (OFR_ID_SEQ.CURRVAL, PO_ID_SEQ.CURRVAL, 'OFFERMAKER', SYSDATE);
BEGIN
  SELECT ID INTO CUR_PRD_ID FROM PRODUCT WHERE NAME = 'TimesMachine' AND ROWNUM <= 1;
EXCEPTION
  WHEN NO_DATA_FOUND THEN
    INSERT INTO PRODUCT (ID, NAME, CREATED_BY, CREATE_DATE) VALUES (PRD_ID_SEQ.NEXTVAL, 'TimesMachine', 'OFFERMAKER', SYSDATE);
    SELECT ID INTO CUR_PRD_ID FROM PRODUCT WHERE NAME = 'TimesMachine' AND ROWNUM <= 1;
  WHEN OTHERS THEN
    RAISE;
END;
INSERT INTO PRODUCT_OFFERING (ID, PRODUCT_ID, TAX_POLICY_TYPE_ID, QUANTITY, UNIT_PRICE, CREATED_BY, CREATE_DATE) VALUES (PO_ID_SEQ.NEXTVAL, CUR_PRD_ID, '1', '364', '0', 'OFFERMAKER', SYSDATE);
INSERT INTO OFFER_PRODUCT_OFFERING (OFFER_ID, PRODUCT_OFFERING_ID, CREATED_BY, CREATE_DATE) VALUES (OFR_ID_SEQ.CURRVAL, PO_ID_SEQ.CURRVAL, 'OFFERMAKER', SYSDATE);
BEGIN
  SELECT ID INTO CUR_PRD_ID FROM PRODUCT WHERE NAME = 'Smartphone' AND ROWNUM <= 1;
EXCEPTION
  WHEN NO_DATA_FOUND THEN
    INSERT INTO PRODUCT (ID, NAME, CREATED_BY, CREATE_DATE) VALUES (PRD_ID_SEQ.NEXTVAL, 'Smartphone', 'OFFERMAKER', SYSDATE);
    SELECT ID INTO CUR_PRD_ID FROM PRODUCT WHERE NAME = 'Smartphone' AND ROWNUM <= 1;
  WHEN OTHERS THEN
    RAISE;
END;
INSERT INTO PRODUCT_OFFERING (ID, PRODUCT_ID, TAX_POLICY_TYPE_ID, QUANTITY, UNIT_PRICE, CREATED_BY, CREATE_DATE) VALUES (PO_ID_SEQ.NEXTVAL, CUR_PRD_ID, '1', '364', '0.178571', 'OFFERMAKER', SYSDATE);
INSERT INTO OFFER_PRODUCT_OFFERING (OFFER_ID, PRODUCT_OFFERING_ID, CREATED_BY, CREATE_DATE) VALUES (OFR_ID_SEQ.CURRVAL, PO_ID_SEQ.CURRVAL, 'OFFERMAKER', SYSDATE);
INSERT INTO DISCOUNT (ID, NAME, DESCRIPTION, FIXED_AMOUNT, PERCENT_AMOUNT, DISCOUNT_TYPE_ID, CREATED_BY, CREATE_DATE) VALUES (DSC_ID_SEQ.NEXTVAL, 'Discount', 'Off: 90.99. P.Disc: 30.3298. P.Full: 64.9998', '34.67', '0', 1, 'OFFERMAKER', SYSDATE);
INSERT INTO DISCOUNT_PRODUCT_OFFERING (DISCOUNT_ID, PRODUCT_OFFERING_ID, CREATED_BY, CREATE_DATE) VALUES (DSC_ID_SEQ.CURRVAL, PO_ID_SEQ.CURRVAL, 'OFFERMAKER', SYSDATE);
INSERT INTO OFFER_OFFER_CHAIN (OFFER_ID, OFFER_CHAIN_ID, INDEX_VALUE, NUM_RECURRENCES, CREATED_BY, CREATE_DATE, updated_by, update_date) VALUES (OFR_ID_SEQ.CURRVAL, 3468962342, '0', '1', 'OFFERMAKER', SYSDATE, 'OFFERMAKER', SYSDATE);
END;
BEGIN
  SELECT 1 INTO TMP_VAR FROM OFFER_OFFER_CHAIN WHERE OFFER_CHAIN_ID = 3468962342 AND INDEX_VALUE = 1 AND ROWNUM <= 1;
EXCEPTION
  WHEN NO_DATA_FOUND THEN
INSERT INTO OFFER (ID, OFFER_STATUS_ID, ENTITLEMENT_DURATION, CREATED_BY, CREATE_DATE, updated_by, update_date) VALUES (OFR_ID_SEQ.NEXTVAL, 1, 'P0Y0M364DT0H0M', 'OFFERMAKER', SYSDATE, 'OFFERMAKER', SYSDATE);
BEGIN
  SELECT ID INTO CUR_PRD_ID FROM PRODUCT WHERE NAME = 'Web' AND ROWNUM <= 1;
EXCEPTION
  WHEN NO_DATA_FOUND THEN
    INSERT INTO PRODUCT (ID, NAME, CREATED_BY, CREATE_DATE) VALUES (PRD_ID_SEQ.NEXTVAL, 'Web', 'OFFERMAKER', SYSDATE);
    SELECT ID INTO CUR_PRD_ID FROM PRODUCT WHERE NAME = 'Web' AND ROWNUM <= 1;
  WHEN OTHERS THEN
    RAISE;
END;
INSERT INTO PRODUCT_OFFERING (ID, PRODUCT_ID, TAX_POLICY_TYPE_ID, QUANTITY, UNIT_PRICE, CREATED_BY, CREATE_DATE) VALUES (PO_ID_SEQ.NEXTVAL, CUR_PRD_ID, '1', '364', '0.357143', 'OFFERMAKER', SYSDATE);
INSERT INTO OFFER_PRODUCT_OFFERING (OFFER_ID, PRODUCT_OFFERING_ID, CREATED_BY, CREATE_DATE) VALUES (OFR_ID_SEQ.CURRVAL, PO_ID_SEQ.CURRVAL, 'OFFERMAKER', SYSDATE);
INSERT INTO DISCOUNT (ID, NAME, DESCRIPTION, FIXED_AMOUNT, PERCENT_AMOUNT, DISCOUNT_TYPE_ID, CREATED_BY, CREATE_DATE) VALUES (DSC_ID_SEQ.NEXTVAL, 'Discount', 'Off: 97.5. P.Disc: 65.000. P.Full: 130.000', '65.00', '0', 1, 'OFFERMAKER', SYSDATE);
INSERT INTO DISCOUNT_PRODUCT_OFFERING (DISCOUNT_ID, PRODUCT_OFFERING_ID, CREATED_BY, CREATE_DATE) VALUES (DSC_ID_SEQ.CURRVAL, PO_ID_SEQ.CURRVAL, 'OFFERMAKER', SYSDATE);
BEGIN
  SELECT ID INTO CUR_PRD_ID FROM PRODUCT WHERE NAME = 'Mobile' AND ROWNUM <= 1;
EXCEPTION
  WHEN NO_DATA_FOUND THEN
    INSERT INTO PRODUCT (ID, NAME, CREATED_BY, CREATE_DATE) VALUES (PRD_ID_SEQ.NEXTVAL, 'Mobile', 'OFFERMAKER', SYSDATE);
    SELECT ID INTO CUR_PRD_ID FROM PRODUCT WHERE NAME = 'Mobile' AND ROWNUM <= 1;
  WHEN OTHERS THEN
    RAISE;
END;
INSERT INTO PRODUCT_OFFERING (ID, PRODUCT_ID, TAX_POLICY_TYPE_ID, QUANTITY, UNIT_PRICE, CREATED_BY, CREATE_DATE) VALUES (PO_ID_SEQ.NEXTVAL, CUR_PRD_ID, '1', '364', '0', 'OFFERMAKER', SYSDATE);
INSERT INTO OFFER_PRODUCT_OFFERING (OFFER_ID, PRODUCT_OFFERING_ID, CREATED_BY, CREATE_DATE) VALUES (OFR_ID_SEQ.CURRVAL, PO_ID_SEQ.CURRVAL, 'OFFERMAKER', SYSDATE);
BEGIN
  SELECT ID INTO CUR_PRD_ID FROM PRODUCT WHERE NAME = 'Archive Article' AND ROWNUM <= 1;
EXCEPTION
  WHEN NO_DATA_FOUND THEN
    INSERT INTO PRODUCT (ID, NAME, CREATED_BY, CREATE_DATE) VALUES (PRD_ID_SEQ.NEXTVAL, 'Archive Article', 'OFFERMAKER', SYSDATE);
    SELECT ID INTO CUR_PRD_ID FROM PRODUCT WHERE NAME = 'Archive Article' AND ROWNUM <= 1;
  WHEN OTHERS THEN
    RAISE;
END;
INSERT INTO PRODUCT_OFFERING (ID, PRODUCT_ID, TAX_POLICY_TYPE_ID, QUANTITY, UNIT_PRICE, CREATED_BY, CREATE_DATE) VALUES (PO_ID_SEQ.NEXTVAL, CUR_PRD_ID, '1', '1300', '0', 'OFFERMAKER', SYSDATE);
INSERT INTO OFFER_PRODUCT_OFFERING (OFFER_ID, PRODUCT_OFFERING_ID, CREATED_BY, CREATE_DATE) VALUES (OFR_ID_SEQ.CURRVAL, PO_ID_SEQ.CURRVAL, 'OFFERMAKER', SYSDATE);
BEGIN
  SELECT ID INTO CUR_PRD_ID FROM PRODUCT WHERE NAME = 'TimesMachine' AND ROWNUM <= 1;
EXCEPTION
  WHEN NO_DATA_FOUND THEN
    INSERT INTO PRODUCT (ID, NAME, CREATED_BY, CREATE_DATE) VALUES (PRD_ID_SEQ.NEXTVAL, 'TimesMachine', 'OFFERMAKER', SYSDATE);
    SELECT ID INTO CUR_PRD_ID FROM PRODUCT WHERE NAME = 'TimesMachine' AND ROWNUM <= 1;
  WHEN OTHERS THEN
    RAISE;
END;
INSERT INTO PRODUCT_OFFERING (ID, PRODUCT_ID, TAX_POLICY_TYPE_ID, QUANTITY, UNIT_PRICE, CREATED_BY, CREATE_DATE) VALUES (PO_ID_SEQ.NEXTVAL, CUR_PRD_ID, '1', '364', '0', 'OFFERMAKER', SYSDATE);
INSERT INTO OFFER_PRODUCT_OFFERING (OFFER_ID, PRODUCT_OFFERING_ID, CREATED_BY, CREATE_DATE) VALUES (OFR_ID_SEQ.CURRVAL, PO_ID_SEQ.CURRVAL, 'OFFERMAKER', SYSDATE);
BEGIN
  SELECT ID INTO CUR_PRD_ID FROM PRODUCT WHERE NAME = 'Smartphone' AND ROWNUM <= 1;
EXCEPTION
  WHEN NO_DATA_FOUND THEN
    INSERT INTO PRODUCT (ID, NAME, CREATED_BY, CREATE_DATE) VALUES (PRD_ID_SEQ.NEXTVAL, 'Smartphone', 'OFFERMAKER', SYSDATE);
    SELECT ID INTO CUR_PRD_ID FROM PRODUCT WHERE NAME = 'Smartphone' AND ROWNUM <= 1;
  WHEN OTHERS THEN
    RAISE;
END;
INSERT INTO PRODUCT_OFFERING (ID, PRODUCT_ID, TAX_POLICY_TYPE_ID, QUANTITY, UNIT_PRICE, CREATED_BY, CREATE_DATE) VALUES (PO_ID_SEQ.NEXTVAL, CUR_PRD_ID, '1', '364', '0.178571', 'OFFERMAKER', SYSDATE);
INSERT INTO OFFER_PRODUCT_OFFERING (OFFER_ID, PRODUCT_OFFERING_ID, CREATED_BY, CREATE_DATE) VALUES (OFR_ID_SEQ.CURRVAL, PO_ID_SEQ.CURRVAL, 'OFFERMAKER', SYSDATE);
INSERT INTO DISCOUNT (ID, NAME, DESCRIPTION, FIXED_AMOUNT, PERCENT_AMOUNT, DISCOUNT_TYPE_ID, CREATED_BY, CREATE_DATE) VALUES (DSC_ID_SEQ.NEXTVAL, 'Discount', 'Off: 97.5. P.Disc: 32.4998. P.Full: 64.9998', '32.50', '0', 1, 'OFFERMAKER', SYSDATE);
INSERT INTO DISCOUNT_PRODUCT_OFFERING (DISCOUNT_ID, PRODUCT_OFFERING_ID, CREATED_BY, CREATE_DATE) VALUES (DSC_ID_SEQ.CURRVAL, PO_ID_SEQ.CURRVAL, 'OFFERMAKER', SYSDATE);
INSERT INTO OFFER_OFFER_CHAIN (OFFER_ID, OFFER_CHAIN_ID, INDEX_VALUE, NUM_RECURRENCES, CREATED_BY, CREATE_DATE, updated_by, update_date) VALUES (OFR_ID_SEQ.CURRVAL, 3468962342, '1', '-1', 'OFFERMAKER', SYSDATE, 'OFFERMAKER', SYSDATE);
END;
END;
/
COMMIT;
DECLARE
TMP_VAR NUMBER;
CUR_PRD_ID NUMBER;
CUR_CAPABILITY_ID NUMBER;
BEGIN
BEGIN
  SELECT 1 INTO TMP_VAR FROM OFFER_CHAIN WHERE ID = 1999767471 AND ROWNUM <= 1;
  UPDATE OFFER_CHAIN SET NAME='NYTimes: Web + Tablet App', DESCRIPTION='Unlimited access to NYTimes.com and the NYTimes tablet app.*', PRODUCT_URI='', VENDOR_SOURCE_ID='1', BILLING_SOURCE_ID=(SELECT ID FROM BILLING_SOURCE BS WHERE BS.NAME='Sartre'), IS_SEAT_LICENSE=0, GROUP_ACCOUNT_TYPE_ID='NO',IS_ADDRESS_REQUIRED=0, OFFER_CHAIN_STATUS_ID = 1, UPDATE_DATE = SYSDATE, UPDATED_BY = 'OFFERMAKER', IS_GIFT_CERTIFICATE='0', REVOKE_ENTITLEMENTS = '0', ADOPTABILITY_WINDOW_START_DATE = to_date('15-Jul-2013 00:00:00','DD-MON-YY HH24:MI:SS'), ADOPTABILITY_WINDOW_END_DATE = to_date('31-Dec-2069 00:00:00','DD-MON-YY HH24:MI:SS'), AMAZON_APPSTORE_SKU=NULL WHERE ID = 1999767471;
EXCEPTION
  WHEN NO_DATA_FOUND THEN
    INSERT INTO OFFER_CHAIN (ID, NAME, DESCRIPTION, ADOPTABILITY_WINDOW_START_DATE, ADOPTABILITY_WINDOW_END_DATE, IS_GIFT_CERTIFICATE, PRODUCT_URI, OFFER_CHAIN_STATUS_ID, REVOKE_ENTITLEMENTS, VENDOR_SOURCE_ID, BILLING_SOURCE_ID, IS_SEAT_LICENSE, GROUP_ACCOUNT_TYPE_ID, IS_ADDRESS_REQUIRED, AMAZON_APPSTORE_SKU, CREATED_BY, CREATE_DATE, updated_by, update_date) VALUES (1999767471, 'NYTimes: Web + Tablet App', 'Unlimited access to NYTimes.com and the NYTimes tablet app.*', to_date('15-Jul-2013 00:00:00','DD-MON-YY HH24:MI:SS'), to_date('31-Dec-2069 00:00:00','DD-MON-YY HH24:MI:SS'), '0', NULL, '1', '0', '1', (SELECT ID FROM BILLING_SOURCE BS WHERE BS.NAME='Sartre'), decode('NO','IL',1,0), 'NO', '0', '', 'OFFERMAKER', SYSDATE, 'OFFERMAKER', SYSDATE);
END;
DELETE FROM OFFER_CHAIN_ELIGIBILITY WHERE offer_chain_id = 1999767471;
INSERT INTO OFFER_CHAIN_ELIGIBILITY (ID, OFFER_CHAIN_ID, NAME, VALUE, CREATED_BY, CREATE_DATE) VALUES (ELG_ID_SEQ.NEXTVAL, 1999767471, 'REQUIRES_EMAIL_DOMAIN', '*.edu,byu.net,cgcc.cc.or.us,gmc.cc.ga.us,lakeland.cc.il.us,aalto.fi,concordia.ca,dal.ca,epfl.ch,escpeurope.eu,ethz.ch,fgu.edu.tw,fu-berlin.de,huji.ac.il,iiml.ac.in,imperial.ac.uk,leeds.ac.uk,mcgill.ca,mun.ca,nottingham.ac.uk,ox.ac.uk,qmul.ac.uk,ryerson.ca,szie.hu,ubc.ca,uct.ac.za,unam.mx,uni-jena.de,unina.it,unisul.br,utoronto.ca,ac.at,ac.be,ac.il,ac.jp,ac.uk,dcu.ie,edu.au,edu.cn,edu.mx,edu.sa,edu.sg,enst.fr,etu.paris-sorbonne.fr,eur.nl,fh-koeln.de,graduateinstitute.ch,itesm.mx,koncon.nl,ku.dk,langara.bc.ca,leuphana.de,lmu.de,mccg.org,mcmaster.ca,mgh-ita.org,musikkons.dk,nyumc.org,partners.org,presidioedu.org,queensu.ca,questu.ca,su.se,tcd.ie,trinityprep.org,ualberta.ca,uam.es,uc.cl,ucc.ie,ufrgs.br,uib.no,uio.no,umanitoba.ca,unibe.ch,unibo.it,unipg.it,uniroma3.it,uoguelph.ca,uqam.ca,usask.ca,usuhs.mil,ut.ee,utfpr.edu.br,uvic.ca,fh-bielefeld.de,viu.ca,uwo.ca,au.dk,uva.nl,sch.uk,pucsp.br,yorku.ca,brocku.ca,um.es,mylaurier.ca,wlu.ca,uni-mannheim.de,uni-potsdam.de,ens.fr,nyt.net', 'OFFERMAKER', SYSDATE);
INSERT INTO OFFER_CHAIN_ELIGIBILITY (ID, OFFER_CHAIN_ID, NAME, VALUE, CREATED_BY, CREATE_DATE) VALUES (ELG_ID_SEQ.NEXTVAL, 1999767471, 'IS_COMP', '0', 'OFFERMAKER', SYSDATE);
INSERT INTO OFFER_CHAIN_ELIGIBILITY (ID, OFFER_CHAIN_ID, NAME, VALUE, CREATED_BY, CREATE_DATE) VALUES (ELG_ID_SEQ.NEXTVAL, 1999767471, 'MAX_CONCURRENT_SUBS', '1', 'OFFERMAKER', SYSDATE);
INSERT INTO OFFER_CHAIN_ELIGIBILITY (ID, OFFER_CHAIN_ID, NAME, VALUE, CREATED_BY, CREATE_DATE) VALUES (ELG_ID_SEQ.NEXTVAL, 1999767471, 'INTERNAL_ONLY', '0', 'OFFERMAKER', SYSDATE);
INSERT INTO OFFER_CHAIN_ELIGIBILITY (ID, OFFER_CHAIN_ID, NAME, VALUE, CREATED_BY, CREATE_DATE) VALUES (ELG_ID_SEQ.NEXTVAL, 1999767471, 'REDEEMER_PROHIBITED_ENTITLEMENTS', '0', 'OFFERMAKER', SYSDATE);
DELETE FROM OFFER_CHAIN_META_DATA WHERE offer_chain_id = 1999767471;
INSERT INTO OFFER_CHAIN_META_DATA (ID, OFFER_CHAIN_ID, NAME, VALUE, CREATED_BY, CREATE_DATE) VALUES (OCMD_ID_SEQ.NEXTVAL, 1999767471, 'BUNDLE_EXPLANATION', 'W+T Edu $120.99 for first 52 weeks and 50% off regular price thereafter - email verify', 'OFFERMAKER', SYSDATE);
INSERT INTO OFFER_CHAIN_META_DATA (ID, OFFER_CHAIN_ID, NAME, VALUE, CREATED_BY, CREATE_DATE) VALUES (OCMD_ID_SEQ.NEXTVAL, 1999767471, 'PRICE_DESCRIPTION', 'Web+Tablet App $120.99 EDU Offer First 52 Weeks: $2.32/week Thereafter:$130.00 every 52 weeks', 'OFFERMAKER', SYSDATE);
INSERT INTO OFFER_CHAIN_META_DATA (ID, OFFER_CHAIN_ID, NAME, VALUE, CREATED_BY, CREATE_DATE) VALUES (OCMD_ID_SEQ.NEXTVAL, 1999767471, 'PRICE_SHORT_DESCRIPTION', 'W+T Edu / $120.99 for First 52 wks / $130.00 every 52 wks thereafter', 'OFFERMAKER', SYSDATE);
INSERT INTO OFFER_CHAIN_META_DATA (ID, OFFER_CHAIN_ID, NAME, VALUE, CREATED_BY, CREATE_DATE) VALUES (OCMD_ID_SEQ.NEXTVAL, 1999767471, 'OFFER_TYPE', '$120.99 for first 52 Weeks', 'OFFERMAKER', SYSDATE);
INSERT INTO OFFER_CHAIN_META_DATA (ID, OFFER_CHAIN_ID, NAME, VALUE, CREATED_BY, CREATE_DATE) VALUES (OCMD_ID_SEQ.NEXTVAL, 1999767471, 'OFFER_PRICE_DESCRIPTOR', 'EDU RATE- ANNUAL SUB- 50% off', 'OFFERMAKER', SYSDATE);
INSERT INTO OFFER_CHAIN_META_DATA (ID, OFFER_CHAIN_ID, NAME, VALUE, CREATED_BY, CREATE_DATE) VALUES (OCMD_ID_SEQ.NEXTVAL, 1999767471, 'OFFER_PRICE', '$120.99 for first 52 Weeks and $130.00 for next 52 Weeks thereafter', 'OFFERMAKER', SYSDATE);
INSERT INTO OFFER_CHAIN_META_DATA (ID, OFFER_CHAIN_ID, NAME, VALUE, CREATED_BY, CREATE_DATE) VALUES (OCMD_ID_SEQ.NEXTVAL, 1999767471, 'OFFER_PRICE_DETAIL', '($2.50 / week thereafter)', 'OFFERMAKER', SYSDATE);
INSERT INTO OFFER_CHAIN_META_DATA (ID, OFFER_CHAIN_ID, NAME, VALUE, CREATED_BY, CREATE_DATE) VALUES (OCMD_ID_SEQ.NEXTVAL, 1999767471, 'PROMO_PRICE_FOOTER_LABEL', 'First 52 Weeks', 'OFFERMAKER', SYSDATE);
INSERT INTO OFFER_CHAIN_META_DATA (ID, OFFER_CHAIN_ID, NAME, VALUE, CREATED_BY, CREATE_DATE) VALUES (OCMD_ID_SEQ.NEXTVAL, 1999767471, 'ACTUAL_PRICE_FOOTER_LABEL', 'Thereafter', 'OFFERMAKER', SYSDATE);
INSERT INTO OFFER_CHAIN_META_DATA (ID, OFFER_CHAIN_ID, NAME, VALUE, CREATED_BY, CREATE_DATE) VALUES (OCMD_ID_SEQ.NEXTVAL, 1999767471, 'BILLING_CYCLE', 'every 52 weeks', 'OFFERMAKER', SYSDATE);
INSERT INTO OFFER_CHAIN_META_DATA (ID, OFFER_CHAIN_ID, NAME, VALUE, CREATED_BY, CREATE_DATE) VALUES (OCMD_ID_SEQ.NEXTVAL, 1999767471, 'SUBSCRIBER_TYPE', 'Education', 'OFFERMAKER', SYSDATE);
INSERT INTO OFFER_CHAIN_META_DATA (ID, OFFER_CHAIN_ID, NAME, VALUE, CREATED_BY, CREATE_DATE) VALUES (OCMD_ID_SEQ.NEXTVAL, 1999767471, 'REFUND_POLICY', 'Multi-week Billing: Full refund within first 30 days, No refund if cancelled in the last 30 days and access remains through the end of the period.  Otherwise, pro-rated refund and access removed within 6 hours.', 'OFFERMAKER', SYSDATE);
INSERT INTO OFFER_CHAIN_META_DATA (ID, OFFER_CHAIN_ID, NAME, VALUE, CREATED_BY, CREATE_DATE) VALUES (OCMD_ID_SEQ.NEXTVAL, 1999767471, 'REQUIRES_EMAIL_DOMAIN', '*.edu', 'OFFERMAKER', SYSDATE);
INSERT INTO OFFER_CHAIN_META_DATA (ID, OFFER_CHAIN_ID, NAME, VALUE, CREATED_BY, CREATE_DATE) VALUES (OCMD_ID_SEQ.NEXTVAL, 1999767471, 'REQUIRES_EMAIL_DOMAIN', 'byu.net', 'OFFERMAKER', SYSDATE);
INSERT INTO OFFER_CHAIN_META_DATA (ID, OFFER_CHAIN_ID, NAME, VALUE, CREATED_BY, CREATE_DATE) VALUES (OCMD_ID_SEQ.NEXTVAL, 1999767471, 'REQUIRES_EMAIL_DOMAIN', 'cgcc.cc.or.us', 'OFFERMAKER', SYSDATE);
INSERT INTO OFFER_CHAIN_META_DATA (ID, OFFER_CHAIN_ID, NAME, VALUE, CREATED_BY, CREATE_DATE) VALUES (OCMD_ID_SEQ.NEXTVAL, 1999767471, 'REQUIRES_EMAIL_DOMAIN', 'gmc.cc.ga.us', 'OFFERMAKER', SYSDATE);
INSERT INTO OFFER_CHAIN_META_DATA (ID, OFFER_CHAIN_ID, NAME, VALUE, CREATED_BY, CREATE_DATE) VALUES (OCMD_ID_SEQ.NEXTVAL, 1999767471, 'REQUIRES_EMAIL_DOMAIN', 'lakeland.cc.il.us', 'OFFERMAKER', SYSDATE);
INSERT INTO OFFER_CHAIN_META_DATA (ID, OFFER_CHAIN_ID, NAME, VALUE, CREATED_BY, CREATE_DATE) VALUES (OCMD_ID_SEQ.NEXTVAL, 1999767471, 'REQUIRES_EMAIL_DOMAIN', 'aalto.fi', 'OFFERMAKER', SYSDATE);
INSERT INTO OFFER_CHAIN_META_DATA (ID, OFFER_CHAIN_ID, NAME, VALUE, CREATED_BY, CREATE_DATE) VALUES (OCMD_ID_SEQ.NEXTVAL, 1999767471, 'REQUIRES_EMAIL_DOMAIN', 'concordia.ca', 'OFFERMAKER', SYSDATE);
INSERT INTO OFFER_CHAIN_META_DATA (ID, OFFER_CHAIN_ID, NAME, VALUE, CREATED_BY, CREATE_DATE) VALUES (OCMD_ID_SEQ.NEXTVAL, 1999767471, 'REQUIRES_EMAIL_DOMAIN', 'dal.ca', 'OFFERMAKER', SYSDATE);
INSERT INTO OFFER_CHAIN_META_DATA (ID, OFFER_CHAIN_ID, NAME, VALUE, CREATED_BY, CREATE_DATE) VALUES (OCMD_ID_SEQ.NEXTVAL, 1999767471, 'REQUIRES_EMAIL_DOMAIN', 'epfl.ch', 'OFFERMAKER', SYSDATE);
INSERT INTO OFFER_CHAIN_META_DATA (ID, OFFER_CHAIN_ID, NAME, VALUE, CREATED_BY, CREATE_DATE) VALUES (OCMD_ID_SEQ.NEXTVAL, 1999767471, 'REQUIRES_EMAIL_DOMAIN', 'escpeurope.eu', 'OFFERMAKER', SYSDATE);
INSERT INTO OFFER_CHAIN_META_DATA (ID, OFFER_CHAIN_ID, NAME, VALUE, CREATED_BY, CREATE_DATE) VALUES (OCMD_ID_SEQ.NEXTVAL, 1999767471, 'REQUIRES_EMAIL_DOMAIN', 'ethz.ch', 'OFFERMAKER', SYSDATE);
INSERT INTO OFFER_CHAIN_META_DATA (ID, OFFER_CHAIN_ID, NAME, VALUE, CREATED_BY, CREATE_DATE) VALUES (OCMD_ID_SEQ.NEXTVAL, 1999767471, 'REQUIRES_EMAIL_DOMAIN', 'fgu.edu.tw', 'OFFERMAKER', SYSDATE);
INSERT INTO OFFER_CHAIN_META_DATA (ID, OFFER_CHAIN_ID, NAME, VALUE, CREATED_BY, CREATE_DATE) VALUES (OCMD_ID_SEQ.NEXTVAL, 1999767471, 'REQUIRES_EMAIL_DOMAIN', 'fu-berlin.de', 'OFFERMAKER', SYSDATE);
INSERT INTO OFFER_CHAIN_META_DATA (ID, OFFER_CHAIN_ID, NAME, VALUE, CREATED_BY, CREATE_DATE) VALUES (OCMD_ID_SEQ.NEXTVAL, 1999767471, 'REQUIRES_EMAIL_DOMAIN', 'huji.ac.il', 'OFFERMAKER', SYSDATE);
INSERT INTO OFFER_CHAIN_META_DATA (ID, OFFER_CHAIN_ID, NAME, VALUE, CREATED_BY, CREATE_DATE) VALUES (OCMD_ID_SEQ.NEXTVAL, 1999767471, 'REQUIRES_EMAIL_DOMAIN', 'iiml.ac.in', 'OFFERMAKER', SYSDATE);
INSERT INTO OFFER_CHAIN_META_DATA (ID, OFFER_CHAIN_ID, NAME, VALUE, CREATED_BY, CREATE_DATE) VALUES (OCMD_ID_SEQ.NEXTVAL, 1999767471, 'REQUIRES_EMAIL_DOMAIN', 'imperial.ac.uk', 'OFFERMAKER', SYSDATE);
INSERT INTO OFFER_CHAIN_META_DATA (ID, OFFER_CHAIN_ID, NAME, VALUE, CREATED_BY, CREATE_DATE) VALUES (OCMD_ID_SEQ.NEXTVAL, 1999767471, 'REQUIRES_EMAIL_DOMAIN', 'leeds.ac.uk', 'OFFERMAKER', SYSDATE);
INSERT INTO OFFER_CHAIN_META_DATA (ID, OFFER_CHAIN_ID, NAME, VALUE, CREATED_BY, CREATE_DATE) VALUES (OCMD_ID_SEQ.NEXTVAL, 1999767471, 'REQUIRES_EMAIL_DOMAIN', 'mcgill.ca', 'OFFERMAKER', SYSDATE);
INSERT INTO OFFER_CHAIN_META_DATA (ID, OFFER_CHAIN_ID, NAME, VALUE, CREATED_BY, CREATE_DATE) VALUES (OCMD_ID_SEQ.NEXTVAL, 1999767471, 'REQUIRES_EMAIL_DOMAIN', 'mun.ca', 'OFFERMAKER', SYSDATE);
INSERT INTO OFFER_CHAIN_META_DATA (ID, OFFER_CHAIN_ID, NAME, VALUE, CREATED_BY, CREATE_DATE) VALUES (OCMD_ID_SEQ.NEXTVAL, 1999767471, 'REQUIRES_EMAIL_DOMAIN', 'nottingham.ac.uk', 'OFFERMAKER', SYSDATE);
INSERT INTO OFFER_CHAIN_META_DATA (ID, OFFER_CHAIN_ID, NAME, VALUE, CREATED_BY, CREATE_DATE) VALUES (OCMD_ID_SEQ.NEXTVAL, 1999767471, 'REQUIRES_EMAIL_DOMAIN', 'ox.ac.uk', 'OFFERMAKER', SYSDATE);
INSERT INTO OFFER_CHAIN_META_DATA (ID, OFFER_CHAIN_ID, NAME, VALUE, CREATED_BY, CREATE_DATE) VALUES (OCMD_ID_SEQ.NEXTVAL, 1999767471, 'REQUIRES_EMAIL_DOMAIN', 'qmul.ac.uk', 'OFFERMAKER', SYSDATE);
INSERT INTO OFFER_CHAIN_META_DATA (ID, OFFER_CHAIN_ID, NAME, VALUE, CREATED_BY, CREATE_DATE) VALUES (OCMD_ID_SEQ.NEXTVAL, 1999767471, 'REQUIRES_EMAIL_DOMAIN', 'ryerson.ca', 'OFFERMAKER', SYSDATE);
INSERT INTO OFFER_CHAIN_META_DATA (ID, OFFER_CHAIN_ID, NAME, VALUE, CREATED_BY, CREATE_DATE) VALUES (OCMD_ID_SEQ.NEXTVAL, 1999767471, 'REQUIRES_EMAIL_DOMAIN', 'szie.hu', 'OFFERMAKER', SYSDATE);
INSERT INTO OFFER_CHAIN_META_DATA (ID, OFFER_CHAIN_ID, NAME, VALUE, CREATED_BY, CREATE_DATE) VALUES (OCMD_ID_SEQ.NEXTVAL, 1999767471, 'REQUIRES_EMAIL_DOMAIN', 'ubc.ca', 'OFFERMAKER', SYSDATE);
INSERT INTO OFFER_CHAIN_META_DATA (ID, OFFER_CHAIN_ID, NAME, VALUE, CREATED_BY, CREATE_DATE) VALUES (OCMD_ID_SEQ.NEXTVAL, 1999767471, 'REQUIRES_EMAIL_DOMAIN', 'uct.ac.za', 'OFFERMAKER', SYSDATE);
INSERT INTO OFFER_CHAIN_META_DATA (ID, OFFER_CHAIN_ID, NAME, VALUE, CREATED_BY, CREATE_DATE) VALUES (OCMD_ID_SEQ.NEXTVAL, 1999767471, 'REQUIRES_EMAIL_DOMAIN', 'unam.mx', 'OFFERMAKER', SYSDATE);
INSERT INTO OFFER_CHAIN_META_DATA (ID, OFFER_CHAIN_ID, NAME, VALUE, CREATED_BY, CREATE_DATE) VALUES (OCMD_ID_SEQ.NEXTVAL, 1999767471, 'REQUIRES_EMAIL_DOMAIN', 'uni-jena.de', 'OFFERMAKER', SYSDATE);
INSERT INTO OFFER_CHAIN_META_DATA (ID, OFFER_CHAIN_ID, NAME, VALUE, CREATED_BY, CREATE_DATE) VALUES (OCMD_ID_SEQ.NEXTVAL, 1999767471, 'REQUIRES_EMAIL_DOMAIN', 'unina.it', 'OFFERMAKER', SYSDATE);
INSERT INTO OFFER_CHAIN_META_DATA (ID, OFFER_CHAIN_ID, NAME, VALUE, CREATED_BY, CREATE_DATE) VALUES (OCMD_ID_SEQ.NEXTVAL, 1999767471, 'REQUIRES_EMAIL_DOMAIN', 'unisul.br', 'OFFERMAKER', SYSDATE);
INSERT INTO OFFER_CHAIN_META_DATA (ID, OFFER_CHAIN_ID, NAME, VALUE, CREATED_BY, CREATE_DATE) VALUES (OCMD_ID_SEQ.NEXTVAL, 1999767471, 'REQUIRES_EMAIL_DOMAIN', 'utoronto.ca', 'OFFERMAKER', SYSDATE);
INSERT INTO OFFER_CHAIN_META_DATA (ID, OFFER_CHAIN_ID, NAME, VALUE, CREATED_BY, CREATE_DATE) VALUES (OCMD_ID_SEQ.NEXTVAL, 1999767471, 'REQUIRES_EMAIL_DOMAIN', 'ac.at', 'OFFERMAKER', SYSDATE);
INSERT INTO OFFER_CHAIN_META_DATA (ID, OFFER_CHAIN_ID, NAME, VALUE, CREATED_BY, CREATE_DATE) VALUES (OCMD_ID_SEQ.NEXTVAL, 1999767471, 'REQUIRES_EMAIL_DOMAIN', 'ac.be', 'OFFERMAKER', SYSDATE);
INSERT INTO OFFER_CHAIN_META_DATA (ID, OFFER_CHAIN_ID, NAME, VALUE, CREATED_BY, CREATE_DATE) VALUES (OCMD_ID_SEQ.NEXTVAL, 1999767471, 'REQUIRES_EMAIL_DOMAIN', 'ac.il', 'OFFERMAKER', SYSDATE);
INSERT INTO OFFER_CHAIN_META_DATA (ID, OFFER_CHAIN_ID, NAME, VALUE, CREATED_BY, CREATE_DATE) VALUES (OCMD_ID_SEQ.NEXTVAL, 1999767471, 'REQUIRES_EMAIL_DOMAIN', 'ac.jp', 'OFFERMAKER', SYSDATE);
INSERT INTO OFFER_CHAIN_META_DATA (ID, OFFER_CHAIN_ID, NAME, VALUE, CREATED_BY, CREATE_DATE) VALUES (OCMD_ID_SEQ.NEXTVAL, 1999767471, 'REQUIRES_EMAIL_DOMAIN', 'ac.uk', 'OFFERMAKER', SYSDATE);
INSERT INTO OFFER_CHAIN_META_DATA (ID, OFFER_CHAIN_ID, NAME, VALUE, CREATED_BY, CREATE_DATE) VALUES (OCMD_ID_SEQ.NEXTVAL, 1999767471, 'REQUIRES_EMAIL_DOMAIN', 'dcu.ie', 'OFFERMAKER', SYSDATE);
INSERT INTO OFFER_CHAIN_META_DATA (ID, OFFER_CHAIN_ID, NAME, VALUE, CREATED_BY, CREATE_DATE) VALUES (OCMD_ID_SEQ.NEXTVAL, 1999767471, 'REQUIRES_EMAIL_DOMAIN', 'edu.au', 'OFFERMAKER', SYSDATE);
INSERT INTO OFFER_CHAIN_META_DATA (ID, OFFER_CHAIN_ID, NAME, VALUE, CREATED_BY, CREATE_DATE) VALUES (OCMD_ID_SEQ.NEXTVAL, 1999767471, 'REQUIRES_EMAIL_DOMAIN', 'edu.cn', 'OFFERMAKER', SYSDATE);
INSERT INTO OFFER_CHAIN_META_DATA (ID, OFFER_CHAIN_ID, NAME, VALUE, CREATED_BY, CREATE_DATE) VALUES (OCMD_ID_SEQ.NEXTVAL, 1999767471, 'REQUIRES_EMAIL_DOMAIN', 'edu.mx', 'OFFERMAKER', SYSDATE);
INSERT INTO OFFER_CHAIN_META_DATA (ID, OFFER_CHAIN_ID, NAME, VALUE, CREATED_BY, CREATE_DATE) VALUES (OCMD_ID_SEQ.NEXTVAL, 1999767471, 'REQUIRES_EMAIL_DOMAIN', 'edu.sa', 'OFFERMAKER', SYSDATE);
INSERT INTO OFFER_CHAIN_META_DATA (ID, OFFER_CHAIN_ID, NAME, VALUE, CREATED_BY, CREATE_DATE) VALUES (OCMD_ID_SEQ.NEXTVAL, 1999767471, 'REQUIRES_EMAIL_DOMAIN', 'edu.sg', 'OFFERMAKER', SYSDATE);
INSERT INTO OFFER_CHAIN_META_DATA (ID, OFFER_CHAIN_ID, NAME, VALUE, CREATED_BY, CREATE_DATE) VALUES (OCMD_ID_SEQ.NEXTVAL, 1999767471, 'REQUIRES_EMAIL_DOMAIN', 'enst.fr', 'OFFERMAKER', SYSDATE);
INSERT INTO OFFER_CHAIN_META_DATA (ID, OFFER_CHAIN_ID, NAME, VALUE, CREATED_BY, CREATE_DATE) VALUES (OCMD_ID_SEQ.NEXTVAL, 1999767471, 'REQUIRES_EMAIL_DOMAIN', 'etu.paris-sorbonne.fr', 'OFFERMAKER', SYSDATE);
INSERT INTO OFFER_CHAIN_META_DATA (ID, OFFER_CHAIN_ID, NAME, VALUE, CREATED_BY, CREATE_DATE) VALUES (OCMD_ID_SEQ.NEXTVAL, 1999767471, 'REQUIRES_EMAIL_DOMAIN', 'eur.nl', 'OFFERMAKER', SYSDATE);
INSERT INTO OFFER_CHAIN_META_DATA (ID, OFFER_CHAIN_ID, NAME, VALUE, CREATED_BY, CREATE_DATE) VALUES (OCMD_ID_SEQ.NEXTVAL, 1999767471, 'REQUIRES_EMAIL_DOMAIN', 'fh-koeln.de', 'OFFERMAKER', SYSDATE);
INSERT INTO OFFER_CHAIN_META_DATA (ID, OFFER_CHAIN_ID, NAME, VALUE, CREATED_BY, CREATE_DATE) VALUES (OCMD_ID_SEQ.NEXTVAL, 1999767471, 'REQUIRES_EMAIL_DOMAIN', 'graduateinstitute.ch', 'OFFERMAKER', SYSDATE);
INSERT INTO OFFER_CHAIN_META_DATA (ID, OFFER_CHAIN_ID, NAME, VALUE, CREATED_BY, CREATE_DATE) VALUES (OCMD_ID_SEQ.NEXTVAL, 1999767471, 'REQUIRES_EMAIL_DOMAIN', 'itesm.mx', 'OFFERMAKER', SYSDATE);
INSERT INTO OFFER_CHAIN_META_DATA (ID, OFFER_CHAIN_ID, NAME, VALUE, CREATED_BY, CREATE_DATE) VALUES (OCMD_ID_SEQ.NEXTVAL, 1999767471, 'REQUIRES_EMAIL_DOMAIN', 'koncon.nl', 'OFFERMAKER', SYSDATE);
INSERT INTO OFFER_CHAIN_META_DATA (ID, OFFER_CHAIN_ID, NAME, VALUE, CREATED_BY, CREATE_DATE) VALUES (OCMD_ID_SEQ.NEXTVAL, 1999767471, 'REQUIRES_EMAIL_DOMAIN', 'ku.dk', 'OFFERMAKER', SYSDATE);
INSERT INTO OFFER_CHAIN_META_DATA (ID, OFFER_CHAIN_ID, NAME, VALUE, CREATED_BY, CREATE_DATE) VALUES (OCMD_ID_SEQ.NEXTVAL, 1999767471, 'REQUIRES_EMAIL_DOMAIN', 'langara.bc.ca', 'OFFERMAKER', SYSDATE);
INSERT INTO OFFER_CHAIN_META_DATA (ID, OFFER_CHAIN_ID, NAME, VALUE, CREATED_BY, CREATE_DATE) VALUES (OCMD_ID_SEQ.NEXTVAL, 1999767471, 'REQUIRES_EMAIL_DOMAIN', 'leuphana.de', 'OFFERMAKER', SYSDATE);
INSERT INTO OFFER_CHAIN_META_DATA (ID, OFFER_CHAIN_ID, NAME, VALUE, CREATED_BY, CREATE_DATE) VALUES (OCMD_ID_SEQ.NEXTVAL, 1999767471, 'REQUIRES_EMAIL_DOMAIN', 'lmu.de', 'OFFERMAKER', SYSDATE);
INSERT INTO OFFER_CHAIN_META_DATA (ID, OFFER_CHAIN_ID, NAME, VALUE, CREATED_BY, CREATE_DATE) VALUES (OCMD_ID_SEQ.NEXTVAL, 1999767471, 'REQUIRES_EMAIL_DOMAIN', 'mccg.org', 'OFFERMAKER', SYSDATE);
INSERT INTO OFFER_CHAIN_META_DATA (ID, OFFER_CHAIN_ID, NAME, VALUE, CREATED_BY, CREATE_DATE) VALUES (OCMD_ID_SEQ.NEXTVAL, 1999767471, 'REQUIRES_EMAIL_DOMAIN', 'mcmaster.ca', 'OFFERMAKER', SYSDATE);
INSERT INTO OFFER_CHAIN_META_DATA (ID, OFFER_CHAIN_ID, NAME, VALUE, CREATED_BY, CREATE_DATE) VALUES (OCMD_ID_SEQ.NEXTVAL, 1999767471, 'REQUIRES_EMAIL_DOMAIN', 'mgh-ita.org', 'OFFERMAKER', SYSDATE);
INSERT INTO OFFER_CHAIN_META_DATA (ID, OFFER_CHAIN_ID, NAME, VALUE, CREATED_BY, CREATE_DATE) VALUES (OCMD_ID_SEQ.NEXTVAL, 1999767471, 'REQUIRES_EMAIL_DOMAIN', 'musikkons.dk', 'OFFERMAKER', SYSDATE);
INSERT INTO OFFER_CHAIN_META_DATA (ID, OFFER_CHAIN_ID, NAME, VALUE, CREATED_BY, CREATE_DATE) VALUES (OCMD_ID_SEQ.NEXTVAL, 1999767471, 'REQUIRES_EMAIL_DOMAIN', 'nyumc.org', 'OFFERMAKER', SYSDATE);
INSERT INTO OFFER_CHAIN_META_DATA (ID, OFFER_CHAIN_ID, NAME, VALUE, CREATED_BY, CREATE_DATE) VALUES (OCMD_ID_SEQ.NEXTVAL, 1999767471, 'REQUIRES_EMAIL_DOMAIN', 'partners.org', 'OFFERMAKER', SYSDATE);
INSERT INTO OFFER_CHAIN_META_DATA (ID, OFFER_CHAIN_ID, NAME, VALUE, CREATED_BY, CREATE_DATE) VALUES (OCMD_ID_SEQ.NEXTVAL, 1999767471, 'REQUIRES_EMAIL_DOMAIN', 'presidioedu.org', 'OFFERMAKER', SYSDATE);
INSERT INTO OFFER_CHAIN_META_DATA (ID, OFFER_CHAIN_ID, NAME, VALUE, CREATED_BY, CREATE_DATE) VALUES (OCMD_ID_SEQ.NEXTVAL, 1999767471, 'REQUIRES_EMAIL_DOMAIN', 'queensu.ca', 'OFFERMAKER', SYSDATE);
INSERT INTO OFFER_CHAIN_META_DATA (ID, OFFER_CHAIN_ID, NAME, VALUE, CREATED_BY, CREATE_DATE) VALUES (OCMD_ID_SEQ.NEXTVAL, 1999767471, 'REQUIRES_EMAIL_DOMAIN', 'questu.ca', 'OFFERMAKER', SYSDATE);
INSERT INTO OFFER_CHAIN_META_DATA (ID, OFFER_CHAIN_ID, NAME, VALUE, CREATED_BY, CREATE_DATE) VALUES (OCMD_ID_SEQ.NEXTVAL, 1999767471, 'REQUIRES_EMAIL_DOMAIN', 'su.se', 'OFFERMAKER', SYSDATE);
INSERT INTO OFFER_CHAIN_META_DATA (ID, OFFER_CHAIN_ID, NAME, VALUE, CREATED_BY, CREATE_DATE) VALUES (OCMD_ID_SEQ.NEXTVAL, 1999767471, 'REQUIRES_EMAIL_DOMAIN', 'tcd.ie', 'OFFERMAKER', SYSDATE);
INSERT INTO OFFER_CHAIN_META_DATA (ID, OFFER_CHAIN_ID, NAME, VALUE, CREATED_BY, CREATE_DATE) VALUES (OCMD_ID_SEQ.NEXTVAL, 1999767471, 'REQUIRES_EMAIL_DOMAIN', 'trinityprep.org', 'OFFERMAKER', SYSDATE);
INSERT INTO OFFER_CHAIN_META_DATA (ID, OFFER_CHAIN_ID, NAME, VALUE, CREATED_BY, CREATE_DATE) VALUES (OCMD_ID_SEQ.NEXTVAL, 1999767471, 'REQUIRES_EMAIL_DOMAIN', 'ualberta.ca', 'OFFERMAKER', SYSDATE);
INSERT INTO OFFER_CHAIN_META_DATA (ID, OFFER_CHAIN_ID, NAME, VALUE, CREATED_BY, CREATE_DATE) VALUES (OCMD_ID_SEQ.NEXTVAL, 1999767471, 'REQUIRES_EMAIL_DOMAIN', 'uam.es', 'OFFERMAKER', SYSDATE);
INSERT INTO OFFER_CHAIN_META_DATA (ID, OFFER_CHAIN_ID, NAME, VALUE, CREATED_BY, CREATE_DATE) VALUES (OCMD_ID_SEQ.NEXTVAL, 1999767471, 'REQUIRES_EMAIL_DOMAIN', 'uc.cl', 'OFFERMAKER', SYSDATE);
INSERT INTO OFFER_CHAIN_META_DATA (ID, OFFER_CHAIN_ID, NAME, VALUE, CREATED_BY, CREATE_DATE) VALUES (OCMD_ID_SEQ.NEXTVAL, 1999767471, 'REQUIRES_EMAIL_DOMAIN', 'ucc.ie', 'OFFERMAKER', SYSDATE);
INSERT INTO OFFER_CHAIN_META_DATA (ID, OFFER_CHAIN_ID, NAME, VALUE, CREATED_BY, CREATE_DATE) VALUES (OCMD_ID_SEQ.NEXTVAL, 1999767471, 'REQUIRES_EMAIL_DOMAIN', 'ufrgs.br', 'OFFERMAKER', SYSDATE);
INSERT INTO OFFER_CHAIN_META_DATA (ID, OFFER_CHAIN_ID, NAME, VALUE, CREATED_BY, CREATE_DATE) VALUES (OCMD_ID_SEQ.NEXTVAL, 1999767471, 'REQUIRES_EMAIL_DOMAIN', 'uib.no', 'OFFERMAKER', SYSDATE);
INSERT INTO OFFER_CHAIN_META_DATA (ID, OFFER_CHAIN_ID, NAME, VALUE, CREATED_BY, CREATE_DATE) VALUES (OCMD_ID_SEQ.NEXTVAL, 1999767471, 'REQUIRES_EMAIL_DOMAIN', 'uio.no', 'OFFERMAKER', SYSDATE);
INSERT INTO OFFER_CHAIN_META_DATA (ID, OFFER_CHAIN_ID, NAME, VALUE, CREATED_BY, CREATE_DATE) VALUES (OCMD_ID_SEQ.NEXTVAL, 1999767471, 'REQUIRES_EMAIL_DOMAIN', 'umanitoba.ca', 'OFFERMAKER', SYSDATE);
INSERT INTO OFFER_CHAIN_META_DATA (ID, OFFER_CHAIN_ID, NAME, VALUE, CREATED_BY, CREATE_DATE) VALUES (OCMD_ID_SEQ.NEXTVAL, 1999767471, 'REQUIRES_EMAIL_DOMAIN', 'unibe.ch', 'OFFERMAKER', SYSDATE);
INSERT INTO OFFER_CHAIN_META_DATA (ID, OFFER_CHAIN_ID, NAME, VALUE, CREATED_BY, CREATE_DATE) VALUES (OCMD_ID_SEQ.NEXTVAL, 1999767471, 'REQUIRES_EMAIL_DOMAIN', 'unibo.it', 'OFFERMAKER', SYSDATE);
INSERT INTO OFFER_CHAIN_META_DATA (ID, OFFER_CHAIN_ID, NAME, VALUE, CREATED_BY, CREATE_DATE) VALUES (OCMD_ID_SEQ.NEXTVAL, 1999767471, 'REQUIRES_EMAIL_DOMAIN', 'unipg.it', 'OFFERMAKER', SYSDATE);
INSERT INTO OFFER_CHAIN_META_DATA (ID, OFFER_CHAIN_ID, NAME, VALUE, CREATED_BY, CREATE_DATE) VALUES (OCMD_ID_SEQ.NEXTVAL, 1999767471, 'REQUIRES_EMAIL_DOMAIN', 'uniroma3.it', 'OFFERMAKER', SYSDATE);
INSERT INTO OFFER_CHAIN_META_DATA (ID, OFFER_CHAIN_ID, NAME, VALUE, CREATED_BY, CREATE_DATE) VALUES (OCMD_ID_SEQ.NEXTVAL, 1999767471, 'REQUIRES_EMAIL_DOMAIN', 'uoguelph.ca', 'OFFERMAKER', SYSDATE);
INSERT INTO OFFER_CHAIN_META_DATA (ID, OFFER_CHAIN_ID, NAME, VALUE, CREATED_BY, CREATE_DATE) VALUES (OCMD_ID_SEQ.NEXTVAL, 1999767471, 'REQUIRES_EMAIL_DOMAIN', 'uqam.ca', 'OFFERMAKER', SYSDATE);
INSERT INTO OFFER_CHAIN_META_DATA (ID, OFFER_CHAIN_ID, NAME, VALUE, CREATED_BY, CREATE_DATE) VALUES (OCMD_ID_SEQ.NEXTVAL, 1999767471, 'REQUIRES_EMAIL_DOMAIN', 'usask.ca', 'OFFERMAKER', SYSDATE);
INSERT INTO OFFER_CHAIN_META_DATA (ID, OFFER_CHAIN_ID, NAME, VALUE, CREATED_BY, CREATE_DATE) VALUES (OCMD_ID_SEQ.NEXTVAL, 1999767471, 'REQUIRES_EMAIL_DOMAIN', 'usuhs.mil', 'OFFERMAKER', SYSDATE);
INSERT INTO OFFER_CHAIN_META_DATA (ID, OFFER_CHAIN_ID, NAME, VALUE, CREATED_BY, CREATE_DATE) VALUES (OCMD_ID_SEQ.NEXTVAL, 1999767471, 'REQUIRES_EMAIL_DOMAIN', 'ut.ee', 'OFFERMAKER', SYSDATE);
INSERT INTO OFFER_CHAIN_META_DATA (ID, OFFER_CHAIN_ID, NAME, VALUE, CREATED_BY, CREATE_DATE) VALUES (OCMD_ID_SEQ.NEXTVAL, 1999767471, 'REQUIRES_EMAIL_DOMAIN', 'utfpr.edu.br', 'OFFERMAKER', SYSDATE);
INSERT INTO OFFER_CHAIN_META_DATA (ID, OFFER_CHAIN_ID, NAME, VALUE, CREATED_BY, CREATE_DATE) VALUES (OCMD_ID_SEQ.NEXTVAL, 1999767471, 'REQUIRES_EMAIL_DOMAIN', 'uvic.ca', 'OFFERMAKER', SYSDATE);
INSERT INTO OFFER_CHAIN_META_DATA (ID, OFFER_CHAIN_ID, NAME, VALUE, CREATED_BY, CREATE_DATE) VALUES (OCMD_ID_SEQ.NEXTVAL, 1999767471, 'REQUIRES_EMAIL_DOMAIN', 'fh-bielefeld.de', 'OFFERMAKER', SYSDATE);
INSERT INTO OFFER_CHAIN_META_DATA (ID, OFFER_CHAIN_ID, NAME, VALUE, CREATED_BY, CREATE_DATE) VALUES (OCMD_ID_SEQ.NEXTVAL, 1999767471, 'REQUIRES_EMAIL_DOMAIN', 'viu.ca', 'OFFERMAKER', SYSDATE);
INSERT INTO OFFER_CHAIN_META_DATA (ID, OFFER_CHAIN_ID, NAME, VALUE, CREATED_BY, CREATE_DATE) VALUES (OCMD_ID_SEQ.NEXTVAL, 1999767471, 'REQUIRES_EMAIL_DOMAIN', 'uwo.ca', 'OFFERMAKER', SYSDATE);
INSERT INTO OFFER_CHAIN_META_DATA (ID, OFFER_CHAIN_ID, NAME, VALUE, CREATED_BY, CREATE_DATE) VALUES (OCMD_ID_SEQ.NEXTVAL, 1999767471, 'REQUIRES_EMAIL_DOMAIN', 'au.dk', 'OFFERMAKER', SYSDATE);
INSERT INTO OFFER_CHAIN_META_DATA (ID, OFFER_CHAIN_ID, NAME, VALUE, CREATED_BY, CREATE_DATE) VALUES (OCMD_ID_SEQ.NEXTVAL, 1999767471, 'REQUIRES_EMAIL_DOMAIN', 'uva.nl', 'OFFERMAKER', SYSDATE);
INSERT INTO OFFER_CHAIN_META_DATA (ID, OFFER_CHAIN_ID, NAME, VALUE, CREATED_BY, CREATE_DATE) VALUES (OCMD_ID_SEQ.NEXTVAL, 1999767471, 'REQUIRES_EMAIL_DOMAIN', 'sch.uk', 'OFFERMAKER', SYSDATE);
INSERT INTO OFFER_CHAIN_META_DATA (ID, OFFER_CHAIN_ID, NAME, VALUE, CREATED_BY, CREATE_DATE) VALUES (OCMD_ID_SEQ.NEXTVAL, 1999767471, 'REQUIRES_EMAIL_DOMAIN', 'pucsp.br', 'OFFERMAKER', SYSDATE);
INSERT INTO OFFER_CHAIN_META_DATA (ID, OFFER_CHAIN_ID, NAME, VALUE, CREATED_BY, CREATE_DATE) VALUES (OCMD_ID_SEQ.NEXTVAL, 1999767471, 'REQUIRES_EMAIL_DOMAIN', 'yorku.ca', 'OFFERMAKER', SYSDATE);
INSERT INTO OFFER_CHAIN_META_DATA (ID, OFFER_CHAIN_ID, NAME, VALUE, CREATED_BY, CREATE_DATE) VALUES (OCMD_ID_SEQ.NEXTVAL, 1999767471, 'REQUIRES_EMAIL_DOMAIN', 'brocku.ca', 'OFFERMAKER', SYSDATE);
INSERT INTO OFFER_CHAIN_META_DATA (ID, OFFER_CHAIN_ID, NAME, VALUE, CREATED_BY, CREATE_DATE) VALUES (OCMD_ID_SEQ.NEXTVAL, 1999767471, 'REQUIRES_EMAIL_DOMAIN', 'um.es', 'OFFERMAKER', SYSDATE);
INSERT INTO OFFER_CHAIN_META_DATA (ID, OFFER_CHAIN_ID, NAME, VALUE, CREATED_BY, CREATE_DATE) VALUES (OCMD_ID_SEQ.NEXTVAL, 1999767471, 'REQUIRES_EMAIL_DOMAIN', 'mylaurier.ca', 'OFFERMAKER', SYSDATE);
INSERT INTO OFFER_CHAIN_META_DATA (ID, OFFER_CHAIN_ID, NAME, VALUE, CREATED_BY, CREATE_DATE) VALUES (OCMD_ID_SEQ.NEXTVAL, 1999767471, 'REQUIRES_EMAIL_DOMAIN', 'wlu.ca', 'OFFERMAKER', SYSDATE);
INSERT INTO OFFER_CHAIN_META_DATA (ID, OFFER_CHAIN_ID, NAME, VALUE, CREATED_BY, CREATE_DATE) VALUES (OCMD_ID_SEQ.NEXTVAL, 1999767471, 'REQUIRES_EMAIL_DOMAIN', 'uni-mannheim.de', 'OFFERMAKER', SYSDATE);
INSERT INTO OFFER_CHAIN_META_DATA (ID, OFFER_CHAIN_ID, NAME, VALUE, CREATED_BY, CREATE_DATE) VALUES (OCMD_ID_SEQ.NEXTVAL, 1999767471, 'REQUIRES_EMAIL_DOMAIN', 'uni-potsdam.de', 'OFFERMAKER', SYSDATE);
INSERT INTO OFFER_CHAIN_META_DATA (ID, OFFER_CHAIN_ID, NAME, VALUE, CREATED_BY, CREATE_DATE) VALUES (OCMD_ID_SEQ.NEXTVAL, 1999767471, 'REQUIRES_EMAIL_DOMAIN', 'ens.fr', 'OFFERMAKER', SYSDATE);
INSERT INTO OFFER_CHAIN_META_DATA (ID, OFFER_CHAIN_ID, NAME, VALUE, CREATED_BY, CREATE_DATE) VALUES (OCMD_ID_SEQ.NEXTVAL, 1999767471, 'REQUIRES_EMAIL_DOMAIN', 'nyt.net', 'OFFERMAKER', SYSDATE);
INSERT INTO OFFER_CHAIN_META_DATA (ID, OFFER_CHAIN_ID, NAME, VALUE, CREATED_BY, CREATE_DATE) VALUES (OCMD_ID_SEQ.NEXTVAL, 1999767471, 'CANCELABLE', '1', 'OFFERMAKER', SYSDATE);
INSERT INTO OFFER_CHAIN_META_DATA (ID, OFFER_CHAIN_ID, NAME, VALUE, CREATED_BY, CREATE_DATE) VALUES (OCMD_ID_SEQ.NEXTVAL, 1999767471, 'REFUNDABLE', '1', 'OFFERMAKER', SYSDATE);
INSERT INTO OFFER_CHAIN_META_DATA (ID, OFFER_CHAIN_ID, NAME, VALUE, CREATED_BY, CREATE_DATE) VALUES (OCMD_ID_SEQ.NEXTVAL, 1999767471, 'FULL_REFUND_DAYS_LIMIT', '30', 'OFFERMAKER', SYSDATE);
INSERT INTO OFFER_CHAIN_META_DATA (ID, OFFER_CHAIN_ID, NAME, VALUE, CREATED_BY, CREATE_DATE) VALUES (OCMD_ID_SEQ.NEXTVAL, 1999767471, 'PRORATED_REFUND_DAYS_LIMIT', '334', 'OFFERMAKER', SYSDATE);
INSERT INTO OFFER_CHAIN_META_DATA (ID, OFFER_CHAIN_ID, NAME, VALUE, CREATED_BY, CREATE_DATE) VALUES (OCMD_ID_SEQ.NEXTVAL, 1999767471, 'OPEN_TO_ANONYMOUS', '1', 'OFFERMAKER', SYSDATE);
INSERT INTO OFFER_CHAIN_META_DATA (ID, OFFER_CHAIN_ID, NAME, VALUE, CREATED_BY, CREATE_DATE) VALUES (OCMD_ID_SEQ.NEXTVAL, 1999767471, 'BUNDLE', 'Bundle B (Web+Tab)', 'OFFERMAKER', SYSDATE);
INSERT INTO OFFER_CHAIN_META_DATA (ID, OFFER_CHAIN_ID, NAME, VALUE, CREATED_BY, CREATE_DATE) VALUES (OCMD_ID_SEQ.NEXTVAL, 1999767471, 'ADX_BUNDLE', 'MM_EDU', 'OFFERMAKER', SYSDATE);
INSERT INTO OFFER_CHAIN_META_DATA (ID, OFFER_CHAIN_ID, NAME, VALUE, CREATED_BY, CREATE_DATE) VALUES (OCMD_ID_SEQ.NEXTVAL, 1999767471, 'SIEBEL_CAMPAIGN_CODE', '3KJXU', 'OFFERMAKER', SYSDATE);
INSERT INTO OFFER_CHAIN_META_DATA (ID, OFFER_CHAIN_ID, NAME, VALUE, CREATED_BY, CREATE_DATE) VALUES (OCMD_ID_SEQ.NEXTVAL, 1999767471, 'ANNUAL_PRICE', '130.00', 'OFFERMAKER', SYSDATE);
INSERT INTO OFFER_CHAIN_META_DATA (ID, OFFER_CHAIN_ID, NAME, VALUE, CREATED_BY, CREATE_DATE) VALUES (OCMD_ID_SEQ.NEXTVAL, 1999767471, 'UID', '06a41c9809cf87f01a538c60ef3e8e7491e06f1841e9263448648d2932add583', 'OFFERMAKER', SYSDATE);
DELETE FROM OFFER_CHAIN_NOTIFICATION_TYPE WHERE offer_chain_id = 1999767471;
BEGIN
  SELECT 1 INTO TMP_VAR FROM ACTION WHERE NAME = 'SUBSCRIBE_TO_OFFER_CHAIN';
EXCEPTION
  WHEN NO_DATA_FOUND THEN
    INSERT INTO ACTION (ID, NAME, CREATE_DATE, CREATED_BY) VALUES (ACTION_ID_SEQ.NEXTVAL, 'SUBSCRIBE_TO_OFFER_CHAIN', SYSDATE, 'OFFERMAKER');
END;
BEGIN
  SELECT 1 INTO TMP_VAR FROM CORE_OWNER.NOTIFICATION_TYPE WHERE VALUE = 'sartre-digital-purchase-edu';
EXCEPTION
  WHEN NO_DATA_FOUND THEN NULL;
    INSERT INTO CORE_OWNER.NOTIFICATION_TYPE (ID, VALUE, TEMPLATE_URL) VALUES (CORE_OWNER.NOTTID_SEQ.NEXTVAL, 'sartre-digital-purchase-edu', 'N/A');
END;
BEGIN
  SELECT 1 INTO TMP_VAR FROM ACTION WHERE NAME = 'UPGRADE_SUBSCRIPTION';
EXCEPTION
  WHEN NO_DATA_FOUND THEN
    INSERT INTO ACTION (ID, NAME, CREATE_DATE, CREATED_BY) VALUES (ACTION_ID_SEQ.NEXTVAL, 'UPGRADE_SUBSCRIPTION', SYSDATE, 'OFFERMAKER');
END;
BEGIN
  SELECT 1 INTO TMP_VAR FROM CORE_OWNER.NOTIFICATION_TYPE WHERE VALUE = 'sartre-digital-purchase-edu';
EXCEPTION
  WHEN NO_DATA_FOUND THEN NULL;
    INSERT INTO CORE_OWNER.NOTIFICATION_TYPE (ID, VALUE, TEMPLATE_URL) VALUES (CORE_OWNER.NOTTID_SEQ.NEXTVAL, 'sartre-digital-purchase-edu', 'N/A');
END;
BEGIN
  SELECT 1 INTO TMP_VAR FROM ACTION WHERE NAME = 'CANCEL_SUBSCRIPTION';
EXCEPTION
  WHEN NO_DATA_FOUND THEN
    INSERT INTO ACTION (ID, NAME, CREATE_DATE, CREATED_BY) VALUES (ACTION_ID_SEQ.NEXTVAL, 'CANCEL_SUBSCRIPTION', SYSDATE, 'OFFERMAKER');
END;
BEGIN
  SELECT 1 INTO TMP_VAR FROM CORE_OWNER.NOTIFICATION_TYPE WHERE VALUE = 'sartre-cancel';
EXCEPTION
  WHEN NO_DATA_FOUND THEN NULL;
    INSERT INTO CORE_OWNER.NOTIFICATION_TYPE (ID, VALUE, TEMPLATE_URL) VALUES (CORE_OWNER.NOTTID_SEQ.NEXTVAL, 'sartre-cancel', 'N/A');
END;
BEGIN
  SELECT 1 INTO TMP_VAR FROM ACTION WHERE NAME = 'SYSTEM_CANCEL';
EXCEPTION
  WHEN NO_DATA_FOUND THEN
    INSERT INTO ACTION (ID, NAME, CREATE_DATE, CREATED_BY) VALUES (ACTION_ID_SEQ.NEXTVAL, 'SYSTEM_CANCEL', SYSDATE, 'OFFERMAKER');
END;
BEGIN
  SELECT 1 INTO TMP_VAR FROM CORE_OWNER.NOTIFICATION_TYPE WHERE VALUE = 'sartre-decline-edu-and-k12';
EXCEPTION
  WHEN NO_DATA_FOUND THEN NULL;
    INSERT INTO CORE_OWNER.NOTIFICATION_TYPE (ID, VALUE, TEMPLATE_URL) VALUES (CORE_OWNER.NOTTID_SEQ.NEXTVAL, 'sartre-decline-edu-and-k12', 'N/A');
END;
BEGIN
  SELECT 1 INTO TMP_VAR FROM ACTION WHERE NAME = 'CREDIT_CARD_EXP';
EXCEPTION
  WHEN NO_DATA_FOUND THEN
    INSERT INTO ACTION (ID, NAME, CREATE_DATE, CREATED_BY) VALUES (ACTION_ID_SEQ.NEXTVAL, 'CREDIT_CARD_EXP', SYSDATE, 'OFFERMAKER');
END;
BEGIN
  SELECT 1 INTO TMP_VAR FROM CORE_OWNER.NOTIFICATION_TYPE WHERE VALUE = 'card_expiration';
EXCEPTION
  WHEN NO_DATA_FOUND THEN NULL;
    INSERT INTO CORE_OWNER.NOTIFICATION_TYPE (ID, VALUE, TEMPLATE_URL) VALUES (CORE_OWNER.NOTTID_SEQ.NEXTVAL, 'card_expiration', 'N/A');
END;
INSERT INTO OFFER_CHAIN_NOTIFICATION_TYPE (ID, OFFER_CHAIN_ID, NOTIFICATION_TYPE_ID, ACTION_ID, CREATED_BY, CREATE_DATE) VALUES (OCET_ID_SEQ.NEXTVAL, 1999767471, (SELECT ID FROM CORE_OWNER.NOTIFICATION_TYPE WHERE VALUE = 'sartre-digital-purchase-edu'), (SELECT ID FROM ACTION WHERE NAME = 'SUBSCRIBE_TO_OFFER_CHAIN'), 'OFFERMAKER', SYSDATE);
INSERT INTO OFFER_CHAIN_NOTIFICATION_TYPE (ID, OFFER_CHAIN_ID, NOTIFICATION_TYPE_ID, ACTION_ID, CREATED_BY, CREATE_DATE) VALUES (OCET_ID_SEQ.NEXTVAL, 1999767471, (SELECT ID FROM CORE_OWNER.NOTIFICATION_TYPE WHERE VALUE = 'sartre-digital-purchase-edu'), (SELECT ID FROM ACTION WHERE NAME = 'UPGRADE_SUBSCRIPTION'), 'OFFERMAKER', SYSDATE);
INSERT INTO OFFER_CHAIN_NOTIFICATION_TYPE (ID, OFFER_CHAIN_ID, NOTIFICATION_TYPE_ID, ACTION_ID, CREATED_BY, CREATE_DATE) VALUES (OCET_ID_SEQ.NEXTVAL, 1999767471, (SELECT ID FROM CORE_OWNER.NOTIFICATION_TYPE WHERE VALUE = 'sartre-cancel'), (SELECT ID FROM ACTION WHERE NAME = 'CANCEL_SUBSCRIPTION'), 'OFFERMAKER', SYSDATE);
INSERT INTO OFFER_CHAIN_NOTIFICATION_TYPE (ID, OFFER_CHAIN_ID, NOTIFICATION_TYPE_ID, ACTION_ID, CREATED_BY, CREATE_DATE) VALUES (OCET_ID_SEQ.NEXTVAL, 1999767471, (SELECT ID FROM CORE_OWNER.NOTIFICATION_TYPE WHERE VALUE = 'sartre-decline-edu-and-k12'), (SELECT ID FROM ACTION WHERE NAME = 'SYSTEM_CANCEL'), 'OFFERMAKER', SYSDATE);
INSERT INTO OFFER_CHAIN_NOTIFICATION_TYPE (ID, OFFER_CHAIN_ID, NOTIFICATION_TYPE_ID, ACTION_ID, CREATED_BY, CREATE_DATE) VALUES (OCET_ID_SEQ.NEXTVAL, 1999767471, (SELECT ID FROM CORE_OWNER.NOTIFICATION_TYPE WHERE VALUE = 'card_expiration'), (SELECT ID FROM ACTION WHERE NAME = 'CREDIT_CARD_EXP'), 'OFFERMAKER', SYSDATE);
BEGIN
  SELECT 1 INTO TMP_VAR FROM OFFER_OFFER_CHAIN WHERE OFFER_CHAIN_ID = 1999767471 AND INDEX_VALUE = 0 AND ROWNUM <= 1;
EXCEPTION
  WHEN NO_DATA_FOUND THEN
INSERT INTO OFFER (ID, OFFER_STATUS_ID, ENTITLEMENT_DURATION, CREATED_BY, CREATE_DATE, updated_by, update_date) VALUES (OFR_ID_SEQ.NEXTVAL, 1, 'P0Y0M364DT0H0M', 'OFFERMAKER', SYSDATE, 'OFFERMAKER', SYSDATE);
BEGIN
  SELECT ID INTO CUR_PRD_ID FROM PRODUCT WHERE NAME = 'Web' AND ROWNUM <= 1;
EXCEPTION
  WHEN NO_DATA_FOUND THEN
    INSERT INTO PRODUCT (ID, NAME, CREATED_BY, CREATE_DATE) VALUES (PRD_ID_SEQ.NEXTVAL, 'Web', 'OFFERMAKER', SYSDATE);
    SELECT ID INTO CUR_PRD_ID FROM PRODUCT WHERE NAME = 'Web' AND ROWNUM <= 1;
  WHEN OTHERS THEN
    RAISE;
END;
INSERT INTO PRODUCT_OFFERING (ID, PRODUCT_ID, TAX_POLICY_TYPE_ID, QUANTITY, UNIT_PRICE, CREATED_BY, CREATE_DATE) VALUES (PO_ID_SEQ.NEXTVAL, CUR_PRD_ID, '1', '364', '0.357143', 'OFFERMAKER', SYSDATE);
INSERT INTO OFFER_PRODUCT_OFFERING (OFFER_ID, PRODUCT_OFFERING_ID, CREATED_BY, CREATE_DATE) VALUES (OFR_ID_SEQ.CURRVAL, PO_ID_SEQ.CURRVAL, 'OFFERMAKER', SYSDATE);
INSERT INTO DISCOUNT (ID, NAME, DESCRIPTION, FIXED_AMOUNT, PERCENT_AMOUNT, DISCOUNT_TYPE_ID, CREATED_BY, CREATE_DATE) VALUES (DSC_ID_SEQ.NEXTVAL, 'Discount', 'Off: 120.99. P.Disc: 60.490. P.Full: 130.000', '69.510', '0', 1, 'OFFERMAKER', SYSDATE);
INSERT INTO DISCOUNT_PRODUCT_OFFERING (DISCOUNT_ID, PRODUCT_OFFERING_ID, CREATED_BY, CREATE_DATE) VALUES (DSC_ID_SEQ.CURRVAL, PO_ID_SEQ.CURRVAL, 'OFFERMAKER', SYSDATE);
BEGIN
  SELECT ID INTO CUR_PRD_ID FROM PRODUCT WHERE NAME = 'Mobile' AND ROWNUM <= 1;
EXCEPTION
  WHEN NO_DATA_FOUND THEN
    INSERT INTO PRODUCT (ID, NAME, CREATED_BY, CREATE_DATE) VALUES (PRD_ID_SEQ.NEXTVAL, 'Mobile', 'OFFERMAKER', SYSDATE);
    SELECT ID INTO CUR_PRD_ID FROM PRODUCT WHERE NAME = 'Mobile' AND ROWNUM <= 1;
  WHEN OTHERS THEN
    RAISE;
END;
INSERT INTO PRODUCT_OFFERING (ID, PRODUCT_ID, TAX_POLICY_TYPE_ID, QUANTITY, UNIT_PRICE, CREATED_BY, CREATE_DATE) VALUES (PO_ID_SEQ.NEXTVAL, CUR_PRD_ID, '1', '364', '0', 'OFFERMAKER', SYSDATE);
INSERT INTO OFFER_PRODUCT_OFFERING (OFFER_ID, PRODUCT_OFFERING_ID, CREATED_BY, CREATE_DATE) VALUES (OFR_ID_SEQ.CURRVAL, PO_ID_SEQ.CURRVAL, 'OFFERMAKER', SYSDATE);
BEGIN
  SELECT ID INTO CUR_PRD_ID FROM PRODUCT WHERE NAME = 'Archive Article' AND ROWNUM <= 1;
EXCEPTION
  WHEN NO_DATA_FOUND THEN
    INSERT INTO PRODUCT (ID, NAME, CREATED_BY, CREATE_DATE) VALUES (PRD_ID_SEQ.NEXTVAL, 'Archive Article', 'OFFERMAKER', SYSDATE);
    SELECT ID INTO CUR_PRD_ID FROM PRODUCT WHERE NAME = 'Archive Article' AND ROWNUM <= 1;
  WHEN OTHERS THEN
    RAISE;
END;
INSERT INTO PRODUCT_OFFERING (ID, PRODUCT_ID, TAX_POLICY_TYPE_ID, QUANTITY, UNIT_PRICE, CREATED_BY, CREATE_DATE) VALUES (PO_ID_SEQ.NEXTVAL, CUR_PRD_ID, '1', '1300', '0', 'OFFERMAKER', SYSDATE);
INSERT INTO OFFER_PRODUCT_OFFERING (OFFER_ID, PRODUCT_OFFERING_ID, CREATED_BY, CREATE_DATE) VALUES (OFR_ID_SEQ.CURRVAL, PO_ID_SEQ.CURRVAL, 'OFFERMAKER', SYSDATE);
BEGIN
  SELECT ID INTO CUR_PRD_ID FROM PRODUCT WHERE NAME = 'TimesMachine' AND ROWNUM <= 1;
EXCEPTION
  WHEN NO_DATA_FOUND THEN
    INSERT INTO PRODUCT (ID, NAME, CREATED_BY, CREATE_DATE) VALUES (PRD_ID_SEQ.NEXTVAL, 'TimesMachine', 'OFFERMAKER', SYSDATE);
    SELECT ID INTO CUR_PRD_ID FROM PRODUCT WHERE NAME = 'TimesMachine' AND ROWNUM <= 1;
  WHEN OTHERS THEN
    RAISE;
END;
INSERT INTO PRODUCT_OFFERING (ID, PRODUCT_ID, TAX_POLICY_TYPE_ID, QUANTITY, UNIT_PRICE, CREATED_BY, CREATE_DATE) VALUES (PO_ID_SEQ.NEXTVAL, CUR_PRD_ID, '1', '364', '0', 'OFFERMAKER', SYSDATE);
INSERT INTO OFFER_PRODUCT_OFFERING (OFFER_ID, PRODUCT_OFFERING_ID, CREATED_BY, CREATE_DATE) VALUES (OFR_ID_SEQ.CURRVAL, PO_ID_SEQ.CURRVAL, 'OFFERMAKER', SYSDATE);
BEGIN
  SELECT ID INTO CUR_PRD_ID FROM PRODUCT WHERE NAME = 'Tablet' AND ROWNUM <= 1;
EXCEPTION
  WHEN NO_DATA_FOUND THEN
    INSERT INTO PRODUCT (ID, NAME, CREATED_BY, CREATE_DATE) VALUES (PRD_ID_SEQ.NEXTVAL, 'Tablet', 'OFFERMAKER', SYSDATE);
    SELECT ID INTO CUR_PRD_ID FROM PRODUCT WHERE NAME = 'Tablet' AND ROWNUM <= 1;
  WHEN OTHERS THEN
    RAISE;
END;
INSERT INTO PRODUCT_OFFERING (ID, PRODUCT_ID, TAX_POLICY_TYPE_ID, QUANTITY, UNIT_PRICE, CREATED_BY, CREATE_DATE) VALUES (PO_ID_SEQ.NEXTVAL, CUR_PRD_ID, '1', '364', '0.357143', 'OFFERMAKER', SYSDATE);
INSERT INTO OFFER_PRODUCT_OFFERING (OFFER_ID, PRODUCT_OFFERING_ID, CREATED_BY, CREATE_DATE) VALUES (OFR_ID_SEQ.CURRVAL, PO_ID_SEQ.CURRVAL, 'OFFERMAKER', SYSDATE);
INSERT INTO DISCOUNT (ID, NAME, DESCRIPTION, FIXED_AMOUNT, PERCENT_AMOUNT, DISCOUNT_TYPE_ID, CREATED_BY, CREATE_DATE) VALUES (DSC_ID_SEQ.NEXTVAL, 'Discount', 'Off: 120.99. P.Disc: 60.500. P.Full: 130.000', '69.50', '0', 1, 'OFFERMAKER', SYSDATE);
INSERT INTO DISCOUNT_PRODUCT_OFFERING (DISCOUNT_ID, PRODUCT_OFFERING_ID, CREATED_BY, CREATE_DATE) VALUES (DSC_ID_SEQ.CURRVAL, PO_ID_SEQ.CURRVAL, 'OFFERMAKER', SYSDATE);
BEGIN
  SELECT ID INTO CUR_PRD_ID FROM PRODUCT WHERE NAME = 'TimesReader' AND ROWNUM <= 1;
EXCEPTION
  WHEN NO_DATA_FOUND THEN
    INSERT INTO PRODUCT (ID, NAME, CREATED_BY, CREATE_DATE) VALUES (PRD_ID_SEQ.NEXTVAL, 'TimesReader', 'OFFERMAKER', SYSDATE);
    SELECT ID INTO CUR_PRD_ID FROM PRODUCT WHERE NAME = 'TimesReader' AND ROWNUM <= 1;
  WHEN OTHERS THEN
    RAISE;
END;
INSERT INTO PRODUCT_OFFERING (ID, PRODUCT_ID, TAX_POLICY_TYPE_ID, QUANTITY, UNIT_PRICE, CREATED_BY, CREATE_DATE) VALUES (PO_ID_SEQ.NEXTVAL, CUR_PRD_ID, '1', '364', '0', 'OFFERMAKER', SYSDATE);
INSERT INTO OFFER_PRODUCT_OFFERING (OFFER_ID, PRODUCT_OFFERING_ID, CREATED_BY, CREATE_DATE) VALUES (OFR_ID_SEQ.CURRVAL, PO_ID_SEQ.CURRVAL, 'OFFERMAKER', SYSDATE);
INSERT INTO OFFER_OFFER_CHAIN (OFFER_ID, OFFER_CHAIN_ID, INDEX_VALUE, NUM_RECURRENCES, CREATED_BY, CREATE_DATE, updated_by, update_date) VALUES (OFR_ID_SEQ.CURRVAL, 1999767471, '0', '1', 'OFFERMAKER', SYSDATE, 'OFFERMAKER', SYSDATE);
END;
BEGIN
  SELECT 1 INTO TMP_VAR FROM OFFER_OFFER_CHAIN WHERE OFFER_CHAIN_ID = 1999767471 AND INDEX_VALUE = 1 AND ROWNUM <= 1;
EXCEPTION
  WHEN NO_DATA_FOUND THEN
INSERT INTO OFFER (ID, OFFER_STATUS_ID, ENTITLEMENT_DURATION, CREATED_BY, CREATE_DATE, updated_by, update_date) VALUES (OFR_ID_SEQ.NEXTVAL, 1, 'P0Y0M364DT0H0M', 'OFFERMAKER', SYSDATE, 'OFFERMAKER', SYSDATE);
BEGIN
  SELECT ID INTO CUR_PRD_ID FROM PRODUCT WHERE NAME = 'Web' AND ROWNUM <= 1;
EXCEPTION
  WHEN NO_DATA_FOUND THEN
    INSERT INTO PRODUCT (ID, NAME, CREATED_BY, CREATE_DATE) VALUES (PRD_ID_SEQ.NEXTVAL, 'Web', 'OFFERMAKER', SYSDATE);
    SELECT ID INTO CUR_PRD_ID FROM PRODUCT WHERE NAME = 'Web' AND ROWNUM <= 1;
  WHEN OTHERS THEN
    RAISE;
END;
INSERT INTO PRODUCT_OFFERING (ID, PRODUCT_ID, TAX_POLICY_TYPE_ID, QUANTITY, UNIT_PRICE, CREATED_BY, CREATE_DATE) VALUES (PO_ID_SEQ.NEXTVAL, CUR_PRD_ID, '1', '364', '0.357143', 'OFFERMAKER', SYSDATE);
INSERT INTO OFFER_PRODUCT_OFFERING (OFFER_ID, PRODUCT_OFFERING_ID, CREATED_BY, CREATE_DATE) VALUES (OFR_ID_SEQ.CURRVAL, PO_ID_SEQ.CURRVAL, 'OFFERMAKER', SYSDATE);
INSERT INTO DISCOUNT (ID, NAME, DESCRIPTION, FIXED_AMOUNT, PERCENT_AMOUNT, DISCOUNT_TYPE_ID, CREATED_BY, CREATE_DATE) VALUES (DSC_ID_SEQ.NEXTVAL, 'Discount', 'Off: 130.0. P.Disc: 65.000. P.Full: 130.000', '65.00', '0', 1, 'OFFERMAKER', SYSDATE);
INSERT INTO DISCOUNT_PRODUCT_OFFERING (DISCOUNT_ID, PRODUCT_OFFERING_ID, CREATED_BY, CREATE_DATE) VALUES (DSC_ID_SEQ.CURRVAL, PO_ID_SEQ.CURRVAL, 'OFFERMAKER', SYSDATE);
BEGIN
  SELECT ID INTO CUR_PRD_ID FROM PRODUCT WHERE NAME = 'Mobile' AND ROWNUM <= 1;
EXCEPTION
  WHEN NO_DATA_FOUND THEN
    INSERT INTO PRODUCT (ID, NAME, CREATED_BY, CREATE_DATE) VALUES (PRD_ID_SEQ.NEXTVAL, 'Mobile', 'OFFERMAKER', SYSDATE);
    SELECT ID INTO CUR_PRD_ID FROM PRODUCT WHERE NAME = 'Mobile' AND ROWNUM <= 1;
  WHEN OTHERS THEN
    RAISE;
END;
INSERT INTO PRODUCT_OFFERING (ID, PRODUCT_ID, TAX_POLICY_TYPE_ID, QUANTITY, UNIT_PRICE, CREATED_BY, CREATE_DATE) VALUES (PO_ID_SEQ.NEXTVAL, CUR_PRD_ID, '1', '364', '0', 'OFFERMAKER', SYSDATE);
INSERT INTO OFFER_PRODUCT_OFFERING (OFFER_ID, PRODUCT_OFFERING_ID, CREATED_BY, CREATE_DATE) VALUES (OFR_ID_SEQ.CURRVAL, PO_ID_SEQ.CURRVAL, 'OFFERMAKER', SYSDATE);
BEGIN
  SELECT ID INTO CUR_PRD_ID FROM PRODUCT WHERE NAME = 'Archive Article' AND ROWNUM <= 1;
EXCEPTION
  WHEN NO_DATA_FOUND THEN
    INSERT INTO PRODUCT (ID, NAME, CREATED_BY, CREATE_DATE) VALUES (PRD_ID_SEQ.NEXTVAL, 'Archive Article', 'OFFERMAKER', SYSDATE);
    SELECT ID INTO CUR_PRD_ID FROM PRODUCT WHERE NAME = 'Archive Article' AND ROWNUM <= 1;
  WHEN OTHERS THEN
    RAISE;
END;
INSERT INTO PRODUCT_OFFERING (ID, PRODUCT_ID, TAX_POLICY_TYPE_ID, QUANTITY, UNIT_PRICE, CREATED_BY, CREATE_DATE) VALUES (PO_ID_SEQ.NEXTVAL, CUR_PRD_ID, '1', '1300', '0', 'OFFERMAKER', SYSDATE);
INSERT INTO OFFER_PRODUCT_OFFERING (OFFER_ID, PRODUCT_OFFERING_ID, CREATED_BY, CREATE_DATE) VALUES (OFR_ID_SEQ.CURRVAL, PO_ID_SEQ.CURRVAL, 'OFFERMAKER', SYSDATE);
BEGIN
  SELECT ID INTO CUR_PRD_ID FROM PRODUCT WHERE NAME = 'TimesMachine' AND ROWNUM <= 1;
EXCEPTION
  WHEN NO_DATA_FOUND THEN
    INSERT INTO PRODUCT (ID, NAME, CREATED_BY, CREATE_DATE) VALUES (PRD_ID_SEQ.NEXTVAL, 'TimesMachine', 'OFFERMAKER', SYSDATE);
    SELECT ID INTO CUR_PRD_ID FROM PRODUCT WHERE NAME = 'TimesMachine' AND ROWNUM <= 1;
  WHEN OTHERS THEN
    RAISE;
END;
INSERT INTO PRODUCT_OFFERING (ID, PRODUCT_ID, TAX_POLICY_TYPE_ID, QUANTITY, UNIT_PRICE, CREATED_BY, CREATE_DATE) VALUES (PO_ID_SEQ.NEXTVAL, CUR_PRD_ID, '1', '364', '0', 'OFFERMAKER', SYSDATE);
INSERT INTO OFFER_PRODUCT_OFFERING (OFFER_ID, PRODUCT_OFFERING_ID, CREATED_BY, CREATE_DATE) VALUES (OFR_ID_SEQ.CURRVAL, PO_ID_SEQ.CURRVAL, 'OFFERMAKER', SYSDATE);
BEGIN
  SELECT ID INTO CUR_PRD_ID FROM PRODUCT WHERE NAME = 'Tablet' AND ROWNUM <= 1;
EXCEPTION
  WHEN NO_DATA_FOUND THEN
    INSERT INTO PRODUCT (ID, NAME, CREATED_BY, CREATE_DATE) VALUES (PRD_ID_SEQ.NEXTVAL, 'Tablet', 'OFFERMAKER', SYSDATE);
    SELECT ID INTO CUR_PRD_ID FROM PRODUCT WHERE NAME = 'Tablet' AND ROWNUM <= 1;
  WHEN OTHERS THEN
    RAISE;
END;
INSERT INTO PRODUCT_OFFERING (ID, PRODUCT_ID, TAX_POLICY_TYPE_ID, QUANTITY, UNIT_PRICE, CREATED_BY, CREATE_DATE) VALUES (PO_ID_SEQ.NEXTVAL, CUR_PRD_ID, '1', '364', '0.357143', 'OFFERMAKER', SYSDATE);
INSERT INTO OFFER_PRODUCT_OFFERING (OFFER_ID, PRODUCT_OFFERING_ID, CREATED_BY, CREATE_DATE) VALUES (OFR_ID_SEQ.CURRVAL, PO_ID_SEQ.CURRVAL, 'OFFERMAKER', SYSDATE);
INSERT INTO DISCOUNT (ID, NAME, DESCRIPTION, FIXED_AMOUNT, PERCENT_AMOUNT, DISCOUNT_TYPE_ID, CREATED_BY, CREATE_DATE) VALUES (DSC_ID_SEQ.NEXTVAL, 'Discount', 'Off: 130.0. P.Disc: 65.000. P.Full: 130.000', '65.00', '0', 1, 'OFFERMAKER', SYSDATE);
INSERT INTO DISCOUNT_PRODUCT_OFFERING (DISCOUNT_ID, PRODUCT_OFFERING_ID, CREATED_BY, CREATE_DATE) VALUES (DSC_ID_SEQ.CURRVAL, PO_ID_SEQ.CURRVAL, 'OFFERMAKER', SYSDATE);
BEGIN
  SELECT ID INTO CUR_PRD_ID FROM PRODUCT WHERE NAME = 'TimesReader' AND ROWNUM <= 1;
EXCEPTION
  WHEN NO_DATA_FOUND THEN
    INSERT INTO PRODUCT (ID, NAME, CREATED_BY, CREATE_DATE) VALUES (PRD_ID_SEQ.NEXTVAL, 'TimesReader', 'OFFERMAKER', SYSDATE);
    SELECT ID INTO CUR_PRD_ID FROM PRODUCT WHERE NAME = 'TimesReader' AND ROWNUM <= 1;
  WHEN OTHERS THEN
    RAISE;
END;
INSERT INTO PRODUCT_OFFERING (ID, PRODUCT_ID, TAX_POLICY_TYPE_ID, QUANTITY, UNIT_PRICE, CREATED_BY, CREATE_DATE) VALUES (PO_ID_SEQ.NEXTVAL, CUR_PRD_ID, '1', '364', '0', 'OFFERMAKER', SYSDATE);
INSERT INTO OFFER_PRODUCT_OFFERING (OFFER_ID, PRODUCT_OFFERING_ID, CREATED_BY, CREATE_DATE) VALUES (OFR_ID_SEQ.CURRVAL, PO_ID_SEQ.CURRVAL, 'OFFERMAKER', SYSDATE);
INSERT INTO OFFER_OFFER_CHAIN (OFFER_ID, OFFER_CHAIN_ID, INDEX_VALUE, NUM_RECURRENCES, CREATED_BY, CREATE_DATE, updated_by, update_date) VALUES (OFR_ID_SEQ.CURRVAL, 1999767471, '1', '-1', 'OFFERMAKER', SYSDATE, 'OFFERMAKER', SYSDATE);
END;
END;
/
COMMIT;
DECLARE
TMP_VAR NUMBER;
CUR_PRD_ID NUMBER;
CUR_CAPABILITY_ID NUMBER;
BEGIN
BEGIN
  SELECT 1 INTO TMP_VAR FROM OFFER_CHAIN WHERE ID = 582508918 AND ROWNUM <= 1;
  UPDATE OFFER_CHAIN SET NAME='NYTimes: All Digital Access', DESCRIPTION='Unlimited access to NYTimes.com, and the NYTimes smartphone and tablet apps.*', PRODUCT_URI='', VENDOR_SOURCE_ID='1', BILLING_SOURCE_ID=(SELECT ID FROM BILLING_SOURCE BS WHERE BS.NAME='Sartre'), IS_SEAT_LICENSE=0, GROUP_ACCOUNT_TYPE_ID='FL',IS_ADDRESS_REQUIRED=0, OFFER_CHAIN_STATUS_ID = 1, UPDATE_DATE = SYSDATE, UPDATED_BY = 'OFFERMAKER', IS_GIFT_CERTIFICATE='0', REVOKE_ENTITLEMENTS = '0', ADOPTABILITY_WINDOW_START_DATE = to_date('15-Jul-2013 00:00:00','DD-MON-YY HH24:MI:SS'), ADOPTABILITY_WINDOW_END_DATE = to_date('31-Dec-2069 00:00:00','DD-MON-YY HH24:MI:SS'), AMAZON_APPSTORE_SKU=NULL WHERE ID = 582508918;
EXCEPTION
  WHEN NO_DATA_FOUND THEN
    INSERT INTO OFFER_CHAIN (ID, NAME, DESCRIPTION, ADOPTABILITY_WINDOW_START_DATE, ADOPTABILITY_WINDOW_END_DATE, IS_GIFT_CERTIFICATE, PRODUCT_URI, OFFER_CHAIN_STATUS_ID, REVOKE_ENTITLEMENTS, VENDOR_SOURCE_ID, BILLING_SOURCE_ID, IS_SEAT_LICENSE, GROUP_ACCOUNT_TYPE_ID, IS_ADDRESS_REQUIRED, AMAZON_APPSTORE_SKU, CREATED_BY, CREATE_DATE, updated_by, update_date) VALUES (582508918, 'NYTimes: All Digital Access', 'Unlimited access to NYTimes.com, and the NYTimes smartphone and tablet apps.*', to_date('15-Jul-2013 00:00:00','DD-MON-YY HH24:MI:SS'), to_date('31-Dec-2069 00:00:00','DD-MON-YY HH24:MI:SS'), '0', NULL, '1', '0', '1', (SELECT ID FROM BILLING_SOURCE BS WHERE BS.NAME='Sartre'), decode('FL','IL',1,0), 'FL', '0', '', 'OFFERMAKER', SYSDATE, 'OFFERMAKER', SYSDATE);
END;
DELETE FROM OFFER_CHAIN_ELIGIBILITY WHERE offer_chain_id = 582508918;
INSERT INTO OFFER_CHAIN_ELIGIBILITY (ID, OFFER_CHAIN_ID, NAME, VALUE, CREATED_BY, CREATE_DATE) VALUES (ELG_ID_SEQ.NEXTVAL, 582508918, 'REQUIRES_EMAIL_DOMAIN', '*.edu,byu.net,cgcc.cc.or.us,gmc.cc.ga.us,lakeland.cc.il.us,aalto.fi,concordia.ca,dal.ca,epfl.ch,escpeurope.eu,ethz.ch,fgu.edu.tw,fu-berlin.de,huji.ac.il,iiml.ac.in,imperial.ac.uk,leeds.ac.uk,mcgill.ca,mun.ca,nottingham.ac.uk,ox.ac.uk,qmul.ac.uk,ryerson.ca,szie.hu,ubc.ca,uct.ac.za,unam.mx,uni-jena.de,unina.it,unisul.br,utoronto.ca,ac.at,ac.be,ac.il,ac.jp,ac.uk,dcu.ie,edu.au,edu.cn,edu.mx,edu.sa,edu.sg,enst.fr,etu.paris-sorbonne.fr,eur.nl,fh-koeln.de,graduateinstitute.ch,itesm.mx,koncon.nl,ku.dk,langara.bc.ca,leuphana.de,lmu.de,mccg.org,mcmaster.ca,mgh-ita.org,musikkons.dk,nyumc.org,partners.org,presidioedu.org,queensu.ca,questu.ca,su.se,tcd.ie,trinityprep.org,ualberta.ca,uam.es,uc.cl,ucc.ie,ufrgs.br,uib.no,uio.no,umanitoba.ca,unibe.ch,unibo.it,unipg.it,uniroma3.it,uoguelph.ca,uqam.ca,usask.ca,usuhs.mil,ut.ee,utfpr.edu.br,uvic.ca,fh-bielefeld.de,viu.ca,uwo.ca,au.dk,uva.nl,sch.uk,pucsp.br,yorku.ca,brocku.ca,um.es,mylaurier.ca,wlu.ca,uni-mannheim.de,uni-potsdam.de,ens.fr,nyt.net', 'OFFERMAKER', SYSDATE);
INSERT INTO OFFER_CHAIN_ELIGIBILITY (ID, OFFER_CHAIN_ID, NAME, VALUE, CREATED_BY, CREATE_DATE) VALUES (ELG_ID_SEQ.NEXTVAL, 582508918, 'IS_COMP', '0', 'OFFERMAKER', SYSDATE);
INSERT INTO OFFER_CHAIN_ELIGIBILITY (ID, OFFER_CHAIN_ID, NAME, VALUE, CREATED_BY, CREATE_DATE) VALUES (ELG_ID_SEQ.NEXTVAL, 582508918, 'MAX_CONCURRENT_SUBS', '1', 'OFFERMAKER', SYSDATE);
INSERT INTO OFFER_CHAIN_ELIGIBILITY (ID, OFFER_CHAIN_ID, NAME, VALUE, CREATED_BY, CREATE_DATE) VALUES (ELG_ID_SEQ.NEXTVAL, 582508918, 'INTERNAL_ONLY', '0', 'OFFERMAKER', SYSDATE);
INSERT INTO OFFER_CHAIN_ELIGIBILITY (ID, OFFER_CHAIN_ID, NAME, VALUE, CREATED_BY, CREATE_DATE) VALUES (ELG_ID_SEQ.NEXTVAL, 582508918, 'REDEEMER_PROHIBITED_ENTITLEMENTS', '0', 'OFFERMAKER', SYSDATE);
DELETE FROM OFFER_CHAIN_META_DATA WHERE offer_chain_id = 582508918;
INSERT INTO OFFER_CHAIN_META_DATA (ID, OFFER_CHAIN_ID, NAME, VALUE, CREATED_BY, CREATE_DATE) VALUES (OCMD_ID_SEQ.NEXTVAL, 582508918, 'BUNDLE_EXPLANATION', 'W+SP+T Edu $210.99 for first 52 weeks and 50% off regular price thereafter - email verify', 'OFFERMAKER', SYSDATE);
INSERT INTO OFFER_CHAIN_META_DATA (ID, OFFER_CHAIN_ID, NAME, VALUE, CREATED_BY, CREATE_DATE) VALUES (OCMD_ID_SEQ.NEXTVAL, 582508918, 'PRICE_DESCRIPTION', 'All Digital Access $210.99 EDU Offer First 52 Weeks: $4.06/week Thereafter:$227.50 every 52 weeks', 'OFFERMAKER', SYSDATE);
INSERT INTO OFFER_CHAIN_META_DATA (ID, OFFER_CHAIN_ID, NAME, VALUE, CREATED_BY, CREATE_DATE) VALUES (OCMD_ID_SEQ.NEXTVAL, 582508918, 'PRICE_SHORT_DESCRIPTION', 'W+SP+T Edu / $210.99 First 52 wks / $227.50 every 52 wks thereafter', 'OFFERMAKER', SYSDATE);
INSERT INTO OFFER_CHAIN_META_DATA (ID, OFFER_CHAIN_ID, NAME, VALUE, CREATED_BY, CREATE_DATE) VALUES (OCMD_ID_SEQ.NEXTVAL, 582508918, 'OFFER_TYPE', '$ 210.99 for first 52 Weeks', 'OFFERMAKER', SYSDATE);
INSERT INTO OFFER_CHAIN_META_DATA (ID, OFFER_CHAIN_ID, NAME, VALUE, CREATED_BY, CREATE_DATE) VALUES (OCMD_ID_SEQ.NEXTVAL, 582508918, 'OFFER_PRICE_DESCRIPTOR', 'EDU RATE- ANNUAL SUB- 50% off', 'OFFERMAKER', SYSDATE);
INSERT INTO OFFER_CHAIN_META_DATA (ID, OFFER_CHAIN_ID, NAME, VALUE, CREATED_BY, CREATE_DATE) VALUES (OCMD_ID_SEQ.NEXTVAL, 582508918, 'OFFER_PRICE', '$210.99 for first 52 Weeks and $227.50 for next 52 Weeks thereafter', 'OFFERMAKER', SYSDATE);
INSERT INTO OFFER_CHAIN_META_DATA (ID, OFFER_CHAIN_ID, NAME, VALUE, CREATED_BY, CREATE_DATE) VALUES (OCMD_ID_SEQ.NEXTVAL, 582508918, 'OFFER_PRICE_DETAIL', '($4.38 / week thereafter)', 'OFFERMAKER', SYSDATE);
INSERT INTO OFFER_CHAIN_META_DATA (ID, OFFER_CHAIN_ID, NAME, VALUE, CREATED_BY, CREATE_DATE) VALUES (OCMD_ID_SEQ.NEXTVAL, 582508918, 'PROMO_PRICE_FOOTER_LABEL', 'First 52 Weeks', 'OFFERMAKER', SYSDATE);
INSERT INTO OFFER_CHAIN_META_DATA (ID, OFFER_CHAIN_ID, NAME, VALUE, CREATED_BY, CREATE_DATE) VALUES (OCMD_ID_SEQ.NEXTVAL, 582508918, 'ACTUAL_PRICE_FOOTER_LABEL', 'Thereafter', 'OFFERMAKER', SYSDATE);
INSERT INTO OFFER_CHAIN_META_DATA (ID, OFFER_CHAIN_ID, NAME, VALUE, CREATED_BY, CREATE_DATE) VALUES (OCMD_ID_SEQ.NEXTVAL, 582508918, 'BILLING_CYCLE', 'every 52 weeks', 'OFFERMAKER', SYSDATE);
INSERT INTO OFFER_CHAIN_META_DATA (ID, OFFER_CHAIN_ID, NAME, VALUE, CREATED_BY, CREATE_DATE) VALUES (OCMD_ID_SEQ.NEXTVAL, 582508918, 'SUBSCRIBER_TYPE', 'Education', 'OFFERMAKER', SYSDATE);
INSERT INTO OFFER_CHAIN_META_DATA (ID, OFFER_CHAIN_ID, NAME, VALUE, CREATED_BY, CREATE_DATE) VALUES (OCMD_ID_SEQ.NEXTVAL, 582508918, 'REFUND_POLICY', 'Multi-week Billing: Full refund within first 30 days, No refund if cancelled in the last 30 days and access remains through the end of the period.  Otherwise, pro-rated refund and access removed within 6 hours.', 'OFFERMAKER', SYSDATE);
INSERT INTO OFFER_CHAIN_META_DATA (ID, OFFER_CHAIN_ID, NAME, VALUE, CREATED_BY, CREATE_DATE) VALUES (OCMD_ID_SEQ.NEXTVAL, 582508918, 'REQUIRES_EMAIL_DOMAIN', '*.edu', 'OFFERMAKER', SYSDATE);
INSERT INTO OFFER_CHAIN_META_DATA (ID, OFFER_CHAIN_ID, NAME, VALUE, CREATED_BY, CREATE_DATE) VALUES (OCMD_ID_SEQ.NEXTVAL, 582508918, 'REQUIRES_EMAIL_DOMAIN', 'byu.net', 'OFFERMAKER', SYSDATE);
INSERT INTO OFFER_CHAIN_META_DATA (ID, OFFER_CHAIN_ID, NAME, VALUE, CREATED_BY, CREATE_DATE) VALUES (OCMD_ID_SEQ.NEXTVAL, 582508918, 'REQUIRES_EMAIL_DOMAIN', 'cgcc.cc.or.us', 'OFFERMAKER', SYSDATE);
INSERT INTO OFFER_CHAIN_META_DATA (ID, OFFER_CHAIN_ID, NAME, VALUE, CREATED_BY, CREATE_DATE) VALUES (OCMD_ID_SEQ.NEXTVAL, 582508918, 'REQUIRES_EMAIL_DOMAIN', 'gmc.cc.ga.us', 'OFFERMAKER', SYSDATE);
INSERT INTO OFFER_CHAIN_META_DATA (ID, OFFER_CHAIN_ID, NAME, VALUE, CREATED_BY, CREATE_DATE) VALUES (OCMD_ID_SEQ.NEXTVAL, 582508918, 'REQUIRES_EMAIL_DOMAIN', 'lakeland.cc.il.us', 'OFFERMAKER', SYSDATE);
INSERT INTO OFFER_CHAIN_META_DATA (ID, OFFER_CHAIN_ID, NAME, VALUE, CREATED_BY, CREATE_DATE) VALUES (OCMD_ID_SEQ.NEXTVAL, 582508918, 'REQUIRES_EMAIL_DOMAIN', 'aalto.fi', 'OFFERMAKER', SYSDATE);
INSERT INTO OFFER_CHAIN_META_DATA (ID, OFFER_CHAIN_ID, NAME, VALUE, CREATED_BY, CREATE_DATE) VALUES (OCMD_ID_SEQ.NEXTVAL, 582508918, 'REQUIRES_EMAIL_DOMAIN', 'concordia.ca', 'OFFERMAKER', SYSDATE);
INSERT INTO OFFER_CHAIN_META_DATA (ID, OFFER_CHAIN_ID, NAME, VALUE, CREATED_BY, CREATE_DATE) VALUES (OCMD_ID_SEQ.NEXTVAL, 582508918, 'REQUIRES_EMAIL_DOMAIN', 'dal.ca', 'OFFERMAKER', SYSDATE);
INSERT INTO OFFER_CHAIN_META_DATA (ID, OFFER_CHAIN_ID, NAME, VALUE, CREATED_BY, CREATE_DATE) VALUES (OCMD_ID_SEQ.NEXTVAL, 582508918, 'REQUIRES_EMAIL_DOMAIN', 'epfl.ch', 'OFFERMAKER', SYSDATE);
INSERT INTO OFFER_CHAIN_META_DATA (ID, OFFER_CHAIN_ID, NAME, VALUE, CREATED_BY, CREATE_DATE) VALUES (OCMD_ID_SEQ.NEXTVAL, 582508918, 'REQUIRES_EMAIL_DOMAIN', 'escpeurope.eu', 'OFFERMAKER', SYSDATE);
INSERT INTO OFFER_CHAIN_META_DATA (ID, OFFER_CHAIN_ID, NAME, VALUE, CREATED_BY, CREATE_DATE) VALUES (OCMD_ID_SEQ.NEXTVAL, 582508918, 'REQUIRES_EMAIL_DOMAIN', 'ethz.ch', 'OFFERMAKER', SYSDATE);
INSERT INTO OFFER_CHAIN_META_DATA (ID, OFFER_CHAIN_ID, NAME, VALUE, CREATED_BY, CREATE_DATE) VALUES (OCMD_ID_SEQ.NEXTVAL, 582508918, 'REQUIRES_EMAIL_DOMAIN', 'fgu.edu.tw', 'OFFERMAKER', SYSDATE);
INSERT INTO OFFER_CHAIN_META_DATA (ID, OFFER_CHAIN_ID, NAME, VALUE, CREATED_BY, CREATE_DATE) VALUES (OCMD_ID_SEQ.NEXTVAL, 582508918, 'REQUIRES_EMAIL_DOMAIN', 'fu-berlin.de', 'OFFERMAKER', SYSDATE);
INSERT INTO OFFER_CHAIN_META_DATA (ID, OFFER_CHAIN_ID, NAME, VALUE, CREATED_BY, CREATE_DATE) VALUES (OCMD_ID_SEQ.NEXTVAL, 582508918, 'REQUIRES_EMAIL_DOMAIN', 'huji.ac.il', 'OFFERMAKER', SYSDATE);
INSERT INTO OFFER_CHAIN_META_DATA (ID, OFFER_CHAIN_ID, NAME, VALUE, CREATED_BY, CREATE_DATE) VALUES (OCMD_ID_SEQ.NEXTVAL, 582508918, 'REQUIRES_EMAIL_DOMAIN', 'iiml.ac.in', 'OFFERMAKER', SYSDATE);
INSERT INTO OFFER_CHAIN_META_DATA (ID, OFFER_CHAIN_ID, NAME, VALUE, CREATED_BY, CREATE_DATE) VALUES (OCMD_ID_SEQ.NEXTVAL, 582508918, 'REQUIRES_EMAIL_DOMAIN', 'imperial.ac.uk', 'OFFERMAKER', SYSDATE);
INSERT INTO OFFER_CHAIN_META_DATA (ID, OFFER_CHAIN_ID, NAME, VALUE, CREATED_BY, CREATE_DATE) VALUES (OCMD_ID_SEQ.NEXTVAL, 582508918, 'REQUIRES_EMAIL_DOMAIN', 'leeds.ac.uk', 'OFFERMAKER', SYSDATE);
INSERT INTO OFFER_CHAIN_META_DATA (ID, OFFER_CHAIN_ID, NAME, VALUE, CREATED_BY, CREATE_DATE) VALUES (OCMD_ID_SEQ.NEXTVAL, 582508918, 'REQUIRES_EMAIL_DOMAIN', 'mcgill.ca', 'OFFERMAKER', SYSDATE);
INSERT INTO OFFER_CHAIN_META_DATA (ID, OFFER_CHAIN_ID, NAME, VALUE, CREATED_BY, CREATE_DATE) VALUES (OCMD_ID_SEQ.NEXTVAL, 582508918, 'REQUIRES_EMAIL_DOMAIN', 'mun.ca', 'OFFERMAKER', SYSDATE);
INSERT INTO OFFER_CHAIN_META_DATA (ID, OFFER_CHAIN_ID, NAME, VALUE, CREATED_BY, CREATE_DATE) VALUES (OCMD_ID_SEQ.NEXTVAL, 582508918, 'REQUIRES_EMAIL_DOMAIN', 'nottingham.ac.uk', 'OFFERMAKER', SYSDATE);
INSERT INTO OFFER_CHAIN_META_DATA (ID, OFFER_CHAIN_ID, NAME, VALUE, CREATED_BY, CREATE_DATE) VALUES (OCMD_ID_SEQ.NEXTVAL, 582508918, 'REQUIRES_EMAIL_DOMAIN', 'ox.ac.uk', 'OFFERMAKER', SYSDATE);
INSERT INTO OFFER_CHAIN_META_DATA (ID, OFFER_CHAIN_ID, NAME, VALUE, CREATED_BY, CREATE_DATE) VALUES (OCMD_ID_SEQ.NEXTVAL, 582508918, 'REQUIRES_EMAIL_DOMAIN', 'qmul.ac.uk', 'OFFERMAKER', SYSDATE);
INSERT INTO OFFER_CHAIN_META_DATA (ID, OFFER_CHAIN_ID, NAME, VALUE, CREATED_BY, CREATE_DATE) VALUES (OCMD_ID_SEQ.NEXTVAL, 582508918, 'REQUIRES_EMAIL_DOMAIN', 'ryerson.ca', 'OFFERMAKER', SYSDATE);
INSERT INTO OFFER_CHAIN_META_DATA (ID, OFFER_CHAIN_ID, NAME, VALUE, CREATED_BY, CREATE_DATE) VALUES (OCMD_ID_SEQ.NEXTVAL, 582508918, 'REQUIRES_EMAIL_DOMAIN', 'szie.hu', 'OFFERMAKER', SYSDATE);
INSERT INTO OFFER_CHAIN_META_DATA (ID, OFFER_CHAIN_ID, NAME, VALUE, CREATED_BY, CREATE_DATE) VALUES (OCMD_ID_SEQ.NEXTVAL, 582508918, 'REQUIRES_EMAIL_DOMAIN', 'ubc.ca', 'OFFERMAKER', SYSDATE);
INSERT INTO OFFER_CHAIN_META_DATA (ID, OFFER_CHAIN_ID, NAME, VALUE, CREATED_BY, CREATE_DATE) VALUES (OCMD_ID_SEQ.NEXTVAL, 582508918, 'REQUIRES_EMAIL_DOMAIN', 'uct.ac.za', 'OFFERMAKER', SYSDATE);
INSERT INTO OFFER_CHAIN_META_DATA (ID, OFFER_CHAIN_ID, NAME, VALUE, CREATED_BY, CREATE_DATE) VALUES (OCMD_ID_SEQ.NEXTVAL, 582508918, 'REQUIRES_EMAIL_DOMAIN', 'unam.mx', 'OFFERMAKER', SYSDATE);
INSERT INTO OFFER_CHAIN_META_DATA (ID, OFFER_CHAIN_ID, NAME, VALUE, CREATED_BY, CREATE_DATE) VALUES (OCMD_ID_SEQ.NEXTVAL, 582508918, 'REQUIRES_EMAIL_DOMAIN', 'uni-jena.de', 'OFFERMAKER', SYSDATE);
INSERT INTO OFFER_CHAIN_META_DATA (ID, OFFER_CHAIN_ID, NAME, VALUE, CREATED_BY, CREATE_DATE) VALUES (OCMD_ID_SEQ.NEXTVAL, 582508918, 'REQUIRES_EMAIL_DOMAIN', 'unina.it', 'OFFERMAKER', SYSDATE);
INSERT INTO OFFER_CHAIN_META_DATA (ID, OFFER_CHAIN_ID, NAME, VALUE, CREATED_BY, CREATE_DATE) VALUES (OCMD_ID_SEQ.NEXTVAL, 582508918, 'REQUIRES_EMAIL_DOMAIN', 'unisul.br', 'OFFERMAKER', SYSDATE);
INSERT INTO OFFER_CHAIN_META_DATA (ID, OFFER_CHAIN_ID, NAME, VALUE, CREATED_BY, CREATE_DATE) VALUES (OCMD_ID_SEQ.NEXTVAL, 582508918, 'REQUIRES_EMAIL_DOMAIN', 'utoronto.ca', 'OFFERMAKER', SYSDATE);
INSERT INTO OFFER_CHAIN_META_DATA (ID, OFFER_CHAIN_ID, NAME, VALUE, CREATED_BY, CREATE_DATE) VALUES (OCMD_ID_SEQ.NEXTVAL, 582508918, 'REQUIRES_EMAIL_DOMAIN', 'ac.at', 'OFFERMAKER', SYSDATE);
INSERT INTO OFFER_CHAIN_META_DATA (ID, OFFER_CHAIN_ID, NAME, VALUE, CREATED_BY, CREATE_DATE) VALUES (OCMD_ID_SEQ.NEXTVAL, 582508918, 'REQUIRES_EMAIL_DOMAIN', 'ac.be', 'OFFERMAKER', SYSDATE);
INSERT INTO OFFER_CHAIN_META_DATA (ID, OFFER_CHAIN_ID, NAME, VALUE, CREATED_BY, CREATE_DATE) VALUES (OCMD_ID_SEQ.NEXTVAL, 582508918, 'REQUIRES_EMAIL_DOMAIN', 'ac.il', 'OFFERMAKER', SYSDATE);
INSERT INTO OFFER_CHAIN_META_DATA (ID, OFFER_CHAIN_ID, NAME, VALUE, CREATED_BY, CREATE_DATE) VALUES (OCMD_ID_SEQ.NEXTVAL, 582508918, 'REQUIRES_EMAIL_DOMAIN', 'ac.jp', 'OFFERMAKER', SYSDATE);
INSERT INTO OFFER_CHAIN_META_DATA (ID, OFFER_CHAIN_ID, NAME, VALUE, CREATED_BY, CREATE_DATE) VALUES (OCMD_ID_SEQ.NEXTVAL, 582508918, 'REQUIRES_EMAIL_DOMAIN', 'ac.uk', 'OFFERMAKER', SYSDATE);
INSERT INTO OFFER_CHAIN_META_DATA (ID, OFFER_CHAIN_ID, NAME, VALUE, CREATED_BY, CREATE_DATE) VALUES (OCMD_ID_SEQ.NEXTVAL, 582508918, 'REQUIRES_EMAIL_DOMAIN', 'dcu.ie', 'OFFERMAKER', SYSDATE);
INSERT INTO OFFER_CHAIN_META_DATA (ID, OFFER_CHAIN_ID, NAME, VALUE, CREATED_BY, CREATE_DATE) VALUES (OCMD_ID_SEQ.NEXTVAL, 582508918, 'REQUIRES_EMAIL_DOMAIN', 'edu.au', 'OFFERMAKER', SYSDATE);
INSERT INTO OFFER_CHAIN_META_DATA (ID, OFFER_CHAIN_ID, NAME, VALUE, CREATED_BY, CREATE_DATE) VALUES (OCMD_ID_SEQ.NEXTVAL, 582508918, 'REQUIRES_EMAIL_DOMAIN', 'edu.cn', 'OFFERMAKER', SYSDATE);
INSERT INTO OFFER_CHAIN_META_DATA (ID, OFFER_CHAIN_ID, NAME, VALUE, CREATED_BY, CREATE_DATE) VALUES (OCMD_ID_SEQ.NEXTVAL, 582508918, 'REQUIRES_EMAIL_DOMAIN', 'edu.mx', 'OFFERMAKER', SYSDATE);
INSERT INTO OFFER_CHAIN_META_DATA (ID, OFFER_CHAIN_ID, NAME, VALUE, CREATED_BY, CREATE_DATE) VALUES (OCMD_ID_SEQ.NEXTVAL, 582508918, 'REQUIRES_EMAIL_DOMAIN', 'edu.sa', 'OFFERMAKER', SYSDATE);
INSERT INTO OFFER_CHAIN_META_DATA (ID, OFFER_CHAIN_ID, NAME, VALUE, CREATED_BY, CREATE_DATE) VALUES (OCMD_ID_SEQ.NEXTVAL, 582508918, 'REQUIRES_EMAIL_DOMAIN', 'edu.sg', 'OFFERMAKER', SYSDATE);
INSERT INTO OFFER_CHAIN_META_DATA (ID, OFFER_CHAIN_ID, NAME, VALUE, CREATED_BY, CREATE_DATE) VALUES (OCMD_ID_SEQ.NEXTVAL, 582508918, 'REQUIRES_EMAIL_DOMAIN', 'enst.fr', 'OFFERMAKER', SYSDATE);
INSERT INTO OFFER_CHAIN_META_DATA (ID, OFFER_CHAIN_ID, NAME, VALUE, CREATED_BY, CREATE_DATE) VALUES (OCMD_ID_SEQ.NEXTVAL, 582508918, 'REQUIRES_EMAIL_DOMAIN', 'etu.paris-sorbonne.fr', 'OFFERMAKER', SYSDATE);
INSERT INTO OFFER_CHAIN_META_DATA (ID, OFFER_CHAIN_ID, NAME, VALUE, CREATED_BY, CREATE_DATE) VALUES (OCMD_ID_SEQ.NEXTVAL, 582508918, 'REQUIRES_EMAIL_DOMAIN', 'eur.nl', 'OFFERMAKER', SYSDATE);
INSERT INTO OFFER_CHAIN_META_DATA (ID, OFFER_CHAIN_ID, NAME, VALUE, CREATED_BY, CREATE_DATE) VALUES (OCMD_ID_SEQ.NEXTVAL, 582508918, 'REQUIRES_EMAIL_DOMAIN', 'fh-koeln.de', 'OFFERMAKER', SYSDATE);
INSERT INTO OFFER_CHAIN_META_DATA (ID, OFFER_CHAIN_ID, NAME, VALUE, CREATED_BY, CREATE_DATE) VALUES (OCMD_ID_SEQ.NEXTVAL, 582508918, 'REQUIRES_EMAIL_DOMAIN', 'graduateinstitute.ch', 'OFFERMAKER', SYSDATE);
INSERT INTO OFFER_CHAIN_META_DATA (ID, OFFER_CHAIN_ID, NAME, VALUE, CREATED_BY, CREATE_DATE) VALUES (OCMD_ID_SEQ.NEXTVAL, 582508918, 'REQUIRES_EMAIL_DOMAIN', 'itesm.mx', 'OFFERMAKER', SYSDATE);
INSERT INTO OFFER_CHAIN_META_DATA (ID, OFFER_CHAIN_ID, NAME, VALUE, CREATED_BY, CREATE_DATE) VALUES (OCMD_ID_SEQ.NEXTVAL, 582508918, 'REQUIRES_EMAIL_DOMAIN', 'koncon.nl', 'OFFERMAKER', SYSDATE);
INSERT INTO OFFER_CHAIN_META_DATA (ID, OFFER_CHAIN_ID, NAME, VALUE, CREATED_BY, CREATE_DATE) VALUES (OCMD_ID_SEQ.NEXTVAL, 582508918, 'REQUIRES_EMAIL_DOMAIN', 'ku.dk', 'OFFERMAKER', SYSDATE);
INSERT INTO OFFER_CHAIN_META_DATA (ID, OFFER_CHAIN_ID, NAME, VALUE, CREATED_BY, CREATE_DATE) VALUES (OCMD_ID_SEQ.NEXTVAL, 582508918, 'REQUIRES_EMAIL_DOMAIN', 'langara.bc.ca', 'OFFERMAKER', SYSDATE);
INSERT INTO OFFER_CHAIN_META_DATA (ID, OFFER_CHAIN_ID, NAME, VALUE, CREATED_BY, CREATE_DATE) VALUES (OCMD_ID_SEQ.NEXTVAL, 582508918, 'REQUIRES_EMAIL_DOMAIN', 'leuphana.de', 'OFFERMAKER', SYSDATE);
INSERT INTO OFFER_CHAIN_META_DATA (ID, OFFER_CHAIN_ID, NAME, VALUE, CREATED_BY, CREATE_DATE) VALUES (OCMD_ID_SEQ.NEXTVAL, 582508918, 'REQUIRES_EMAIL_DOMAIN', 'lmu.de', 'OFFERMAKER', SYSDATE);
INSERT INTO OFFER_CHAIN_META_DATA (ID, OFFER_CHAIN_ID, NAME, VALUE, CREATED_BY, CREATE_DATE) VALUES (OCMD_ID_SEQ.NEXTVAL, 582508918, 'REQUIRES_EMAIL_DOMAIN', 'mccg.org', 'OFFERMAKER', SYSDATE);
INSERT INTO OFFER_CHAIN_META_DATA (ID, OFFER_CHAIN_ID, NAME, VALUE, CREATED_BY, CREATE_DATE) VALUES (OCMD_ID_SEQ.NEXTVAL, 582508918, 'REQUIRES_EMAIL_DOMAIN', 'mcmaster.ca', 'OFFERMAKER', SYSDATE);
INSERT INTO OFFER_CHAIN_META_DATA (ID, OFFER_CHAIN_ID, NAME, VALUE, CREATED_BY, CREATE_DATE) VALUES (OCMD_ID_SEQ.NEXTVAL, 582508918, 'REQUIRES_EMAIL_DOMAIN', 'mgh-ita.org', 'OFFERMAKER', SYSDATE);
INSERT INTO OFFER_CHAIN_META_DATA (ID, OFFER_CHAIN_ID, NAME, VALUE, CREATED_BY, CREATE_DATE) VALUES (OCMD_ID_SEQ.NEXTVAL, 582508918, 'REQUIRES_EMAIL_DOMAIN', 'musikkons.dk', 'OFFERMAKER', SYSDATE);
INSERT INTO OFFER_CHAIN_META_DATA (ID, OFFER_CHAIN_ID, NAME, VALUE, CREATED_BY, CREATE_DATE) VALUES (OCMD_ID_SEQ.NEXTVAL, 582508918, 'REQUIRES_EMAIL_DOMAIN', 'nyumc.org', 'OFFERMAKER', SYSDATE);
INSERT INTO OFFER_CHAIN_META_DATA (ID, OFFER_CHAIN_ID, NAME, VALUE, CREATED_BY, CREATE_DATE) VALUES (OCMD_ID_SEQ.NEXTVAL, 582508918, 'REQUIRES_EMAIL_DOMAIN', 'partners.org', 'OFFERMAKER', SYSDATE);
INSERT INTO OFFER_CHAIN_META_DATA (ID, OFFER_CHAIN_ID, NAME, VALUE, CREATED_BY, CREATE_DATE) VALUES (OCMD_ID_SEQ.NEXTVAL, 582508918, 'REQUIRES_EMAIL_DOMAIN', 'presidioedu.org', 'OFFERMAKER', SYSDATE);
INSERT INTO OFFER_CHAIN_META_DATA (ID, OFFER_CHAIN_ID, NAME, VALUE, CREATED_BY, CREATE_DATE) VALUES (OCMD_ID_SEQ.NEXTVAL, 582508918, 'REQUIRES_EMAIL_DOMAIN', 'queensu.ca', 'OFFERMAKER', SYSDATE);
INSERT INTO OFFER_CHAIN_META_DATA (ID, OFFER_CHAIN_ID, NAME, VALUE, CREATED_BY, CREATE_DATE) VALUES (OCMD_ID_SEQ.NEXTVAL, 582508918, 'REQUIRES_EMAIL_DOMAIN', 'questu.ca', 'OFFERMAKER', SYSDATE);
INSERT INTO OFFER_CHAIN_META_DATA (ID, OFFER_CHAIN_ID, NAME, VALUE, CREATED_BY, CREATE_DATE) VALUES (OCMD_ID_SEQ.NEXTVAL, 582508918, 'REQUIRES_EMAIL_DOMAIN', 'su.se', 'OFFERMAKER', SYSDATE);
INSERT INTO OFFER_CHAIN_META_DATA (ID, OFFER_CHAIN_ID, NAME, VALUE, CREATED_BY, CREATE_DATE) VALUES (OCMD_ID_SEQ.NEXTVAL, 582508918, 'REQUIRES_EMAIL_DOMAIN', 'tcd.ie', 'OFFERMAKER', SYSDATE);
INSERT INTO OFFER_CHAIN_META_DATA (ID, OFFER_CHAIN_ID, NAME, VALUE, CREATED_BY, CREATE_DATE) VALUES (OCMD_ID_SEQ.NEXTVAL, 582508918, 'REQUIRES_EMAIL_DOMAIN', 'trinityprep.org', 'OFFERMAKER', SYSDATE);
INSERT INTO OFFER_CHAIN_META_DATA (ID, OFFER_CHAIN_ID, NAME, VALUE, CREATED_BY, CREATE_DATE) VALUES (OCMD_ID_SEQ.NEXTVAL, 582508918, 'REQUIRES_EMAIL_DOMAIN', 'ualberta.ca', 'OFFERMAKER', SYSDATE);
INSERT INTO OFFER_CHAIN_META_DATA (ID, OFFER_CHAIN_ID, NAME, VALUE, CREATED_BY, CREATE_DATE) VALUES (OCMD_ID_SEQ.NEXTVAL, 582508918, 'REQUIRES_EMAIL_DOMAIN', 'uam.es', 'OFFERMAKER', SYSDATE);
INSERT INTO OFFER_CHAIN_META_DATA (ID, OFFER_CHAIN_ID, NAME, VALUE, CREATED_BY, CREATE_DATE) VALUES (OCMD_ID_SEQ.NEXTVAL, 582508918, 'REQUIRES_EMAIL_DOMAIN', 'uc.cl', 'OFFERMAKER', SYSDATE);
INSERT INTO OFFER_CHAIN_META_DATA (ID, OFFER_CHAIN_ID, NAME, VALUE, CREATED_BY, CREATE_DATE) VALUES (OCMD_ID_SEQ.NEXTVAL, 582508918, 'REQUIRES_EMAIL_DOMAIN', 'ucc.ie', 'OFFERMAKER', SYSDATE);
INSERT INTO OFFER_CHAIN_META_DATA (ID, OFFER_CHAIN_ID, NAME, VALUE, CREATED_BY, CREATE_DATE) VALUES (OCMD_ID_SEQ.NEXTVAL, 582508918, 'REQUIRES_EMAIL_DOMAIN', 'ufrgs.br', 'OFFERMAKER', SYSDATE);
INSERT INTO OFFER_CHAIN_META_DATA (ID, OFFER_CHAIN_ID, NAME, VALUE, CREATED_BY, CREATE_DATE) VALUES (OCMD_ID_SEQ.NEXTVAL, 582508918, 'REQUIRES_EMAIL_DOMAIN', 'uib.no', 'OFFERMAKER', SYSDATE);
INSERT INTO OFFER_CHAIN_META_DATA (ID, OFFER_CHAIN_ID, NAME, VALUE, CREATED_BY, CREATE_DATE) VALUES (OCMD_ID_SEQ.NEXTVAL, 582508918, 'REQUIRES_EMAIL_DOMAIN', 'uio.no', 'OFFERMAKER', SYSDATE);
INSERT INTO OFFER_CHAIN_META_DATA (ID, OFFER_CHAIN_ID, NAME, VALUE, CREATED_BY, CREATE_DATE) VALUES (OCMD_ID_SEQ.NEXTVAL, 582508918, 'REQUIRES_EMAIL_DOMAIN', 'umanitoba.ca', 'OFFERMAKER', SYSDATE);
INSERT INTO OFFER_CHAIN_META_DATA (ID, OFFER_CHAIN_ID, NAME, VALUE, CREATED_BY, CREATE_DATE) VALUES (OCMD_ID_SEQ.NEXTVAL, 582508918, 'REQUIRES_EMAIL_DOMAIN', 'unibe.ch', 'OFFERMAKER', SYSDATE);
INSERT INTO OFFER_CHAIN_META_DATA (ID, OFFER_CHAIN_ID, NAME, VALUE, CREATED_BY, CREATE_DATE) VALUES (OCMD_ID_SEQ.NEXTVAL, 582508918, 'REQUIRES_EMAIL_DOMAIN', 'unibo.it', 'OFFERMAKER', SYSDATE);
INSERT INTO OFFER_CHAIN_META_DATA (ID, OFFER_CHAIN_ID, NAME, VALUE, CREATED_BY, CREATE_DATE) VALUES (OCMD_ID_SEQ.NEXTVAL, 582508918, 'REQUIRES_EMAIL_DOMAIN', 'unipg.it', 'OFFERMAKER', SYSDATE);
INSERT INTO OFFER_CHAIN_META_DATA (ID, OFFER_CHAIN_ID, NAME, VALUE, CREATED_BY, CREATE_DATE) VALUES (OCMD_ID_SEQ.NEXTVAL, 582508918, 'REQUIRES_EMAIL_DOMAIN', 'uniroma3.it', 'OFFERMAKER', SYSDATE);
INSERT INTO OFFER_CHAIN_META_DATA (ID, OFFER_CHAIN_ID, NAME, VALUE, CREATED_BY, CREATE_DATE) VALUES (OCMD_ID_SEQ.NEXTVAL, 582508918, 'REQUIRES_EMAIL_DOMAIN', 'uoguelph.ca', 'OFFERMAKER', SYSDATE);
INSERT INTO OFFER_CHAIN_META_DATA (ID, OFFER_CHAIN_ID, NAME, VALUE, CREATED_BY, CREATE_DATE) VALUES (OCMD_ID_SEQ.NEXTVAL, 582508918, 'REQUIRES_EMAIL_DOMAIN', 'uqam.ca', 'OFFERMAKER', SYSDATE);
INSERT INTO OFFER_CHAIN_META_DATA (ID, OFFER_CHAIN_ID, NAME, VALUE, CREATED_BY, CREATE_DATE) VALUES (OCMD_ID_SEQ.NEXTVAL, 582508918, 'REQUIRES_EMAIL_DOMAIN', 'usask.ca', 'OFFERMAKER', SYSDATE);
INSERT INTO OFFER_CHAIN_META_DATA (ID, OFFER_CHAIN_ID, NAME, VALUE, CREATED_BY, CREATE_DATE) VALUES (OCMD_ID_SEQ.NEXTVAL, 582508918, 'REQUIRES_EMAIL_DOMAIN', 'usuhs.mil', 'OFFERMAKER', SYSDATE);
INSERT INTO OFFER_CHAIN_META_DATA (ID, OFFER_CHAIN_ID, NAME, VALUE, CREATED_BY, CREATE_DATE) VALUES (OCMD_ID_SEQ.NEXTVAL, 582508918, 'REQUIRES_EMAIL_DOMAIN', 'ut.ee', 'OFFERMAKER', SYSDATE);
INSERT INTO OFFER_CHAIN_META_DATA (ID, OFFER_CHAIN_ID, NAME, VALUE, CREATED_BY, CREATE_DATE) VALUES (OCMD_ID_SEQ.NEXTVAL, 582508918, 'REQUIRES_EMAIL_DOMAIN', 'utfpr.edu.br', 'OFFERMAKER', SYSDATE);
INSERT INTO OFFER_CHAIN_META_DATA (ID, OFFER_CHAIN_ID, NAME, VALUE, CREATED_BY, CREATE_DATE) VALUES (OCMD_ID_SEQ.NEXTVAL, 582508918, 'REQUIRES_EMAIL_DOMAIN', 'uvic.ca', 'OFFERMAKER', SYSDATE);
INSERT INTO OFFER_CHAIN_META_DATA (ID, OFFER_CHAIN_ID, NAME, VALUE, CREATED_BY, CREATE_DATE) VALUES (OCMD_ID_SEQ.NEXTVAL, 582508918, 'REQUIRES_EMAIL_DOMAIN', 'fh-bielefeld.de', 'OFFERMAKER', SYSDATE);
INSERT INTO OFFER_CHAIN_META_DATA (ID, OFFER_CHAIN_ID, NAME, VALUE, CREATED_BY, CREATE_DATE) VALUES (OCMD_ID_SEQ.NEXTVAL, 582508918, 'REQUIRES_EMAIL_DOMAIN', 'viu.ca', 'OFFERMAKER', SYSDATE);
INSERT INTO OFFER_CHAIN_META_DATA (ID, OFFER_CHAIN_ID, NAME, VALUE, CREATED_BY, CREATE_DATE) VALUES (OCMD_ID_SEQ.NEXTVAL, 582508918, 'REQUIRES_EMAIL_DOMAIN', 'uwo.ca', 'OFFERMAKER', SYSDATE);
INSERT INTO OFFER_CHAIN_META_DATA (ID, OFFER_CHAIN_ID, NAME, VALUE, CREATED_BY, CREATE_DATE) VALUES (OCMD_ID_SEQ.NEXTVAL, 582508918, 'REQUIRES_EMAIL_DOMAIN', 'au.dk', 'OFFERMAKER', SYSDATE);
INSERT INTO OFFER_CHAIN_META_DATA (ID, OFFER_CHAIN_ID, NAME, VALUE, CREATED_BY, CREATE_DATE) VALUES (OCMD_ID_SEQ.NEXTVAL, 582508918, 'REQUIRES_EMAIL_DOMAIN', 'uva.nl', 'OFFERMAKER', SYSDATE);
INSERT INTO OFFER_CHAIN_META_DATA (ID, OFFER_CHAIN_ID, NAME, VALUE, CREATED_BY, CREATE_DATE) VALUES (OCMD_ID_SEQ.NEXTVAL, 582508918, 'REQUIRES_EMAIL_DOMAIN', 'sch.uk', 'OFFERMAKER', SYSDATE);
INSERT INTO OFFER_CHAIN_META_DATA (ID, OFFER_CHAIN_ID, NAME, VALUE, CREATED_BY, CREATE_DATE) VALUES (OCMD_ID_SEQ.NEXTVAL, 582508918, 'REQUIRES_EMAIL_DOMAIN', 'pucsp.br', 'OFFERMAKER', SYSDATE);
INSERT INTO OFFER_CHAIN_META_DATA (ID, OFFER_CHAIN_ID, NAME, VALUE, CREATED_BY, CREATE_DATE) VALUES (OCMD_ID_SEQ.NEXTVAL, 582508918, 'REQUIRES_EMAIL_DOMAIN', 'yorku.ca', 'OFFERMAKER', SYSDATE);
INSERT INTO OFFER_CHAIN_META_DATA (ID, OFFER_CHAIN_ID, NAME, VALUE, CREATED_BY, CREATE_DATE) VALUES (OCMD_ID_SEQ.NEXTVAL, 582508918, 'REQUIRES_EMAIL_DOMAIN', 'brocku.ca', 'OFFERMAKER', SYSDATE);
INSERT INTO OFFER_CHAIN_META_DATA (ID, OFFER_CHAIN_ID, NAME, VALUE, CREATED_BY, CREATE_DATE) VALUES (OCMD_ID_SEQ.NEXTVAL, 582508918, 'REQUIRES_EMAIL_DOMAIN', 'um.es', 'OFFERMAKER', SYSDATE);
INSERT INTO OFFER_CHAIN_META_DATA (ID, OFFER_CHAIN_ID, NAME, VALUE, CREATED_BY, CREATE_DATE) VALUES (OCMD_ID_SEQ.NEXTVAL, 582508918, 'REQUIRES_EMAIL_DOMAIN', 'mylaurier.ca', 'OFFERMAKER', SYSDATE);
INSERT INTO OFFER_CHAIN_META_DATA (ID, OFFER_CHAIN_ID, NAME, VALUE, CREATED_BY, CREATE_DATE) VALUES (OCMD_ID_SEQ.NEXTVAL, 582508918, 'REQUIRES_EMAIL_DOMAIN', 'wlu.ca', 'OFFERMAKER', SYSDATE);
INSERT INTO OFFER_CHAIN_META_DATA (ID, OFFER_CHAIN_ID, NAME, VALUE, CREATED_BY, CREATE_DATE) VALUES (OCMD_ID_SEQ.NEXTVAL, 582508918, 'REQUIRES_EMAIL_DOMAIN', 'uni-mannheim.de', 'OFFERMAKER', SYSDATE);
INSERT INTO OFFER_CHAIN_META_DATA (ID, OFFER_CHAIN_ID, NAME, VALUE, CREATED_BY, CREATE_DATE) VALUES (OCMD_ID_SEQ.NEXTVAL, 582508918, 'REQUIRES_EMAIL_DOMAIN', 'uni-potsdam.de', 'OFFERMAKER', SYSDATE);
INSERT INTO OFFER_CHAIN_META_DATA (ID, OFFER_CHAIN_ID, NAME, VALUE, CREATED_BY, CREATE_DATE) VALUES (OCMD_ID_SEQ.NEXTVAL, 582508918, 'REQUIRES_EMAIL_DOMAIN', 'ens.fr', 'OFFERMAKER', SYSDATE);
INSERT INTO OFFER_CHAIN_META_DATA (ID, OFFER_CHAIN_ID, NAME, VALUE, CREATED_BY, CREATE_DATE) VALUES (OCMD_ID_SEQ.NEXTVAL, 582508918, 'REQUIRES_EMAIL_DOMAIN', 'nyt.net', 'OFFERMAKER', SYSDATE);
INSERT INTO OFFER_CHAIN_META_DATA (ID, OFFER_CHAIN_ID, NAME, VALUE, CREATED_BY, CREATE_DATE) VALUES (OCMD_ID_SEQ.NEXTVAL, 582508918, 'CANCELABLE', '1', 'OFFERMAKER', SYSDATE);
INSERT INTO OFFER_CHAIN_META_DATA (ID, OFFER_CHAIN_ID, NAME, VALUE, CREATED_BY, CREATE_DATE) VALUES (OCMD_ID_SEQ.NEXTVAL, 582508918, 'REFUNDABLE', '1', 'OFFERMAKER', SYSDATE);
INSERT INTO OFFER_CHAIN_META_DATA (ID, OFFER_CHAIN_ID, NAME, VALUE, CREATED_BY, CREATE_DATE) VALUES (OCMD_ID_SEQ.NEXTVAL, 582508918, 'FULL_REFUND_DAYS_LIMIT', '30', 'OFFERMAKER', SYSDATE);
INSERT INTO OFFER_CHAIN_META_DATA (ID, OFFER_CHAIN_ID, NAME, VALUE, CREATED_BY, CREATE_DATE) VALUES (OCMD_ID_SEQ.NEXTVAL, 582508918, 'PRORATED_REFUND_DAYS_LIMIT', '334', 'OFFERMAKER', SYSDATE);
INSERT INTO OFFER_CHAIN_META_DATA (ID, OFFER_CHAIN_ID, NAME, VALUE, CREATED_BY, CREATE_DATE) VALUES (OCMD_ID_SEQ.NEXTVAL, 582508918, 'OPEN_TO_ANONYMOUS', '1', 'OFFERMAKER', SYSDATE);
INSERT INTO OFFER_CHAIN_META_DATA (ID, OFFER_CHAIN_ID, NAME, VALUE, CREATED_BY, CREATE_DATE) VALUES (OCMD_ID_SEQ.NEXTVAL, 582508918, 'BUNDLE', 'Bundle D (Digital All Access)', 'OFFERMAKER', SYSDATE);
INSERT INTO OFFER_CHAIN_META_DATA (ID, OFFER_CHAIN_ID, NAME, VALUE, CREATED_BY, CREATE_DATE) VALUES (OCMD_ID_SEQ.NEXTVAL, 582508918, 'ADX_BUNDLE', 'MM_EDU', 'OFFERMAKER', SYSDATE);
INSERT INTO OFFER_CHAIN_META_DATA (ID, OFFER_CHAIN_ID, NAME, VALUE, CREATED_BY, CREATE_DATE) VALUES (OCMD_ID_SEQ.NEXTVAL, 582508918, 'SIEBEL_CAMPAIGN_CODE', '3KJXW', 'OFFERMAKER', SYSDATE);
INSERT INTO OFFER_CHAIN_META_DATA (ID, OFFER_CHAIN_ID, NAME, VALUE, CREATED_BY, CREATE_DATE) VALUES (OCMD_ID_SEQ.NEXTVAL, 582508918, 'ANNUAL_PRICE', '227.50', 'OFFERMAKER', SYSDATE);
INSERT INTO OFFER_CHAIN_META_DATA (ID, OFFER_CHAIN_ID, NAME, VALUE, CREATED_BY, CREATE_DATE) VALUES (OCMD_ID_SEQ.NEXTVAL, 582508918, 'UID', '863908ead9cfeaf0069c5a6bb794f10df7e69624dd059cc84834c62fbb225d0d', 'OFFERMAKER', SYSDATE);
DELETE FROM OFFER_CHAIN_NOTIFICATION_TYPE WHERE offer_chain_id = 582508918;
BEGIN
  SELECT 1 INTO TMP_VAR FROM ACTION WHERE NAME = 'SUBSCRIBE_TO_OFFER_CHAIN';
EXCEPTION
  WHEN NO_DATA_FOUND THEN
    INSERT INTO ACTION (ID, NAME, CREATE_DATE, CREATED_BY) VALUES (ACTION_ID_SEQ.NEXTVAL, 'SUBSCRIBE_TO_OFFER_CHAIN', SYSDATE, 'OFFERMAKER');
END;
BEGIN
  SELECT 1 INTO TMP_VAR FROM CORE_OWNER.NOTIFICATION_TYPE WHERE VALUE = 'sartre-digital-purchase-edu';
EXCEPTION
  WHEN NO_DATA_FOUND THEN NULL;
    INSERT INTO CORE_OWNER.NOTIFICATION_TYPE (ID, VALUE, TEMPLATE_URL) VALUES (CORE_OWNER.NOTTID_SEQ.NEXTVAL, 'sartre-digital-purchase-edu', 'N/A');
END;
BEGIN
  SELECT 1 INTO TMP_VAR FROM ACTION WHERE NAME = 'UPGRADE_SUBSCRIPTION';
EXCEPTION
  WHEN NO_DATA_FOUND THEN
    INSERT INTO ACTION (ID, NAME, CREATE_DATE, CREATED_BY) VALUES (ACTION_ID_SEQ.NEXTVAL, 'UPGRADE_SUBSCRIPTION', SYSDATE, 'OFFERMAKER');
END;
BEGIN
  SELECT 1 INTO TMP_VAR FROM CORE_OWNER.NOTIFICATION_TYPE WHERE VALUE = 'sartre-digital-purchase-edu';
EXCEPTION
  WHEN NO_DATA_FOUND THEN NULL;
    INSERT INTO CORE_OWNER.NOTIFICATION_TYPE (ID, VALUE, TEMPLATE_URL) VALUES (CORE_OWNER.NOTTID_SEQ.NEXTVAL, 'sartre-digital-purchase-edu', 'N/A');
END;
BEGIN
  SELECT 1 INTO TMP_VAR FROM ACTION WHERE NAME = 'CANCEL_SUBSCRIPTION';
EXCEPTION
  WHEN NO_DATA_FOUND THEN
    INSERT INTO ACTION (ID, NAME, CREATE_DATE, CREATED_BY) VALUES (ACTION_ID_SEQ.NEXTVAL, 'CANCEL_SUBSCRIPTION', SYSDATE, 'OFFERMAKER');
END;
BEGIN
  SELECT 1 INTO TMP_VAR FROM CORE_OWNER.NOTIFICATION_TYPE WHERE VALUE = 'sartre-cancel';
EXCEPTION
  WHEN NO_DATA_FOUND THEN NULL;
    INSERT INTO CORE_OWNER.NOTIFICATION_TYPE (ID, VALUE, TEMPLATE_URL) VALUES (CORE_OWNER.NOTTID_SEQ.NEXTVAL, 'sartre-cancel', 'N/A');
END;
BEGIN
  SELECT 1 INTO TMP_VAR FROM ACTION WHERE NAME = 'SYSTEM_CANCEL';
EXCEPTION
  WHEN NO_DATA_FOUND THEN
    INSERT INTO ACTION (ID, NAME, CREATE_DATE, CREATED_BY) VALUES (ACTION_ID_SEQ.NEXTVAL, 'SYSTEM_CANCEL', SYSDATE, 'OFFERMAKER');
END;
BEGIN
  SELECT 1 INTO TMP_VAR FROM CORE_OWNER.NOTIFICATION_TYPE WHERE VALUE = 'sartre-decline-edu-and-k12';
EXCEPTION
  WHEN NO_DATA_FOUND THEN NULL;
    INSERT INTO CORE_OWNER.NOTIFICATION_TYPE (ID, VALUE, TEMPLATE_URL) VALUES (CORE_OWNER.NOTTID_SEQ.NEXTVAL, 'sartre-decline-edu-and-k12', 'N/A');
END;
BEGIN
  SELECT 1 INTO TMP_VAR FROM ACTION WHERE NAME = 'CREDIT_CARD_EXP';
EXCEPTION
  WHEN NO_DATA_FOUND THEN
    INSERT INTO ACTION (ID, NAME, CREATE_DATE, CREATED_BY) VALUES (ACTION_ID_SEQ.NEXTVAL, 'CREDIT_CARD_EXP', SYSDATE, 'OFFERMAKER');
END;
BEGIN
  SELECT 1 INTO TMP_VAR FROM CORE_OWNER.NOTIFICATION_TYPE WHERE VALUE = 'card_expiration';
EXCEPTION
  WHEN NO_DATA_FOUND THEN NULL;
    INSERT INTO CORE_OWNER.NOTIFICATION_TYPE (ID, VALUE, TEMPLATE_URL) VALUES (CORE_OWNER.NOTTID_SEQ.NEXTVAL, 'card_expiration', 'N/A');
END;
INSERT INTO OFFER_CHAIN_NOTIFICATION_TYPE (ID, OFFER_CHAIN_ID, NOTIFICATION_TYPE_ID, ACTION_ID, CREATED_BY, CREATE_DATE) VALUES (OCET_ID_SEQ.NEXTVAL, 582508918, (SELECT ID FROM CORE_OWNER.NOTIFICATION_TYPE WHERE VALUE = 'sartre-digital-purchase-edu'), (SELECT ID FROM ACTION WHERE NAME = 'SUBSCRIBE_TO_OFFER_CHAIN'), 'OFFERMAKER', SYSDATE);
INSERT INTO OFFER_CHAIN_NOTIFICATION_TYPE (ID, OFFER_CHAIN_ID, NOTIFICATION_TYPE_ID, ACTION_ID, CREATED_BY, CREATE_DATE) VALUES (OCET_ID_SEQ.NEXTVAL, 582508918, (SELECT ID FROM CORE_OWNER.NOTIFICATION_TYPE WHERE VALUE = 'sartre-digital-purchase-edu'), (SELECT ID FROM ACTION WHERE NAME = 'UPGRADE_SUBSCRIPTION'), 'OFFERMAKER', SYSDATE);
INSERT INTO OFFER_CHAIN_NOTIFICATION_TYPE (ID, OFFER_CHAIN_ID, NOTIFICATION_TYPE_ID, ACTION_ID, CREATED_BY, CREATE_DATE) VALUES (OCET_ID_SEQ.NEXTVAL, 582508918, (SELECT ID FROM CORE_OWNER.NOTIFICATION_TYPE WHERE VALUE = 'sartre-cancel'), (SELECT ID FROM ACTION WHERE NAME = 'CANCEL_SUBSCRIPTION'), 'OFFERMAKER', SYSDATE);
INSERT INTO OFFER_CHAIN_NOTIFICATION_TYPE (ID, OFFER_CHAIN_ID, NOTIFICATION_TYPE_ID, ACTION_ID, CREATED_BY, CREATE_DATE) VALUES (OCET_ID_SEQ.NEXTVAL, 582508918, (SELECT ID FROM CORE_OWNER.NOTIFICATION_TYPE WHERE VALUE = 'sartre-decline-edu-and-k12'), (SELECT ID FROM ACTION WHERE NAME = 'SYSTEM_CANCEL'), 'OFFERMAKER', SYSDATE);
INSERT INTO OFFER_CHAIN_NOTIFICATION_TYPE (ID, OFFER_CHAIN_ID, NOTIFICATION_TYPE_ID, ACTION_ID, CREATED_BY, CREATE_DATE) VALUES (OCET_ID_SEQ.NEXTVAL, 582508918, (SELECT ID FROM CORE_OWNER.NOTIFICATION_TYPE WHERE VALUE = 'card_expiration'), (SELECT ID FROM ACTION WHERE NAME = 'CREDIT_CARD_EXP'), 'OFFERMAKER', SYSDATE);
BEGIN
  SELECT 1 INTO TMP_VAR FROM OFFER_OFFER_CHAIN WHERE OFFER_CHAIN_ID = 582508918 AND INDEX_VALUE = 0 AND ROWNUM <= 1;
EXCEPTION
  WHEN NO_DATA_FOUND THEN
INSERT INTO OFFER (ID, OFFER_STATUS_ID, ENTITLEMENT_DURATION, CREATED_BY, CREATE_DATE, updated_by, update_date) VALUES (OFR_ID_SEQ.NEXTVAL, 1, 'P0Y0M364DT0H0M', 'OFFERMAKER', SYSDATE, 'OFFERMAKER', SYSDATE);
BEGIN
  SELECT ID INTO CUR_PRD_ID FROM PRODUCT WHERE NAME = 'Web' AND ROWNUM <= 1;
EXCEPTION
  WHEN NO_DATA_FOUND THEN
    INSERT INTO PRODUCT (ID, NAME, CREATED_BY, CREATE_DATE) VALUES (PRD_ID_SEQ.NEXTVAL, 'Web', 'OFFERMAKER', SYSDATE);
    SELECT ID INTO CUR_PRD_ID FROM PRODUCT WHERE NAME = 'Web' AND ROWNUM <= 1;
  WHEN OTHERS THEN
    RAISE;
END;
INSERT INTO PRODUCT_OFFERING (ID, PRODUCT_ID, TAX_POLICY_TYPE_ID, QUANTITY, UNIT_PRICE, CREATED_BY, CREATE_DATE) VALUES (PO_ID_SEQ.NEXTVAL, CUR_PRD_ID, '1', '364', '0.357143', 'OFFERMAKER', SYSDATE);
INSERT INTO OFFER_PRODUCT_OFFERING (OFFER_ID, PRODUCT_OFFERING_ID, CREATED_BY, CREATE_DATE) VALUES (OFR_ID_SEQ.CURRVAL, PO_ID_SEQ.CURRVAL, 'OFFERMAKER', SYSDATE);
INSERT INTO DISCOUNT (ID, NAME, DESCRIPTION, FIXED_AMOUNT, PERCENT_AMOUNT, DISCOUNT_TYPE_ID, CREATED_BY, CREATE_DATE) VALUES (DSC_ID_SEQ.NEXTVAL, 'Discount', 'Off: 210.99. P.Disc: 60.280. P.Full: 130.000', '69.72', '0', 1, 'OFFERMAKER', SYSDATE);
INSERT INTO DISCOUNT_PRODUCT_OFFERING (DISCOUNT_ID, PRODUCT_OFFERING_ID, CREATED_BY, CREATE_DATE) VALUES (DSC_ID_SEQ.CURRVAL, PO_ID_SEQ.CURRVAL, 'OFFERMAKER', SYSDATE);
BEGIN
  SELECT ID INTO CUR_PRD_ID FROM PRODUCT WHERE NAME = 'Mobile' AND ROWNUM <= 1;
EXCEPTION
  WHEN NO_DATA_FOUND THEN
    INSERT INTO PRODUCT (ID, NAME, CREATED_BY, CREATE_DATE) VALUES (PRD_ID_SEQ.NEXTVAL, 'Mobile', 'OFFERMAKER', SYSDATE);
    SELECT ID INTO CUR_PRD_ID FROM PRODUCT WHERE NAME = 'Mobile' AND ROWNUM <= 1;
  WHEN OTHERS THEN
    RAISE;
END;
INSERT INTO PRODUCT_OFFERING (ID, PRODUCT_ID, TAX_POLICY_TYPE_ID, QUANTITY, UNIT_PRICE, CREATED_BY, CREATE_DATE) VALUES (PO_ID_SEQ.NEXTVAL, CUR_PRD_ID, '1', '364', '0', 'OFFERMAKER', SYSDATE);
INSERT INTO OFFER_PRODUCT_OFFERING (OFFER_ID, PRODUCT_OFFERING_ID, CREATED_BY, CREATE_DATE) VALUES (OFR_ID_SEQ.CURRVAL, PO_ID_SEQ.CURRVAL, 'OFFERMAKER', SYSDATE);
BEGIN
  SELECT ID INTO CUR_PRD_ID FROM PRODUCT WHERE NAME = 'Archive Article' AND ROWNUM <= 1;
EXCEPTION
  WHEN NO_DATA_FOUND THEN
    INSERT INTO PRODUCT (ID, NAME, CREATED_BY, CREATE_DATE) VALUES (PRD_ID_SEQ.NEXTVAL, 'Archive Article', 'OFFERMAKER', SYSDATE);
    SELECT ID INTO CUR_PRD_ID FROM PRODUCT WHERE NAME = 'Archive Article' AND ROWNUM <= 1;
  WHEN OTHERS THEN
    RAISE;
END;
INSERT INTO PRODUCT_OFFERING (ID, PRODUCT_ID, TAX_POLICY_TYPE_ID, QUANTITY, UNIT_PRICE, CREATED_BY, CREATE_DATE) VALUES (PO_ID_SEQ.NEXTVAL, CUR_PRD_ID, '1', '1300', '0', 'OFFERMAKER', SYSDATE);
INSERT INTO OFFER_PRODUCT_OFFERING (OFFER_ID, PRODUCT_OFFERING_ID, CREATED_BY, CREATE_DATE) VALUES (OFR_ID_SEQ.CURRVAL, PO_ID_SEQ.CURRVAL, 'OFFERMAKER', SYSDATE);
BEGIN
  SELECT ID INTO CUR_PRD_ID FROM PRODUCT WHERE NAME = 'TimesMachine' AND ROWNUM <= 1;
EXCEPTION
  WHEN NO_DATA_FOUND THEN
    INSERT INTO PRODUCT (ID, NAME, CREATED_BY, CREATE_DATE) VALUES (PRD_ID_SEQ.NEXTVAL, 'TimesMachine', 'OFFERMAKER', SYSDATE);
    SELECT ID INTO CUR_PRD_ID FROM PRODUCT WHERE NAME = 'TimesMachine' AND ROWNUM <= 1;
  WHEN OTHERS THEN
    RAISE;
END;
INSERT INTO PRODUCT_OFFERING (ID, PRODUCT_ID, TAX_POLICY_TYPE_ID, QUANTITY, UNIT_PRICE, CREATED_BY, CREATE_DATE) VALUES (PO_ID_SEQ.NEXTVAL, CUR_PRD_ID, '1', '364', '0', 'OFFERMAKER', SYSDATE);
INSERT INTO OFFER_PRODUCT_OFFERING (OFFER_ID, PRODUCT_OFFERING_ID, CREATED_BY, CREATE_DATE) VALUES (OFR_ID_SEQ.CURRVAL, PO_ID_SEQ.CURRVAL, 'OFFERMAKER', SYSDATE);
BEGIN
  SELECT ID INTO CUR_PRD_ID FROM PRODUCT WHERE NAME = 'Smartphone' AND ROWNUM <= 1;
EXCEPTION
  WHEN NO_DATA_FOUND THEN
    INSERT INTO PRODUCT (ID, NAME, CREATED_BY, CREATE_DATE) VALUES (PRD_ID_SEQ.NEXTVAL, 'Smartphone', 'OFFERMAKER', SYSDATE);
    SELECT ID INTO CUR_PRD_ID FROM PRODUCT WHERE NAME = 'Smartphone' AND ROWNUM <= 1;
  WHEN OTHERS THEN
    RAISE;
END;
INSERT INTO PRODUCT_OFFERING (ID, PRODUCT_ID, TAX_POLICY_TYPE_ID, QUANTITY, UNIT_PRICE, CREATED_BY, CREATE_DATE) VALUES (PO_ID_SEQ.NEXTVAL, CUR_PRD_ID, '1', '364', '0.178571', 'OFFERMAKER', SYSDATE);
INSERT INTO OFFER_PRODUCT_OFFERING (OFFER_ID, PRODUCT_OFFERING_ID, CREATED_BY, CREATE_DATE) VALUES (OFR_ID_SEQ.CURRVAL, PO_ID_SEQ.CURRVAL, 'OFFERMAKER', SYSDATE);
INSERT INTO DISCOUNT (ID, NAME, DESCRIPTION, FIXED_AMOUNT, PERCENT_AMOUNT, DISCOUNT_TYPE_ID, CREATED_BY, CREATE_DATE) VALUES (DSC_ID_SEQ.NEXTVAL, 'Discount', 'Off: 210.99. P.Disc: 30.1398. P.Full: 64.9998', '34.86', '0', 1, 'OFFERMAKER', SYSDATE);
INSERT INTO DISCOUNT_PRODUCT_OFFERING (DISCOUNT_ID, PRODUCT_OFFERING_ID, CREATED_BY, CREATE_DATE) VALUES (DSC_ID_SEQ.CURRVAL, PO_ID_SEQ.CURRVAL, 'OFFERMAKER', SYSDATE);
BEGIN
  SELECT ID INTO CUR_PRD_ID FROM PRODUCT WHERE NAME = 'Tablet' AND ROWNUM <= 1;
EXCEPTION
  WHEN NO_DATA_FOUND THEN
    INSERT INTO PRODUCT (ID, NAME, CREATED_BY, CREATE_DATE) VALUES (PRD_ID_SEQ.NEXTVAL, 'Tablet', 'OFFERMAKER', SYSDATE);
    SELECT ID INTO CUR_PRD_ID FROM PRODUCT WHERE NAME = 'Tablet' AND ROWNUM <= 1;
  WHEN OTHERS THEN
    RAISE;
END;
INSERT INTO PRODUCT_OFFERING (ID, PRODUCT_ID, TAX_POLICY_TYPE_ID, QUANTITY, UNIT_PRICE, CREATED_BY, CREATE_DATE) VALUES (PO_ID_SEQ.NEXTVAL, CUR_PRD_ID, '1', '364', '0.714286', 'OFFERMAKER', SYSDATE);
INSERT INTO OFFER_PRODUCT_OFFERING (OFFER_ID, PRODUCT_OFFERING_ID, CREATED_BY, CREATE_DATE) VALUES (OFR_ID_SEQ.CURRVAL, PO_ID_SEQ.CURRVAL, 'OFFERMAKER', SYSDATE);
INSERT INTO DISCOUNT (ID, NAME, DESCRIPTION, FIXED_AMOUNT, PERCENT_AMOUNT, DISCOUNT_TYPE_ID, CREATED_BY, CREATE_DATE) VALUES (DSC_ID_SEQ.NEXTVAL, 'Discount', 'Off: 210.99. P.Disc: 120.570. P.Full: 260.000', '139.43', '0', 1, 'OFFERMAKER', SYSDATE);
INSERT INTO DISCOUNT_PRODUCT_OFFERING (DISCOUNT_ID, PRODUCT_OFFERING_ID, CREATED_BY, CREATE_DATE) VALUES (DSC_ID_SEQ.CURRVAL, PO_ID_SEQ.CURRVAL, 'OFFERMAKER', SYSDATE);
BEGIN
  SELECT ID INTO CUR_PRD_ID FROM PRODUCT WHERE NAME = 'TimesReader' AND ROWNUM <= 1;
EXCEPTION
  WHEN NO_DATA_FOUND THEN
    INSERT INTO PRODUCT (ID, NAME, CREATED_BY, CREATE_DATE) VALUES (PRD_ID_SEQ.NEXTVAL, 'TimesReader', 'OFFERMAKER', SYSDATE);
    SELECT ID INTO CUR_PRD_ID FROM PRODUCT WHERE NAME = 'TimesReader' AND ROWNUM <= 1;
  WHEN OTHERS THEN
    RAISE;
END;
INSERT INTO PRODUCT_OFFERING (ID, PRODUCT_ID, TAX_POLICY_TYPE_ID, QUANTITY, UNIT_PRICE, CREATED_BY, CREATE_DATE) VALUES (PO_ID_SEQ.NEXTVAL, CUR_PRD_ID, '1', '364', '0', 'OFFERMAKER', SYSDATE);
INSERT INTO OFFER_PRODUCT_OFFERING (OFFER_ID, PRODUCT_OFFERING_ID, CREATED_BY, CREATE_DATE) VALUES (OFR_ID_SEQ.CURRVAL, PO_ID_SEQ.CURRVAL, 'OFFERMAKER', SYSDATE);
INSERT INTO OFFER_OFFER_CHAIN (OFFER_ID, OFFER_CHAIN_ID, INDEX_VALUE, NUM_RECURRENCES, CREATED_BY, CREATE_DATE, updated_by, update_date) VALUES (OFR_ID_SEQ.CURRVAL, 582508918, '0', '1', 'OFFERMAKER', SYSDATE, 'OFFERMAKER', SYSDATE);
END;
BEGIN
  SELECT 1 INTO TMP_VAR FROM OFFER_OFFER_CHAIN WHERE OFFER_CHAIN_ID = 582508918 AND INDEX_VALUE = 1 AND ROWNUM <= 1;
EXCEPTION
  WHEN NO_DATA_FOUND THEN
INSERT INTO OFFER (ID, OFFER_STATUS_ID, ENTITLEMENT_DURATION, CREATED_BY, CREATE_DATE, updated_by, update_date) VALUES (OFR_ID_SEQ.NEXTVAL, 1, 'P0Y0M364DT0H0M', 'OFFERMAKER', SYSDATE, 'OFFERMAKER', SYSDATE);
BEGIN
  SELECT ID INTO CUR_PRD_ID FROM PRODUCT WHERE NAME = 'Web' AND ROWNUM <= 1;
EXCEPTION
  WHEN NO_DATA_FOUND THEN
    INSERT INTO PRODUCT (ID, NAME, CREATED_BY, CREATE_DATE) VALUES (PRD_ID_SEQ.NEXTVAL, 'Web', 'OFFERMAKER', SYSDATE);
    SELECT ID INTO CUR_PRD_ID FROM PRODUCT WHERE NAME = 'Web' AND ROWNUM <= 1;
  WHEN OTHERS THEN
    RAISE;
END;
INSERT INTO PRODUCT_OFFERING (ID, PRODUCT_ID, TAX_POLICY_TYPE_ID, QUANTITY, UNIT_PRICE, CREATED_BY, CREATE_DATE) VALUES (PO_ID_SEQ.NEXTVAL, CUR_PRD_ID, '1', '364', '0.357143', 'OFFERMAKER', SYSDATE);
INSERT INTO OFFER_PRODUCT_OFFERING (OFFER_ID, PRODUCT_OFFERING_ID, CREATED_BY, CREATE_DATE) VALUES (OFR_ID_SEQ.CURRVAL, PO_ID_SEQ.CURRVAL, 'OFFERMAKER', SYSDATE);
INSERT INTO DISCOUNT (ID, NAME, DESCRIPTION, FIXED_AMOUNT, PERCENT_AMOUNT, DISCOUNT_TYPE_ID, CREATED_BY, CREATE_DATE) VALUES (DSC_ID_SEQ.NEXTVAL, 'Discount', 'Off: 227.5. P.Disc: 65.000. P.Full: 130.000', '65.00', '0', 1, 'OFFERMAKER', SYSDATE);
INSERT INTO DISCOUNT_PRODUCT_OFFERING (DISCOUNT_ID, PRODUCT_OFFERING_ID, CREATED_BY, CREATE_DATE) VALUES (DSC_ID_SEQ.CURRVAL, PO_ID_SEQ.CURRVAL, 'OFFERMAKER', SYSDATE);
BEGIN
  SELECT ID INTO CUR_PRD_ID FROM PRODUCT WHERE NAME = 'Mobile' AND ROWNUM <= 1;
EXCEPTION
  WHEN NO_DATA_FOUND THEN
    INSERT INTO PRODUCT (ID, NAME, CREATED_BY, CREATE_DATE) VALUES (PRD_ID_SEQ.NEXTVAL, 'Mobile', 'OFFERMAKER', SYSDATE);
    SELECT ID INTO CUR_PRD_ID FROM PRODUCT WHERE NAME = 'Mobile' AND ROWNUM <= 1;
  WHEN OTHERS THEN
    RAISE;
END;
INSERT INTO PRODUCT_OFFERING (ID, PRODUCT_ID, TAX_POLICY_TYPE_ID, QUANTITY, UNIT_PRICE, CREATED_BY, CREATE_DATE) VALUES (PO_ID_SEQ.NEXTVAL, CUR_PRD_ID, '1', '364', '0', 'OFFERMAKER', SYSDATE);
INSERT INTO OFFER_PRODUCT_OFFERING (OFFER_ID, PRODUCT_OFFERING_ID, CREATED_BY, CREATE_DATE) VALUES (OFR_ID_SEQ.CURRVAL, PO_ID_SEQ.CURRVAL, 'OFFERMAKER', SYSDATE);
BEGIN
  SELECT ID INTO CUR_PRD_ID FROM PRODUCT WHERE NAME = 'Archive Article' AND ROWNUM <= 1;
EXCEPTION
  WHEN NO_DATA_FOUND THEN
    INSERT INTO PRODUCT (ID, NAME, CREATED_BY, CREATE_DATE) VALUES (PRD_ID_SEQ.NEXTVAL, 'Archive Article', 'OFFERMAKER', SYSDATE);
    SELECT ID INTO CUR_PRD_ID FROM PRODUCT WHERE NAME = 'Archive Article' AND ROWNUM <= 1;
  WHEN OTHERS THEN
    RAISE;
END;
INSERT INTO PRODUCT_OFFERING (ID, PRODUCT_ID, TAX_POLICY_TYPE_ID, QUANTITY, UNIT_PRICE, CREATED_BY, CREATE_DATE) VALUES (PO_ID_SEQ.NEXTVAL, CUR_PRD_ID, '1', '1300', '0', 'OFFERMAKER', SYSDATE);
INSERT INTO OFFER_PRODUCT_OFFERING (OFFER_ID, PRODUCT_OFFERING_ID, CREATED_BY, CREATE_DATE) VALUES (OFR_ID_SEQ.CURRVAL, PO_ID_SEQ.CURRVAL, 'OFFERMAKER', SYSDATE);
BEGIN
  SELECT ID INTO CUR_PRD_ID FROM PRODUCT WHERE NAME = 'TimesMachine' AND ROWNUM <= 1;
EXCEPTION
  WHEN NO_DATA_FOUND THEN
    INSERT INTO PRODUCT (ID, NAME, CREATED_BY, CREATE_DATE) VALUES (PRD_ID_SEQ.NEXTVAL, 'TimesMachine', 'OFFERMAKER', SYSDATE);
    SELECT ID INTO CUR_PRD_ID FROM PRODUCT WHERE NAME = 'TimesMachine' AND ROWNUM <= 1;
  WHEN OTHERS THEN
    RAISE;
END;
INSERT INTO PRODUCT_OFFERING (ID, PRODUCT_ID, TAX_POLICY_TYPE_ID, QUANTITY, UNIT_PRICE, CREATED_BY, CREATE_DATE) VALUES (PO_ID_SEQ.NEXTVAL, CUR_PRD_ID, '1', '364', '0', 'OFFERMAKER', SYSDATE);
INSERT INTO OFFER_PRODUCT_OFFERING (OFFER_ID, PRODUCT_OFFERING_ID, CREATED_BY, CREATE_DATE) VALUES (OFR_ID_SEQ.CURRVAL, PO_ID_SEQ.CURRVAL, 'OFFERMAKER', SYSDATE);
BEGIN
  SELECT ID INTO CUR_PRD_ID FROM PRODUCT WHERE NAME = 'Smartphone' AND ROWNUM <= 1;
EXCEPTION
  WHEN NO_DATA_FOUND THEN
    INSERT INTO PRODUCT (ID, NAME, CREATED_BY, CREATE_DATE) VALUES (PRD_ID_SEQ.NEXTVAL, 'Smartphone', 'OFFERMAKER', SYSDATE);
    SELECT ID INTO CUR_PRD_ID FROM PRODUCT WHERE NAME = 'Smartphone' AND ROWNUM <= 1;
  WHEN OTHERS THEN
    RAISE;
END;
INSERT INTO PRODUCT_OFFERING (ID, PRODUCT_ID, TAX_POLICY_TYPE_ID, QUANTITY, UNIT_PRICE, CREATED_BY, CREATE_DATE) VALUES (PO_ID_SEQ.NEXTVAL, CUR_PRD_ID, '1', '364', '0.178571', 'OFFERMAKER', SYSDATE);
INSERT INTO OFFER_PRODUCT_OFFERING (OFFER_ID, PRODUCT_OFFERING_ID, CREATED_BY, CREATE_DATE) VALUES (OFR_ID_SEQ.CURRVAL, PO_ID_SEQ.CURRVAL, 'OFFERMAKER', SYSDATE);
INSERT INTO DISCOUNT (ID, NAME, DESCRIPTION, FIXED_AMOUNT, PERCENT_AMOUNT, DISCOUNT_TYPE_ID, CREATED_BY, CREATE_DATE) VALUES (DSC_ID_SEQ.NEXTVAL, 'Discount', 'Off: 227.5. P.Disc: 32.4998. P.Full: 64.9998', '32.50', '0', 1, 'OFFERMAKER', SYSDATE);
INSERT INTO DISCOUNT_PRODUCT_OFFERING (DISCOUNT_ID, PRODUCT_OFFERING_ID, CREATED_BY, CREATE_DATE) VALUES (DSC_ID_SEQ.CURRVAL, PO_ID_SEQ.CURRVAL, 'OFFERMAKER', SYSDATE);
BEGIN
  SELECT ID INTO CUR_PRD_ID FROM PRODUCT WHERE NAME = 'Tablet' AND ROWNUM <= 1;
EXCEPTION
  WHEN NO_DATA_FOUND THEN
    INSERT INTO PRODUCT (ID, NAME, CREATED_BY, CREATE_DATE) VALUES (PRD_ID_SEQ.NEXTVAL, 'Tablet', 'OFFERMAKER', SYSDATE);
    SELECT ID INTO CUR_PRD_ID FROM PRODUCT WHERE NAME = 'Tablet' AND ROWNUM <= 1;
  WHEN OTHERS THEN
    RAISE;
END;
INSERT INTO PRODUCT_OFFERING (ID, PRODUCT_ID, TAX_POLICY_TYPE_ID, QUANTITY, UNIT_PRICE, CREATED_BY, CREATE_DATE) VALUES (PO_ID_SEQ.NEXTVAL, CUR_PRD_ID, '1', '364', '0.714286', 'OFFERMAKER', SYSDATE);
INSERT INTO OFFER_PRODUCT_OFFERING (OFFER_ID, PRODUCT_OFFERING_ID, CREATED_BY, CREATE_DATE) VALUES (OFR_ID_SEQ.CURRVAL, PO_ID_SEQ.CURRVAL, 'OFFERMAKER', SYSDATE);
INSERT INTO DISCOUNT (ID, NAME, DESCRIPTION, FIXED_AMOUNT, PERCENT_AMOUNT, DISCOUNT_TYPE_ID, CREATED_BY, CREATE_DATE) VALUES (DSC_ID_SEQ.NEXTVAL, 'Discount', 'Off: 227.5. P.Disc: 130.000. P.Full: 260.000', '130.00', '0', 1, 'OFFERMAKER', SYSDATE);
INSERT INTO DISCOUNT_PRODUCT_OFFERING (DISCOUNT_ID, PRODUCT_OFFERING_ID, CREATED_BY, CREATE_DATE) VALUES (DSC_ID_SEQ.CURRVAL, PO_ID_SEQ.CURRVAL, 'OFFERMAKER', SYSDATE);
BEGIN
  SELECT ID INTO CUR_PRD_ID FROM PRODUCT WHERE NAME = 'TimesReader' AND ROWNUM <= 1;
EXCEPTION
  WHEN NO_DATA_FOUND THEN
    INSERT INTO PRODUCT (ID, NAME, CREATED_BY, CREATE_DATE) VALUES (PRD_ID_SEQ.NEXTVAL, 'TimesReader', 'OFFERMAKER', SYSDATE);
    SELECT ID INTO CUR_PRD_ID FROM PRODUCT WHERE NAME = 'TimesReader' AND ROWNUM <= 1;
  WHEN OTHERS THEN
    RAISE;
END;
INSERT INTO PRODUCT_OFFERING (ID, PRODUCT_ID, TAX_POLICY_TYPE_ID, QUANTITY, UNIT_PRICE, CREATED_BY, CREATE_DATE) VALUES (PO_ID_SEQ.NEXTVAL, CUR_PRD_ID, '1', '364', '0', 'OFFERMAKER', SYSDATE);
INSERT INTO OFFER_PRODUCT_OFFERING (OFFER_ID, PRODUCT_OFFERING_ID, CREATED_BY, CREATE_DATE) VALUES (OFR_ID_SEQ.CURRVAL, PO_ID_SEQ.CURRVAL, 'OFFERMAKER', SYSDATE);
INSERT INTO OFFER_OFFER_CHAIN (OFFER_ID, OFFER_CHAIN_ID, INDEX_VALUE, NUM_RECURRENCES, CREATED_BY, CREATE_DATE, updated_by, update_date) VALUES (OFR_ID_SEQ.CURRVAL, 582508918, '1', '-1', 'OFFERMAKER', SYSDATE, 'OFFERMAKER', SYSDATE);
END;
END;
/
COMMIT;
DECLARE
TMP_VAR NUMBER;
CUR_PRD_ID NUMBER;
CUR_CAPABILITY_ID NUMBER;
BEGIN
BEGIN
  SELECT 1 INTO TMP_VAR FROM OFFER_CHAIN WHERE ID = 3305765669 AND ROWNUM <= 1;
  UPDATE OFFER_CHAIN SET NAME='NYTimes: Web + Smartphone App', DESCRIPTION='Unlimited access to NYTimes.com and the NYTimes smartphone app.*', PRODUCT_URI='', VENDOR_SOURCE_ID='1', BILLING_SOURCE_ID=(SELECT ID FROM BILLING_SOURCE BS WHERE BS.NAME='Sartre'), IS_SEAT_LICENSE=0, GROUP_ACCOUNT_TYPE_ID='NO',IS_ADDRESS_REQUIRED=0, OFFER_CHAIN_STATUS_ID = 1, UPDATE_DATE = SYSDATE, UPDATED_BY = 'OFFERMAKER', IS_GIFT_CERTIFICATE='0', REVOKE_ENTITLEMENTS = '0', ADOPTABILITY_WINDOW_START_DATE = to_date('15-Jul-2013 00:00:00','DD-MON-YY HH24:MI:SS'), ADOPTABILITY_WINDOW_END_DATE = to_date('31-Dec-2069 00:00:00','DD-MON-YY HH24:MI:SS'), AMAZON_APPSTORE_SKU=NULL WHERE ID = 3305765669;
EXCEPTION
  WHEN NO_DATA_FOUND THEN
    INSERT INTO OFFER_CHAIN (ID, NAME, DESCRIPTION, ADOPTABILITY_WINDOW_START_DATE, ADOPTABILITY_WINDOW_END_DATE, IS_GIFT_CERTIFICATE, PRODUCT_URI, OFFER_CHAIN_STATUS_ID, REVOKE_ENTITLEMENTS, VENDOR_SOURCE_ID, BILLING_SOURCE_ID, IS_SEAT_LICENSE, GROUP_ACCOUNT_TYPE_ID, IS_ADDRESS_REQUIRED, AMAZON_APPSTORE_SKU, CREATED_BY, CREATE_DATE, updated_by, update_date) VALUES (3305765669, 'NYTimes: Web + Smartphone App', 'Unlimited access to NYTimes.com and the NYTimes smartphone app.*', to_date('15-Jul-2013 00:00:00','DD-MON-YY HH24:MI:SS'), to_date('31-Dec-2069 00:00:00','DD-MON-YY HH24:MI:SS'), '0', NULL, '1', '0', '1', (SELECT ID FROM BILLING_SOURCE BS WHERE BS.NAME='Sartre'), decode('NO','IL',1,0), 'NO', '0', '', 'OFFERMAKER', SYSDATE, 'OFFERMAKER', SYSDATE);
END;
DELETE FROM OFFER_CHAIN_ELIGIBILITY WHERE offer_chain_id = 3305765669;
INSERT INTO OFFER_CHAIN_ELIGIBILITY (ID, OFFER_CHAIN_ID, NAME, VALUE, CREATED_BY, CREATE_DATE) VALUES (ELG_ID_SEQ.NEXTVAL, 3305765669, 'REQUIRES_EMAIL_DOMAIN', '*.edu,byu.net,cgcc.cc.or.us,gmc.cc.ga.us,lakeland.cc.il.us,aalto.fi,concordia.ca,dal.ca,epfl.ch,escpeurope.eu,ethz.ch,fgu.edu.tw,fu-berlin.de,huji.ac.il,iiml.ac.in,imperial.ac.uk,leeds.ac.uk,mcgill.ca,mun.ca,nottingham.ac.uk,ox.ac.uk,qmul.ac.uk,ryerson.ca,szie.hu,ubc.ca,uct.ac.za,unam.mx,uni-jena.de,unina.it,unisul.br,utoronto.ca,ac.at,ac.be,ac.il,ac.jp,ac.uk,dcu.ie,edu.au,edu.cn,edu.mx,edu.sa,edu.sg,enst.fr,etu.paris-sorbonne.fr,eur.nl,fh-koeln.de,graduateinstitute.ch,itesm.mx,koncon.nl,ku.dk,langara.bc.ca,leuphana.de,lmu.de,mccg.org,mcmaster.ca,mgh-ita.org,musikkons.dk,nyumc.org,partners.org,presidioedu.org,queensu.ca,questu.ca,su.se,tcd.ie,trinityprep.org,ualberta.ca,uam.es,uc.cl,ucc.ie,ufrgs.br,uib.no,uio.no,umanitoba.ca,unibe.ch,unibo.it,unipg.it,uniroma3.it,uoguelph.ca,uqam.ca,usask.ca,usuhs.mil,ut.ee,utfpr.edu.br,uvic.ca,fh-bielefeld.de,viu.ca,uwo.ca,au.dk,uva.nl,sch.uk,pucsp.br,yorku.ca,brocku.ca,um.es,mylaurier.ca,wlu.ca,uni-mannheim.de,uni-potsdam.de,ens.fr,nyt.net', 'OFFERMAKER', SYSDATE);
INSERT INTO OFFER_CHAIN_ELIGIBILITY (ID, OFFER_CHAIN_ID, NAME, VALUE, CREATED_BY, CREATE_DATE) VALUES (ELG_ID_SEQ.NEXTVAL, 3305765669, 'IS_COMP', '0', 'OFFERMAKER', SYSDATE);
INSERT INTO OFFER_CHAIN_ELIGIBILITY (ID, OFFER_CHAIN_ID, NAME, VALUE, CREATED_BY, CREATE_DATE) VALUES (ELG_ID_SEQ.NEXTVAL, 3305765669, 'MAX_CONCURRENT_SUBS', '1', 'OFFERMAKER', SYSDATE);
INSERT INTO OFFER_CHAIN_ELIGIBILITY (ID, OFFER_CHAIN_ID, NAME, VALUE, CREATED_BY, CREATE_DATE) VALUES (ELG_ID_SEQ.NEXTVAL, 3305765669, 'INTERNAL_ONLY', '0', 'OFFERMAKER', SYSDATE);
INSERT INTO OFFER_CHAIN_ELIGIBILITY (ID, OFFER_CHAIN_ID, NAME, VALUE, CREATED_BY, CREATE_DATE) VALUES (ELG_ID_SEQ.NEXTVAL, 3305765669, 'REDEEMER_PROHIBITED_ENTITLEMENTS', '0', 'OFFERMAKER', SYSDATE);
DELETE FROM OFFER_CHAIN_META_DATA WHERE offer_chain_id = 3305765669;
INSERT INTO OFFER_CHAIN_META_DATA (ID, OFFER_CHAIN_ID, NAME, VALUE, CREATED_BY, CREATE_DATE) VALUES (OCMD_ID_SEQ.NEXTVAL, 3305765669, 'BUNDLE_EXPLANATION', 'W+SP Edu $66.62 for first 39 weeks and 50% off regular price thereafter - email verify', 'OFFERMAKER', SYSDATE);
INSERT INTO OFFER_CHAIN_META_DATA (ID, OFFER_CHAIN_ID, NAME, VALUE, CREATED_BY, CREATE_DATE) VALUES (OCMD_ID_SEQ.NEXTVAL, 3305765669, 'PRICE_DESCRIPTION', 'Web+Smartphone $66.62 EDU Offer First 39 Weeks: $1.71/week Thereafter:$73.13 every 39 weeks', 'OFFERMAKER', SYSDATE);
INSERT INTO OFFER_CHAIN_META_DATA (ID, OFFER_CHAIN_ID, NAME, VALUE, CREATED_BY, CREATE_DATE) VALUES (OCMD_ID_SEQ.NEXTVAL, 3305765669, 'PRICE_SHORT_DESCRIPTION', 'W+SP Edu / $66.62 for First 39 wks / $73.13 every 39 wks thereafter', 'OFFERMAKER', SYSDATE);
INSERT INTO OFFER_CHAIN_META_DATA (ID, OFFER_CHAIN_ID, NAME, VALUE, CREATED_BY, CREATE_DATE) VALUES (OCMD_ID_SEQ.NEXTVAL, 3305765669, 'OFFER_TYPE', '$66.62 for first 39 Weeks', 'OFFERMAKER', SYSDATE);
INSERT INTO OFFER_CHAIN_META_DATA (ID, OFFER_CHAIN_ID, NAME, VALUE, CREATED_BY, CREATE_DATE) VALUES (OCMD_ID_SEQ.NEXTVAL, 3305765669, 'OFFER_PRICE_DESCRIPTOR', 'EDU RATE- 9 MNTH SUB- 50% off', 'OFFERMAKER', SYSDATE);
INSERT INTO OFFER_CHAIN_META_DATA (ID, OFFER_CHAIN_ID, NAME, VALUE, CREATED_BY, CREATE_DATE) VALUES (OCMD_ID_SEQ.NEXTVAL, 3305765669, 'OFFER_PRICE', '$66.62 for first 39 Weeks and $73.13 for next 39 Weeks thereafter', 'OFFERMAKER', SYSDATE);
INSERT INTO OFFER_CHAIN_META_DATA (ID, OFFER_CHAIN_ID, NAME, VALUE, CREATED_BY, CREATE_DATE) VALUES (OCMD_ID_SEQ.NEXTVAL, 3305765669, 'OFFER_PRICE_DETAIL', '($1.88 / week thereafter)', 'OFFERMAKER', SYSDATE);
INSERT INTO OFFER_CHAIN_META_DATA (ID, OFFER_CHAIN_ID, NAME, VALUE, CREATED_BY, CREATE_DATE) VALUES (OCMD_ID_SEQ.NEXTVAL, 3305765669, 'PROMO_PRICE_FOOTER_LABEL', 'First 39 Weeks', 'OFFERMAKER', SYSDATE);
INSERT INTO OFFER_CHAIN_META_DATA (ID, OFFER_CHAIN_ID, NAME, VALUE, CREATED_BY, CREATE_DATE) VALUES (OCMD_ID_SEQ.NEXTVAL, 3305765669, 'ACTUAL_PRICE_FOOTER_LABEL', 'Thereafter', 'OFFERMAKER', SYSDATE);
INSERT INTO OFFER_CHAIN_META_DATA (ID, OFFER_CHAIN_ID, NAME, VALUE, CREATED_BY, CREATE_DATE) VALUES (OCMD_ID_SEQ.NEXTVAL, 3305765669, 'BILLING_CYCLE', 'every 39 weeks', 'OFFERMAKER', SYSDATE);
INSERT INTO OFFER_CHAIN_META_DATA (ID, OFFER_CHAIN_ID, NAME, VALUE, CREATED_BY, CREATE_DATE) VALUES (OCMD_ID_SEQ.NEXTVAL, 3305765669, 'SUBSCRIBER_TYPE', 'Education', 'OFFERMAKER', SYSDATE);
INSERT INTO OFFER_CHAIN_META_DATA (ID, OFFER_CHAIN_ID, NAME, VALUE, CREATED_BY, CREATE_DATE) VALUES (OCMD_ID_SEQ.NEXTVAL, 3305765669, 'REFUND_POLICY', 'Multi-week Billing: Full refund within first 30 days, No refund if cancelled in the last 30 days and access remains through the end of the period.  Otherwise, pro-rated refund and access removed within 6 hours.', 'OFFERMAKER', SYSDATE);
INSERT INTO OFFER_CHAIN_META_DATA (ID, OFFER_CHAIN_ID, NAME, VALUE, CREATED_BY, CREATE_DATE) VALUES (OCMD_ID_SEQ.NEXTVAL, 3305765669, 'REQUIRES_EMAIL_DOMAIN', '*.edu', 'OFFERMAKER', SYSDATE);
INSERT INTO OFFER_CHAIN_META_DATA (ID, OFFER_CHAIN_ID, NAME, VALUE, CREATED_BY, CREATE_DATE) VALUES (OCMD_ID_SEQ.NEXTVAL, 3305765669, 'REQUIRES_EMAIL_DOMAIN', 'byu.net', 'OFFERMAKER', SYSDATE);
INSERT INTO OFFER_CHAIN_META_DATA (ID, OFFER_CHAIN_ID, NAME, VALUE, CREATED_BY, CREATE_DATE) VALUES (OCMD_ID_SEQ.NEXTVAL, 3305765669, 'REQUIRES_EMAIL_DOMAIN', 'cgcc.cc.or.us', 'OFFERMAKER', SYSDATE);
INSERT INTO OFFER_CHAIN_META_DATA (ID, OFFER_CHAIN_ID, NAME, VALUE, CREATED_BY, CREATE_DATE) VALUES (OCMD_ID_SEQ.NEXTVAL, 3305765669, 'REQUIRES_EMAIL_DOMAIN', 'gmc.cc.ga.us', 'OFFERMAKER', SYSDATE);
INSERT INTO OFFER_CHAIN_META_DATA (ID, OFFER_CHAIN_ID, NAME, VALUE, CREATED_BY, CREATE_DATE) VALUES (OCMD_ID_SEQ.NEXTVAL, 3305765669, 'REQUIRES_EMAIL_DOMAIN', 'lakeland.cc.il.us', 'OFFERMAKER', SYSDATE);
INSERT INTO OFFER_CHAIN_META_DATA (ID, OFFER_CHAIN_ID, NAME, VALUE, CREATED_BY, CREATE_DATE) VALUES (OCMD_ID_SEQ.NEXTVAL, 3305765669, 'REQUIRES_EMAIL_DOMAIN', 'aalto.fi', 'OFFERMAKER', SYSDATE);
INSERT INTO OFFER_CHAIN_META_DATA (ID, OFFER_CHAIN_ID, NAME, VALUE, CREATED_BY, CREATE_DATE) VALUES (OCMD_ID_SEQ.NEXTVAL, 3305765669, 'REQUIRES_EMAIL_DOMAIN', 'concordia.ca', 'OFFERMAKER', SYSDATE);
INSERT INTO OFFER_CHAIN_META_DATA (ID, OFFER_CHAIN_ID, NAME, VALUE, CREATED_BY, CREATE_DATE) VALUES (OCMD_ID_SEQ.NEXTVAL, 3305765669, 'REQUIRES_EMAIL_DOMAIN', 'dal.ca', 'OFFERMAKER', SYSDATE);
INSERT INTO OFFER_CHAIN_META_DATA (ID, OFFER_CHAIN_ID, NAME, VALUE, CREATED_BY, CREATE_DATE) VALUES (OCMD_ID_SEQ.NEXTVAL, 3305765669, 'REQUIRES_EMAIL_DOMAIN', 'epfl.ch', 'OFFERMAKER', SYSDATE);
INSERT INTO OFFER_CHAIN_META_DATA (ID, OFFER_CHAIN_ID, NAME, VALUE, CREATED_BY, CREATE_DATE) VALUES (OCMD_ID_SEQ.NEXTVAL, 3305765669, 'REQUIRES_EMAIL_DOMAIN', 'escpeurope.eu', 'OFFERMAKER', SYSDATE);
INSERT INTO OFFER_CHAIN_META_DATA (ID, OFFER_CHAIN_ID, NAME, VALUE, CREATED_BY, CREATE_DATE) VALUES (OCMD_ID_SEQ.NEXTVAL, 3305765669, 'REQUIRES_EMAIL_DOMAIN', 'ethz.ch', 'OFFERMAKER', SYSDATE);
INSERT INTO OFFER_CHAIN_META_DATA (ID, OFFER_CHAIN_ID, NAME, VALUE, CREATED_BY, CREATE_DATE) VALUES (OCMD_ID_SEQ.NEXTVAL, 3305765669, 'REQUIRES_EMAIL_DOMAIN', 'fgu.edu.tw', 'OFFERMAKER', SYSDATE);
INSERT INTO OFFER_CHAIN_META_DATA (ID, OFFER_CHAIN_ID, NAME, VALUE, CREATED_BY, CREATE_DATE) VALUES (OCMD_ID_SEQ.NEXTVAL, 3305765669, 'REQUIRES_EMAIL_DOMAIN', 'fu-berlin.de', 'OFFERMAKER', SYSDATE);
INSERT INTO OFFER_CHAIN_META_DATA (ID, OFFER_CHAIN_ID, NAME, VALUE, CREATED_BY, CREATE_DATE) VALUES (OCMD_ID_SEQ.NEXTVAL, 3305765669, 'REQUIRES_EMAIL_DOMAIN', 'huji.ac.il', 'OFFERMAKER', SYSDATE);
INSERT INTO OFFER_CHAIN_META_DATA (ID, OFFER_CHAIN_ID, NAME, VALUE, CREATED_BY, CREATE_DATE) VALUES (OCMD_ID_SEQ.NEXTVAL, 3305765669, 'REQUIRES_EMAIL_DOMAIN', 'iiml.ac.in', 'OFFERMAKER', SYSDATE);
INSERT INTO OFFER_CHAIN_META_DATA (ID, OFFER_CHAIN_ID, NAME, VALUE, CREATED_BY, CREATE_DATE) VALUES (OCMD_ID_SEQ.NEXTVAL, 3305765669, 'REQUIRES_EMAIL_DOMAIN', 'imperial.ac.uk', 'OFFERMAKER', SYSDATE);
INSERT INTO OFFER_CHAIN_META_DATA (ID, OFFER_CHAIN_ID, NAME, VALUE, CREATED_BY, CREATE_DATE) VALUES (OCMD_ID_SEQ.NEXTVAL, 3305765669, 'REQUIRES_EMAIL_DOMAIN', 'leeds.ac.uk', 'OFFERMAKER', SYSDATE);
INSERT INTO OFFER_CHAIN_META_DATA (ID, OFFER_CHAIN_ID, NAME, VALUE, CREATED_BY, CREATE_DATE) VALUES (OCMD_ID_SEQ.NEXTVAL, 3305765669, 'REQUIRES_EMAIL_DOMAIN', 'mcgill.ca', 'OFFERMAKER', SYSDATE);
INSERT INTO OFFER_CHAIN_META_DATA (ID, OFFER_CHAIN_ID, NAME, VALUE, CREATED_BY, CREATE_DATE) VALUES (OCMD_ID_SEQ.NEXTVAL, 3305765669, 'REQUIRES_EMAIL_DOMAIN', 'mun.ca', 'OFFERMAKER', SYSDATE);
INSERT INTO OFFER_CHAIN_META_DATA (ID, OFFER_CHAIN_ID, NAME, VALUE, CREATED_BY, CREATE_DATE) VALUES (OCMD_ID_SEQ.NEXTVAL, 3305765669, 'REQUIRES_EMAIL_DOMAIN', 'nottingham.ac.uk', 'OFFERMAKER', SYSDATE);
INSERT INTO OFFER_CHAIN_META_DATA (ID, OFFER_CHAIN_ID, NAME, VALUE, CREATED_BY, CREATE_DATE) VALUES (OCMD_ID_SEQ.NEXTVAL, 3305765669, 'REQUIRES_EMAIL_DOMAIN', 'ox.ac.uk', 'OFFERMAKER', SYSDATE);
INSERT INTO OFFER_CHAIN_META_DATA (ID, OFFER_CHAIN_ID, NAME, VALUE, CREATED_BY, CREATE_DATE) VALUES (OCMD_ID_SEQ.NEXTVAL, 3305765669, 'REQUIRES_EMAIL_DOMAIN', 'qmul.ac.uk', 'OFFERMAKER', SYSDATE);
INSERT INTO OFFER_CHAIN_META_DATA (ID, OFFER_CHAIN_ID, NAME, VALUE, CREATED_BY, CREATE_DATE) VALUES (OCMD_ID_SEQ.NEXTVAL, 3305765669, 'REQUIRES_EMAIL_DOMAIN', 'ryerson.ca', 'OFFERMAKER', SYSDATE);
INSERT INTO OFFER_CHAIN_META_DATA (ID, OFFER_CHAIN_ID, NAME, VALUE, CREATED_BY, CREATE_DATE) VALUES (OCMD_ID_SEQ.NEXTVAL, 3305765669, 'REQUIRES_EMAIL_DOMAIN', 'szie.hu', 'OFFERMAKER', SYSDATE);
INSERT INTO OFFER_CHAIN_META_DATA (ID, OFFER_CHAIN_ID, NAME, VALUE, CREATED_BY, CREATE_DATE) VALUES (OCMD_ID_SEQ.NEXTVAL, 3305765669, 'REQUIRES_EMAIL_DOMAIN', 'ubc.ca', 'OFFERMAKER', SYSDATE);
INSERT INTO OFFER_CHAIN_META_DATA (ID, OFFER_CHAIN_ID, NAME, VALUE, CREATED_BY, CREATE_DATE) VALUES (OCMD_ID_SEQ.NEXTVAL, 3305765669, 'REQUIRES_EMAIL_DOMAIN', 'uct.ac.za', 'OFFERMAKER', SYSDATE);
INSERT INTO OFFER_CHAIN_META_DATA (ID, OFFER_CHAIN_ID, NAME, VALUE, CREATED_BY, CREATE_DATE) VALUES (OCMD_ID_SEQ.NEXTVAL, 3305765669, 'REQUIRES_EMAIL_DOMAIN', 'unam.mx', 'OFFERMAKER', SYSDATE);
INSERT INTO OFFER_CHAIN_META_DATA (ID, OFFER_CHAIN_ID, NAME, VALUE, CREATED_BY, CREATE_DATE) VALUES (OCMD_ID_SEQ.NEXTVAL, 3305765669, 'REQUIRES_EMAIL_DOMAIN', 'uni-jena.de', 'OFFERMAKER', SYSDATE);
INSERT INTO OFFER_CHAIN_META_DATA (ID, OFFER_CHAIN_ID, NAME, VALUE, CREATED_BY, CREATE_DATE) VALUES (OCMD_ID_SEQ.NEXTVAL, 3305765669, 'REQUIRES_EMAIL_DOMAIN', 'unina.it', 'OFFERMAKER', SYSDATE);
INSERT INTO OFFER_CHAIN_META_DATA (ID, OFFER_CHAIN_ID, NAME, VALUE, CREATED_BY, CREATE_DATE) VALUES (OCMD_ID_SEQ.NEXTVAL, 3305765669, 'REQUIRES_EMAIL_DOMAIN', 'unisul.br', 'OFFERMAKER', SYSDATE);
INSERT INTO OFFER_CHAIN_META_DATA (ID, OFFER_CHAIN_ID, NAME, VALUE, CREATED_BY, CREATE_DATE) VALUES (OCMD_ID_SEQ.NEXTVAL, 3305765669, 'REQUIRES_EMAIL_DOMAIN', 'utoronto.ca', 'OFFERMAKER', SYSDATE);
INSERT INTO OFFER_CHAIN_META_DATA (ID, OFFER_CHAIN_ID, NAME, VALUE, CREATED_BY, CREATE_DATE) VALUES (OCMD_ID_SEQ.NEXTVAL, 3305765669, 'REQUIRES_EMAIL_DOMAIN', 'ac.at', 'OFFERMAKER', SYSDATE);
INSERT INTO OFFER_CHAIN_META_DATA (ID, OFFER_CHAIN_ID, NAME, VALUE, CREATED_BY, CREATE_DATE) VALUES (OCMD_ID_SEQ.NEXTVAL, 3305765669, 'REQUIRES_EMAIL_DOMAIN', 'ac.be', 'OFFERMAKER', SYSDATE);
INSERT INTO OFFER_CHAIN_META_DATA (ID, OFFER_CHAIN_ID, NAME, VALUE, CREATED_BY, CREATE_DATE) VALUES (OCMD_ID_SEQ.NEXTVAL, 3305765669, 'REQUIRES_EMAIL_DOMAIN', 'ac.il', 'OFFERMAKER', SYSDATE);
INSERT INTO OFFER_CHAIN_META_DATA (ID, OFFER_CHAIN_ID, NAME, VALUE, CREATED_BY, CREATE_DATE) VALUES (OCMD_ID_SEQ.NEXTVAL, 3305765669, 'REQUIRES_EMAIL_DOMAIN', 'ac.jp', 'OFFERMAKER', SYSDATE);
INSERT INTO OFFER_CHAIN_META_DATA (ID, OFFER_CHAIN_ID, NAME, VALUE, CREATED_BY, CREATE_DATE) VALUES (OCMD_ID_SEQ.NEXTVAL, 3305765669, 'REQUIRES_EMAIL_DOMAIN', 'ac.uk', 'OFFERMAKER', SYSDATE);
INSERT INTO OFFER_CHAIN_META_DATA (ID, OFFER_CHAIN_ID, NAME, VALUE, CREATED_BY, CREATE_DATE) VALUES (OCMD_ID_SEQ.NEXTVAL, 3305765669, 'REQUIRES_EMAIL_DOMAIN', 'dcu.ie', 'OFFERMAKER', SYSDATE);
INSERT INTO OFFER_CHAIN_META_DATA (ID, OFFER_CHAIN_ID, NAME, VALUE, CREATED_BY, CREATE_DATE) VALUES (OCMD_ID_SEQ.NEXTVAL, 3305765669, 'REQUIRES_EMAIL_DOMAIN', 'edu.au', 'OFFERMAKER', SYSDATE);
INSERT INTO OFFER_CHAIN_META_DATA (ID, OFFER_CHAIN_ID, NAME, VALUE, CREATED_BY, CREATE_DATE) VALUES (OCMD_ID_SEQ.NEXTVAL, 3305765669, 'REQUIRES_EMAIL_DOMAIN', 'edu.cn', 'OFFERMAKER', SYSDATE);
INSERT INTO OFFER_CHAIN_META_DATA (ID, OFFER_CHAIN_ID, NAME, VALUE, CREATED_BY, CREATE_DATE) VALUES (OCMD_ID_SEQ.NEXTVAL, 3305765669, 'REQUIRES_EMAIL_DOMAIN', 'edu.mx', 'OFFERMAKER', SYSDATE);
INSERT INTO OFFER_CHAIN_META_DATA (ID, OFFER_CHAIN_ID, NAME, VALUE, CREATED_BY, CREATE_DATE) VALUES (OCMD_ID_SEQ.NEXTVAL, 3305765669, 'REQUIRES_EMAIL_DOMAIN', 'edu.sa', 'OFFERMAKER', SYSDATE);
INSERT INTO OFFER_CHAIN_META_DATA (ID, OFFER_CHAIN_ID, NAME, VALUE, CREATED_BY, CREATE_DATE) VALUES (OCMD_ID_SEQ.NEXTVAL, 3305765669, 'REQUIRES_EMAIL_DOMAIN', 'edu.sg', 'OFFERMAKER', SYSDATE);
INSERT INTO OFFER_CHAIN_META_DATA (ID, OFFER_CHAIN_ID, NAME, VALUE, CREATED_BY, CREATE_DATE) VALUES (OCMD_ID_SEQ.NEXTVAL, 3305765669, 'REQUIRES_EMAIL_DOMAIN', 'enst.fr', 'OFFERMAKER', SYSDATE);
INSERT INTO OFFER_CHAIN_META_DATA (ID, OFFER_CHAIN_ID, NAME, VALUE, CREATED_BY, CREATE_DATE) VALUES (OCMD_ID_SEQ.NEXTVAL, 3305765669, 'REQUIRES_EMAIL_DOMAIN', 'etu.paris-sorbonne.fr', 'OFFERMAKER', SYSDATE);
INSERT INTO OFFER_CHAIN_META_DATA (ID, OFFER_CHAIN_ID, NAME, VALUE, CREATED_BY, CREATE_DATE) VALUES (OCMD_ID_SEQ.NEXTVAL, 3305765669, 'REQUIRES_EMAIL_DOMAIN', 'eur.nl', 'OFFERMAKER', SYSDATE);
INSERT INTO OFFER_CHAIN_META_DATA (ID, OFFER_CHAIN_ID, NAME, VALUE, CREATED_BY, CREATE_DATE) VALUES (OCMD_ID_SEQ.NEXTVAL, 3305765669, 'REQUIRES_EMAIL_DOMAIN', 'fh-koeln.de', 'OFFERMAKER', SYSDATE);
INSERT INTO OFFER_CHAIN_META_DATA (ID, OFFER_CHAIN_ID, NAME, VALUE, CREATED_BY, CREATE_DATE) VALUES (OCMD_ID_SEQ.NEXTVAL, 3305765669, 'REQUIRES_EMAIL_DOMAIN', 'graduateinstitute.ch', 'OFFERMAKER', SYSDATE);
INSERT INTO OFFER_CHAIN_META_DATA (ID, OFFER_CHAIN_ID, NAME, VALUE, CREATED_BY, CREATE_DATE) VALUES (OCMD_ID_SEQ.NEXTVAL, 3305765669, 'REQUIRES_EMAIL_DOMAIN', 'itesm.mx', 'OFFERMAKER', SYSDATE);
INSERT INTO OFFER_CHAIN_META_DATA (ID, OFFER_CHAIN_ID, NAME, VALUE, CREATED_BY, CREATE_DATE) VALUES (OCMD_ID_SEQ.NEXTVAL, 3305765669, 'REQUIRES_EMAIL_DOMAIN', 'koncon.nl', 'OFFERMAKER', SYSDATE);
INSERT INTO OFFER_CHAIN_META_DATA (ID, OFFER_CHAIN_ID, NAME, VALUE, CREATED_BY, CREATE_DATE) VALUES (OCMD_ID_SEQ.NEXTVAL, 3305765669, 'REQUIRES_EMAIL_DOMAIN', 'ku.dk', 'OFFERMAKER', SYSDATE);
INSERT INTO OFFER_CHAIN_META_DATA (ID, OFFER_CHAIN_ID, NAME, VALUE, CREATED_BY, CREATE_DATE) VALUES (OCMD_ID_SEQ.NEXTVAL, 3305765669, 'REQUIRES_EMAIL_DOMAIN', 'langara.bc.ca', 'OFFERMAKER', SYSDATE);
INSERT INTO OFFER_CHAIN_META_DATA (ID, OFFER_CHAIN_ID, NAME, VALUE, CREATED_BY, CREATE_DATE) VALUES (OCMD_ID_SEQ.NEXTVAL, 3305765669, 'REQUIRES_EMAIL_DOMAIN', 'leuphana.de', 'OFFERMAKER', SYSDATE);
INSERT INTO OFFER_CHAIN_META_DATA (ID, OFFER_CHAIN_ID, NAME, VALUE, CREATED_BY, CREATE_DATE) VALUES (OCMD_ID_SEQ.NEXTVAL, 3305765669, 'REQUIRES_EMAIL_DOMAIN', 'lmu.de', 'OFFERMAKER', SYSDATE);
INSERT INTO OFFER_CHAIN_META_DATA (ID, OFFER_CHAIN_ID, NAME, VALUE, CREATED_BY, CREATE_DATE) VALUES (OCMD_ID_SEQ.NEXTVAL, 3305765669, 'REQUIRES_EMAIL_DOMAIN', 'mccg.org', 'OFFERMAKER', SYSDATE);
INSERT INTO OFFER_CHAIN_META_DATA (ID, OFFER_CHAIN_ID, NAME, VALUE, CREATED_BY, CREATE_DATE) VALUES (OCMD_ID_SEQ.NEXTVAL, 3305765669, 'REQUIRES_EMAIL_DOMAIN', 'mcmaster.ca', 'OFFERMAKER', SYSDATE);
INSERT INTO OFFER_CHAIN_META_DATA (ID, OFFER_CHAIN_ID, NAME, VALUE, CREATED_BY, CREATE_DATE) VALUES (OCMD_ID_SEQ.NEXTVAL, 3305765669, 'REQUIRES_EMAIL_DOMAIN', 'mgh-ita.org', 'OFFERMAKER', SYSDATE);
INSERT INTO OFFER_CHAIN_META_DATA (ID, OFFER_CHAIN_ID, NAME, VALUE, CREATED_BY, CREATE_DATE) VALUES (OCMD_ID_SEQ.NEXTVAL, 3305765669, 'REQUIRES_EMAIL_DOMAIN', 'musikkons.dk', 'OFFERMAKER', SYSDATE);
INSERT INTO OFFER_CHAIN_META_DATA (ID, OFFER_CHAIN_ID, NAME, VALUE, CREATED_BY, CREATE_DATE) VALUES (OCMD_ID_SEQ.NEXTVAL, 3305765669, 'REQUIRES_EMAIL_DOMAIN', 'nyumc.org', 'OFFERMAKER', SYSDATE);
INSERT INTO OFFER_CHAIN_META_DATA (ID, OFFER_CHAIN_ID, NAME, VALUE, CREATED_BY, CREATE_DATE) VALUES (OCMD_ID_SEQ.NEXTVAL, 3305765669, 'REQUIRES_EMAIL_DOMAIN', 'partners.org', 'OFFERMAKER', SYSDATE);
INSERT INTO OFFER_CHAIN_META_DATA (ID, OFFER_CHAIN_ID, NAME, VALUE, CREATED_BY, CREATE_DATE) VALUES (OCMD_ID_SEQ.NEXTVAL, 3305765669, 'REQUIRES_EMAIL_DOMAIN', 'presidioedu.org', 'OFFERMAKER', SYSDATE);
INSERT INTO OFFER_CHAIN_META_DATA (ID, OFFER_CHAIN_ID, NAME, VALUE, CREATED_BY, CREATE_DATE) VALUES (OCMD_ID_SEQ.NEXTVAL, 3305765669, 'REQUIRES_EMAIL_DOMAIN', 'queensu.ca', 'OFFERMAKER', SYSDATE);
INSERT INTO OFFER_CHAIN_META_DATA (ID, OFFER_CHAIN_ID, NAME, VALUE, CREATED_BY, CREATE_DATE) VALUES (OCMD_ID_SEQ.NEXTVAL, 3305765669, 'REQUIRES_EMAIL_DOMAIN', 'questu.ca', 'OFFERMAKER', SYSDATE);
INSERT INTO OFFER_CHAIN_META_DATA (ID, OFFER_CHAIN_ID, NAME, VALUE, CREATED_BY, CREATE_DATE) VALUES (OCMD_ID_SEQ.NEXTVAL, 3305765669, 'REQUIRES_EMAIL_DOMAIN', 'su.se', 'OFFERMAKER', SYSDATE);
INSERT INTO OFFER_CHAIN_META_DATA (ID, OFFER_CHAIN_ID, NAME, VALUE, CREATED_BY, CREATE_DATE) VALUES (OCMD_ID_SEQ.NEXTVAL, 3305765669, 'REQUIRES_EMAIL_DOMAIN', 'tcd.ie', 'OFFERMAKER', SYSDATE);
INSERT INTO OFFER_CHAIN_META_DATA (ID, OFFER_CHAIN_ID, NAME, VALUE, CREATED_BY, CREATE_DATE) VALUES (OCMD_ID_SEQ.NEXTVAL, 3305765669, 'REQUIRES_EMAIL_DOMAIN', 'trinityprep.org', 'OFFERMAKER', SYSDATE);
INSERT INTO OFFER_CHAIN_META_DATA (ID, OFFER_CHAIN_ID, NAME, VALUE, CREATED_BY, CREATE_DATE) VALUES (OCMD_ID_SEQ.NEXTVAL, 3305765669, 'REQUIRES_EMAIL_DOMAIN', 'ualberta.ca', 'OFFERMAKER', SYSDATE);
INSERT INTO OFFER_CHAIN_META_DATA (ID, OFFER_CHAIN_ID, NAME, VALUE, CREATED_BY, CREATE_DATE) VALUES (OCMD_ID_SEQ.NEXTVAL, 3305765669, 'REQUIRES_EMAIL_DOMAIN', 'uam.es', 'OFFERMAKER', SYSDATE);
INSERT INTO OFFER_CHAIN_META_DATA (ID, OFFER_CHAIN_ID, NAME, VALUE, CREATED_BY, CREATE_DATE) VALUES (OCMD_ID_SEQ.NEXTVAL, 3305765669, 'REQUIRES_EMAIL_DOMAIN', 'uc.cl', 'OFFERMAKER', SYSDATE);
INSERT INTO OFFER_CHAIN_META_DATA (ID, OFFER_CHAIN_ID, NAME, VALUE, CREATED_BY, CREATE_DATE) VALUES (OCMD_ID_SEQ.NEXTVAL, 3305765669, 'REQUIRES_EMAIL_DOMAIN', 'ucc.ie', 'OFFERMAKER', SYSDATE);
INSERT INTO OFFER_CHAIN_META_DATA (ID, OFFER_CHAIN_ID, NAME, VALUE, CREATED_BY, CREATE_DATE) VALUES (OCMD_ID_SEQ.NEXTVAL, 3305765669, 'REQUIRES_EMAIL_DOMAIN', 'ufrgs.br', 'OFFERMAKER', SYSDATE);
INSERT INTO OFFER_CHAIN_META_DATA (ID, OFFER_CHAIN_ID, NAME, VALUE, CREATED_BY, CREATE_DATE) VALUES (OCMD_ID_SEQ.NEXTVAL, 3305765669, 'REQUIRES_EMAIL_DOMAIN', 'uib.no', 'OFFERMAKER', SYSDATE);
INSERT INTO OFFER_CHAIN_META_DATA (ID, OFFER_CHAIN_ID, NAME, VALUE, CREATED_BY, CREATE_DATE) VALUES (OCMD_ID_SEQ.NEXTVAL, 3305765669, 'REQUIRES_EMAIL_DOMAIN', 'uio.no', 'OFFERMAKER', SYSDATE);
INSERT INTO OFFER_CHAIN_META_DATA (ID, OFFER_CHAIN_ID, NAME, VALUE, CREATED_BY, CREATE_DATE) VALUES (OCMD_ID_SEQ.NEXTVAL, 3305765669, 'REQUIRES_EMAIL_DOMAIN', 'umanitoba.ca', 'OFFERMAKER', SYSDATE);
INSERT INTO OFFER_CHAIN_META_DATA (ID, OFFER_CHAIN_ID, NAME, VALUE, CREATED_BY, CREATE_DATE) VALUES (OCMD_ID_SEQ.NEXTVAL, 3305765669, 'REQUIRES_EMAIL_DOMAIN', 'unibe.ch', 'OFFERMAKER', SYSDATE);
INSERT INTO OFFER_CHAIN_META_DATA (ID, OFFER_CHAIN_ID, NAME, VALUE, CREATED_BY, CREATE_DATE) VALUES (OCMD_ID_SEQ.NEXTVAL, 3305765669, 'REQUIRES_EMAIL_DOMAIN', 'unibo.it', 'OFFERMAKER', SYSDATE);
INSERT INTO OFFER_CHAIN_META_DATA (ID, OFFER_CHAIN_ID, NAME, VALUE, CREATED_BY, CREATE_DATE) VALUES (OCMD_ID_SEQ.NEXTVAL, 3305765669, 'REQUIRES_EMAIL_DOMAIN', 'unipg.it', 'OFFERMAKER', SYSDATE);
INSERT INTO OFFER_CHAIN_META_DATA (ID, OFFER_CHAIN_ID, NAME, VALUE, CREATED_BY, CREATE_DATE) VALUES (OCMD_ID_SEQ.NEXTVAL, 3305765669, 'REQUIRES_EMAIL_DOMAIN', 'uniroma3.it', 'OFFERMAKER', SYSDATE);
INSERT INTO OFFER_CHAIN_META_DATA (ID, OFFER_CHAIN_ID, NAME, VALUE, CREATED_BY, CREATE_DATE) VALUES (OCMD_ID_SEQ.NEXTVAL, 3305765669, 'REQUIRES_EMAIL_DOMAIN', 'uoguelph.ca', 'OFFERMAKER', SYSDATE);
INSERT INTO OFFER_CHAIN_META_DATA (ID, OFFER_CHAIN_ID, NAME, VALUE, CREATED_BY, CREATE_DATE) VALUES (OCMD_ID_SEQ.NEXTVAL, 3305765669, 'REQUIRES_EMAIL_DOMAIN', 'uqam.ca', 'OFFERMAKER', SYSDATE);
INSERT INTO OFFER_CHAIN_META_DATA (ID, OFFER_CHAIN_ID, NAME, VALUE, CREATED_BY, CREATE_DATE) VALUES (OCMD_ID_SEQ.NEXTVAL, 3305765669, 'REQUIRES_EMAIL_DOMAIN', 'usask.ca', 'OFFERMAKER', SYSDATE);
INSERT INTO OFFER_CHAIN_META_DATA (ID, OFFER_CHAIN_ID, NAME, VALUE, CREATED_BY, CREATE_DATE) VALUES (OCMD_ID_SEQ.NEXTVAL, 3305765669, 'REQUIRES_EMAIL_DOMAIN', 'usuhs.mil', 'OFFERMAKER', SYSDATE);
INSERT INTO OFFER_CHAIN_META_DATA (ID, OFFER_CHAIN_ID, NAME, VALUE, CREATED_BY, CREATE_DATE) VALUES (OCMD_ID_SEQ.NEXTVAL, 3305765669, 'REQUIRES_EMAIL_DOMAIN', 'ut.ee', 'OFFERMAKER', SYSDATE);
INSERT INTO OFFER_CHAIN_META_DATA (ID, OFFER_CHAIN_ID, NAME, VALUE, CREATED_BY, CREATE_DATE) VALUES (OCMD_ID_SEQ.NEXTVAL, 3305765669, 'REQUIRES_EMAIL_DOMAIN', 'utfpr.edu.br', 'OFFERMAKER', SYSDATE);
INSERT INTO OFFER_CHAIN_META_DATA (ID, OFFER_CHAIN_ID, NAME, VALUE, CREATED_BY, CREATE_DATE) VALUES (OCMD_ID_SEQ.NEXTVAL, 3305765669, 'REQUIRES_EMAIL_DOMAIN', 'uvic.ca', 'OFFERMAKER', SYSDATE);
INSERT INTO OFFER_CHAIN_META_DATA (ID, OFFER_CHAIN_ID, NAME, VALUE, CREATED_BY, CREATE_DATE) VALUES (OCMD_ID_SEQ.NEXTVAL, 3305765669, 'REQUIRES_EMAIL_DOMAIN', 'fh-bielefeld.de', 'OFFERMAKER', SYSDATE);
INSERT INTO OFFER_CHAIN_META_DATA (ID, OFFER_CHAIN_ID, NAME, VALUE, CREATED_BY, CREATE_DATE) VALUES (OCMD_ID_SEQ.NEXTVAL, 3305765669, 'REQUIRES_EMAIL_DOMAIN', 'viu.ca', 'OFFERMAKER', SYSDATE);
INSERT INTO OFFER_CHAIN_META_DATA (ID, OFFER_CHAIN_ID, NAME, VALUE, CREATED_BY, CREATE_DATE) VALUES (OCMD_ID_SEQ.NEXTVAL, 3305765669, 'REQUIRES_EMAIL_DOMAIN', 'uwo.ca', 'OFFERMAKER', SYSDATE);
INSERT INTO OFFER_CHAIN_META_DATA (ID, OFFER_CHAIN_ID, NAME, VALUE, CREATED_BY, CREATE_DATE) VALUES (OCMD_ID_SEQ.NEXTVAL, 3305765669, 'REQUIRES_EMAIL_DOMAIN', 'au.dk', 'OFFERMAKER', SYSDATE);
INSERT INTO OFFER_CHAIN_META_DATA (ID, OFFER_CHAIN_ID, NAME, VALUE, CREATED_BY, CREATE_DATE) VALUES (OCMD_ID_SEQ.NEXTVAL, 3305765669, 'REQUIRES_EMAIL_DOMAIN', 'uva.nl', 'OFFERMAKER', SYSDATE);
INSERT INTO OFFER_CHAIN_META_DATA (ID, OFFER_CHAIN_ID, NAME, VALUE, CREATED_BY, CREATE_DATE) VALUES (OCMD_ID_SEQ.NEXTVAL, 3305765669, 'REQUIRES_EMAIL_DOMAIN', 'sch.uk', 'OFFERMAKER', SYSDATE);
INSERT INTO OFFER_CHAIN_META_DATA (ID, OFFER_CHAIN_ID, NAME, VALUE, CREATED_BY, CREATE_DATE) VALUES (OCMD_ID_SEQ.NEXTVAL, 3305765669, 'REQUIRES_EMAIL_DOMAIN', 'pucsp.br', 'OFFERMAKER', SYSDATE);
INSERT INTO OFFER_CHAIN_META_DATA (ID, OFFER_CHAIN_ID, NAME, VALUE, CREATED_BY, CREATE_DATE) VALUES (OCMD_ID_SEQ.NEXTVAL, 3305765669, 'REQUIRES_EMAIL_DOMAIN', 'yorku.ca', 'OFFERMAKER', SYSDATE);
INSERT INTO OFFER_CHAIN_META_DATA (ID, OFFER_CHAIN_ID, NAME, VALUE, CREATED_BY, CREATE_DATE) VALUES (OCMD_ID_SEQ.NEXTVAL, 3305765669, 'REQUIRES_EMAIL_DOMAIN', 'brocku.ca', 'OFFERMAKER', SYSDATE);
INSERT INTO OFFER_CHAIN_META_DATA (ID, OFFER_CHAIN_ID, NAME, VALUE, CREATED_BY, CREATE_DATE) VALUES (OCMD_ID_SEQ.NEXTVAL, 3305765669, 'REQUIRES_EMAIL_DOMAIN', 'um.es', 'OFFERMAKER', SYSDATE);
INSERT INTO OFFER_CHAIN_META_DATA (ID, OFFER_CHAIN_ID, NAME, VALUE, CREATED_BY, CREATE_DATE) VALUES (OCMD_ID_SEQ.NEXTVAL, 3305765669, 'REQUIRES_EMAIL_DOMAIN', 'mylaurier.ca', 'OFFERMAKER', SYSDATE);
INSERT INTO OFFER_CHAIN_META_DATA (ID, OFFER_CHAIN_ID, NAME, VALUE, CREATED_BY, CREATE_DATE) VALUES (OCMD_ID_SEQ.NEXTVAL, 3305765669, 'REQUIRES_EMAIL_DOMAIN', 'wlu.ca', 'OFFERMAKER', SYSDATE);
INSERT INTO OFFER_CHAIN_META_DATA (ID, OFFER_CHAIN_ID, NAME, VALUE, CREATED_BY, CREATE_DATE) VALUES (OCMD_ID_SEQ.NEXTVAL, 3305765669, 'REQUIRES_EMAIL_DOMAIN', 'uni-mannheim.de', 'OFFERMAKER', SYSDATE);
INSERT INTO OFFER_CHAIN_META_DATA (ID, OFFER_CHAIN_ID, NAME, VALUE, CREATED_BY, CREATE_DATE) VALUES (OCMD_ID_SEQ.NEXTVAL, 3305765669, 'REQUIRES_EMAIL_DOMAIN', 'uni-potsdam.de', 'OFFERMAKER', SYSDATE);
INSERT INTO OFFER_CHAIN_META_DATA (ID, OFFER_CHAIN_ID, NAME, VALUE, CREATED_BY, CREATE_DATE) VALUES (OCMD_ID_SEQ.NEXTVAL, 3305765669, 'REQUIRES_EMAIL_DOMAIN', 'ens.fr', 'OFFERMAKER', SYSDATE);
INSERT INTO OFFER_CHAIN_META_DATA (ID, OFFER_CHAIN_ID, NAME, VALUE, CREATED_BY, CREATE_DATE) VALUES (OCMD_ID_SEQ.NEXTVAL, 3305765669, 'REQUIRES_EMAIL_DOMAIN', 'nyt.net', 'OFFERMAKER', SYSDATE);
INSERT INTO OFFER_CHAIN_META_DATA (ID, OFFER_CHAIN_ID, NAME, VALUE, CREATED_BY, CREATE_DATE) VALUES (OCMD_ID_SEQ.NEXTVAL, 3305765669, 'CANCELABLE', '1', 'OFFERMAKER', SYSDATE);
INSERT INTO OFFER_CHAIN_META_DATA (ID, OFFER_CHAIN_ID, NAME, VALUE, CREATED_BY, CREATE_DATE) VALUES (OCMD_ID_SEQ.NEXTVAL, 3305765669, 'REFUNDABLE', '1', 'OFFERMAKER', SYSDATE);
INSERT INTO OFFER_CHAIN_META_DATA (ID, OFFER_CHAIN_ID, NAME, VALUE, CREATED_BY, CREATE_DATE) VALUES (OCMD_ID_SEQ.NEXTVAL, 3305765669, 'FULL_REFUND_DAYS_LIMIT', '30', 'OFFERMAKER', SYSDATE);
INSERT INTO OFFER_CHAIN_META_DATA (ID, OFFER_CHAIN_ID, NAME, VALUE, CREATED_BY, CREATE_DATE) VALUES (OCMD_ID_SEQ.NEXTVAL, 3305765669, 'PRORATED_REFUND_DAYS_LIMIT', '243', 'OFFERMAKER', SYSDATE);
INSERT INTO OFFER_CHAIN_META_DATA (ID, OFFER_CHAIN_ID, NAME, VALUE, CREATED_BY, CREATE_DATE) VALUES (OCMD_ID_SEQ.NEXTVAL, 3305765669, 'OPEN_TO_ANONYMOUS', '1', 'OFFERMAKER', SYSDATE);
INSERT INTO OFFER_CHAIN_META_DATA (ID, OFFER_CHAIN_ID, NAME, VALUE, CREATED_BY, CREATE_DATE) VALUES (OCMD_ID_SEQ.NEXTVAL, 3305765669, 'BUNDLE', 'Bundle A (Web+SP)', 'OFFERMAKER', SYSDATE);
INSERT INTO OFFER_CHAIN_META_DATA (ID, OFFER_CHAIN_ID, NAME, VALUE, CREATED_BY, CREATE_DATE) VALUES (OCMD_ID_SEQ.NEXTVAL, 3305765669, 'ADX_BUNDLE', 'MM_EDU', 'OFFERMAKER', SYSDATE);
INSERT INTO OFFER_CHAIN_META_DATA (ID, OFFER_CHAIN_ID, NAME, VALUE, CREATED_BY, CREATE_DATE) VALUES (OCMD_ID_SEQ.NEXTVAL, 3305765669, 'SIEBEL_CAMPAIGN_CODE', '3KJXK', 'OFFERMAKER', SYSDATE);
INSERT INTO OFFER_CHAIN_META_DATA (ID, OFFER_CHAIN_ID, NAME, VALUE, CREATED_BY, CREATE_DATE) VALUES (OCMD_ID_SEQ.NEXTVAL, 3305765669, 'ANNUAL_PRICE', '97.50', 'OFFERMAKER', SYSDATE);
INSERT INTO OFFER_CHAIN_META_DATA (ID, OFFER_CHAIN_ID, NAME, VALUE, CREATED_BY, CREATE_DATE) VALUES (OCMD_ID_SEQ.NEXTVAL, 3305765669, 'UID', 'd90542b703672fb1c235aef407d218d71cc7a7e56dc847481278ef94af13a89b', 'OFFERMAKER', SYSDATE);
DELETE FROM OFFER_CHAIN_NOTIFICATION_TYPE WHERE offer_chain_id = 3305765669;
BEGIN
  SELECT 1 INTO TMP_VAR FROM ACTION WHERE NAME = 'SUBSCRIBE_TO_OFFER_CHAIN';
EXCEPTION
  WHEN NO_DATA_FOUND THEN
    INSERT INTO ACTION (ID, NAME, CREATE_DATE, CREATED_BY) VALUES (ACTION_ID_SEQ.NEXTVAL, 'SUBSCRIBE_TO_OFFER_CHAIN', SYSDATE, 'OFFERMAKER');
END;
BEGIN
  SELECT 1 INTO TMP_VAR FROM CORE_OWNER.NOTIFICATION_TYPE WHERE VALUE = 'sartre-digital-purchase-edu';
EXCEPTION
  WHEN NO_DATA_FOUND THEN NULL;
    INSERT INTO CORE_OWNER.NOTIFICATION_TYPE (ID, VALUE, TEMPLATE_URL) VALUES (CORE_OWNER.NOTTID_SEQ.NEXTVAL, 'sartre-digital-purchase-edu', 'N/A');
END;
BEGIN
  SELECT 1 INTO TMP_VAR FROM ACTION WHERE NAME = 'UPGRADE_SUBSCRIPTION';
EXCEPTION
  WHEN NO_DATA_FOUND THEN
    INSERT INTO ACTION (ID, NAME, CREATE_DATE, CREATED_BY) VALUES (ACTION_ID_SEQ.NEXTVAL, 'UPGRADE_SUBSCRIPTION', SYSDATE, 'OFFERMAKER');
END;
BEGIN
  SELECT 1 INTO TMP_VAR FROM CORE_OWNER.NOTIFICATION_TYPE WHERE VALUE = 'sartre-digital-purchase-edu';
EXCEPTION
  WHEN NO_DATA_FOUND THEN NULL;
    INSERT INTO CORE_OWNER.NOTIFICATION_TYPE (ID, VALUE, TEMPLATE_URL) VALUES (CORE_OWNER.NOTTID_SEQ.NEXTVAL, 'sartre-digital-purchase-edu', 'N/A');
END;
BEGIN
  SELECT 1 INTO TMP_VAR FROM ACTION WHERE NAME = 'CANCEL_SUBSCRIPTION';
EXCEPTION
  WHEN NO_DATA_FOUND THEN
    INSERT INTO ACTION (ID, NAME, CREATE_DATE, CREATED_BY) VALUES (ACTION_ID_SEQ.NEXTVAL, 'CANCEL_SUBSCRIPTION', SYSDATE, 'OFFERMAKER');
END;
BEGIN
  SELECT 1 INTO TMP_VAR FROM CORE_OWNER.NOTIFICATION_TYPE WHERE VALUE = 'sartre-cancel';
EXCEPTION
  WHEN NO_DATA_FOUND THEN NULL;
    INSERT INTO CORE_OWNER.NOTIFICATION_TYPE (ID, VALUE, TEMPLATE_URL) VALUES (CORE_OWNER.NOTTID_SEQ.NEXTVAL, 'sartre-cancel', 'N/A');
END;
BEGIN
  SELECT 1 INTO TMP_VAR FROM ACTION WHERE NAME = 'SYSTEM_CANCEL';
EXCEPTION
  WHEN NO_DATA_FOUND THEN
    INSERT INTO ACTION (ID, NAME, CREATE_DATE, CREATED_BY) VALUES (ACTION_ID_SEQ.NEXTVAL, 'SYSTEM_CANCEL', SYSDATE, 'OFFERMAKER');
END;
BEGIN
  SELECT 1 INTO TMP_VAR FROM CORE_OWNER.NOTIFICATION_TYPE WHERE VALUE = 'sartre-decline-edu-and-k12';
EXCEPTION
  WHEN NO_DATA_FOUND THEN NULL;
    INSERT INTO CORE_OWNER.NOTIFICATION_TYPE (ID, VALUE, TEMPLATE_URL) VALUES (CORE_OWNER.NOTTID_SEQ.NEXTVAL, 'sartre-decline-edu-and-k12', 'N/A');
END;
BEGIN
  SELECT 1 INTO TMP_VAR FROM ACTION WHERE NAME = 'CREDIT_CARD_EXP';
EXCEPTION
  WHEN NO_DATA_FOUND THEN
    INSERT INTO ACTION (ID, NAME, CREATE_DATE, CREATED_BY) VALUES (ACTION_ID_SEQ.NEXTVAL, 'CREDIT_CARD_EXP', SYSDATE, 'OFFERMAKER');
END;
BEGIN
  SELECT 1 INTO TMP_VAR FROM CORE_OWNER.NOTIFICATION_TYPE WHERE VALUE = 'card_expiration';
EXCEPTION
  WHEN NO_DATA_FOUND THEN NULL;
    INSERT INTO CORE_OWNER.NOTIFICATION_TYPE (ID, VALUE, TEMPLATE_URL) VALUES (CORE_OWNER.NOTTID_SEQ.NEXTVAL, 'card_expiration', 'N/A');
END;
INSERT INTO OFFER_CHAIN_NOTIFICATION_TYPE (ID, OFFER_CHAIN_ID, NOTIFICATION_TYPE_ID, ACTION_ID, CREATED_BY, CREATE_DATE) VALUES (OCET_ID_SEQ.NEXTVAL, 3305765669, (SELECT ID FROM CORE_OWNER.NOTIFICATION_TYPE WHERE VALUE = 'sartre-digital-purchase-edu'), (SELECT ID FROM ACTION WHERE NAME = 'SUBSCRIBE_TO_OFFER_CHAIN'), 'OFFERMAKER', SYSDATE);
INSERT INTO OFFER_CHAIN_NOTIFICATION_TYPE (ID, OFFER_CHAIN_ID, NOTIFICATION_TYPE_ID, ACTION_ID, CREATED_BY, CREATE_DATE) VALUES (OCET_ID_SEQ.NEXTVAL, 3305765669, (SELECT ID FROM CORE_OWNER.NOTIFICATION_TYPE WHERE VALUE = 'sartre-digital-purchase-edu'), (SELECT ID FROM ACTION WHERE NAME = 'UPGRADE_SUBSCRIPTION'), 'OFFERMAKER', SYSDATE);
INSERT INTO OFFER_CHAIN_NOTIFICATION_TYPE (ID, OFFER_CHAIN_ID, NOTIFICATION_TYPE_ID, ACTION_ID, CREATED_BY, CREATE_DATE) VALUES (OCET_ID_SEQ.NEXTVAL, 3305765669, (SELECT ID FROM CORE_OWNER.NOTIFICATION_TYPE WHERE VALUE = 'sartre-cancel'), (SELECT ID FROM ACTION WHERE NAME = 'CANCEL_SUBSCRIPTION'), 'OFFERMAKER', SYSDATE);
INSERT INTO OFFER_CHAIN_NOTIFICATION_TYPE (ID, OFFER_CHAIN_ID, NOTIFICATION_TYPE_ID, ACTION_ID, CREATED_BY, CREATE_DATE) VALUES (OCET_ID_SEQ.NEXTVAL, 3305765669, (SELECT ID FROM CORE_OWNER.NOTIFICATION_TYPE WHERE VALUE = 'sartre-decline-edu-and-k12'), (SELECT ID FROM ACTION WHERE NAME = 'SYSTEM_CANCEL'), 'OFFERMAKER', SYSDATE);
INSERT INTO OFFER_CHAIN_NOTIFICATION_TYPE (ID, OFFER_CHAIN_ID, NOTIFICATION_TYPE_ID, ACTION_ID, CREATED_BY, CREATE_DATE) VALUES (OCET_ID_SEQ.NEXTVAL, 3305765669, (SELECT ID FROM CORE_OWNER.NOTIFICATION_TYPE WHERE VALUE = 'card_expiration'), (SELECT ID FROM ACTION WHERE NAME = 'CREDIT_CARD_EXP'), 'OFFERMAKER', SYSDATE);
BEGIN
  SELECT 1 INTO TMP_VAR FROM OFFER_OFFER_CHAIN WHERE OFFER_CHAIN_ID = 3305765669 AND INDEX_VALUE = 0 AND ROWNUM <= 1;
EXCEPTION
  WHEN NO_DATA_FOUND THEN
INSERT INTO OFFER (ID, OFFER_STATUS_ID, ENTITLEMENT_DURATION, CREATED_BY, CREATE_DATE, updated_by, update_date) VALUES (OFR_ID_SEQ.NEXTVAL, 1, 'P0Y0M273DT0H0M', 'OFFERMAKER', SYSDATE, 'OFFERMAKER', SYSDATE);
BEGIN
  SELECT ID INTO CUR_PRD_ID FROM PRODUCT WHERE NAME = 'Web' AND ROWNUM <= 1;
EXCEPTION
  WHEN NO_DATA_FOUND THEN
    INSERT INTO PRODUCT (ID, NAME, CREATED_BY, CREATE_DATE) VALUES (PRD_ID_SEQ.NEXTVAL, 'Web', 'OFFERMAKER', SYSDATE);
    SELECT ID INTO CUR_PRD_ID FROM PRODUCT WHERE NAME = 'Web' AND ROWNUM <= 1;
  WHEN OTHERS THEN
    RAISE;
END;
INSERT INTO PRODUCT_OFFERING (ID, PRODUCT_ID, TAX_POLICY_TYPE_ID, QUANTITY, UNIT_PRICE, CREATED_BY, CREATE_DATE) VALUES (PO_ID_SEQ.NEXTVAL, CUR_PRD_ID, '1', '273', '0.357143', 'OFFERMAKER', SYSDATE);
INSERT INTO OFFER_PRODUCT_OFFERING (OFFER_ID, PRODUCT_OFFERING_ID, CREATED_BY, CREATE_DATE) VALUES (OFR_ID_SEQ.CURRVAL, PO_ID_SEQ.CURRVAL, 'OFFERMAKER', SYSDATE);
INSERT INTO DISCOUNT (ID, NAME, DESCRIPTION, FIXED_AMOUNT, PERCENT_AMOUNT, DISCOUNT_TYPE_ID, CREATED_BY, CREATE_DATE) VALUES (DSC_ID_SEQ.NEXTVAL, 'Discount', 'Off: 66.62. P.Disc: 44.4100. P.Full: 97.5000', '53.09', '0', 1, 'OFFERMAKER', SYSDATE);
INSERT INTO DISCOUNT_PRODUCT_OFFERING (DISCOUNT_ID, PRODUCT_OFFERING_ID, CREATED_BY, CREATE_DATE) VALUES (DSC_ID_SEQ.CURRVAL, PO_ID_SEQ.CURRVAL, 'OFFERMAKER', SYSDATE);
BEGIN
  SELECT ID INTO CUR_PRD_ID FROM PRODUCT WHERE NAME = 'Mobile' AND ROWNUM <= 1;
EXCEPTION
  WHEN NO_DATA_FOUND THEN
    INSERT INTO PRODUCT (ID, NAME, CREATED_BY, CREATE_DATE) VALUES (PRD_ID_SEQ.NEXTVAL, 'Mobile', 'OFFERMAKER', SYSDATE);
    SELECT ID INTO CUR_PRD_ID FROM PRODUCT WHERE NAME = 'Mobile' AND ROWNUM <= 1;
  WHEN OTHERS THEN
    RAISE;
END;
INSERT INTO PRODUCT_OFFERING (ID, PRODUCT_ID, TAX_POLICY_TYPE_ID, QUANTITY, UNIT_PRICE, CREATED_BY, CREATE_DATE) VALUES (PO_ID_SEQ.NEXTVAL, CUR_PRD_ID, '1', '273', '0', 'OFFERMAKER', SYSDATE);
INSERT INTO OFFER_PRODUCT_OFFERING (OFFER_ID, PRODUCT_OFFERING_ID, CREATED_BY, CREATE_DATE) VALUES (OFR_ID_SEQ.CURRVAL, PO_ID_SEQ.CURRVAL, 'OFFERMAKER', SYSDATE);
BEGIN
  SELECT ID INTO CUR_PRD_ID FROM PRODUCT WHERE NAME = 'Archive Article' AND ROWNUM <= 1;
EXCEPTION
  WHEN NO_DATA_FOUND THEN
    INSERT INTO PRODUCT (ID, NAME, CREATED_BY, CREATE_DATE) VALUES (PRD_ID_SEQ.NEXTVAL, 'Archive Article', 'OFFERMAKER', SYSDATE);
    SELECT ID INTO CUR_PRD_ID FROM PRODUCT WHERE NAME = 'Archive Article' AND ROWNUM <= 1;
  WHEN OTHERS THEN
    RAISE;
END;
INSERT INTO PRODUCT_OFFERING (ID, PRODUCT_ID, TAX_POLICY_TYPE_ID, QUANTITY, UNIT_PRICE, CREATED_BY, CREATE_DATE) VALUES (PO_ID_SEQ.NEXTVAL, CUR_PRD_ID, '1', '975', '0', 'OFFERMAKER', SYSDATE);
INSERT INTO OFFER_PRODUCT_OFFERING (OFFER_ID, PRODUCT_OFFERING_ID, CREATED_BY, CREATE_DATE) VALUES (OFR_ID_SEQ.CURRVAL, PO_ID_SEQ.CURRVAL, 'OFFERMAKER', SYSDATE);
BEGIN
  SELECT ID INTO CUR_PRD_ID FROM PRODUCT WHERE NAME = 'TimesMachine' AND ROWNUM <= 1;
EXCEPTION
  WHEN NO_DATA_FOUND THEN
    INSERT INTO PRODUCT (ID, NAME, CREATED_BY, CREATE_DATE) VALUES (PRD_ID_SEQ.NEXTVAL, 'TimesMachine', 'OFFERMAKER', SYSDATE);
    SELECT ID INTO CUR_PRD_ID FROM PRODUCT WHERE NAME = 'TimesMachine' AND ROWNUM <= 1;
  WHEN OTHERS THEN
    RAISE;
END;
INSERT INTO PRODUCT_OFFERING (ID, PRODUCT_ID, TAX_POLICY_TYPE_ID, QUANTITY, UNIT_PRICE, CREATED_BY, CREATE_DATE) VALUES (PO_ID_SEQ.NEXTVAL, CUR_PRD_ID, '1', '273', '0', 'OFFERMAKER', SYSDATE);
INSERT INTO OFFER_PRODUCT_OFFERING (OFFER_ID, PRODUCT_OFFERING_ID, CREATED_BY, CREATE_DATE) VALUES (OFR_ID_SEQ.CURRVAL, PO_ID_SEQ.CURRVAL, 'OFFERMAKER', SYSDATE);
BEGIN
  SELECT ID INTO CUR_PRD_ID FROM PRODUCT WHERE NAME = 'Smartphone' AND ROWNUM <= 1;
EXCEPTION
  WHEN NO_DATA_FOUND THEN
    INSERT INTO PRODUCT (ID, NAME, CREATED_BY, CREATE_DATE) VALUES (PRD_ID_SEQ.NEXTVAL, 'Smartphone', 'OFFERMAKER', SYSDATE);
    SELECT ID INTO CUR_PRD_ID FROM PRODUCT WHERE NAME = 'Smartphone' AND ROWNUM <= 1;
  WHEN OTHERS THEN
    RAISE;
END;
INSERT INTO PRODUCT_OFFERING (ID, PRODUCT_ID, TAX_POLICY_TYPE_ID, QUANTITY, UNIT_PRICE, CREATED_BY, CREATE_DATE) VALUES (PO_ID_SEQ.NEXTVAL, CUR_PRD_ID, '1', '273', '0.178571', 'OFFERMAKER', SYSDATE);
INSERT INTO OFFER_PRODUCT_OFFERING (OFFER_ID, PRODUCT_OFFERING_ID, CREATED_BY, CREATE_DATE) VALUES (OFR_ID_SEQ.CURRVAL, PO_ID_SEQ.CURRVAL, 'OFFERMAKER', SYSDATE);
INSERT INTO DISCOUNT (ID, NAME, DESCRIPTION, FIXED_AMOUNT, PERCENT_AMOUNT, DISCOUNT_TYPE_ID, CREATED_BY, CREATE_DATE) VALUES (DSC_ID_SEQ.NEXTVAL, 'Discount', 'Off: 66.62. P.Disc: 22.2099. P.Full: 48.7499', '26.54', '0', 1, 'OFFERMAKER', SYSDATE);
INSERT INTO DISCOUNT_PRODUCT_OFFERING (DISCOUNT_ID, PRODUCT_OFFERING_ID, CREATED_BY, CREATE_DATE) VALUES (DSC_ID_SEQ.CURRVAL, PO_ID_SEQ.CURRVAL, 'OFFERMAKER', SYSDATE);
INSERT INTO OFFER_OFFER_CHAIN (OFFER_ID, OFFER_CHAIN_ID, INDEX_VALUE, NUM_RECURRENCES, CREATED_BY, CREATE_DATE, updated_by, update_date) VALUES (OFR_ID_SEQ.CURRVAL, 3305765669, '0', '1', 'OFFERMAKER', SYSDATE, 'OFFERMAKER', SYSDATE);
END;
BEGIN
  SELECT 1 INTO TMP_VAR FROM OFFER_OFFER_CHAIN WHERE OFFER_CHAIN_ID = 3305765669 AND INDEX_VALUE = 1 AND ROWNUM <= 1;
EXCEPTION
  WHEN NO_DATA_FOUND THEN
INSERT INTO OFFER (ID, OFFER_STATUS_ID, ENTITLEMENT_DURATION, CREATED_BY, CREATE_DATE, updated_by, update_date) VALUES (OFR_ID_SEQ.NEXTVAL, 1, 'P0Y0M273DT0H0M', 'OFFERMAKER', SYSDATE, 'OFFERMAKER', SYSDATE);
BEGIN
  SELECT ID INTO CUR_PRD_ID FROM PRODUCT WHERE NAME = 'Web' AND ROWNUM <= 1;
EXCEPTION
  WHEN NO_DATA_FOUND THEN
    INSERT INTO PRODUCT (ID, NAME, CREATED_BY, CREATE_DATE) VALUES (PRD_ID_SEQ.NEXTVAL, 'Web', 'OFFERMAKER', SYSDATE);
    SELECT ID INTO CUR_PRD_ID FROM PRODUCT WHERE NAME = 'Web' AND ROWNUM <= 1;
  WHEN OTHERS THEN
    RAISE;
END;
INSERT INTO PRODUCT_OFFERING (ID, PRODUCT_ID, TAX_POLICY_TYPE_ID, QUANTITY, UNIT_PRICE, CREATED_BY, CREATE_DATE) VALUES (PO_ID_SEQ.NEXTVAL, CUR_PRD_ID, '1', '273', '0.357143', 'OFFERMAKER', SYSDATE);
INSERT INTO OFFER_PRODUCT_OFFERING (OFFER_ID, PRODUCT_OFFERING_ID, CREATED_BY, CREATE_DATE) VALUES (OFR_ID_SEQ.CURRVAL, PO_ID_SEQ.CURRVAL, 'OFFERMAKER', SYSDATE);
INSERT INTO DISCOUNT (ID, NAME, DESCRIPTION, FIXED_AMOUNT, PERCENT_AMOUNT, DISCOUNT_TYPE_ID, CREATED_BY, CREATE_DATE) VALUES (DSC_ID_SEQ.NEXTVAL, 'Discount', 'Off: 73.13. P.Disc: 48.7500. P.Full: 97.5000', '48.75', '0', 1, 'OFFERMAKER', SYSDATE);
INSERT INTO DISCOUNT_PRODUCT_OFFERING (DISCOUNT_ID, PRODUCT_OFFERING_ID, CREATED_BY, CREATE_DATE) VALUES (DSC_ID_SEQ.CURRVAL, PO_ID_SEQ.CURRVAL, 'OFFERMAKER', SYSDATE);
BEGIN
  SELECT ID INTO CUR_PRD_ID FROM PRODUCT WHERE NAME = 'Mobile' AND ROWNUM <= 1;
EXCEPTION
  WHEN NO_DATA_FOUND THEN
    INSERT INTO PRODUCT (ID, NAME, CREATED_BY, CREATE_DATE) VALUES (PRD_ID_SEQ.NEXTVAL, 'Mobile', 'OFFERMAKER', SYSDATE);
    SELECT ID INTO CUR_PRD_ID FROM PRODUCT WHERE NAME = 'Mobile' AND ROWNUM <= 1;
  WHEN OTHERS THEN
    RAISE;
END;
INSERT INTO PRODUCT_OFFERING (ID, PRODUCT_ID, TAX_POLICY_TYPE_ID, QUANTITY, UNIT_PRICE, CREATED_BY, CREATE_DATE) VALUES (PO_ID_SEQ.NEXTVAL, CUR_PRD_ID, '1', '273', '0', 'OFFERMAKER', SYSDATE);
INSERT INTO OFFER_PRODUCT_OFFERING (OFFER_ID, PRODUCT_OFFERING_ID, CREATED_BY, CREATE_DATE) VALUES (OFR_ID_SEQ.CURRVAL, PO_ID_SEQ.CURRVAL, 'OFFERMAKER', SYSDATE);
BEGIN
  SELECT ID INTO CUR_PRD_ID FROM PRODUCT WHERE NAME = 'Archive Article' AND ROWNUM <= 1;
EXCEPTION
  WHEN NO_DATA_FOUND THEN
    INSERT INTO PRODUCT (ID, NAME, CREATED_BY, CREATE_DATE) VALUES (PRD_ID_SEQ.NEXTVAL, 'Archive Article', 'OFFERMAKER', SYSDATE);
    SELECT ID INTO CUR_PRD_ID FROM PRODUCT WHERE NAME = 'Archive Article' AND ROWNUM <= 1;
  WHEN OTHERS THEN
    RAISE;
END;
INSERT INTO PRODUCT_OFFERING (ID, PRODUCT_ID, TAX_POLICY_TYPE_ID, QUANTITY, UNIT_PRICE, CREATED_BY, CREATE_DATE) VALUES (PO_ID_SEQ.NEXTVAL, CUR_PRD_ID, '1', '975', '0', 'OFFERMAKER', SYSDATE);
INSERT INTO OFFER_PRODUCT_OFFERING (OFFER_ID, PRODUCT_OFFERING_ID, CREATED_BY, CREATE_DATE) VALUES (OFR_ID_SEQ.CURRVAL, PO_ID_SEQ.CURRVAL, 'OFFERMAKER', SYSDATE);
BEGIN
  SELECT ID INTO CUR_PRD_ID FROM PRODUCT WHERE NAME = 'TimesMachine' AND ROWNUM <= 1;
EXCEPTION
  WHEN NO_DATA_FOUND THEN
    INSERT INTO PRODUCT (ID, NAME, CREATED_BY, CREATE_DATE) VALUES (PRD_ID_SEQ.NEXTVAL, 'TimesMachine', 'OFFERMAKER', SYSDATE);
    SELECT ID INTO CUR_PRD_ID FROM PRODUCT WHERE NAME = 'TimesMachine' AND ROWNUM <= 1;
  WHEN OTHERS THEN
    RAISE;
END;
INSERT INTO PRODUCT_OFFERING (ID, PRODUCT_ID, TAX_POLICY_TYPE_ID, QUANTITY, UNIT_PRICE, CREATED_BY, CREATE_DATE) VALUES (PO_ID_SEQ.NEXTVAL, CUR_PRD_ID, '1', '273', '0', 'OFFERMAKER', SYSDATE);
INSERT INTO OFFER_PRODUCT_OFFERING (OFFER_ID, PRODUCT_OFFERING_ID, CREATED_BY, CREATE_DATE) VALUES (OFR_ID_SEQ.CURRVAL, PO_ID_SEQ.CURRVAL, 'OFFERMAKER', SYSDATE);
BEGIN
  SELECT ID INTO CUR_PRD_ID FROM PRODUCT WHERE NAME = 'Smartphone' AND ROWNUM <= 1;
EXCEPTION
  WHEN NO_DATA_FOUND THEN
    INSERT INTO PRODUCT (ID, NAME, CREATED_BY, CREATE_DATE) VALUES (PRD_ID_SEQ.NEXTVAL, 'Smartphone', 'OFFERMAKER', SYSDATE);
    SELECT ID INTO CUR_PRD_ID FROM PRODUCT WHERE NAME = 'Smartphone' AND ROWNUM <= 1;
  WHEN OTHERS THEN
    RAISE;
END;
INSERT INTO PRODUCT_OFFERING (ID, PRODUCT_ID, TAX_POLICY_TYPE_ID, QUANTITY, UNIT_PRICE, CREATED_BY, CREATE_DATE) VALUES (PO_ID_SEQ.NEXTVAL, CUR_PRD_ID, '1', '273', '0.178571', 'OFFERMAKER', SYSDATE);
INSERT INTO OFFER_PRODUCT_OFFERING (OFFER_ID, PRODUCT_OFFERING_ID, CREATED_BY, CREATE_DATE) VALUES (OFR_ID_SEQ.CURRVAL, PO_ID_SEQ.CURRVAL, 'OFFERMAKER', SYSDATE);
INSERT INTO DISCOUNT (ID, NAME, DESCRIPTION, FIXED_AMOUNT, PERCENT_AMOUNT, DISCOUNT_TYPE_ID, CREATED_BY, CREATE_DATE) VALUES (DSC_ID_SEQ.NEXTVAL, 'Discount', 'Off: 73.13. P.Disc: 24.3799. P.Full: 48.7499', '24.37', '0', 1, 'OFFERMAKER', SYSDATE);
INSERT INTO DISCOUNT_PRODUCT_OFFERING (DISCOUNT_ID, PRODUCT_OFFERING_ID, CREATED_BY, CREATE_DATE) VALUES (DSC_ID_SEQ.CURRVAL, PO_ID_SEQ.CURRVAL, 'OFFERMAKER', SYSDATE);
INSERT INTO OFFER_OFFER_CHAIN (OFFER_ID, OFFER_CHAIN_ID, INDEX_VALUE, NUM_RECURRENCES, CREATED_BY, CREATE_DATE, updated_by, update_date) VALUES (OFR_ID_SEQ.CURRVAL, 3305765669, '1', '-1', 'OFFERMAKER', SYSDATE, 'OFFERMAKER', SYSDATE);
END;
END;
/
COMMIT;
DECLARE
TMP_VAR NUMBER;
CUR_PRD_ID NUMBER;
CUR_CAPABILITY_ID NUMBER;
BEGIN
BEGIN
  SELECT 1 INTO TMP_VAR FROM OFFER_CHAIN WHERE ID = 1302452946 AND ROWNUM <= 1;
  UPDATE OFFER_CHAIN SET NAME='NYTimes: Web + Tablet App', DESCRIPTION='Unlimited access to NYTimes.com and the NYTimes tablet app.*', PRODUCT_URI='', VENDOR_SOURCE_ID='1', BILLING_SOURCE_ID=(SELECT ID FROM BILLING_SOURCE BS WHERE BS.NAME='Sartre'), IS_SEAT_LICENSE=0, GROUP_ACCOUNT_TYPE_ID='NO',IS_ADDRESS_REQUIRED=0, OFFER_CHAIN_STATUS_ID = 1, UPDATE_DATE = SYSDATE, UPDATED_BY = 'OFFERMAKER', IS_GIFT_CERTIFICATE='0', REVOKE_ENTITLEMENTS = '0', ADOPTABILITY_WINDOW_START_DATE = to_date('15-Jul-2013 00:00:00','DD-MON-YY HH24:MI:SS'), ADOPTABILITY_WINDOW_END_DATE = to_date('31-Dec-2069 00:00:00','DD-MON-YY HH24:MI:SS'), AMAZON_APPSTORE_SKU=NULL WHERE ID = 1302452946;
EXCEPTION
  WHEN NO_DATA_FOUND THEN
    INSERT INTO OFFER_CHAIN (ID, NAME, DESCRIPTION, ADOPTABILITY_WINDOW_START_DATE, ADOPTABILITY_WINDOW_END_DATE, IS_GIFT_CERTIFICATE, PRODUCT_URI, OFFER_CHAIN_STATUS_ID, REVOKE_ENTITLEMENTS, VENDOR_SOURCE_ID, BILLING_SOURCE_ID, IS_SEAT_LICENSE, GROUP_ACCOUNT_TYPE_ID, IS_ADDRESS_REQUIRED, AMAZON_APPSTORE_SKU, CREATED_BY, CREATE_DATE, updated_by, update_date) VALUES (1302452946, 'NYTimes: Web + Tablet App', 'Unlimited access to NYTimes.com and the NYTimes tablet app.*', to_date('15-Jul-2013 00:00:00','DD-MON-YY HH24:MI:SS'), to_date('31-Dec-2069 00:00:00','DD-MON-YY HH24:MI:SS'), '0', NULL, '1', '0', '1', (SELECT ID FROM BILLING_SOURCE BS WHERE BS.NAME='Sartre'), decode('NO','IL',1,0), 'NO', '0', '', 'OFFERMAKER', SYSDATE, 'OFFERMAKER', SYSDATE);
END;
DELETE FROM OFFER_CHAIN_ELIGIBILITY WHERE offer_chain_id = 1302452946;
INSERT INTO OFFER_CHAIN_ELIGIBILITY (ID, OFFER_CHAIN_ID, NAME, VALUE, CREATED_BY, CREATE_DATE) VALUES (ELG_ID_SEQ.NEXTVAL, 1302452946, 'REQUIRES_EMAIL_DOMAIN', '*.edu,byu.net,cgcc.cc.or.us,gmc.cc.ga.us,lakeland.cc.il.us,aalto.fi,concordia.ca,dal.ca,epfl.ch,escpeurope.eu,ethz.ch,fgu.edu.tw,fu-berlin.de,huji.ac.il,iiml.ac.in,imperial.ac.uk,leeds.ac.uk,mcgill.ca,mun.ca,nottingham.ac.uk,ox.ac.uk,qmul.ac.uk,ryerson.ca,szie.hu,ubc.ca,uct.ac.za,unam.mx,uni-jena.de,unina.it,unisul.br,utoronto.ca,ac.at,ac.be,ac.il,ac.jp,ac.uk,dcu.ie,edu.au,edu.cn,edu.mx,edu.sa,edu.sg,enst.fr,etu.paris-sorbonne.fr,eur.nl,fh-koeln.de,graduateinstitute.ch,itesm.mx,koncon.nl,ku.dk,langara.bc.ca,leuphana.de,lmu.de,mccg.org,mcmaster.ca,mgh-ita.org,musikkons.dk,nyumc.org,partners.org,presidioedu.org,queensu.ca,questu.ca,su.se,tcd.ie,trinityprep.org,ualberta.ca,uam.es,uc.cl,ucc.ie,ufrgs.br,uib.no,uio.no,umanitoba.ca,unibe.ch,unibo.it,unipg.it,uniroma3.it,uoguelph.ca,uqam.ca,usask.ca,usuhs.mil,ut.ee,utfpr.edu.br,uvic.ca,fh-bielefeld.de,viu.ca,uwo.ca,au.dk,uva.nl,sch.uk,pucsp.br,yorku.ca,brocku.ca,um.es,mylaurier.ca,wlu.ca,uni-mannheim.de,uni-potsdam.de,ens.fr,nyt.net', 'OFFERMAKER', SYSDATE);
INSERT INTO OFFER_CHAIN_ELIGIBILITY (ID, OFFER_CHAIN_ID, NAME, VALUE, CREATED_BY, CREATE_DATE) VALUES (ELG_ID_SEQ.NEXTVAL, 1302452946, 'IS_COMP', '0', 'OFFERMAKER', SYSDATE);
INSERT INTO OFFER_CHAIN_ELIGIBILITY (ID, OFFER_CHAIN_ID, NAME, VALUE, CREATED_BY, CREATE_DATE) VALUES (ELG_ID_SEQ.NEXTVAL, 1302452946, 'MAX_CONCURRENT_SUBS', '1', 'OFFERMAKER', SYSDATE);
INSERT INTO OFFER_CHAIN_ELIGIBILITY (ID, OFFER_CHAIN_ID, NAME, VALUE, CREATED_BY, CREATE_DATE) VALUES (ELG_ID_SEQ.NEXTVAL, 1302452946, 'INTERNAL_ONLY', '0', 'OFFERMAKER', SYSDATE);
INSERT INTO OFFER_CHAIN_ELIGIBILITY (ID, OFFER_CHAIN_ID, NAME, VALUE, CREATED_BY, CREATE_DATE) VALUES (ELG_ID_SEQ.NEXTVAL, 1302452946, 'REDEEMER_PROHIBITED_ENTITLEMENTS', '0', 'OFFERMAKER', SYSDATE);
DELETE FROM OFFER_CHAIN_META_DATA WHERE offer_chain_id = 1302452946;
INSERT INTO OFFER_CHAIN_META_DATA (ID, OFFER_CHAIN_ID, NAME, VALUE, CREATED_BY, CREATE_DATE) VALUES (OCMD_ID_SEQ.NEXTVAL, 1302452946, 'BUNDLE_EXPLANATION', 'W+T Edu $88.49 for first 39 weeks and 50% off regular price thereafter - email verify', 'OFFERMAKER', SYSDATE);
INSERT INTO OFFER_CHAIN_META_DATA (ID, OFFER_CHAIN_ID, NAME, VALUE, CREATED_BY, CREATE_DATE) VALUES (OCMD_ID_SEQ.NEXTVAL, 1302452946, 'PRICE_DESCRIPTION', 'Web+Tablet App $88.49 EDU Offer First 39 Weeks: $2.27/week Thereafter:$97.50 every 39 weeks', 'OFFERMAKER', SYSDATE);
INSERT INTO OFFER_CHAIN_META_DATA (ID, OFFER_CHAIN_ID, NAME, VALUE, CREATED_BY, CREATE_DATE) VALUES (OCMD_ID_SEQ.NEXTVAL, 1302452946, 'PRICE_SHORT_DESCRIPTION', 'W+T Edu / $88.49 for First 39 wks / $97.50 every 39 wks thereafter', 'OFFERMAKER', SYSDATE);
INSERT INTO OFFER_CHAIN_META_DATA (ID, OFFER_CHAIN_ID, NAME, VALUE, CREATED_BY, CREATE_DATE) VALUES (OCMD_ID_SEQ.NEXTVAL, 1302452946, 'OFFER_TYPE', '$88.49 for first 39 Weeks', 'OFFERMAKER', SYSDATE);
INSERT INTO OFFER_CHAIN_META_DATA (ID, OFFER_CHAIN_ID, NAME, VALUE, CREATED_BY, CREATE_DATE) VALUES (OCMD_ID_SEQ.NEXTVAL, 1302452946, 'OFFER_PRICE_DESCRIPTOR', 'EDU RATE- 9 MNTH SUB- 50% off', 'OFFERMAKER', SYSDATE);
INSERT INTO OFFER_CHAIN_META_DATA (ID, OFFER_CHAIN_ID, NAME, VALUE, CREATED_BY, CREATE_DATE) VALUES (OCMD_ID_SEQ.NEXTVAL, 1302452946, 'OFFER_PRICE', '$88.49 for first 39 Weeks and $97.50 for next 39 Weeks thereafter', 'OFFERMAKER', SYSDATE);
INSERT INTO OFFER_CHAIN_META_DATA (ID, OFFER_CHAIN_ID, NAME, VALUE, CREATED_BY, CREATE_DATE) VALUES (OCMD_ID_SEQ.NEXTVAL, 1302452946, 'OFFER_PRICE_DETAIL', '($2.50 / week thereafter)', 'OFFERMAKER', SYSDATE);
INSERT INTO OFFER_CHAIN_META_DATA (ID, OFFER_CHAIN_ID, NAME, VALUE, CREATED_BY, CREATE_DATE) VALUES (OCMD_ID_SEQ.NEXTVAL, 1302452946, 'PROMO_PRICE_FOOTER_LABEL', 'First 39 Weeks', 'OFFERMAKER', SYSDATE);
INSERT INTO OFFER_CHAIN_META_DATA (ID, OFFER_CHAIN_ID, NAME, VALUE, CREATED_BY, CREATE_DATE) VALUES (OCMD_ID_SEQ.NEXTVAL, 1302452946, 'ACTUAL_PRICE_FOOTER_LABEL', 'Thereafter', 'OFFERMAKER', SYSDATE);
INSERT INTO OFFER_CHAIN_META_DATA (ID, OFFER_CHAIN_ID, NAME, VALUE, CREATED_BY, CREATE_DATE) VALUES (OCMD_ID_SEQ.NEXTVAL, 1302452946, 'BILLING_CYCLE', 'every 39 weeks', 'OFFERMAKER', SYSDATE);
INSERT INTO OFFER_CHAIN_META_DATA (ID, OFFER_CHAIN_ID, NAME, VALUE, CREATED_BY, CREATE_DATE) VALUES (OCMD_ID_SEQ.NEXTVAL, 1302452946, 'SUBSCRIBER_TYPE', 'Education', 'OFFERMAKER', SYSDATE);
INSERT INTO OFFER_CHAIN_META_DATA (ID, OFFER_CHAIN_ID, NAME, VALUE, CREATED_BY, CREATE_DATE) VALUES (OCMD_ID_SEQ.NEXTVAL, 1302452946, 'REFUND_POLICY', 'Multi-week Billing: Full refund within first 30 days, No refund if cancelled in the last 30 days and access remains through the end of the period.  Otherwise, pro-rated refund and access removed within 6 hours.', 'OFFERMAKER', SYSDATE);
INSERT INTO OFFER_CHAIN_META_DATA (ID, OFFER_CHAIN_ID, NAME, VALUE, CREATED_BY, CREATE_DATE) VALUES (OCMD_ID_SEQ.NEXTVAL, 1302452946, 'REQUIRES_EMAIL_DOMAIN', '*.edu', 'OFFERMAKER', SYSDATE);
INSERT INTO OFFER_CHAIN_META_DATA (ID, OFFER_CHAIN_ID, NAME, VALUE, CREATED_BY, CREATE_DATE) VALUES (OCMD_ID_SEQ.NEXTVAL, 1302452946, 'REQUIRES_EMAIL_DOMAIN', 'byu.net', 'OFFERMAKER', SYSDATE);
INSERT INTO OFFER_CHAIN_META_DATA (ID, OFFER_CHAIN_ID, NAME, VALUE, CREATED_BY, CREATE_DATE) VALUES (OCMD_ID_SEQ.NEXTVAL, 1302452946, 'REQUIRES_EMAIL_DOMAIN', 'cgcc.cc.or.us', 'OFFERMAKER', SYSDATE);
INSERT INTO OFFER_CHAIN_META_DATA (ID, OFFER_CHAIN_ID, NAME, VALUE, CREATED_BY, CREATE_DATE) VALUES (OCMD_ID_SEQ.NEXTVAL, 1302452946, 'REQUIRES_EMAIL_DOMAIN', 'gmc.cc.ga.us', 'OFFERMAKER', SYSDATE);
INSERT INTO OFFER_CHAIN_META_DATA (ID, OFFER_CHAIN_ID, NAME, VALUE, CREATED_BY, CREATE_DATE) VALUES (OCMD_ID_SEQ.NEXTVAL, 1302452946, 'REQUIRES_EMAIL_DOMAIN', 'lakeland.cc.il.us', 'OFFERMAKER', SYSDATE);
INSERT INTO OFFER_CHAIN_META_DATA (ID, OFFER_CHAIN_ID, NAME, VALUE, CREATED_BY, CREATE_DATE) VALUES (OCMD_ID_SEQ.NEXTVAL, 1302452946, 'REQUIRES_EMAIL_DOMAIN', 'aalto.fi', 'OFFERMAKER', SYSDATE);
INSERT INTO OFFER_CHAIN_META_DATA (ID, OFFER_CHAIN_ID, NAME, VALUE, CREATED_BY, CREATE_DATE) VALUES (OCMD_ID_SEQ.NEXTVAL, 1302452946, 'REQUIRES_EMAIL_DOMAIN', 'concordia.ca', 'OFFERMAKER', SYSDATE);
INSERT INTO OFFER_CHAIN_META_DATA (ID, OFFER_CHAIN_ID, NAME, VALUE, CREATED_BY, CREATE_DATE) VALUES (OCMD_ID_SEQ.NEXTVAL, 1302452946, 'REQUIRES_EMAIL_DOMAIN', 'dal.ca', 'OFFERMAKER', SYSDATE);
INSERT INTO OFFER_CHAIN_META_DATA (ID, OFFER_CHAIN_ID, NAME, VALUE, CREATED_BY, CREATE_DATE) VALUES (OCMD_ID_SEQ.NEXTVAL, 1302452946, 'REQUIRES_EMAIL_DOMAIN', 'epfl.ch', 'OFFERMAKER', SYSDATE);
INSERT INTO OFFER_CHAIN_META_DATA (ID, OFFER_CHAIN_ID, NAME, VALUE, CREATED_BY, CREATE_DATE) VALUES (OCMD_ID_SEQ.NEXTVAL, 1302452946, 'REQUIRES_EMAIL_DOMAIN', 'escpeurope.eu', 'OFFERMAKER', SYSDATE);
INSERT INTO OFFER_CHAIN_META_DATA (ID, OFFER_CHAIN_ID, NAME, VALUE, CREATED_BY, CREATE_DATE) VALUES (OCMD_ID_SEQ.NEXTVAL, 1302452946, 'REQUIRES_EMAIL_DOMAIN', 'ethz.ch', 'OFFERMAKER', SYSDATE);
INSERT INTO OFFER_CHAIN_META_DATA (ID, OFFER_CHAIN_ID, NAME, VALUE, CREATED_BY, CREATE_DATE) VALUES (OCMD_ID_SEQ.NEXTVAL, 1302452946, 'REQUIRES_EMAIL_DOMAIN', 'fgu.edu.tw', 'OFFERMAKER', SYSDATE);
INSERT INTO OFFER_CHAIN_META_DATA (ID, OFFER_CHAIN_ID, NAME, VALUE, CREATED_BY, CREATE_DATE) VALUES (OCMD_ID_SEQ.NEXTVAL, 1302452946, 'REQUIRES_EMAIL_DOMAIN', 'fu-berlin.de', 'OFFERMAKER', SYSDATE);
INSERT INTO OFFER_CHAIN_META_DATA (ID, OFFER_CHAIN_ID, NAME, VALUE, CREATED_BY, CREATE_DATE) VALUES (OCMD_ID_SEQ.NEXTVAL, 1302452946, 'REQUIRES_EMAIL_DOMAIN', 'huji.ac.il', 'OFFERMAKER', SYSDATE);
INSERT INTO OFFER_CHAIN_META_DATA (ID, OFFER_CHAIN_ID, NAME, VALUE, CREATED_BY, CREATE_DATE) VALUES (OCMD_ID_SEQ.NEXTVAL, 1302452946, 'REQUIRES_EMAIL_DOMAIN', 'iiml.ac.in', 'OFFERMAKER', SYSDATE);
INSERT INTO OFFER_CHAIN_META_DATA (ID, OFFER_CHAIN_ID, NAME, VALUE, CREATED_BY, CREATE_DATE) VALUES (OCMD_ID_SEQ.NEXTVAL, 1302452946, 'REQUIRES_EMAIL_DOMAIN', 'imperial.ac.uk', 'OFFERMAKER', SYSDATE);
INSERT INTO OFFER_CHAIN_META_DATA (ID, OFFER_CHAIN_ID, NAME, VALUE, CREATED_BY, CREATE_DATE) VALUES (OCMD_ID_SEQ.NEXTVAL, 1302452946, 'REQUIRES_EMAIL_DOMAIN', 'leeds.ac.uk', 'OFFERMAKER', SYSDATE);
INSERT INTO OFFER_CHAIN_META_DATA (ID, OFFER_CHAIN_ID, NAME, VALUE, CREATED_BY, CREATE_DATE) VALUES (OCMD_ID_SEQ.NEXTVAL, 1302452946, 'REQUIRES_EMAIL_DOMAIN', 'mcgill.ca', 'OFFERMAKER', SYSDATE);
INSERT INTO OFFER_CHAIN_META_DATA (ID, OFFER_CHAIN_ID, NAME, VALUE, CREATED_BY, CREATE_DATE) VALUES (OCMD_ID_SEQ.NEXTVAL, 1302452946, 'REQUIRES_EMAIL_DOMAIN', 'mun.ca', 'OFFERMAKER', SYSDATE);
INSERT INTO OFFER_CHAIN_META_DATA (ID, OFFER_CHAIN_ID, NAME, VALUE, CREATED_BY, CREATE_DATE) VALUES (OCMD_ID_SEQ.NEXTVAL, 1302452946, 'REQUIRES_EMAIL_DOMAIN', 'nottingham.ac.uk', 'OFFERMAKER', SYSDATE);
INSERT INTO OFFER_CHAIN_META_DATA (ID, OFFER_CHAIN_ID, NAME, VALUE, CREATED_BY, CREATE_DATE) VALUES (OCMD_ID_SEQ.NEXTVAL, 1302452946, 'REQUIRES_EMAIL_DOMAIN', 'ox.ac.uk', 'OFFERMAKER', SYSDATE);
INSERT INTO OFFER_CHAIN_META_DATA (ID, OFFER_CHAIN_ID, NAME, VALUE, CREATED_BY, CREATE_DATE) VALUES (OCMD_ID_SEQ.NEXTVAL, 1302452946, 'REQUIRES_EMAIL_DOMAIN', 'qmul.ac.uk', 'OFFERMAKER', SYSDATE);
INSERT INTO OFFER_CHAIN_META_DATA (ID, OFFER_CHAIN_ID, NAME, VALUE, CREATED_BY, CREATE_DATE) VALUES (OCMD_ID_SEQ.NEXTVAL, 1302452946, 'REQUIRES_EMAIL_DOMAIN', 'ryerson.ca', 'OFFERMAKER', SYSDATE);
INSERT INTO OFFER_CHAIN_META_DATA (ID, OFFER_CHAIN_ID, NAME, VALUE, CREATED_BY, CREATE_DATE) VALUES (OCMD_ID_SEQ.NEXTVAL, 1302452946, 'REQUIRES_EMAIL_DOMAIN', 'szie.hu', 'OFFERMAKER', SYSDATE);
INSERT INTO OFFER_CHAIN_META_DATA (ID, OFFER_CHAIN_ID, NAME, VALUE, CREATED_BY, CREATE_DATE) VALUES (OCMD_ID_SEQ.NEXTVAL, 1302452946, 'REQUIRES_EMAIL_DOMAIN', 'ubc.ca', 'OFFERMAKER', SYSDATE);
INSERT INTO OFFER_CHAIN_META_DATA (ID, OFFER_CHAIN_ID, NAME, VALUE, CREATED_BY, CREATE_DATE) VALUES (OCMD_ID_SEQ.NEXTVAL, 1302452946, 'REQUIRES_EMAIL_DOMAIN', 'uct.ac.za', 'OFFERMAKER', SYSDATE);
INSERT INTO OFFER_CHAIN_META_DATA (ID, OFFER_CHAIN_ID, NAME, VALUE, CREATED_BY, CREATE_DATE) VALUES (OCMD_ID_SEQ.NEXTVAL, 1302452946, 'REQUIRES_EMAIL_DOMAIN', 'unam.mx', 'OFFERMAKER', SYSDATE);
INSERT INTO OFFER_CHAIN_META_DATA (ID, OFFER_CHAIN_ID, NAME, VALUE, CREATED_BY, CREATE_DATE) VALUES (OCMD_ID_SEQ.NEXTVAL, 1302452946, 'REQUIRES_EMAIL_DOMAIN', 'uni-jena.de', 'OFFERMAKER', SYSDATE);
INSERT INTO OFFER_CHAIN_META_DATA (ID, OFFER_CHAIN_ID, NAME, VALUE, CREATED_BY, CREATE_DATE) VALUES (OCMD_ID_SEQ.NEXTVAL, 1302452946, 'REQUIRES_EMAIL_DOMAIN', 'unina.it', 'OFFERMAKER', SYSDATE);
INSERT INTO OFFER_CHAIN_META_DATA (ID, OFFER_CHAIN_ID, NAME, VALUE, CREATED_BY, CREATE_DATE) VALUES (OCMD_ID_SEQ.NEXTVAL, 1302452946, 'REQUIRES_EMAIL_DOMAIN', 'unisul.br', 'OFFERMAKER', SYSDATE);
INSERT INTO OFFER_CHAIN_META_DATA (ID, OFFER_CHAIN_ID, NAME, VALUE, CREATED_BY, CREATE_DATE) VALUES (OCMD_ID_SEQ.NEXTVAL, 1302452946, 'REQUIRES_EMAIL_DOMAIN', 'utoronto.ca', 'OFFERMAKER', SYSDATE);
INSERT INTO OFFER_CHAIN_META_DATA (ID, OFFER_CHAIN_ID, NAME, VALUE, CREATED_BY, CREATE_DATE) VALUES (OCMD_ID_SEQ.NEXTVAL, 1302452946, 'REQUIRES_EMAIL_DOMAIN', 'ac.at', 'OFFERMAKER', SYSDATE);
INSERT INTO OFFER_CHAIN_META_DATA (ID, OFFER_CHAIN_ID, NAME, VALUE, CREATED_BY, CREATE_DATE) VALUES (OCMD_ID_SEQ.NEXTVAL, 1302452946, 'REQUIRES_EMAIL_DOMAIN', 'ac.be', 'OFFERMAKER', SYSDATE);
INSERT INTO OFFER_CHAIN_META_DATA (ID, OFFER_CHAIN_ID, NAME, VALUE, CREATED_BY, CREATE_DATE) VALUES (OCMD_ID_SEQ.NEXTVAL, 1302452946, 'REQUIRES_EMAIL_DOMAIN', 'ac.il', 'OFFERMAKER', SYSDATE);
INSERT INTO OFFER_CHAIN_META_DATA (ID, OFFER_CHAIN_ID, NAME, VALUE, CREATED_BY, CREATE_DATE) VALUES (OCMD_ID_SEQ.NEXTVAL, 1302452946, 'REQUIRES_EMAIL_DOMAIN', 'ac.jp', 'OFFERMAKER', SYSDATE);
INSERT INTO OFFER_CHAIN_META_DATA (ID, OFFER_CHAIN_ID, NAME, VALUE, CREATED_BY, CREATE_DATE) VALUES (OCMD_ID_SEQ.NEXTVAL, 1302452946, 'REQUIRES_EMAIL_DOMAIN', 'ac.uk', 'OFFERMAKER', SYSDATE);
INSERT INTO OFFER_CHAIN_META_DATA (ID, OFFER_CHAIN_ID, NAME, VALUE, CREATED_BY, CREATE_DATE) VALUES (OCMD_ID_SEQ.NEXTVAL, 1302452946, 'REQUIRES_EMAIL_DOMAIN', 'dcu.ie', 'OFFERMAKER', SYSDATE);
INSERT INTO OFFER_CHAIN_META_DATA (ID, OFFER_CHAIN_ID, NAME, VALUE, CREATED_BY, CREATE_DATE) VALUES (OCMD_ID_SEQ.NEXTVAL, 1302452946, 'REQUIRES_EMAIL_DOMAIN', 'edu.au', 'OFFERMAKER', SYSDATE);
INSERT INTO OFFER_CHAIN_META_DATA (ID, OFFER_CHAIN_ID, NAME, VALUE, CREATED_BY, CREATE_DATE) VALUES (OCMD_ID_SEQ.NEXTVAL, 1302452946, 'REQUIRES_EMAIL_DOMAIN', 'edu.cn', 'OFFERMAKER', SYSDATE);
INSERT INTO OFFER_CHAIN_META_DATA (ID, OFFER_CHAIN_ID, NAME, VALUE, CREATED_BY, CREATE_DATE) VALUES (OCMD_ID_SEQ.NEXTVAL, 1302452946, 'REQUIRES_EMAIL_DOMAIN', 'edu.mx', 'OFFERMAKER', SYSDATE);
INSERT INTO OFFER_CHAIN_META_DATA (ID, OFFER_CHAIN_ID, NAME, VALUE, CREATED_BY, CREATE_DATE) VALUES (OCMD_ID_SEQ.NEXTVAL, 1302452946, 'REQUIRES_EMAIL_DOMAIN', 'edu.sa', 'OFFERMAKER', SYSDATE);
INSERT INTO OFFER_CHAIN_META_DATA (ID, OFFER_CHAIN_ID, NAME, VALUE, CREATED_BY, CREATE_DATE) VALUES (OCMD_ID_SEQ.NEXTVAL, 1302452946, 'REQUIRES_EMAIL_DOMAIN', 'edu.sg', 'OFFERMAKER', SYSDATE);
INSERT INTO OFFER_CHAIN_META_DATA (ID, OFFER_CHAIN_ID, NAME, VALUE, CREATED_BY, CREATE_DATE) VALUES (OCMD_ID_SEQ.NEXTVAL, 1302452946, 'REQUIRES_EMAIL_DOMAIN', 'enst.fr', 'OFFERMAKER', SYSDATE);
INSERT INTO OFFER_CHAIN_META_DATA (ID, OFFER_CHAIN_ID, NAME, VALUE, CREATED_BY, CREATE_DATE) VALUES (OCMD_ID_SEQ.NEXTVAL, 1302452946, 'REQUIRES_EMAIL_DOMAIN', 'etu.paris-sorbonne.fr', 'OFFERMAKER', SYSDATE);
INSERT INTO OFFER_CHAIN_META_DATA (ID, OFFER_CHAIN_ID, NAME, VALUE, CREATED_BY, CREATE_DATE) VALUES (OCMD_ID_SEQ.NEXTVAL, 1302452946, 'REQUIRES_EMAIL_DOMAIN', 'eur.nl', 'OFFERMAKER', SYSDATE);
INSERT INTO OFFER_CHAIN_META_DATA (ID, OFFER_CHAIN_ID, NAME, VALUE, CREATED_BY, CREATE_DATE) VALUES (OCMD_ID_SEQ.NEXTVAL, 1302452946, 'REQUIRES_EMAIL_DOMAIN', 'fh-koeln.de', 'OFFERMAKER', SYSDATE);
INSERT INTO OFFER_CHAIN_META_DATA (ID, OFFER_CHAIN_ID, NAME, VALUE, CREATED_BY, CREATE_DATE) VALUES (OCMD_ID_SEQ.NEXTVAL, 1302452946, 'REQUIRES_EMAIL_DOMAIN', 'graduateinstitute.ch', 'OFFERMAKER', SYSDATE);
INSERT INTO OFFER_CHAIN_META_DATA (ID, OFFER_CHAIN_ID, NAME, VALUE, CREATED_BY, CREATE_DATE) VALUES (OCMD_ID_SEQ.NEXTVAL, 1302452946, 'REQUIRES_EMAIL_DOMAIN', 'itesm.mx', 'OFFERMAKER', SYSDATE);
INSERT INTO OFFER_CHAIN_META_DATA (ID, OFFER_CHAIN_ID, NAME, VALUE, CREATED_BY, CREATE_DATE) VALUES (OCMD_ID_SEQ.NEXTVAL, 1302452946, 'REQUIRES_EMAIL_DOMAIN', 'koncon.nl', 'OFFERMAKER', SYSDATE);
INSERT INTO OFFER_CHAIN_META_DATA (ID, OFFER_CHAIN_ID, NAME, VALUE, CREATED_BY, CREATE_DATE) VALUES (OCMD_ID_SEQ.NEXTVAL, 1302452946, 'REQUIRES_EMAIL_DOMAIN', 'ku.dk', 'OFFERMAKER', SYSDATE);
INSERT INTO OFFER_CHAIN_META_DATA (ID, OFFER_CHAIN_ID, NAME, VALUE, CREATED_BY, CREATE_DATE) VALUES (OCMD_ID_SEQ.NEXTVAL, 1302452946, 'REQUIRES_EMAIL_DOMAIN', 'langara.bc.ca', 'OFFERMAKER', SYSDATE);
INSERT INTO OFFER_CHAIN_META_DATA (ID, OFFER_CHAIN_ID, NAME, VALUE, CREATED_BY, CREATE_DATE) VALUES (OCMD_ID_SEQ.NEXTVAL, 1302452946, 'REQUIRES_EMAIL_DOMAIN', 'leuphana.de', 'OFFERMAKER', SYSDATE);
INSERT INTO OFFER_CHAIN_META_DATA (ID, OFFER_CHAIN_ID, NAME, VALUE, CREATED_BY, CREATE_DATE) VALUES (OCMD_ID_SEQ.NEXTVAL, 1302452946, 'REQUIRES_EMAIL_DOMAIN', 'lmu.de', 'OFFERMAKER', SYSDATE);
INSERT INTO OFFER_CHAIN_META_DATA (ID, OFFER_CHAIN_ID, NAME, VALUE, CREATED_BY, CREATE_DATE) VALUES (OCMD_ID_SEQ.NEXTVAL, 1302452946, 'REQUIRES_EMAIL_DOMAIN', 'mccg.org', 'OFFERMAKER', SYSDATE);
INSERT INTO OFFER_CHAIN_META_DATA (ID, OFFER_CHAIN_ID, NAME, VALUE, CREATED_BY, CREATE_DATE) VALUES (OCMD_ID_SEQ.NEXTVAL, 1302452946, 'REQUIRES_EMAIL_DOMAIN', 'mcmaster.ca', 'OFFERMAKER', SYSDATE);
INSERT INTO OFFER_CHAIN_META_DATA (ID, OFFER_CHAIN_ID, NAME, VALUE, CREATED_BY, CREATE_DATE) VALUES (OCMD_ID_SEQ.NEXTVAL, 1302452946, 'REQUIRES_EMAIL_DOMAIN', 'mgh-ita.org', 'OFFERMAKER', SYSDATE);
INSERT INTO OFFER_CHAIN_META_DATA (ID, OFFER_CHAIN_ID, NAME, VALUE, CREATED_BY, CREATE_DATE) VALUES (OCMD_ID_SEQ.NEXTVAL, 1302452946, 'REQUIRES_EMAIL_DOMAIN', 'musikkons.dk', 'OFFERMAKER', SYSDATE);
INSERT INTO OFFER_CHAIN_META_DATA (ID, OFFER_CHAIN_ID, NAME, VALUE, CREATED_BY, CREATE_DATE) VALUES (OCMD_ID_SEQ.NEXTVAL, 1302452946, 'REQUIRES_EMAIL_DOMAIN', 'nyumc.org', 'OFFERMAKER', SYSDATE);
INSERT INTO OFFER_CHAIN_META_DATA (ID, OFFER_CHAIN_ID, NAME, VALUE, CREATED_BY, CREATE_DATE) VALUES (OCMD_ID_SEQ.NEXTVAL, 1302452946, 'REQUIRES_EMAIL_DOMAIN', 'partners.org', 'OFFERMAKER', SYSDATE);
INSERT INTO OFFER_CHAIN_META_DATA (ID, OFFER_CHAIN_ID, NAME, VALUE, CREATED_BY, CREATE_DATE) VALUES (OCMD_ID_SEQ.NEXTVAL, 1302452946, 'REQUIRES_EMAIL_DOMAIN', 'presidioedu.org', 'OFFERMAKER', SYSDATE);
INSERT INTO OFFER_CHAIN_META_DATA (ID, OFFER_CHAIN_ID, NAME, VALUE, CREATED_BY, CREATE_DATE) VALUES (OCMD_ID_SEQ.NEXTVAL, 1302452946, 'REQUIRES_EMAIL_DOMAIN', 'queensu.ca', 'OFFERMAKER', SYSDATE);
INSERT INTO OFFER_CHAIN_META_DATA (ID, OFFER_CHAIN_ID, NAME, VALUE, CREATED_BY, CREATE_DATE) VALUES (OCMD_ID_SEQ.NEXTVAL, 1302452946, 'REQUIRES_EMAIL_DOMAIN', 'questu.ca', 'OFFERMAKER', SYSDATE);
INSERT INTO OFFER_CHAIN_META_DATA (ID, OFFER_CHAIN_ID, NAME, VALUE, CREATED_BY, CREATE_DATE) VALUES (OCMD_ID_SEQ.NEXTVAL, 1302452946, 'REQUIRES_EMAIL_DOMAIN', 'su.se', 'OFFERMAKER', SYSDATE);
INSERT INTO OFFER_CHAIN_META_DATA (ID, OFFER_CHAIN_ID, NAME, VALUE, CREATED_BY, CREATE_DATE) VALUES (OCMD_ID_SEQ.NEXTVAL, 1302452946, 'REQUIRES_EMAIL_DOMAIN', 'tcd.ie', 'OFFERMAKER', SYSDATE);
INSERT INTO OFFER_CHAIN_META_DATA (ID, OFFER_CHAIN_ID, NAME, VALUE, CREATED_BY, CREATE_DATE) VALUES (OCMD_ID_SEQ.NEXTVAL, 1302452946, 'REQUIRES_EMAIL_DOMAIN', 'trinityprep.org', 'OFFERMAKER', SYSDATE);
INSERT INTO OFFER_CHAIN_META_DATA (ID, OFFER_CHAIN_ID, NAME, VALUE, CREATED_BY, CREATE_DATE) VALUES (OCMD_ID_SEQ.NEXTVAL, 1302452946, 'REQUIRES_EMAIL_DOMAIN', 'ualberta.ca', 'OFFERMAKER', SYSDATE);
INSERT INTO OFFER_CHAIN_META_DATA (ID, OFFER_CHAIN_ID, NAME, VALUE, CREATED_BY, CREATE_DATE) VALUES (OCMD_ID_SEQ.NEXTVAL, 1302452946, 'REQUIRES_EMAIL_DOMAIN', 'uam.es', 'OFFERMAKER', SYSDATE);
INSERT INTO OFFER_CHAIN_META_DATA (ID, OFFER_CHAIN_ID, NAME, VALUE, CREATED_BY, CREATE_DATE) VALUES (OCMD_ID_SEQ.NEXTVAL, 1302452946, 'REQUIRES_EMAIL_DOMAIN', 'uc.cl', 'OFFERMAKER', SYSDATE);
INSERT INTO OFFER_CHAIN_META_DATA (ID, OFFER_CHAIN_ID, NAME, VALUE, CREATED_BY, CREATE_DATE) VALUES (OCMD_ID_SEQ.NEXTVAL, 1302452946, 'REQUIRES_EMAIL_DOMAIN', 'ucc.ie', 'OFFERMAKER', SYSDATE);
INSERT INTO OFFER_CHAIN_META_DATA (ID, OFFER_CHAIN_ID, NAME, VALUE, CREATED_BY, CREATE_DATE) VALUES (OCMD_ID_SEQ.NEXTVAL, 1302452946, 'REQUIRES_EMAIL_DOMAIN', 'ufrgs.br', 'OFFERMAKER', SYSDATE);
INSERT INTO OFFER_CHAIN_META_DATA (ID, OFFER_CHAIN_ID, NAME, VALUE, CREATED_BY, CREATE_DATE) VALUES (OCMD_ID_SEQ.NEXTVAL, 1302452946, 'REQUIRES_EMAIL_DOMAIN', 'uib.no', 'OFFERMAKER', SYSDATE);
INSERT INTO OFFER_CHAIN_META_DATA (ID, OFFER_CHAIN_ID, NAME, VALUE, CREATED_BY, CREATE_DATE) VALUES (OCMD_ID_SEQ.NEXTVAL, 1302452946, 'REQUIRES_EMAIL_DOMAIN', 'uio.no', 'OFFERMAKER', SYSDATE);
INSERT INTO OFFER_CHAIN_META_DATA (ID, OFFER_CHAIN_ID, NAME, VALUE, CREATED_BY, CREATE_DATE) VALUES (OCMD_ID_SEQ.NEXTVAL, 1302452946, 'REQUIRES_EMAIL_DOMAIN', 'umanitoba.ca', 'OFFERMAKER', SYSDATE);
INSERT INTO OFFER_CHAIN_META_DATA (ID, OFFER_CHAIN_ID, NAME, VALUE, CREATED_BY, CREATE_DATE) VALUES (OCMD_ID_SEQ.NEXTVAL, 1302452946, 'REQUIRES_EMAIL_DOMAIN', 'unibe.ch', 'OFFERMAKER', SYSDATE);
INSERT INTO OFFER_CHAIN_META_DATA (ID, OFFER_CHAIN_ID, NAME, VALUE, CREATED_BY, CREATE_DATE) VALUES (OCMD_ID_SEQ.NEXTVAL, 1302452946, 'REQUIRES_EMAIL_DOMAIN', 'unibo.it', 'OFFERMAKER', SYSDATE);
INSERT INTO OFFER_CHAIN_META_DATA (ID, OFFER_CHAIN_ID, NAME, VALUE, CREATED_BY, CREATE_DATE) VALUES (OCMD_ID_SEQ.NEXTVAL, 1302452946, 'REQUIRES_EMAIL_DOMAIN', 'unipg.it', 'OFFERMAKER', SYSDATE);
INSERT INTO OFFER_CHAIN_META_DATA (ID, OFFER_CHAIN_ID, NAME, VALUE, CREATED_BY, CREATE_DATE) VALUES (OCMD_ID_SEQ.NEXTVAL, 1302452946, 'REQUIRES_EMAIL_DOMAIN', 'uniroma3.it', 'OFFERMAKER', SYSDATE);
INSERT INTO OFFER_CHAIN_META_DATA (ID, OFFER_CHAIN_ID, NAME, VALUE, CREATED_BY, CREATE_DATE) VALUES (OCMD_ID_SEQ.NEXTVAL, 1302452946, 'REQUIRES_EMAIL_DOMAIN', 'uoguelph.ca', 'OFFERMAKER', SYSDATE);
INSERT INTO OFFER_CHAIN_META_DATA (ID, OFFER_CHAIN_ID, NAME, VALUE, CREATED_BY, CREATE_DATE) VALUES (OCMD_ID_SEQ.NEXTVAL, 1302452946, 'REQUIRES_EMAIL_DOMAIN', 'uqam.ca', 'OFFERMAKER', SYSDATE);
INSERT INTO OFFER_CHAIN_META_DATA (ID, OFFER_CHAIN_ID, NAME, VALUE, CREATED_BY, CREATE_DATE) VALUES (OCMD_ID_SEQ.NEXTVAL, 1302452946, 'REQUIRES_EMAIL_DOMAIN', 'usask.ca', 'OFFERMAKER', SYSDATE);
INSERT INTO OFFER_CHAIN_META_DATA (ID, OFFER_CHAIN_ID, NAME, VALUE, CREATED_BY, CREATE_DATE) VALUES (OCMD_ID_SEQ.NEXTVAL, 1302452946, 'REQUIRES_EMAIL_DOMAIN', 'usuhs.mil', 'OFFERMAKER', SYSDATE);
INSERT INTO OFFER_CHAIN_META_DATA (ID, OFFER_CHAIN_ID, NAME, VALUE, CREATED_BY, CREATE_DATE) VALUES (OCMD_ID_SEQ.NEXTVAL, 1302452946, 'REQUIRES_EMAIL_DOMAIN', 'ut.ee', 'OFFERMAKER', SYSDATE);
INSERT INTO OFFER_CHAIN_META_DATA (ID, OFFER_CHAIN_ID, NAME, VALUE, CREATED_BY, CREATE_DATE) VALUES (OCMD_ID_SEQ.NEXTVAL, 1302452946, 'REQUIRES_EMAIL_DOMAIN', 'utfpr.edu.br', 'OFFERMAKER', SYSDATE);
INSERT INTO OFFER_CHAIN_META_DATA (ID, OFFER_CHAIN_ID, NAME, VALUE, CREATED_BY, CREATE_DATE) VALUES (OCMD_ID_SEQ.NEXTVAL, 1302452946, 'REQUIRES_EMAIL_DOMAIN', 'uvic.ca', 'OFFERMAKER', SYSDATE);
INSERT INTO OFFER_CHAIN_META_DATA (ID, OFFER_CHAIN_ID, NAME, VALUE, CREATED_BY, CREATE_DATE) VALUES (OCMD_ID_SEQ.NEXTVAL, 1302452946, 'REQUIRES_EMAIL_DOMAIN', 'fh-bielefeld.de', 'OFFERMAKER', SYSDATE);
INSERT INTO OFFER_CHAIN_META_DATA (ID, OFFER_CHAIN_ID, NAME, VALUE, CREATED_BY, CREATE_DATE) VALUES (OCMD_ID_SEQ.NEXTVAL, 1302452946, 'REQUIRES_EMAIL_DOMAIN', 'viu.ca', 'OFFERMAKER', SYSDATE);
INSERT INTO OFFER_CHAIN_META_DATA (ID, OFFER_CHAIN_ID, NAME, VALUE, CREATED_BY, CREATE_DATE) VALUES (OCMD_ID_SEQ.NEXTVAL, 1302452946, 'REQUIRES_EMAIL_DOMAIN', 'uwo.ca', 'OFFERMAKER', SYSDATE);
INSERT INTO OFFER_CHAIN_META_DATA (ID, OFFER_CHAIN_ID, NAME, VALUE, CREATED_BY, CREATE_DATE) VALUES (OCMD_ID_SEQ.NEXTVAL, 1302452946, 'REQUIRES_EMAIL_DOMAIN', 'au.dk', 'OFFERMAKER', SYSDATE);
INSERT INTO OFFER_CHAIN_META_DATA (ID, OFFER_CHAIN_ID, NAME, VALUE, CREATED_BY, CREATE_DATE) VALUES (OCMD_ID_SEQ.NEXTVAL, 1302452946, 'REQUIRES_EMAIL_DOMAIN', 'uva.nl', 'OFFERMAKER', SYSDATE);
INSERT INTO OFFER_CHAIN_META_DATA (ID, OFFER_CHAIN_ID, NAME, VALUE, CREATED_BY, CREATE_DATE) VALUES (OCMD_ID_SEQ.NEXTVAL, 1302452946, 'REQUIRES_EMAIL_DOMAIN', 'sch.uk', 'OFFERMAKER', SYSDATE);
INSERT INTO OFFER_CHAIN_META_DATA (ID, OFFER_CHAIN_ID, NAME, VALUE, CREATED_BY, CREATE_DATE) VALUES (OCMD_ID_SEQ.NEXTVAL, 1302452946, 'REQUIRES_EMAIL_DOMAIN', 'pucsp.br', 'OFFERMAKER', SYSDATE);
INSERT INTO OFFER_CHAIN_META_DATA (ID, OFFER_CHAIN_ID, NAME, VALUE, CREATED_BY, CREATE_DATE) VALUES (OCMD_ID_SEQ.NEXTVAL, 1302452946, 'REQUIRES_EMAIL_DOMAIN', 'yorku.ca', 'OFFERMAKER', SYSDATE);
INSERT INTO OFFER_CHAIN_META_DATA (ID, OFFER_CHAIN_ID, NAME, VALUE, CREATED_BY, CREATE_DATE) VALUES (OCMD_ID_SEQ.NEXTVAL, 1302452946, 'REQUIRES_EMAIL_DOMAIN', 'brocku.ca', 'OFFERMAKER', SYSDATE);
INSERT INTO OFFER_CHAIN_META_DATA (ID, OFFER_CHAIN_ID, NAME, VALUE, CREATED_BY, CREATE_DATE) VALUES (OCMD_ID_SEQ.NEXTVAL, 1302452946, 'REQUIRES_EMAIL_DOMAIN', 'um.es', 'OFFERMAKER', SYSDATE);
INSERT INTO OFFER_CHAIN_META_DATA (ID, OFFER_CHAIN_ID, NAME, VALUE, CREATED_BY, CREATE_DATE) VALUES (OCMD_ID_SEQ.NEXTVAL, 1302452946, 'REQUIRES_EMAIL_DOMAIN', 'mylaurier.ca', 'OFFERMAKER', SYSDATE);
INSERT INTO OFFER_CHAIN_META_DATA (ID, OFFER_CHAIN_ID, NAME, VALUE, CREATED_BY, CREATE_DATE) VALUES (OCMD_ID_SEQ.NEXTVAL, 1302452946, 'REQUIRES_EMAIL_DOMAIN', 'wlu.ca', 'OFFERMAKER', SYSDATE);
INSERT INTO OFFER_CHAIN_META_DATA (ID, OFFER_CHAIN_ID, NAME, VALUE, CREATED_BY, CREATE_DATE) VALUES (OCMD_ID_SEQ.NEXTVAL, 1302452946, 'REQUIRES_EMAIL_DOMAIN', 'uni-mannheim.de', 'OFFERMAKER', SYSDATE);
INSERT INTO OFFER_CHAIN_META_DATA (ID, OFFER_CHAIN_ID, NAME, VALUE, CREATED_BY, CREATE_DATE) VALUES (OCMD_ID_SEQ.NEXTVAL, 1302452946, 'REQUIRES_EMAIL_DOMAIN', 'uni-potsdam.de', 'OFFERMAKER', SYSDATE);
INSERT INTO OFFER_CHAIN_META_DATA (ID, OFFER_CHAIN_ID, NAME, VALUE, CREATED_BY, CREATE_DATE) VALUES (OCMD_ID_SEQ.NEXTVAL, 1302452946, 'REQUIRES_EMAIL_DOMAIN', 'ens.fr', 'OFFERMAKER', SYSDATE);
INSERT INTO OFFER_CHAIN_META_DATA (ID, OFFER_CHAIN_ID, NAME, VALUE, CREATED_BY, CREATE_DATE) VALUES (OCMD_ID_SEQ.NEXTVAL, 1302452946, 'REQUIRES_EMAIL_DOMAIN', 'nyt.net', 'OFFERMAKER', SYSDATE);
INSERT INTO OFFER_CHAIN_META_DATA (ID, OFFER_CHAIN_ID, NAME, VALUE, CREATED_BY, CREATE_DATE) VALUES (OCMD_ID_SEQ.NEXTVAL, 1302452946, 'CANCELABLE', '1', 'OFFERMAKER', SYSDATE);
INSERT INTO OFFER_CHAIN_META_DATA (ID, OFFER_CHAIN_ID, NAME, VALUE, CREATED_BY, CREATE_DATE) VALUES (OCMD_ID_SEQ.NEXTVAL, 1302452946, 'REFUNDABLE', '1', 'OFFERMAKER', SYSDATE);
INSERT INTO OFFER_CHAIN_META_DATA (ID, OFFER_CHAIN_ID, NAME, VALUE, CREATED_BY, CREATE_DATE) VALUES (OCMD_ID_SEQ.NEXTVAL, 1302452946, 'FULL_REFUND_DAYS_LIMIT', '30', 'OFFERMAKER', SYSDATE);
INSERT INTO OFFER_CHAIN_META_DATA (ID, OFFER_CHAIN_ID, NAME, VALUE, CREATED_BY, CREATE_DATE) VALUES (OCMD_ID_SEQ.NEXTVAL, 1302452946, 'PRORATED_REFUND_DAYS_LIMIT', '243', 'OFFERMAKER', SYSDATE);
INSERT INTO OFFER_CHAIN_META_DATA (ID, OFFER_CHAIN_ID, NAME, VALUE, CREATED_BY, CREATE_DATE) VALUES (OCMD_ID_SEQ.NEXTVAL, 1302452946, 'OPEN_TO_ANONYMOUS', '1', 'OFFERMAKER', SYSDATE);
INSERT INTO OFFER_CHAIN_META_DATA (ID, OFFER_CHAIN_ID, NAME, VALUE, CREATED_BY, CREATE_DATE) VALUES (OCMD_ID_SEQ.NEXTVAL, 1302452946, 'BUNDLE', 'Bundle B (Web+Tab)', 'OFFERMAKER', SYSDATE);
INSERT INTO OFFER_CHAIN_META_DATA (ID, OFFER_CHAIN_ID, NAME, VALUE, CREATED_BY, CREATE_DATE) VALUES (OCMD_ID_SEQ.NEXTVAL, 1302452946, 'ADX_BUNDLE', 'MM_EDU', 'OFFERMAKER', SYSDATE);
INSERT INTO OFFER_CHAIN_META_DATA (ID, OFFER_CHAIN_ID, NAME, VALUE, CREATED_BY, CREATE_DATE) VALUES (OCMD_ID_SEQ.NEXTVAL, 1302452946, 'SIEBEL_CAMPAIGN_CODE', '3KJXL', 'OFFERMAKER', SYSDATE);
INSERT INTO OFFER_CHAIN_META_DATA (ID, OFFER_CHAIN_ID, NAME, VALUE, CREATED_BY, CREATE_DATE) VALUES (OCMD_ID_SEQ.NEXTVAL, 1302452946, 'ANNUAL_PRICE', '130.00', 'OFFERMAKER', SYSDATE);
INSERT INTO OFFER_CHAIN_META_DATA (ID, OFFER_CHAIN_ID, NAME, VALUE, CREATED_BY, CREATE_DATE) VALUES (OCMD_ID_SEQ.NEXTVAL, 1302452946, 'UID', '930cd3fa71e5a441531848d11242a10a875c941904dddf7c34bf337660312e9d', 'OFFERMAKER', SYSDATE);
DELETE FROM OFFER_CHAIN_NOTIFICATION_TYPE WHERE offer_chain_id = 1302452946;
BEGIN
  SELECT 1 INTO TMP_VAR FROM ACTION WHERE NAME = 'SUBSCRIBE_TO_OFFER_CHAIN';
EXCEPTION
  WHEN NO_DATA_FOUND THEN
    INSERT INTO ACTION (ID, NAME, CREATE_DATE, CREATED_BY) VALUES (ACTION_ID_SEQ.NEXTVAL, 'SUBSCRIBE_TO_OFFER_CHAIN', SYSDATE, 'OFFERMAKER');
END;
BEGIN
  SELECT 1 INTO TMP_VAR FROM CORE_OWNER.NOTIFICATION_TYPE WHERE VALUE = 'sartre-digital-purchase-edu';
EXCEPTION
  WHEN NO_DATA_FOUND THEN NULL;
    INSERT INTO CORE_OWNER.NOTIFICATION_TYPE (ID, VALUE, TEMPLATE_URL) VALUES (CORE_OWNER.NOTTID_SEQ.NEXTVAL, 'sartre-digital-purchase-edu', 'N/A');
END;
BEGIN
  SELECT 1 INTO TMP_VAR FROM ACTION WHERE NAME = 'UPGRADE_SUBSCRIPTION';
EXCEPTION
  WHEN NO_DATA_FOUND THEN
    INSERT INTO ACTION (ID, NAME, CREATE_DATE, CREATED_BY) VALUES (ACTION_ID_SEQ.NEXTVAL, 'UPGRADE_SUBSCRIPTION', SYSDATE, 'OFFERMAKER');
END;
BEGIN
  SELECT 1 INTO TMP_VAR FROM CORE_OWNER.NOTIFICATION_TYPE WHERE VALUE = 'sartre-digital-purchase-edu';
EXCEPTION
  WHEN NO_DATA_FOUND THEN NULL;
    INSERT INTO CORE_OWNER.NOTIFICATION_TYPE (ID, VALUE, TEMPLATE_URL) VALUES (CORE_OWNER.NOTTID_SEQ.NEXTVAL, 'sartre-digital-purchase-edu', 'N/A');
END;
BEGIN
  SELECT 1 INTO TMP_VAR FROM ACTION WHERE NAME = 'CANCEL_SUBSCRIPTION';
EXCEPTION
  WHEN NO_DATA_FOUND THEN
    INSERT INTO ACTION (ID, NAME, CREATE_DATE, CREATED_BY) VALUES (ACTION_ID_SEQ.NEXTVAL, 'CANCEL_SUBSCRIPTION', SYSDATE, 'OFFERMAKER');
END;
BEGIN
  SELECT 1 INTO TMP_VAR FROM CORE_OWNER.NOTIFICATION_TYPE WHERE VALUE = 'sartre-cancel';
EXCEPTION
  WHEN NO_DATA_FOUND THEN NULL;
    INSERT INTO CORE_OWNER.NOTIFICATION_TYPE (ID, VALUE, TEMPLATE_URL) VALUES (CORE_OWNER.NOTTID_SEQ.NEXTVAL, 'sartre-cancel', 'N/A');
END;
BEGIN
  SELECT 1 INTO TMP_VAR FROM ACTION WHERE NAME = 'SYSTEM_CANCEL';
EXCEPTION
  WHEN NO_DATA_FOUND THEN
    INSERT INTO ACTION (ID, NAME, CREATE_DATE, CREATED_BY) VALUES (ACTION_ID_SEQ.NEXTVAL, 'SYSTEM_CANCEL', SYSDATE, 'OFFERMAKER');
END;
BEGIN
  SELECT 1 INTO TMP_VAR FROM CORE_OWNER.NOTIFICATION_TYPE WHERE VALUE = 'sartre-decline-edu-and-k12';
EXCEPTION
  WHEN NO_DATA_FOUND THEN NULL;
    INSERT INTO CORE_OWNER.NOTIFICATION_TYPE (ID, VALUE, TEMPLATE_URL) VALUES (CORE_OWNER.NOTTID_SEQ.NEXTVAL, 'sartre-decline-edu-and-k12', 'N/A');
END;
BEGIN
  SELECT 1 INTO TMP_VAR FROM ACTION WHERE NAME = 'CREDIT_CARD_EXP';
EXCEPTION
  WHEN NO_DATA_FOUND THEN
    INSERT INTO ACTION (ID, NAME, CREATE_DATE, CREATED_BY) VALUES (ACTION_ID_SEQ.NEXTVAL, 'CREDIT_CARD_EXP', SYSDATE, 'OFFERMAKER');
END;
BEGIN
  SELECT 1 INTO TMP_VAR FROM CORE_OWNER.NOTIFICATION_TYPE WHERE VALUE = 'card_expiration';
EXCEPTION
  WHEN NO_DATA_FOUND THEN NULL;
    INSERT INTO CORE_OWNER.NOTIFICATION_TYPE (ID, VALUE, TEMPLATE_URL) VALUES (CORE_OWNER.NOTTID_SEQ.NEXTVAL, 'card_expiration', 'N/A');
END;
INSERT INTO OFFER_CHAIN_NOTIFICATION_TYPE (ID, OFFER_CHAIN_ID, NOTIFICATION_TYPE_ID, ACTION_ID, CREATED_BY, CREATE_DATE) VALUES (OCET_ID_SEQ.NEXTVAL, 1302452946, (SELECT ID FROM CORE_OWNER.NOTIFICATION_TYPE WHERE VALUE = 'sartre-digital-purchase-edu'), (SELECT ID FROM ACTION WHERE NAME = 'SUBSCRIBE_TO_OFFER_CHAIN'), 'OFFERMAKER', SYSDATE);
INSERT INTO OFFER_CHAIN_NOTIFICATION_TYPE (ID, OFFER_CHAIN_ID, NOTIFICATION_TYPE_ID, ACTION_ID, CREATED_BY, CREATE_DATE) VALUES (OCET_ID_SEQ.NEXTVAL, 1302452946, (SELECT ID FROM CORE_OWNER.NOTIFICATION_TYPE WHERE VALUE = 'sartre-digital-purchase-edu'), (SELECT ID FROM ACTION WHERE NAME = 'UPGRADE_SUBSCRIPTION'), 'OFFERMAKER', SYSDATE);
INSERT INTO OFFER_CHAIN_NOTIFICATION_TYPE (ID, OFFER_CHAIN_ID, NOTIFICATION_TYPE_ID, ACTION_ID, CREATED_BY, CREATE_DATE) VALUES (OCET_ID_SEQ.NEXTVAL, 1302452946, (SELECT ID FROM CORE_OWNER.NOTIFICATION_TYPE WHERE VALUE = 'sartre-cancel'), (SELECT ID FROM ACTION WHERE NAME = 'CANCEL_SUBSCRIPTION'), 'OFFERMAKER', SYSDATE);
INSERT INTO OFFER_CHAIN_NOTIFICATION_TYPE (ID, OFFER_CHAIN_ID, NOTIFICATION_TYPE_ID, ACTION_ID, CREATED_BY, CREATE_DATE) VALUES (OCET_ID_SEQ.NEXTVAL, 1302452946, (SELECT ID FROM CORE_OWNER.NOTIFICATION_TYPE WHERE VALUE = 'sartre-decline-edu-and-k12'), (SELECT ID FROM ACTION WHERE NAME = 'SYSTEM_CANCEL'), 'OFFERMAKER', SYSDATE);
INSERT INTO OFFER_CHAIN_NOTIFICATION_TYPE (ID, OFFER_CHAIN_ID, NOTIFICATION_TYPE_ID, ACTION_ID, CREATED_BY, CREATE_DATE) VALUES (OCET_ID_SEQ.NEXTVAL, 1302452946, (SELECT ID FROM CORE_OWNER.NOTIFICATION_TYPE WHERE VALUE = 'card_expiration'), (SELECT ID FROM ACTION WHERE NAME = 'CREDIT_CARD_EXP'), 'OFFERMAKER', SYSDATE);
BEGIN
  SELECT 1 INTO TMP_VAR FROM OFFER_OFFER_CHAIN WHERE OFFER_CHAIN_ID = 1302452946 AND INDEX_VALUE = 0 AND ROWNUM <= 1;
EXCEPTION
  WHEN NO_DATA_FOUND THEN
INSERT INTO OFFER (ID, OFFER_STATUS_ID, ENTITLEMENT_DURATION, CREATED_BY, CREATE_DATE, updated_by, update_date) VALUES (OFR_ID_SEQ.NEXTVAL, 1, 'P0Y0M273DT0H0M', 'OFFERMAKER', SYSDATE, 'OFFERMAKER', SYSDATE);
BEGIN
  SELECT ID INTO CUR_PRD_ID FROM PRODUCT WHERE NAME = 'Web' AND ROWNUM <= 1;
EXCEPTION
  WHEN NO_DATA_FOUND THEN
    INSERT INTO PRODUCT (ID, NAME, CREATED_BY, CREATE_DATE) VALUES (PRD_ID_SEQ.NEXTVAL, 'Web', 'OFFERMAKER', SYSDATE);
    SELECT ID INTO CUR_PRD_ID FROM PRODUCT WHERE NAME = 'Web' AND ROWNUM <= 1;
  WHEN OTHERS THEN
    RAISE;
END;
INSERT INTO PRODUCT_OFFERING (ID, PRODUCT_ID, TAX_POLICY_TYPE_ID, QUANTITY, UNIT_PRICE, CREATED_BY, CREATE_DATE) VALUES (PO_ID_SEQ.NEXTVAL, CUR_PRD_ID, '1', '273', '0.357143', 'OFFERMAKER', SYSDATE);
INSERT INTO OFFER_PRODUCT_OFFERING (OFFER_ID, PRODUCT_OFFERING_ID, CREATED_BY, CREATE_DATE) VALUES (OFR_ID_SEQ.CURRVAL, PO_ID_SEQ.CURRVAL, 'OFFERMAKER', SYSDATE);
INSERT INTO DISCOUNT (ID, NAME, DESCRIPTION, FIXED_AMOUNT, PERCENT_AMOUNT, DISCOUNT_TYPE_ID, CREATED_BY, CREATE_DATE) VALUES (DSC_ID_SEQ.NEXTVAL, 'Discount', 'Off: 88.49. P.Disc: 44.2500. P.Full: 97.5000', '53.2500', '0', 1, 'OFFERMAKER', SYSDATE);
INSERT INTO DISCOUNT_PRODUCT_OFFERING (DISCOUNT_ID, PRODUCT_OFFERING_ID, CREATED_BY, CREATE_DATE) VALUES (DSC_ID_SEQ.CURRVAL, PO_ID_SEQ.CURRVAL, 'OFFERMAKER', SYSDATE);
BEGIN
  SELECT ID INTO CUR_PRD_ID FROM PRODUCT WHERE NAME = 'Mobile' AND ROWNUM <= 1;
EXCEPTION
  WHEN NO_DATA_FOUND THEN
    INSERT INTO PRODUCT (ID, NAME, CREATED_BY, CREATE_DATE) VALUES (PRD_ID_SEQ.NEXTVAL, 'Mobile', 'OFFERMAKER', SYSDATE);
    SELECT ID INTO CUR_PRD_ID FROM PRODUCT WHERE NAME = 'Mobile' AND ROWNUM <= 1;
  WHEN OTHERS THEN
    RAISE;
END;
INSERT INTO PRODUCT_OFFERING (ID, PRODUCT_ID, TAX_POLICY_TYPE_ID, QUANTITY, UNIT_PRICE, CREATED_BY, CREATE_DATE) VALUES (PO_ID_SEQ.NEXTVAL, CUR_PRD_ID, '1', '273', '0', 'OFFERMAKER', SYSDATE);
INSERT INTO OFFER_PRODUCT_OFFERING (OFFER_ID, PRODUCT_OFFERING_ID, CREATED_BY, CREATE_DATE) VALUES (OFR_ID_SEQ.CURRVAL, PO_ID_SEQ.CURRVAL, 'OFFERMAKER', SYSDATE);
BEGIN
  SELECT ID INTO CUR_PRD_ID FROM PRODUCT WHERE NAME = 'Archive Article' AND ROWNUM <= 1;
EXCEPTION
  WHEN NO_DATA_FOUND THEN
    INSERT INTO PRODUCT (ID, NAME, CREATED_BY, CREATE_DATE) VALUES (PRD_ID_SEQ.NEXTVAL, 'Archive Article', 'OFFERMAKER', SYSDATE);
    SELECT ID INTO CUR_PRD_ID FROM PRODUCT WHERE NAME = 'Archive Article' AND ROWNUM <= 1;
  WHEN OTHERS THEN
    RAISE;
END;
INSERT INTO PRODUCT_OFFERING (ID, PRODUCT_ID, TAX_POLICY_TYPE_ID, QUANTITY, UNIT_PRICE, CREATED_BY, CREATE_DATE) VALUES (PO_ID_SEQ.NEXTVAL, CUR_PRD_ID, '1', '975', '0', 'OFFERMAKER', SYSDATE);
INSERT INTO OFFER_PRODUCT_OFFERING (OFFER_ID, PRODUCT_OFFERING_ID, CREATED_BY, CREATE_DATE) VALUES (OFR_ID_SEQ.CURRVAL, PO_ID_SEQ.CURRVAL, 'OFFERMAKER', SYSDATE);
BEGIN
  SELECT ID INTO CUR_PRD_ID FROM PRODUCT WHERE NAME = 'TimesMachine' AND ROWNUM <= 1;
EXCEPTION
  WHEN NO_DATA_FOUND THEN
    INSERT INTO PRODUCT (ID, NAME, CREATED_BY, CREATE_DATE) VALUES (PRD_ID_SEQ.NEXTVAL, 'TimesMachine', 'OFFERMAKER', SYSDATE);
    SELECT ID INTO CUR_PRD_ID FROM PRODUCT WHERE NAME = 'TimesMachine' AND ROWNUM <= 1;
  WHEN OTHERS THEN
    RAISE;
END;
INSERT INTO PRODUCT_OFFERING (ID, PRODUCT_ID, TAX_POLICY_TYPE_ID, QUANTITY, UNIT_PRICE, CREATED_BY, CREATE_DATE) VALUES (PO_ID_SEQ.NEXTVAL, CUR_PRD_ID, '1', '273', '0', 'OFFERMAKER', SYSDATE);
INSERT INTO OFFER_PRODUCT_OFFERING (OFFER_ID, PRODUCT_OFFERING_ID, CREATED_BY, CREATE_DATE) VALUES (OFR_ID_SEQ.CURRVAL, PO_ID_SEQ.CURRVAL, 'OFFERMAKER', SYSDATE);
BEGIN
  SELECT ID INTO CUR_PRD_ID FROM PRODUCT WHERE NAME = 'Tablet' AND ROWNUM <= 1;
EXCEPTION
  WHEN NO_DATA_FOUND THEN
    INSERT INTO PRODUCT (ID, NAME, CREATED_BY, CREATE_DATE) VALUES (PRD_ID_SEQ.NEXTVAL, 'Tablet', 'OFFERMAKER', SYSDATE);
    SELECT ID INTO CUR_PRD_ID FROM PRODUCT WHERE NAME = 'Tablet' AND ROWNUM <= 1;
  WHEN OTHERS THEN
    RAISE;
END;
INSERT INTO PRODUCT_OFFERING (ID, PRODUCT_ID, TAX_POLICY_TYPE_ID, QUANTITY, UNIT_PRICE, CREATED_BY, CREATE_DATE) VALUES (PO_ID_SEQ.NEXTVAL, CUR_PRD_ID, '1', '273', '0.357143', 'OFFERMAKER', SYSDATE);
INSERT INTO OFFER_PRODUCT_OFFERING (OFFER_ID, PRODUCT_OFFERING_ID, CREATED_BY, CREATE_DATE) VALUES (OFR_ID_SEQ.CURRVAL, PO_ID_SEQ.CURRVAL, 'OFFERMAKER', SYSDATE);
INSERT INTO DISCOUNT (ID, NAME, DESCRIPTION, FIXED_AMOUNT, PERCENT_AMOUNT, DISCOUNT_TYPE_ID, CREATED_BY, CREATE_DATE) VALUES (DSC_ID_SEQ.NEXTVAL, 'Discount', 'Off: 88.49. P.Disc: 44.2400. P.Full: 97.5000', '53.26', '0', 1, 'OFFERMAKER', SYSDATE);
INSERT INTO DISCOUNT_PRODUCT_OFFERING (DISCOUNT_ID, PRODUCT_OFFERING_ID, CREATED_BY, CREATE_DATE) VALUES (DSC_ID_SEQ.CURRVAL, PO_ID_SEQ.CURRVAL, 'OFFERMAKER', SYSDATE);
BEGIN
  SELECT ID INTO CUR_PRD_ID FROM PRODUCT WHERE NAME = 'TimesReader' AND ROWNUM <= 1;
EXCEPTION
  WHEN NO_DATA_FOUND THEN
    INSERT INTO PRODUCT (ID, NAME, CREATED_BY, CREATE_DATE) VALUES (PRD_ID_SEQ.NEXTVAL, 'TimesReader', 'OFFERMAKER', SYSDATE);
    SELECT ID INTO CUR_PRD_ID FROM PRODUCT WHERE NAME = 'TimesReader' AND ROWNUM <= 1;
  WHEN OTHERS THEN
    RAISE;
END;
INSERT INTO PRODUCT_OFFERING (ID, PRODUCT_ID, TAX_POLICY_TYPE_ID, QUANTITY, UNIT_PRICE, CREATED_BY, CREATE_DATE) VALUES (PO_ID_SEQ.NEXTVAL, CUR_PRD_ID, '1', '273', '0', 'OFFERMAKER', SYSDATE);
INSERT INTO OFFER_PRODUCT_OFFERING (OFFER_ID, PRODUCT_OFFERING_ID, CREATED_BY, CREATE_DATE) VALUES (OFR_ID_SEQ.CURRVAL, PO_ID_SEQ.CURRVAL, 'OFFERMAKER', SYSDATE);
INSERT INTO OFFER_OFFER_CHAIN (OFFER_ID, OFFER_CHAIN_ID, INDEX_VALUE, NUM_RECURRENCES, CREATED_BY, CREATE_DATE, updated_by, update_date) VALUES (OFR_ID_SEQ.CURRVAL, 1302452946, '0', '1', 'OFFERMAKER', SYSDATE, 'OFFERMAKER', SYSDATE);
END;
BEGIN
  SELECT 1 INTO TMP_VAR FROM OFFER_OFFER_CHAIN WHERE OFFER_CHAIN_ID = 1302452946 AND INDEX_VALUE = 1 AND ROWNUM <= 1;
EXCEPTION
  WHEN NO_DATA_FOUND THEN
INSERT INTO OFFER (ID, OFFER_STATUS_ID, ENTITLEMENT_DURATION, CREATED_BY, CREATE_DATE, updated_by, update_date) VALUES (OFR_ID_SEQ.NEXTVAL, 1, 'P0Y0M273DT0H0M', 'OFFERMAKER', SYSDATE, 'OFFERMAKER', SYSDATE);
BEGIN
  SELECT ID INTO CUR_PRD_ID FROM PRODUCT WHERE NAME = 'Web' AND ROWNUM <= 1;
EXCEPTION
  WHEN NO_DATA_FOUND THEN
    INSERT INTO PRODUCT (ID, NAME, CREATED_BY, CREATE_DATE) VALUES (PRD_ID_SEQ.NEXTVAL, 'Web', 'OFFERMAKER', SYSDATE);
    SELECT ID INTO CUR_PRD_ID FROM PRODUCT WHERE NAME = 'Web' AND ROWNUM <= 1;
  WHEN OTHERS THEN
    RAISE;
END;
INSERT INTO PRODUCT_OFFERING (ID, PRODUCT_ID, TAX_POLICY_TYPE_ID, QUANTITY, UNIT_PRICE, CREATED_BY, CREATE_DATE) VALUES (PO_ID_SEQ.NEXTVAL, CUR_PRD_ID, '1', '273', '0.357143', 'OFFERMAKER', SYSDATE);
INSERT INTO OFFER_PRODUCT_OFFERING (OFFER_ID, PRODUCT_OFFERING_ID, CREATED_BY, CREATE_DATE) VALUES (OFR_ID_SEQ.CURRVAL, PO_ID_SEQ.CURRVAL, 'OFFERMAKER', SYSDATE);
INSERT INTO DISCOUNT (ID, NAME, DESCRIPTION, FIXED_AMOUNT, PERCENT_AMOUNT, DISCOUNT_TYPE_ID, CREATED_BY, CREATE_DATE) VALUES (DSC_ID_SEQ.NEXTVAL, 'Discount', 'Off: 97.5. P.Disc: 48.7500. P.Full: 97.5000', '48.75', '0', 1, 'OFFERMAKER', SYSDATE);
INSERT INTO DISCOUNT_PRODUCT_OFFERING (DISCOUNT_ID, PRODUCT_OFFERING_ID, CREATED_BY, CREATE_DATE) VALUES (DSC_ID_SEQ.CURRVAL, PO_ID_SEQ.CURRVAL, 'OFFERMAKER', SYSDATE);
BEGIN
  SELECT ID INTO CUR_PRD_ID FROM PRODUCT WHERE NAME = 'Mobile' AND ROWNUM <= 1;
EXCEPTION
  WHEN NO_DATA_FOUND THEN
    INSERT INTO PRODUCT (ID, NAME, CREATED_BY, CREATE_DATE) VALUES (PRD_ID_SEQ.NEXTVAL, 'Mobile', 'OFFERMAKER', SYSDATE);
    SELECT ID INTO CUR_PRD_ID FROM PRODUCT WHERE NAME = 'Mobile' AND ROWNUM <= 1;
  WHEN OTHERS THEN
    RAISE;
END;
INSERT INTO PRODUCT_OFFERING (ID, PRODUCT_ID, TAX_POLICY_TYPE_ID, QUANTITY, UNIT_PRICE, CREATED_BY, CREATE_DATE) VALUES (PO_ID_SEQ.NEXTVAL, CUR_PRD_ID, '1', '273', '0', 'OFFERMAKER', SYSDATE);
INSERT INTO OFFER_PRODUCT_OFFERING (OFFER_ID, PRODUCT_OFFERING_ID, CREATED_BY, CREATE_DATE) VALUES (OFR_ID_SEQ.CURRVAL, PO_ID_SEQ.CURRVAL, 'OFFERMAKER', SYSDATE);
BEGIN
  SELECT ID INTO CUR_PRD_ID FROM PRODUCT WHERE NAME = 'Archive Article' AND ROWNUM <= 1;
EXCEPTION
  WHEN NO_DATA_FOUND THEN
    INSERT INTO PRODUCT (ID, NAME, CREATED_BY, CREATE_DATE) VALUES (PRD_ID_SEQ.NEXTVAL, 'Archive Article', 'OFFERMAKER', SYSDATE);
    SELECT ID INTO CUR_PRD_ID FROM PRODUCT WHERE NAME = 'Archive Article' AND ROWNUM <= 1;
  WHEN OTHERS THEN
    RAISE;
END;
INSERT INTO PRODUCT_OFFERING (ID, PRODUCT_ID, TAX_POLICY_TYPE_ID, QUANTITY, UNIT_PRICE, CREATED_BY, CREATE_DATE) VALUES (PO_ID_SEQ.NEXTVAL, CUR_PRD_ID, '1', '975', '0', 'OFFERMAKER', SYSDATE);
INSERT INTO OFFER_PRODUCT_OFFERING (OFFER_ID, PRODUCT_OFFERING_ID, CREATED_BY, CREATE_DATE) VALUES (OFR_ID_SEQ.CURRVAL, PO_ID_SEQ.CURRVAL, 'OFFERMAKER', SYSDATE);
BEGIN
  SELECT ID INTO CUR_PRD_ID FROM PRODUCT WHERE NAME = 'TimesMachine' AND ROWNUM <= 1;
EXCEPTION
  WHEN NO_DATA_FOUND THEN
    INSERT INTO PRODUCT (ID, NAME, CREATED_BY, CREATE_DATE) VALUES (PRD_ID_SEQ.NEXTVAL, 'TimesMachine', 'OFFERMAKER', SYSDATE);
    SELECT ID INTO CUR_PRD_ID FROM PRODUCT WHERE NAME = 'TimesMachine' AND ROWNUM <= 1;
  WHEN OTHERS THEN
    RAISE;
END;
INSERT INTO PRODUCT_OFFERING (ID, PRODUCT_ID, TAX_POLICY_TYPE_ID, QUANTITY, UNIT_PRICE, CREATED_BY, CREATE_DATE) VALUES (PO_ID_SEQ.NEXTVAL, CUR_PRD_ID, '1', '273', '0', 'OFFERMAKER', SYSDATE);
INSERT INTO OFFER_PRODUCT_OFFERING (OFFER_ID, PRODUCT_OFFERING_ID, CREATED_BY, CREATE_DATE) VALUES (OFR_ID_SEQ.CURRVAL, PO_ID_SEQ.CURRVAL, 'OFFERMAKER', SYSDATE);
BEGIN
  SELECT ID INTO CUR_PRD_ID FROM PRODUCT WHERE NAME = 'Tablet' AND ROWNUM <= 1;
EXCEPTION
  WHEN NO_DATA_FOUND THEN
    INSERT INTO PRODUCT (ID, NAME, CREATED_BY, CREATE_DATE) VALUES (PRD_ID_SEQ.NEXTVAL, 'Tablet', 'OFFERMAKER', SYSDATE);
    SELECT ID INTO CUR_PRD_ID FROM PRODUCT WHERE NAME = 'Tablet' AND ROWNUM <= 1;
  WHEN OTHERS THEN
    RAISE;
END;
INSERT INTO PRODUCT_OFFERING (ID, PRODUCT_ID, TAX_POLICY_TYPE_ID, QUANTITY, UNIT_PRICE, CREATED_BY, CREATE_DATE) VALUES (PO_ID_SEQ.NEXTVAL, CUR_PRD_ID, '1', '273', '0.357143', 'OFFERMAKER', SYSDATE);
INSERT INTO OFFER_PRODUCT_OFFERING (OFFER_ID, PRODUCT_OFFERING_ID, CREATED_BY, CREATE_DATE) VALUES (OFR_ID_SEQ.CURRVAL, PO_ID_SEQ.CURRVAL, 'OFFERMAKER', SYSDATE);
INSERT INTO DISCOUNT (ID, NAME, DESCRIPTION, FIXED_AMOUNT, PERCENT_AMOUNT, DISCOUNT_TYPE_ID, CREATED_BY, CREATE_DATE) VALUES (DSC_ID_SEQ.NEXTVAL, 'Discount', 'Off: 97.5. P.Disc: 48.7500. P.Full: 97.5000', '48.75', '0', 1, 'OFFERMAKER', SYSDATE);
INSERT INTO DISCOUNT_PRODUCT_OFFERING (DISCOUNT_ID, PRODUCT_OFFERING_ID, CREATED_BY, CREATE_DATE) VALUES (DSC_ID_SEQ.CURRVAL, PO_ID_SEQ.CURRVAL, 'OFFERMAKER', SYSDATE);
BEGIN
  SELECT ID INTO CUR_PRD_ID FROM PRODUCT WHERE NAME = 'TimesReader' AND ROWNUM <= 1;
EXCEPTION
  WHEN NO_DATA_FOUND THEN
    INSERT INTO PRODUCT (ID, NAME, CREATED_BY, CREATE_DATE) VALUES (PRD_ID_SEQ.NEXTVAL, 'TimesReader', 'OFFERMAKER', SYSDATE);
    SELECT ID INTO CUR_PRD_ID FROM PRODUCT WHERE NAME = 'TimesReader' AND ROWNUM <= 1;
  WHEN OTHERS THEN
    RAISE;
END;
INSERT INTO PRODUCT_OFFERING (ID, PRODUCT_ID, TAX_POLICY_TYPE_ID, QUANTITY, UNIT_PRICE, CREATED_BY, CREATE_DATE) VALUES (PO_ID_SEQ.NEXTVAL, CUR_PRD_ID, '1', '273', '0', 'OFFERMAKER', SYSDATE);
INSERT INTO OFFER_PRODUCT_OFFERING (OFFER_ID, PRODUCT_OFFERING_ID, CREATED_BY, CREATE_DATE) VALUES (OFR_ID_SEQ.CURRVAL, PO_ID_SEQ.CURRVAL, 'OFFERMAKER', SYSDATE);
INSERT INTO OFFER_OFFER_CHAIN (OFFER_ID, OFFER_CHAIN_ID, INDEX_VALUE, NUM_RECURRENCES, CREATED_BY, CREATE_DATE, updated_by, update_date) VALUES (OFR_ID_SEQ.CURRVAL, 1302452946, '1', '-1', 'OFFERMAKER', SYSDATE, 'OFFERMAKER', SYSDATE);
END;
END;
/
COMMIT;
DECLARE
TMP_VAR NUMBER;
CUR_PRD_ID NUMBER;
CUR_CAPABILITY_ID NUMBER;
BEGIN
BEGIN
  SELECT 1 INTO TMP_VAR FROM OFFER_CHAIN WHERE ID = 30975985 AND ROWNUM <= 1;
  UPDATE OFFER_CHAIN SET NAME='NYTimes: All Digital Access', DESCRIPTION='Unlimited access to NYTimes.com, and the NYTimes smartphone and tablet apps.*', PRODUCT_URI='', VENDOR_SOURCE_ID='1', BILLING_SOURCE_ID=(SELECT ID FROM BILLING_SOURCE BS WHERE BS.NAME='Sartre'), IS_SEAT_LICENSE=0, GROUP_ACCOUNT_TYPE_ID='FL',IS_ADDRESS_REQUIRED=0, OFFER_CHAIN_STATUS_ID = 1, UPDATE_DATE = SYSDATE, UPDATED_BY = 'OFFERMAKER', IS_GIFT_CERTIFICATE='0', REVOKE_ENTITLEMENTS = '0', ADOPTABILITY_WINDOW_START_DATE = to_date('15-Jul-2013 00:00:00','DD-MON-YY HH24:MI:SS'), ADOPTABILITY_WINDOW_END_DATE = to_date('31-Dec-2069 00:00:00','DD-MON-YY HH24:MI:SS'), AMAZON_APPSTORE_SKU=NULL WHERE ID = 30975985;
EXCEPTION
  WHEN NO_DATA_FOUND THEN
    INSERT INTO OFFER_CHAIN (ID, NAME, DESCRIPTION, ADOPTABILITY_WINDOW_START_DATE, ADOPTABILITY_WINDOW_END_DATE, IS_GIFT_CERTIFICATE, PRODUCT_URI, OFFER_CHAIN_STATUS_ID, REVOKE_ENTITLEMENTS, VENDOR_SOURCE_ID, BILLING_SOURCE_ID, IS_SEAT_LICENSE, GROUP_ACCOUNT_TYPE_ID, IS_ADDRESS_REQUIRED, AMAZON_APPSTORE_SKU, CREATED_BY, CREATE_DATE, updated_by, update_date) VALUES (30975985, 'NYTimes: All Digital Access', 'Unlimited access to NYTimes.com, and the NYTimes smartphone and tablet apps.*', to_date('15-Jul-2013 00:00:00','DD-MON-YY HH24:MI:SS'), to_date('31-Dec-2069 00:00:00','DD-MON-YY HH24:MI:SS'), '0', NULL, '1', '0', '1', (SELECT ID FROM BILLING_SOURCE BS WHERE BS.NAME='Sartre'), decode('FL','IL',1,0), 'FL', '0', '', 'OFFERMAKER', SYSDATE, 'OFFERMAKER', SYSDATE);
END;
DELETE FROM OFFER_CHAIN_ELIGIBILITY WHERE offer_chain_id = 30975985;
INSERT INTO OFFER_CHAIN_ELIGIBILITY (ID, OFFER_CHAIN_ID, NAME, VALUE, CREATED_BY, CREATE_DATE) VALUES (ELG_ID_SEQ.NEXTVAL, 30975985, 'REQUIRES_EMAIL_DOMAIN', '*.edu,byu.net,cgcc.cc.or.us,gmc.cc.ga.us,lakeland.cc.il.us,aalto.fi,concordia.ca,dal.ca,epfl.ch,escpeurope.eu,ethz.ch,fgu.edu.tw,fu-berlin.de,huji.ac.il,iiml.ac.in,imperial.ac.uk,leeds.ac.uk,mcgill.ca,mun.ca,nottingham.ac.uk,ox.ac.uk,qmul.ac.uk,ryerson.ca,szie.hu,ubc.ca,uct.ac.za,unam.mx,uni-jena.de,unina.it,unisul.br,utoronto.ca,ac.at,ac.be,ac.il,ac.jp,ac.uk,dcu.ie,edu.au,edu.cn,edu.mx,edu.sa,edu.sg,enst.fr,etu.paris-sorbonne.fr,eur.nl,fh-koeln.de,graduateinstitute.ch,itesm.mx,koncon.nl,ku.dk,langara.bc.ca,leuphana.de,lmu.de,mccg.org,mcmaster.ca,mgh-ita.org,musikkons.dk,nyumc.org,partners.org,presidioedu.org,queensu.ca,questu.ca,su.se,tcd.ie,trinityprep.org,ualberta.ca,uam.es,uc.cl,ucc.ie,ufrgs.br,uib.no,uio.no,umanitoba.ca,unibe.ch,unibo.it,unipg.it,uniroma3.it,uoguelph.ca,uqam.ca,usask.ca,usuhs.mil,ut.ee,utfpr.edu.br,uvic.ca,fh-bielefeld.de,viu.ca,uwo.ca,au.dk,uva.nl,sch.uk,pucsp.br,yorku.ca,brocku.ca,um.es,mylaurier.ca,wlu.ca,uni-mannheim.de,uni-potsdam.de,ens.fr,nyt.net', 'OFFERMAKER', SYSDATE);
INSERT INTO OFFER_CHAIN_ELIGIBILITY (ID, OFFER_CHAIN_ID, NAME, VALUE, CREATED_BY, CREATE_DATE) VALUES (ELG_ID_SEQ.NEXTVAL, 30975985, 'IS_COMP', '0', 'OFFERMAKER', SYSDATE);
INSERT INTO OFFER_CHAIN_ELIGIBILITY (ID, OFFER_CHAIN_ID, NAME, VALUE, CREATED_BY, CREATE_DATE) VALUES (ELG_ID_SEQ.NEXTVAL, 30975985, 'MAX_CONCURRENT_SUBS', '1', 'OFFERMAKER', SYSDATE);
INSERT INTO OFFER_CHAIN_ELIGIBILITY (ID, OFFER_CHAIN_ID, NAME, VALUE, CREATED_BY, CREATE_DATE) VALUES (ELG_ID_SEQ.NEXTVAL, 30975985, 'INTERNAL_ONLY', '0', 'OFFERMAKER', SYSDATE);
INSERT INTO OFFER_CHAIN_ELIGIBILITY (ID, OFFER_CHAIN_ID, NAME, VALUE, CREATED_BY, CREATE_DATE) VALUES (ELG_ID_SEQ.NEXTVAL, 30975985, 'REDEEMER_PROHIBITED_ENTITLEMENTS', '0', 'OFFERMAKER', SYSDATE);
DELETE FROM OFFER_CHAIN_META_DATA WHERE offer_chain_id = 30975985;
INSERT INTO OFFER_CHAIN_META_DATA (ID, OFFER_CHAIN_ID, NAME, VALUE, CREATED_BY, CREATE_DATE) VALUES (OCMD_ID_SEQ.NEXTVAL, 30975985, 'BUNDLE_EXPLANATION', 'W+SP+T Edu $154.12 for first 39 weeks and 50% off regular price thereafter - email verify', 'OFFERMAKER', SYSDATE);
INSERT INTO OFFER_CHAIN_META_DATA (ID, OFFER_CHAIN_ID, NAME, VALUE, CREATED_BY, CREATE_DATE) VALUES (OCMD_ID_SEQ.NEXTVAL, 30975985, 'PRICE_DESCRIPTION', 'All Digital Access $154.12 EDU Offer First 39 Weeks: $3.95/week Thereafter:$170.63 every 39 weeks', 'OFFERMAKER', SYSDATE);
INSERT INTO OFFER_CHAIN_META_DATA (ID, OFFER_CHAIN_ID, NAME, VALUE, CREATED_BY, CREATE_DATE) VALUES (OCMD_ID_SEQ.NEXTVAL, 30975985, 'PRICE_SHORT_DESCRIPTION', 'W+SP+T Edu / $154.12 First 39 wks / $170.63 every 39 wks thereafter', 'OFFERMAKER', SYSDATE);
INSERT INTO OFFER_CHAIN_META_DATA (ID, OFFER_CHAIN_ID, NAME, VALUE, CREATED_BY, CREATE_DATE) VALUES (OCMD_ID_SEQ.NEXTVAL, 30975985, 'OFFER_TYPE', '$154.12 for first 39 Weeks', 'OFFERMAKER', SYSDATE);
INSERT INTO OFFER_CHAIN_META_DATA (ID, OFFER_CHAIN_ID, NAME, VALUE, CREATED_BY, CREATE_DATE) VALUES (OCMD_ID_SEQ.NEXTVAL, 30975985, 'OFFER_PRICE_DESCRIPTOR', 'EDU RATE- 9 MNTH SUB- 50% off', 'OFFERMAKER', SYSDATE);
INSERT INTO OFFER_CHAIN_META_DATA (ID, OFFER_CHAIN_ID, NAME, VALUE, CREATED_BY, CREATE_DATE) VALUES (OCMD_ID_SEQ.NEXTVAL, 30975985, 'OFFER_PRICE', '$154.12 for first 39 Weeks and $170.63 for next 39 Weeks thereafter', 'OFFERMAKER', SYSDATE);
INSERT INTO OFFER_CHAIN_META_DATA (ID, OFFER_CHAIN_ID, NAME, VALUE, CREATED_BY, CREATE_DATE) VALUES (OCMD_ID_SEQ.NEXTVAL, 30975985, 'OFFER_PRICE_DETAIL', '($4.38 / week thereafter)', 'OFFERMAKER', SYSDATE);
INSERT INTO OFFER_CHAIN_META_DATA (ID, OFFER_CHAIN_ID, NAME, VALUE, CREATED_BY, CREATE_DATE) VALUES (OCMD_ID_SEQ.NEXTVAL, 30975985, 'PROMO_PRICE_FOOTER_LABEL', 'First 39 Weeks', 'OFFERMAKER', SYSDATE);
INSERT INTO OFFER_CHAIN_META_DATA (ID, OFFER_CHAIN_ID, NAME, VALUE, CREATED_BY, CREATE_DATE) VALUES (OCMD_ID_SEQ.NEXTVAL, 30975985, 'ACTUAL_PRICE_FOOTER_LABEL', 'Thereafter', 'OFFERMAKER', SYSDATE);
INSERT INTO OFFER_CHAIN_META_DATA (ID, OFFER_CHAIN_ID, NAME, VALUE, CREATED_BY, CREATE_DATE) VALUES (OCMD_ID_SEQ.NEXTVAL, 30975985, 'BILLING_CYCLE', 'every 39 weeks', 'OFFERMAKER', SYSDATE);
INSERT INTO OFFER_CHAIN_META_DATA (ID, OFFER_CHAIN_ID, NAME, VALUE, CREATED_BY, CREATE_DATE) VALUES (OCMD_ID_SEQ.NEXTVAL, 30975985, 'SUBSCRIBER_TYPE', 'Education', 'OFFERMAKER', SYSDATE);
INSERT INTO OFFER_CHAIN_META_DATA (ID, OFFER_CHAIN_ID, NAME, VALUE, CREATED_BY, CREATE_DATE) VALUES (OCMD_ID_SEQ.NEXTVAL, 30975985, 'REFUND_POLICY', 'Multi-week Billing: Full refund within first 30 days, No refund if cancelled in the last 30 days and access remains through the end of the period.  Otherwise, pro-rated refund and access removed within 6 hours.', 'OFFERMAKER', SYSDATE);
INSERT INTO OFFER_CHAIN_META_DATA (ID, OFFER_CHAIN_ID, NAME, VALUE, CREATED_BY, CREATE_DATE) VALUES (OCMD_ID_SEQ.NEXTVAL, 30975985, 'REQUIRES_EMAIL_DOMAIN', '*.edu', 'OFFERMAKER', SYSDATE);
INSERT INTO OFFER_CHAIN_META_DATA (ID, OFFER_CHAIN_ID, NAME, VALUE, CREATED_BY, CREATE_DATE) VALUES (OCMD_ID_SEQ.NEXTVAL, 30975985, 'REQUIRES_EMAIL_DOMAIN', 'byu.net', 'OFFERMAKER', SYSDATE);
INSERT INTO OFFER_CHAIN_META_DATA (ID, OFFER_CHAIN_ID, NAME, VALUE, CREATED_BY, CREATE_DATE) VALUES (OCMD_ID_SEQ.NEXTVAL, 30975985, 'REQUIRES_EMAIL_DOMAIN', 'cgcc.cc.or.us', 'OFFERMAKER', SYSDATE);
INSERT INTO OFFER_CHAIN_META_DATA (ID, OFFER_CHAIN_ID, NAME, VALUE, CREATED_BY, CREATE_DATE) VALUES (OCMD_ID_SEQ.NEXTVAL, 30975985, 'REQUIRES_EMAIL_DOMAIN', 'gmc.cc.ga.us', 'OFFERMAKER', SYSDATE);
INSERT INTO OFFER_CHAIN_META_DATA (ID, OFFER_CHAIN_ID, NAME, VALUE, CREATED_BY, CREATE_DATE) VALUES (OCMD_ID_SEQ.NEXTVAL, 30975985, 'REQUIRES_EMAIL_DOMAIN', 'lakeland.cc.il.us', 'OFFERMAKER', SYSDATE);
INSERT INTO OFFER_CHAIN_META_DATA (ID, OFFER_CHAIN_ID, NAME, VALUE, CREATED_BY, CREATE_DATE) VALUES (OCMD_ID_SEQ.NEXTVAL, 30975985, 'REQUIRES_EMAIL_DOMAIN', 'aalto.fi', 'OFFERMAKER', SYSDATE);
INSERT INTO OFFER_CHAIN_META_DATA (ID, OFFER_CHAIN_ID, NAME, VALUE, CREATED_BY, CREATE_DATE) VALUES (OCMD_ID_SEQ.NEXTVAL, 30975985, 'REQUIRES_EMAIL_DOMAIN', 'concordia.ca', 'OFFERMAKER', SYSDATE);
INSERT INTO OFFER_CHAIN_META_DATA (ID, OFFER_CHAIN_ID, NAME, VALUE, CREATED_BY, CREATE_DATE) VALUES (OCMD_ID_SEQ.NEXTVAL, 30975985, 'REQUIRES_EMAIL_DOMAIN', 'dal.ca', 'OFFERMAKER', SYSDATE);
INSERT INTO OFFER_CHAIN_META_DATA (ID, OFFER_CHAIN_ID, NAME, VALUE, CREATED_BY, CREATE_DATE) VALUES (OCMD_ID_SEQ.NEXTVAL, 30975985, 'REQUIRES_EMAIL_DOMAIN', 'epfl.ch', 'OFFERMAKER', SYSDATE);
INSERT INTO OFFER_CHAIN_META_DATA (ID, OFFER_CHAIN_ID, NAME, VALUE, CREATED_BY, CREATE_DATE) VALUES (OCMD_ID_SEQ.NEXTVAL, 30975985, 'REQUIRES_EMAIL_DOMAIN', 'escpeurope.eu', 'OFFERMAKER', SYSDATE);
INSERT INTO OFFER_CHAIN_META_DATA (ID, OFFER_CHAIN_ID, NAME, VALUE, CREATED_BY, CREATE_DATE) VALUES (OCMD_ID_SEQ.NEXTVAL, 30975985, 'REQUIRES_EMAIL_DOMAIN', 'ethz.ch', 'OFFERMAKER', SYSDATE);
INSERT INTO OFFER_CHAIN_META_DATA (ID, OFFER_CHAIN_ID, NAME, VALUE, CREATED_BY, CREATE_DATE) VALUES (OCMD_ID_SEQ.NEXTVAL, 30975985, 'REQUIRES_EMAIL_DOMAIN', 'fgu.edu.tw', 'OFFERMAKER', SYSDATE);
INSERT INTO OFFER_CHAIN_META_DATA (ID, OFFER_CHAIN_ID, NAME, VALUE, CREATED_BY, CREATE_DATE) VALUES (OCMD_ID_SEQ.NEXTVAL, 30975985, 'REQUIRES_EMAIL_DOMAIN', 'fu-berlin.de', 'OFFERMAKER', SYSDATE);
INSERT INTO OFFER_CHAIN_META_DATA (ID, OFFER_CHAIN_ID, NAME, VALUE, CREATED_BY, CREATE_DATE) VALUES (OCMD_ID_SEQ.NEXTVAL, 30975985, 'REQUIRES_EMAIL_DOMAIN', 'huji.ac.il', 'OFFERMAKER', SYSDATE);
INSERT INTO OFFER_CHAIN_META_DATA (ID, OFFER_CHAIN_ID, NAME, VALUE, CREATED_BY, CREATE_DATE) VALUES (OCMD_ID_SEQ.NEXTVAL, 30975985, 'REQUIRES_EMAIL_DOMAIN', 'iiml.ac.in', 'OFFERMAKER', SYSDATE);
INSERT INTO OFFER_CHAIN_META_DATA (ID, OFFER_CHAIN_ID, NAME, VALUE, CREATED_BY, CREATE_DATE) VALUES (OCMD_ID_SEQ.NEXTVAL, 30975985, 'REQUIRES_EMAIL_DOMAIN', 'imperial.ac.uk', 'OFFERMAKER', SYSDATE);
INSERT INTO OFFER_CHAIN_META_DATA (ID, OFFER_CHAIN_ID, NAME, VALUE, CREATED_BY, CREATE_DATE) VALUES (OCMD_ID_SEQ.NEXTVAL, 30975985, 'REQUIRES_EMAIL_DOMAIN', 'leeds.ac.uk', 'OFFERMAKER', SYSDATE);
INSERT INTO OFFER_CHAIN_META_DATA (ID, OFFER_CHAIN_ID, NAME, VALUE, CREATED_BY, CREATE_DATE) VALUES (OCMD_ID_SEQ.NEXTVAL, 30975985, 'REQUIRES_EMAIL_DOMAIN', 'mcgill.ca', 'OFFERMAKER', SYSDATE);
INSERT INTO OFFER_CHAIN_META_DATA (ID, OFFER_CHAIN_ID, NAME, VALUE, CREATED_BY, CREATE_DATE) VALUES (OCMD_ID_SEQ.NEXTVAL, 30975985, 'REQUIRES_EMAIL_DOMAIN', 'mun.ca', 'OFFERMAKER', SYSDATE);
INSERT INTO OFFER_CHAIN_META_DATA (ID, OFFER_CHAIN_ID, NAME, VALUE, CREATED_BY, CREATE_DATE) VALUES (OCMD_ID_SEQ.NEXTVAL, 30975985, 'REQUIRES_EMAIL_DOMAIN', 'nottingham.ac.uk', 'OFFERMAKER', SYSDATE);
INSERT INTO OFFER_CHAIN_META_DATA (ID, OFFER_CHAIN_ID, NAME, VALUE, CREATED_BY, CREATE_DATE) VALUES (OCMD_ID_SEQ.NEXTVAL, 30975985, 'REQUIRES_EMAIL_DOMAIN', 'ox.ac.uk', 'OFFERMAKER', SYSDATE);
INSERT INTO OFFER_CHAIN_META_DATA (ID, OFFER_CHAIN_ID, NAME, VALUE, CREATED_BY, CREATE_DATE) VALUES (OCMD_ID_SEQ.NEXTVAL, 30975985, 'REQUIRES_EMAIL_DOMAIN', 'qmul.ac.uk', 'OFFERMAKER', SYSDATE);
INSERT INTO OFFER_CHAIN_META_DATA (ID, OFFER_CHAIN_ID, NAME, VALUE, CREATED_BY, CREATE_DATE) VALUES (OCMD_ID_SEQ.NEXTVAL, 30975985, 'REQUIRES_EMAIL_DOMAIN', 'ryerson.ca', 'OFFERMAKER', SYSDATE);
INSERT INTO OFFER_CHAIN_META_DATA (ID, OFFER_CHAIN_ID, NAME, VALUE, CREATED_BY, CREATE_DATE) VALUES (OCMD_ID_SEQ.NEXTVAL, 30975985, 'REQUIRES_EMAIL_DOMAIN', 'szie.hu', 'OFFERMAKER', SYSDATE);
INSERT INTO OFFER_CHAIN_META_DATA (ID, OFFER_CHAIN_ID, NAME, VALUE, CREATED_BY, CREATE_DATE) VALUES (OCMD_ID_SEQ.NEXTVAL, 30975985, 'REQUIRES_EMAIL_DOMAIN', 'ubc.ca', 'OFFERMAKER', SYSDATE);
INSERT INTO OFFER_CHAIN_META_DATA (ID, OFFER_CHAIN_ID, NAME, VALUE, CREATED_BY, CREATE_DATE) VALUES (OCMD_ID_SEQ.NEXTVAL, 30975985, 'REQUIRES_EMAIL_DOMAIN', 'uct.ac.za', 'OFFERMAKER', SYSDATE);
INSERT INTO OFFER_CHAIN_META_DATA (ID, OFFER_CHAIN_ID, NAME, VALUE, CREATED_BY, CREATE_DATE) VALUES (OCMD_ID_SEQ.NEXTVAL, 30975985, 'REQUIRES_EMAIL_DOMAIN', 'unam.mx', 'OFFERMAKER', SYSDATE);
INSERT INTO OFFER_CHAIN_META_DATA (ID, OFFER_CHAIN_ID, NAME, VALUE, CREATED_BY, CREATE_DATE) VALUES (OCMD_ID_SEQ.NEXTVAL, 30975985, 'REQUIRES_EMAIL_DOMAIN', 'uni-jena.de', 'OFFERMAKER', SYSDATE);
INSERT INTO OFFER_CHAIN_META_DATA (ID, OFFER_CHAIN_ID, NAME, VALUE, CREATED_BY, CREATE_DATE) VALUES (OCMD_ID_SEQ.NEXTVAL, 30975985, 'REQUIRES_EMAIL_DOMAIN', 'unina.it', 'OFFERMAKER', SYSDATE);
INSERT INTO OFFER_CHAIN_META_DATA (ID, OFFER_CHAIN_ID, NAME, VALUE, CREATED_BY, CREATE_DATE) VALUES (OCMD_ID_SEQ.NEXTVAL, 30975985, 'REQUIRES_EMAIL_DOMAIN', 'unisul.br', 'OFFERMAKER', SYSDATE);
INSERT INTO OFFER_CHAIN_META_DATA (ID, OFFER_CHAIN_ID, NAME, VALUE, CREATED_BY, CREATE_DATE) VALUES (OCMD_ID_SEQ.NEXTVAL, 30975985, 'REQUIRES_EMAIL_DOMAIN', 'utoronto.ca', 'OFFERMAKER', SYSDATE);
INSERT INTO OFFER_CHAIN_META_DATA (ID, OFFER_CHAIN_ID, NAME, VALUE, CREATED_BY, CREATE_DATE) VALUES (OCMD_ID_SEQ.NEXTVAL, 30975985, 'REQUIRES_EMAIL_DOMAIN', 'ac.at', 'OFFERMAKER', SYSDATE);
INSERT INTO OFFER_CHAIN_META_DATA (ID, OFFER_CHAIN_ID, NAME, VALUE, CREATED_BY, CREATE_DATE) VALUES (OCMD_ID_SEQ.NEXTVAL, 30975985, 'REQUIRES_EMAIL_DOMAIN', 'ac.be', 'OFFERMAKER', SYSDATE);
INSERT INTO OFFER_CHAIN_META_DATA (ID, OFFER_CHAIN_ID, NAME, VALUE, CREATED_BY, CREATE_DATE) VALUES (OCMD_ID_SEQ.NEXTVAL, 30975985, 'REQUIRES_EMAIL_DOMAIN', 'ac.il', 'OFFERMAKER', SYSDATE);
INSERT INTO OFFER_CHAIN_META_DATA (ID, OFFER_CHAIN_ID, NAME, VALUE, CREATED_BY, CREATE_DATE) VALUES (OCMD_ID_SEQ.NEXTVAL, 30975985, 'REQUIRES_EMAIL_DOMAIN', 'ac.jp', 'OFFERMAKER', SYSDATE);
INSERT INTO OFFER_CHAIN_META_DATA (ID, OFFER_CHAIN_ID, NAME, VALUE, CREATED_BY, CREATE_DATE) VALUES (OCMD_ID_SEQ.NEXTVAL, 30975985, 'REQUIRES_EMAIL_DOMAIN', 'ac.uk', 'OFFERMAKER', SYSDATE);
INSERT INTO OFFER_CHAIN_META_DATA (ID, OFFER_CHAIN_ID, NAME, VALUE, CREATED_BY, CREATE_DATE) VALUES (OCMD_ID_SEQ.NEXTVAL, 30975985, 'REQUIRES_EMAIL_DOMAIN', 'dcu.ie', 'OFFERMAKER', SYSDATE);
INSERT INTO OFFER_CHAIN_META_DATA (ID, OFFER_CHAIN_ID, NAME, VALUE, CREATED_BY, CREATE_DATE) VALUES (OCMD_ID_SEQ.NEXTVAL, 30975985, 'REQUIRES_EMAIL_DOMAIN', 'edu.au', 'OFFERMAKER', SYSDATE);
INSERT INTO OFFER_CHAIN_META_DATA (ID, OFFER_CHAIN_ID, NAME, VALUE, CREATED_BY, CREATE_DATE) VALUES (OCMD_ID_SEQ.NEXTVAL, 30975985, 'REQUIRES_EMAIL_DOMAIN', 'edu.cn', 'OFFERMAKER', SYSDATE);
INSERT INTO OFFER_CHAIN_META_DATA (ID, OFFER_CHAIN_ID, NAME, VALUE, CREATED_BY, CREATE_DATE) VALUES (OCMD_ID_SEQ.NEXTVAL, 30975985, 'REQUIRES_EMAIL_DOMAIN', 'edu.mx', 'OFFERMAKER', SYSDATE);
INSERT INTO OFFER_CHAIN_META_DATA (ID, OFFER_CHAIN_ID, NAME, VALUE, CREATED_BY, CREATE_DATE) VALUES (OCMD_ID_SEQ.NEXTVAL, 30975985, 'REQUIRES_EMAIL_DOMAIN', 'edu.sa', 'OFFERMAKER', SYSDATE);
INSERT INTO OFFER_CHAIN_META_DATA (ID, OFFER_CHAIN_ID, NAME, VALUE, CREATED_BY, CREATE_DATE) VALUES (OCMD_ID_SEQ.NEXTVAL, 30975985, 'REQUIRES_EMAIL_DOMAIN', 'edu.sg', 'OFFERMAKER', SYSDATE);
INSERT INTO OFFER_CHAIN_META_DATA (ID, OFFER_CHAIN_ID, NAME, VALUE, CREATED_BY, CREATE_DATE) VALUES (OCMD_ID_SEQ.NEXTVAL, 30975985, 'REQUIRES_EMAIL_DOMAIN', 'enst.fr', 'OFFERMAKER', SYSDATE);
INSERT INTO OFFER_CHAIN_META_DATA (ID, OFFER_CHAIN_ID, NAME, VALUE, CREATED_BY, CREATE_DATE) VALUES (OCMD_ID_SEQ.NEXTVAL, 30975985, 'REQUIRES_EMAIL_DOMAIN', 'etu.paris-sorbonne.fr', 'OFFERMAKER', SYSDATE);
INSERT INTO OFFER_CHAIN_META_DATA (ID, OFFER_CHAIN_ID, NAME, VALUE, CREATED_BY, CREATE_DATE) VALUES (OCMD_ID_SEQ.NEXTVAL, 30975985, 'REQUIRES_EMAIL_DOMAIN', 'eur.nl', 'OFFERMAKER', SYSDATE);
INSERT INTO OFFER_CHAIN_META_DATA (ID, OFFER_CHAIN_ID, NAME, VALUE, CREATED_BY, CREATE_DATE) VALUES (OCMD_ID_SEQ.NEXTVAL, 30975985, 'REQUIRES_EMAIL_DOMAIN', 'fh-koeln.de', 'OFFERMAKER', SYSDATE);
INSERT INTO OFFER_CHAIN_META_DATA (ID, OFFER_CHAIN_ID, NAME, VALUE, CREATED_BY, CREATE_DATE) VALUES (OCMD_ID_SEQ.NEXTVAL, 30975985, 'REQUIRES_EMAIL_DOMAIN', 'graduateinstitute.ch', 'OFFERMAKER', SYSDATE);
INSERT INTO OFFER_CHAIN_META_DATA (ID, OFFER_CHAIN_ID, NAME, VALUE, CREATED_BY, CREATE_DATE) VALUES (OCMD_ID_SEQ.NEXTVAL, 30975985, 'REQUIRES_EMAIL_DOMAIN', 'itesm.mx', 'OFFERMAKER', SYSDATE);
INSERT INTO OFFER_CHAIN_META_DATA (ID, OFFER_CHAIN_ID, NAME, VALUE, CREATED_BY, CREATE_DATE) VALUES (OCMD_ID_SEQ.NEXTVAL, 30975985, 'REQUIRES_EMAIL_DOMAIN', 'koncon.nl', 'OFFERMAKER', SYSDATE);
INSERT INTO OFFER_CHAIN_META_DATA (ID, OFFER_CHAIN_ID, NAME, VALUE, CREATED_BY, CREATE_DATE) VALUES (OCMD_ID_SEQ.NEXTVAL, 30975985, 'REQUIRES_EMAIL_DOMAIN', 'ku.dk', 'OFFERMAKER', SYSDATE);
INSERT INTO OFFER_CHAIN_META_DATA (ID, OFFER_CHAIN_ID, NAME, VALUE, CREATED_BY, CREATE_DATE) VALUES (OCMD_ID_SEQ.NEXTVAL, 30975985, 'REQUIRES_EMAIL_DOMAIN', 'langara.bc.ca', 'OFFERMAKER', SYSDATE);
INSERT INTO OFFER_CHAIN_META_DATA (ID, OFFER_CHAIN_ID, NAME, VALUE, CREATED_BY, CREATE_DATE) VALUES (OCMD_ID_SEQ.NEXTVAL, 30975985, 'REQUIRES_EMAIL_DOMAIN', 'leuphana.de', 'OFFERMAKER', SYSDATE);
INSERT INTO OFFER_CHAIN_META_DATA (ID, OFFER_CHAIN_ID, NAME, VALUE, CREATED_BY, CREATE_DATE) VALUES (OCMD_ID_SEQ.NEXTVAL, 30975985, 'REQUIRES_EMAIL_DOMAIN', 'lmu.de', 'OFFERMAKER', SYSDATE);
INSERT INTO OFFER_CHAIN_META_DATA (ID, OFFER_CHAIN_ID, NAME, VALUE, CREATED_BY, CREATE_DATE) VALUES (OCMD_ID_SEQ.NEXTVAL, 30975985, 'REQUIRES_EMAIL_DOMAIN', 'mccg.org', 'OFFERMAKER', SYSDATE);
INSERT INTO OFFER_CHAIN_META_DATA (ID, OFFER_CHAIN_ID, NAME, VALUE, CREATED_BY, CREATE_DATE) VALUES (OCMD_ID_SEQ.NEXTVAL, 30975985, 'REQUIRES_EMAIL_DOMAIN', 'mcmaster.ca', 'OFFERMAKER', SYSDATE);
INSERT INTO OFFER_CHAIN_META_DATA (ID, OFFER_CHAIN_ID, NAME, VALUE, CREATED_BY, CREATE_DATE) VALUES (OCMD_ID_SEQ.NEXTVAL, 30975985, 'REQUIRES_EMAIL_DOMAIN', 'mgh-ita.org', 'OFFERMAKER', SYSDATE);
INSERT INTO OFFER_CHAIN_META_DATA (ID, OFFER_CHAIN_ID, NAME, VALUE, CREATED_BY, CREATE_DATE) VALUES (OCMD_ID_SEQ.NEXTVAL, 30975985, 'REQUIRES_EMAIL_DOMAIN', 'musikkons.dk', 'OFFERMAKER', SYSDATE);
INSERT INTO OFFER_CHAIN_META_DATA (ID, OFFER_CHAIN_ID, NAME, VALUE, CREATED_BY, CREATE_DATE) VALUES (OCMD_ID_SEQ.NEXTVAL, 30975985, 'REQUIRES_EMAIL_DOMAIN', 'nyumc.org', 'OFFERMAKER', SYSDATE);
INSERT INTO OFFER_CHAIN_META_DATA (ID, OFFER_CHAIN_ID, NAME, VALUE, CREATED_BY, CREATE_DATE) VALUES (OCMD_ID_SEQ.NEXTVAL, 30975985, 'REQUIRES_EMAIL_DOMAIN', 'partners.org', 'OFFERMAKER', SYSDATE);
INSERT INTO OFFER_CHAIN_META_DATA (ID, OFFER_CHAIN_ID, NAME, VALUE, CREATED_BY, CREATE_DATE) VALUES (OCMD_ID_SEQ.NEXTVAL, 30975985, 'REQUIRES_EMAIL_DOMAIN', 'presidioedu.org', 'OFFERMAKER', SYSDATE);
INSERT INTO OFFER_CHAIN_META_DATA (ID, OFFER_CHAIN_ID, NAME, VALUE, CREATED_BY, CREATE_DATE) VALUES (OCMD_ID_SEQ.NEXTVAL, 30975985, 'REQUIRES_EMAIL_DOMAIN', 'queensu.ca', 'OFFERMAKER', SYSDATE);
INSERT INTO OFFER_CHAIN_META_DATA (ID, OFFER_CHAIN_ID, NAME, VALUE, CREATED_BY, CREATE_DATE) VALUES (OCMD_ID_SEQ.NEXTVAL, 30975985, 'REQUIRES_EMAIL_DOMAIN', 'questu.ca', 'OFFERMAKER', SYSDATE);
INSERT INTO OFFER_CHAIN_META_DATA (ID, OFFER_CHAIN_ID, NAME, VALUE, CREATED_BY, CREATE_DATE) VALUES (OCMD_ID_SEQ.NEXTVAL, 30975985, 'REQUIRES_EMAIL_DOMAIN', 'su.se', 'OFFERMAKER', SYSDATE);
INSERT INTO OFFER_CHAIN_META_DATA (ID, OFFER_CHAIN_ID, NAME, VALUE, CREATED_BY, CREATE_DATE) VALUES (OCMD_ID_SEQ.NEXTVAL, 30975985, 'REQUIRES_EMAIL_DOMAIN', 'tcd.ie', 'OFFERMAKER', SYSDATE);
INSERT INTO OFFER_CHAIN_META_DATA (ID, OFFER_CHAIN_ID, NAME, VALUE, CREATED_BY, CREATE_DATE) VALUES (OCMD_ID_SEQ.NEXTVAL, 30975985, 'REQUIRES_EMAIL_DOMAIN', 'trinityprep.org', 'OFFERMAKER', SYSDATE);
INSERT INTO OFFER_CHAIN_META_DATA (ID, OFFER_CHAIN_ID, NAME, VALUE, CREATED_BY, CREATE_DATE) VALUES (OCMD_ID_SEQ.NEXTVAL, 30975985, 'REQUIRES_EMAIL_DOMAIN', 'ualberta.ca', 'OFFERMAKER', SYSDATE);
INSERT INTO OFFER_CHAIN_META_DATA (ID, OFFER_CHAIN_ID, NAME, VALUE, CREATED_BY, CREATE_DATE) VALUES (OCMD_ID_SEQ.NEXTVAL, 30975985, 'REQUIRES_EMAIL_DOMAIN', 'uam.es', 'OFFERMAKER', SYSDATE);
INSERT INTO OFFER_CHAIN_META_DATA (ID, OFFER_CHAIN_ID, NAME, VALUE, CREATED_BY, CREATE_DATE) VALUES (OCMD_ID_SEQ.NEXTVAL, 30975985, 'REQUIRES_EMAIL_DOMAIN', 'uc.cl', 'OFFERMAKER', SYSDATE);
INSERT INTO OFFER_CHAIN_META_DATA (ID, OFFER_CHAIN_ID, NAME, VALUE, CREATED_BY, CREATE_DATE) VALUES (OCMD_ID_SEQ.NEXTVAL, 30975985, 'REQUIRES_EMAIL_DOMAIN', 'ucc.ie', 'OFFERMAKER', SYSDATE);
INSERT INTO OFFER_CHAIN_META_DATA (ID, OFFER_CHAIN_ID, NAME, VALUE, CREATED_BY, CREATE_DATE) VALUES (OCMD_ID_SEQ.NEXTVAL, 30975985, 'REQUIRES_EMAIL_DOMAIN', 'ufrgs.br', 'OFFERMAKER', SYSDATE);
INSERT INTO OFFER_CHAIN_META_DATA (ID, OFFER_CHAIN_ID, NAME, VALUE, CREATED_BY, CREATE_DATE) VALUES (OCMD_ID_SEQ.NEXTVAL, 30975985, 'REQUIRES_EMAIL_DOMAIN', 'uib.no', 'OFFERMAKER', SYSDATE);
INSERT INTO OFFER_CHAIN_META_DATA (ID, OFFER_CHAIN_ID, NAME, VALUE, CREATED_BY, CREATE_DATE) VALUES (OCMD_ID_SEQ.NEXTVAL, 30975985, 'REQUIRES_EMAIL_DOMAIN', 'uio.no', 'OFFERMAKER', SYSDATE);
INSERT INTO OFFER_CHAIN_META_DATA (ID, OFFER_CHAIN_ID, NAME, VALUE, CREATED_BY, CREATE_DATE) VALUES (OCMD_ID_SEQ.NEXTVAL, 30975985, 'REQUIRES_EMAIL_DOMAIN', 'umanitoba.ca', 'OFFERMAKER', SYSDATE);
INSERT INTO OFFER_CHAIN_META_DATA (ID, OFFER_CHAIN_ID, NAME, VALUE, CREATED_BY, CREATE_DATE) VALUES (OCMD_ID_SEQ.NEXTVAL, 30975985, 'REQUIRES_EMAIL_DOMAIN', 'unibe.ch', 'OFFERMAKER', SYSDATE);
INSERT INTO OFFER_CHAIN_META_DATA (ID, OFFER_CHAIN_ID, NAME, VALUE, CREATED_BY, CREATE_DATE) VALUES (OCMD_ID_SEQ.NEXTVAL, 30975985, 'REQUIRES_EMAIL_DOMAIN', 'unibo.it', 'OFFERMAKER', SYSDATE);
INSERT INTO OFFER_CHAIN_META_DATA (ID, OFFER_CHAIN_ID, NAME, VALUE, CREATED_BY, CREATE_DATE) VALUES (OCMD_ID_SEQ.NEXTVAL, 30975985, 'REQUIRES_EMAIL_DOMAIN', 'unipg.it', 'OFFERMAKER', SYSDATE);
INSERT INTO OFFER_CHAIN_META_DATA (ID, OFFER_CHAIN_ID, NAME, VALUE, CREATED_BY, CREATE_DATE) VALUES (OCMD_ID_SEQ.NEXTVAL, 30975985, 'REQUIRES_EMAIL_DOMAIN', 'uniroma3.it', 'OFFERMAKER', SYSDATE);
INSERT INTO OFFER_CHAIN_META_DATA (ID, OFFER_CHAIN_ID, NAME, VALUE, CREATED_BY, CREATE_DATE) VALUES (OCMD_ID_SEQ.NEXTVAL, 30975985, 'REQUIRES_EMAIL_DOMAIN', 'uoguelph.ca', 'OFFERMAKER', SYSDATE);
INSERT INTO OFFER_CHAIN_META_DATA (ID, OFFER_CHAIN_ID, NAME, VALUE, CREATED_BY, CREATE_DATE) VALUES (OCMD_ID_SEQ.NEXTVAL, 30975985, 'REQUIRES_EMAIL_DOMAIN', 'uqam.ca', 'OFFERMAKER', SYSDATE);
INSERT INTO OFFER_CHAIN_META_DATA (ID, OFFER_CHAIN_ID, NAME, VALUE, CREATED_BY, CREATE_DATE) VALUES (OCMD_ID_SEQ.NEXTVAL, 30975985, 'REQUIRES_EMAIL_DOMAIN', 'usask.ca', 'OFFERMAKER', SYSDATE);
INSERT INTO OFFER_CHAIN_META_DATA (ID, OFFER_CHAIN_ID, NAME, VALUE, CREATED_BY, CREATE_DATE) VALUES (OCMD_ID_SEQ.NEXTVAL, 30975985, 'REQUIRES_EMAIL_DOMAIN', 'usuhs.mil', 'OFFERMAKER', SYSDATE);
INSERT INTO OFFER_CHAIN_META_DATA (ID, OFFER_CHAIN_ID, NAME, VALUE, CREATED_BY, CREATE_DATE) VALUES (OCMD_ID_SEQ.NEXTVAL, 30975985, 'REQUIRES_EMAIL_DOMAIN', 'ut.ee', 'OFFERMAKER', SYSDATE);
INSERT INTO OFFER_CHAIN_META_DATA (ID, OFFER_CHAIN_ID, NAME, VALUE, CREATED_BY, CREATE_DATE) VALUES (OCMD_ID_SEQ.NEXTVAL, 30975985, 'REQUIRES_EMAIL_DOMAIN', 'utfpr.edu.br', 'OFFERMAKER', SYSDATE);
INSERT INTO OFFER_CHAIN_META_DATA (ID, OFFER_CHAIN_ID, NAME, VALUE, CREATED_BY, CREATE_DATE) VALUES (OCMD_ID_SEQ.NEXTVAL, 30975985, 'REQUIRES_EMAIL_DOMAIN', 'uvic.ca', 'OFFERMAKER', SYSDATE);
INSERT INTO OFFER_CHAIN_META_DATA (ID, OFFER_CHAIN_ID, NAME, VALUE, CREATED_BY, CREATE_DATE) VALUES (OCMD_ID_SEQ.NEXTVAL, 30975985, 'REQUIRES_EMAIL_DOMAIN', 'fh-bielefeld.de', 'OFFERMAKER', SYSDATE);
INSERT INTO OFFER_CHAIN_META_DATA (ID, OFFER_CHAIN_ID, NAME, VALUE, CREATED_BY, CREATE_DATE) VALUES (OCMD_ID_SEQ.NEXTVAL, 30975985, 'REQUIRES_EMAIL_DOMAIN', 'viu.ca', 'OFFERMAKER', SYSDATE);
INSERT INTO OFFER_CHAIN_META_DATA (ID, OFFER_CHAIN_ID, NAME, VALUE, CREATED_BY, CREATE_DATE) VALUES (OCMD_ID_SEQ.NEXTVAL, 30975985, 'REQUIRES_EMAIL_DOMAIN', 'uwo.ca', 'OFFERMAKER', SYSDATE);
INSERT INTO OFFER_CHAIN_META_DATA (ID, OFFER_CHAIN_ID, NAME, VALUE, CREATED_BY, CREATE_DATE) VALUES (OCMD_ID_SEQ.NEXTVAL, 30975985, 'REQUIRES_EMAIL_DOMAIN', 'au.dk', 'OFFERMAKER', SYSDATE);
INSERT INTO OFFER_CHAIN_META_DATA (ID, OFFER_CHAIN_ID, NAME, VALUE, CREATED_BY, CREATE_DATE) VALUES (OCMD_ID_SEQ.NEXTVAL, 30975985, 'REQUIRES_EMAIL_DOMAIN', 'uva.nl', 'OFFERMAKER', SYSDATE);
INSERT INTO OFFER_CHAIN_META_DATA (ID, OFFER_CHAIN_ID, NAME, VALUE, CREATED_BY, CREATE_DATE) VALUES (OCMD_ID_SEQ.NEXTVAL, 30975985, 'REQUIRES_EMAIL_DOMAIN', 'sch.uk', 'OFFERMAKER', SYSDATE);
INSERT INTO OFFER_CHAIN_META_DATA (ID, OFFER_CHAIN_ID, NAME, VALUE, CREATED_BY, CREATE_DATE) VALUES (OCMD_ID_SEQ.NEXTVAL, 30975985, 'REQUIRES_EMAIL_DOMAIN', 'pucsp.br', 'OFFERMAKER', SYSDATE);
INSERT INTO OFFER_CHAIN_META_DATA (ID, OFFER_CHAIN_ID, NAME, VALUE, CREATED_BY, CREATE_DATE) VALUES (OCMD_ID_SEQ.NEXTVAL, 30975985, 'REQUIRES_EMAIL_DOMAIN', 'yorku.ca', 'OFFERMAKER', SYSDATE);
INSERT INTO OFFER_CHAIN_META_DATA (ID, OFFER_CHAIN_ID, NAME, VALUE, CREATED_BY, CREATE_DATE) VALUES (OCMD_ID_SEQ.NEXTVAL, 30975985, 'REQUIRES_EMAIL_DOMAIN', 'brocku.ca', 'OFFERMAKER', SYSDATE);
INSERT INTO OFFER_CHAIN_META_DATA (ID, OFFER_CHAIN_ID, NAME, VALUE, CREATED_BY, CREATE_DATE) VALUES (OCMD_ID_SEQ.NEXTVAL, 30975985, 'REQUIRES_EMAIL_DOMAIN', 'um.es', 'OFFERMAKER', SYSDATE);
INSERT INTO OFFER_CHAIN_META_DATA (ID, OFFER_CHAIN_ID, NAME, VALUE, CREATED_BY, CREATE_DATE) VALUES (OCMD_ID_SEQ.NEXTVAL, 30975985, 'REQUIRES_EMAIL_DOMAIN', 'mylaurier.ca', 'OFFERMAKER', SYSDATE);
INSERT INTO OFFER_CHAIN_META_DATA (ID, OFFER_CHAIN_ID, NAME, VALUE, CREATED_BY, CREATE_DATE) VALUES (OCMD_ID_SEQ.NEXTVAL, 30975985, 'REQUIRES_EMAIL_DOMAIN', 'wlu.ca', 'OFFERMAKER', SYSDATE);
INSERT INTO OFFER_CHAIN_META_DATA (ID, OFFER_CHAIN_ID, NAME, VALUE, CREATED_BY, CREATE_DATE) VALUES (OCMD_ID_SEQ.NEXTVAL, 30975985, 'REQUIRES_EMAIL_DOMAIN', 'uni-mannheim.de', 'OFFERMAKER', SYSDATE);
INSERT INTO OFFER_CHAIN_META_DATA (ID, OFFER_CHAIN_ID, NAME, VALUE, CREATED_BY, CREATE_DATE) VALUES (OCMD_ID_SEQ.NEXTVAL, 30975985, 'REQUIRES_EMAIL_DOMAIN', 'uni-potsdam.de', 'OFFERMAKER', SYSDATE);
INSERT INTO OFFER_CHAIN_META_DATA (ID, OFFER_CHAIN_ID, NAME, VALUE, CREATED_BY, CREATE_DATE) VALUES (OCMD_ID_SEQ.NEXTVAL, 30975985, 'REQUIRES_EMAIL_DOMAIN', 'ens.fr', 'OFFERMAKER', SYSDATE);
INSERT INTO OFFER_CHAIN_META_DATA (ID, OFFER_CHAIN_ID, NAME, VALUE, CREATED_BY, CREATE_DATE) VALUES (OCMD_ID_SEQ.NEXTVAL, 30975985, 'REQUIRES_EMAIL_DOMAIN', 'nyt.net', 'OFFERMAKER', SYSDATE);
INSERT INTO OFFER_CHAIN_META_DATA (ID, OFFER_CHAIN_ID, NAME, VALUE, CREATED_BY, CREATE_DATE) VALUES (OCMD_ID_SEQ.NEXTVAL, 30975985, 'CANCELABLE', '1', 'OFFERMAKER', SYSDATE);
INSERT INTO OFFER_CHAIN_META_DATA (ID, OFFER_CHAIN_ID, NAME, VALUE, CREATED_BY, CREATE_DATE) VALUES (OCMD_ID_SEQ.NEXTVAL, 30975985, 'REFUNDABLE', '1', 'OFFERMAKER', SYSDATE);
INSERT INTO OFFER_CHAIN_META_DATA (ID, OFFER_CHAIN_ID, NAME, VALUE, CREATED_BY, CREATE_DATE) VALUES (OCMD_ID_SEQ.NEXTVAL, 30975985, 'FULL_REFUND_DAYS_LIMIT', '30', 'OFFERMAKER', SYSDATE);
INSERT INTO OFFER_CHAIN_META_DATA (ID, OFFER_CHAIN_ID, NAME, VALUE, CREATED_BY, CREATE_DATE) VALUES (OCMD_ID_SEQ.NEXTVAL, 30975985, 'PRORATED_REFUND_DAYS_LIMIT', '243', 'OFFERMAKER', SYSDATE);
INSERT INTO OFFER_CHAIN_META_DATA (ID, OFFER_CHAIN_ID, NAME, VALUE, CREATED_BY, CREATE_DATE) VALUES (OCMD_ID_SEQ.NEXTVAL, 30975985, 'OPEN_TO_ANONYMOUS', '1', 'OFFERMAKER', SYSDATE);
INSERT INTO OFFER_CHAIN_META_DATA (ID, OFFER_CHAIN_ID, NAME, VALUE, CREATED_BY, CREATE_DATE) VALUES (OCMD_ID_SEQ.NEXTVAL, 30975985, 'BUNDLE', 'Bundle D (Digital All Access)', 'OFFERMAKER', SYSDATE);
INSERT INTO OFFER_CHAIN_META_DATA (ID, OFFER_CHAIN_ID, NAME, VALUE, CREATED_BY, CREATE_DATE) VALUES (OCMD_ID_SEQ.NEXTVAL, 30975985, 'ADX_BUNDLE', 'MM_EDU', 'OFFERMAKER', SYSDATE);
INSERT INTO OFFER_CHAIN_META_DATA (ID, OFFER_CHAIN_ID, NAME, VALUE, CREATED_BY, CREATE_DATE) VALUES (OCMD_ID_SEQ.NEXTVAL, 30975985, 'SIEBEL_CAMPAIGN_CODE', '3KJXQ', 'OFFERMAKER', SYSDATE);
INSERT INTO OFFER_CHAIN_META_DATA (ID, OFFER_CHAIN_ID, NAME, VALUE, CREATED_BY, CREATE_DATE) VALUES (OCMD_ID_SEQ.NEXTVAL, 30975985, 'ANNUAL_PRICE', '227.50', 'OFFERMAKER', SYSDATE);
INSERT INTO OFFER_CHAIN_META_DATA (ID, OFFER_CHAIN_ID, NAME, VALUE, CREATED_BY, CREATE_DATE) VALUES (OCMD_ID_SEQ.NEXTVAL, 30975985, 'UID', '5d2c41810296ade470b97a81c139b4e4c98f17197f5ca07859f4339b1b08f2fa', 'OFFERMAKER', SYSDATE);
DELETE FROM OFFER_CHAIN_NOTIFICATION_TYPE WHERE offer_chain_id = 30975985;
BEGIN
  SELECT 1 INTO TMP_VAR FROM ACTION WHERE NAME = 'SUBSCRIBE_TO_OFFER_CHAIN';
EXCEPTION
  WHEN NO_DATA_FOUND THEN
    INSERT INTO ACTION (ID, NAME, CREATE_DATE, CREATED_BY) VALUES (ACTION_ID_SEQ.NEXTVAL, 'SUBSCRIBE_TO_OFFER_CHAIN', SYSDATE, 'OFFERMAKER');
END;
BEGIN
  SELECT 1 INTO TMP_VAR FROM CORE_OWNER.NOTIFICATION_TYPE WHERE VALUE = 'sartre-digital-purchase-edu';
EXCEPTION
  WHEN NO_DATA_FOUND THEN NULL;
    INSERT INTO CORE_OWNER.NOTIFICATION_TYPE (ID, VALUE, TEMPLATE_URL) VALUES (CORE_OWNER.NOTTID_SEQ.NEXTVAL, 'sartre-digital-purchase-edu', 'N/A');
END;
BEGIN
  SELECT 1 INTO TMP_VAR FROM ACTION WHERE NAME = 'UPGRADE_SUBSCRIPTION';
EXCEPTION
  WHEN NO_DATA_FOUND THEN
    INSERT INTO ACTION (ID, NAME, CREATE_DATE, CREATED_BY) VALUES (ACTION_ID_SEQ.NEXTVAL, 'UPGRADE_SUBSCRIPTION', SYSDATE, 'OFFERMAKER');
END;
BEGIN
  SELECT 1 INTO TMP_VAR FROM CORE_OWNER.NOTIFICATION_TYPE WHERE VALUE = 'sartre-digital-purchase-edu';
EXCEPTION
  WHEN NO_DATA_FOUND THEN NULL;
    INSERT INTO CORE_OWNER.NOTIFICATION_TYPE (ID, VALUE, TEMPLATE_URL) VALUES (CORE_OWNER.NOTTID_SEQ.NEXTVAL, 'sartre-digital-purchase-edu', 'N/A');
END;
BEGIN
  SELECT 1 INTO TMP_VAR FROM ACTION WHERE NAME = 'CANCEL_SUBSCRIPTION';
EXCEPTION
  WHEN NO_DATA_FOUND THEN
    INSERT INTO ACTION (ID, NAME, CREATE_DATE, CREATED_BY) VALUES (ACTION_ID_SEQ.NEXTVAL, 'CANCEL_SUBSCRIPTION', SYSDATE, 'OFFERMAKER');
END;
BEGIN
  SELECT 1 INTO TMP_VAR FROM CORE_OWNER.NOTIFICATION_TYPE WHERE VALUE = 'sartre-cancel';
EXCEPTION
  WHEN NO_DATA_FOUND THEN NULL;
    INSERT INTO CORE_OWNER.NOTIFICATION_TYPE (ID, VALUE, TEMPLATE_URL) VALUES (CORE_OWNER.NOTTID_SEQ.NEXTVAL, 'sartre-cancel', 'N/A');
END;
BEGIN
  SELECT 1 INTO TMP_VAR FROM ACTION WHERE NAME = 'SYSTEM_CANCEL';
EXCEPTION
  WHEN NO_DATA_FOUND THEN
    INSERT INTO ACTION (ID, NAME, CREATE_DATE, CREATED_BY) VALUES (ACTION_ID_SEQ.NEXTVAL, 'SYSTEM_CANCEL', SYSDATE, 'OFFERMAKER');
END;
BEGIN
  SELECT 1 INTO TMP_VAR FROM CORE_OWNER.NOTIFICATION_TYPE WHERE VALUE = 'sartre-decline-edu-and-k12';
EXCEPTION
  WHEN NO_DATA_FOUND THEN NULL;
    INSERT INTO CORE_OWNER.NOTIFICATION_TYPE (ID, VALUE, TEMPLATE_URL) VALUES (CORE_OWNER.NOTTID_SEQ.NEXTVAL, 'sartre-decline-edu-and-k12', 'N/A');
END;
BEGIN
  SELECT 1 INTO TMP_VAR FROM ACTION WHERE NAME = 'CREDIT_CARD_EXP';
EXCEPTION
  WHEN NO_DATA_FOUND THEN
    INSERT INTO ACTION (ID, NAME, CREATE_DATE, CREATED_BY) VALUES (ACTION_ID_SEQ.NEXTVAL, 'CREDIT_CARD_EXP', SYSDATE, 'OFFERMAKER');
END;
BEGIN
  SELECT 1 INTO TMP_VAR FROM CORE_OWNER.NOTIFICATION_TYPE WHERE VALUE = 'card_expiration';
EXCEPTION
  WHEN NO_DATA_FOUND THEN NULL;
    INSERT INTO CORE_OWNER.NOTIFICATION_TYPE (ID, VALUE, TEMPLATE_URL) VALUES (CORE_OWNER.NOTTID_SEQ.NEXTVAL, 'card_expiration', 'N/A');
END;
INSERT INTO OFFER_CHAIN_NOTIFICATION_TYPE (ID, OFFER_CHAIN_ID, NOTIFICATION_TYPE_ID, ACTION_ID, CREATED_BY, CREATE_DATE) VALUES (OCET_ID_SEQ.NEXTVAL, 30975985, (SELECT ID FROM CORE_OWNER.NOTIFICATION_TYPE WHERE VALUE = 'sartre-digital-purchase-edu'), (SELECT ID FROM ACTION WHERE NAME = 'SUBSCRIBE_TO_OFFER_CHAIN'), 'OFFERMAKER', SYSDATE);
INSERT INTO OFFER_CHAIN_NOTIFICATION_TYPE (ID, OFFER_CHAIN_ID, NOTIFICATION_TYPE_ID, ACTION_ID, CREATED_BY, CREATE_DATE) VALUES (OCET_ID_SEQ.NEXTVAL, 30975985, (SELECT ID FROM CORE_OWNER.NOTIFICATION_TYPE WHERE VALUE = 'sartre-digital-purchase-edu'), (SELECT ID FROM ACTION WHERE NAME = 'UPGRADE_SUBSCRIPTION'), 'OFFERMAKER', SYSDATE);
INSERT INTO OFFER_CHAIN_NOTIFICATION_TYPE (ID, OFFER_CHAIN_ID, NOTIFICATION_TYPE_ID, ACTION_ID, CREATED_BY, CREATE_DATE) VALUES (OCET_ID_SEQ.NEXTVAL, 30975985, (SELECT ID FROM CORE_OWNER.NOTIFICATION_TYPE WHERE VALUE = 'sartre-cancel'), (SELECT ID FROM ACTION WHERE NAME = 'CANCEL_SUBSCRIPTION'), 'OFFERMAKER', SYSDATE);
INSERT INTO OFFER_CHAIN_NOTIFICATION_TYPE (ID, OFFER_CHAIN_ID, NOTIFICATION_TYPE_ID, ACTION_ID, CREATED_BY, CREATE_DATE) VALUES (OCET_ID_SEQ.NEXTVAL, 30975985, (SELECT ID FROM CORE_OWNER.NOTIFICATION_TYPE WHERE VALUE = 'sartre-decline-edu-and-k12'), (SELECT ID FROM ACTION WHERE NAME = 'SYSTEM_CANCEL'), 'OFFERMAKER', SYSDATE);
INSERT INTO OFFER_CHAIN_NOTIFICATION_TYPE (ID, OFFER_CHAIN_ID, NOTIFICATION_TYPE_ID, ACTION_ID, CREATED_BY, CREATE_DATE) VALUES (OCET_ID_SEQ.NEXTVAL, 30975985, (SELECT ID FROM CORE_OWNER.NOTIFICATION_TYPE WHERE VALUE = 'card_expiration'), (SELECT ID FROM ACTION WHERE NAME = 'CREDIT_CARD_EXP'), 'OFFERMAKER', SYSDATE);
BEGIN
  SELECT 1 INTO TMP_VAR FROM OFFER_OFFER_CHAIN WHERE OFFER_CHAIN_ID = 30975985 AND INDEX_VALUE = 0 AND ROWNUM <= 1;
EXCEPTION
  WHEN NO_DATA_FOUND THEN
INSERT INTO OFFER (ID, OFFER_STATUS_ID, ENTITLEMENT_DURATION, CREATED_BY, CREATE_DATE, updated_by, update_date) VALUES (OFR_ID_SEQ.NEXTVAL, 1, 'P0Y0M273DT0H0M', 'OFFERMAKER', SYSDATE, 'OFFERMAKER', SYSDATE);
BEGIN
  SELECT ID INTO CUR_PRD_ID FROM PRODUCT WHERE NAME = 'Web' AND ROWNUM <= 1;
EXCEPTION
  WHEN NO_DATA_FOUND THEN
    INSERT INTO PRODUCT (ID, NAME, CREATED_BY, CREATE_DATE) VALUES (PRD_ID_SEQ.NEXTVAL, 'Web', 'OFFERMAKER', SYSDATE);
    SELECT ID INTO CUR_PRD_ID FROM PRODUCT WHERE NAME = 'Web' AND ROWNUM <= 1;
  WHEN OTHERS THEN
    RAISE;
END;
INSERT INTO PRODUCT_OFFERING (ID, PRODUCT_ID, TAX_POLICY_TYPE_ID, QUANTITY, UNIT_PRICE, CREATED_BY, CREATE_DATE) VALUES (PO_ID_SEQ.NEXTVAL, CUR_PRD_ID, '1', '273', '0.357143', 'OFFERMAKER', SYSDATE);
INSERT INTO OFFER_PRODUCT_OFFERING (OFFER_ID, PRODUCT_OFFERING_ID, CREATED_BY, CREATE_DATE) VALUES (OFR_ID_SEQ.CURRVAL, PO_ID_SEQ.CURRVAL, 'OFFERMAKER', SYSDATE);
INSERT INTO DISCOUNT (ID, NAME, DESCRIPTION, FIXED_AMOUNT, PERCENT_AMOUNT, DISCOUNT_TYPE_ID, CREATED_BY, CREATE_DATE) VALUES (DSC_ID_SEQ.NEXTVAL, 'Discount', 'Off: 154.12. P.Disc: 44.0300. P.Full: 97.5000', '53.47', '0', 1, 'OFFERMAKER', SYSDATE);
INSERT INTO DISCOUNT_PRODUCT_OFFERING (DISCOUNT_ID, PRODUCT_OFFERING_ID, CREATED_BY, CREATE_DATE) VALUES (DSC_ID_SEQ.CURRVAL, PO_ID_SEQ.CURRVAL, 'OFFERMAKER', SYSDATE);
BEGIN
  SELECT ID INTO CUR_PRD_ID FROM PRODUCT WHERE NAME = 'Mobile' AND ROWNUM <= 1;
EXCEPTION
  WHEN NO_DATA_FOUND THEN
    INSERT INTO PRODUCT (ID, NAME, CREATED_BY, CREATE_DATE) VALUES (PRD_ID_SEQ.NEXTVAL, 'Mobile', 'OFFERMAKER', SYSDATE);
    SELECT ID INTO CUR_PRD_ID FROM PRODUCT WHERE NAME = 'Mobile' AND ROWNUM <= 1;
  WHEN OTHERS THEN
    RAISE;
END;
INSERT INTO PRODUCT_OFFERING (ID, PRODUCT_ID, TAX_POLICY_TYPE_ID, QUANTITY, UNIT_PRICE, CREATED_BY, CREATE_DATE) VALUES (PO_ID_SEQ.NEXTVAL, CUR_PRD_ID, '1', '273', '0', 'OFFERMAKER', SYSDATE);
INSERT INTO OFFER_PRODUCT_OFFERING (OFFER_ID, PRODUCT_OFFERING_ID, CREATED_BY, CREATE_DATE) VALUES (OFR_ID_SEQ.CURRVAL, PO_ID_SEQ.CURRVAL, 'OFFERMAKER', SYSDATE);
BEGIN
  SELECT ID INTO CUR_PRD_ID FROM PRODUCT WHERE NAME = 'Archive Article' AND ROWNUM <= 1;
EXCEPTION
  WHEN NO_DATA_FOUND THEN
    INSERT INTO PRODUCT (ID, NAME, CREATED_BY, CREATE_DATE) VALUES (PRD_ID_SEQ.NEXTVAL, 'Archive Article', 'OFFERMAKER', SYSDATE);
    SELECT ID INTO CUR_PRD_ID FROM PRODUCT WHERE NAME = 'Archive Article' AND ROWNUM <= 1;
  WHEN OTHERS THEN
    RAISE;
END;
INSERT INTO PRODUCT_OFFERING (ID, PRODUCT_ID, TAX_POLICY_TYPE_ID, QUANTITY, UNIT_PRICE, CREATED_BY, CREATE_DATE) VALUES (PO_ID_SEQ.NEXTVAL, CUR_PRD_ID, '1', '975', '0', 'OFFERMAKER', SYSDATE);
INSERT INTO OFFER_PRODUCT_OFFERING (OFFER_ID, PRODUCT_OFFERING_ID, CREATED_BY, CREATE_DATE) VALUES (OFR_ID_SEQ.CURRVAL, PO_ID_SEQ.CURRVAL, 'OFFERMAKER', SYSDATE);
BEGIN
  SELECT ID INTO CUR_PRD_ID FROM PRODUCT WHERE NAME = 'TimesMachine' AND ROWNUM <= 1;
EXCEPTION
  WHEN NO_DATA_FOUND THEN
    INSERT INTO PRODUCT (ID, NAME, CREATED_BY, CREATE_DATE) VALUES (PRD_ID_SEQ.NEXTVAL, 'TimesMachine', 'OFFERMAKER', SYSDATE);
    SELECT ID INTO CUR_PRD_ID FROM PRODUCT WHERE NAME = 'TimesMachine' AND ROWNUM <= 1;
  WHEN OTHERS THEN
    RAISE;
END;
INSERT INTO PRODUCT_OFFERING (ID, PRODUCT_ID, TAX_POLICY_TYPE_ID, QUANTITY, UNIT_PRICE, CREATED_BY, CREATE_DATE) VALUES (PO_ID_SEQ.NEXTVAL, CUR_PRD_ID, '1', '273', '0', 'OFFERMAKER', SYSDATE);
INSERT INTO OFFER_PRODUCT_OFFERING (OFFER_ID, PRODUCT_OFFERING_ID, CREATED_BY, CREATE_DATE) VALUES (OFR_ID_SEQ.CURRVAL, PO_ID_SEQ.CURRVAL, 'OFFERMAKER', SYSDATE);
BEGIN
  SELECT ID INTO CUR_PRD_ID FROM PRODUCT WHERE NAME = 'Smartphone' AND ROWNUM <= 1;
EXCEPTION
  WHEN NO_DATA_FOUND THEN
    INSERT INTO PRODUCT (ID, NAME, CREATED_BY, CREATE_DATE) VALUES (PRD_ID_SEQ.NEXTVAL, 'Smartphone', 'OFFERMAKER', SYSDATE);
    SELECT ID INTO CUR_PRD_ID FROM PRODUCT WHERE NAME = 'Smartphone' AND ROWNUM <= 1;
  WHEN OTHERS THEN
    RAISE;
END;
INSERT INTO PRODUCT_OFFERING (ID, PRODUCT_ID, TAX_POLICY_TYPE_ID, QUANTITY, UNIT_PRICE, CREATED_BY, CREATE_DATE) VALUES (PO_ID_SEQ.NEXTVAL, CUR_PRD_ID, '1', '273', '0.178571', 'OFFERMAKER', SYSDATE);
INSERT INTO OFFER_PRODUCT_OFFERING (OFFER_ID, PRODUCT_OFFERING_ID, CREATED_BY, CREATE_DATE) VALUES (OFR_ID_SEQ.CURRVAL, PO_ID_SEQ.CURRVAL, 'OFFERMAKER', SYSDATE);
INSERT INTO DISCOUNT (ID, NAME, DESCRIPTION, FIXED_AMOUNT, PERCENT_AMOUNT, DISCOUNT_TYPE_ID, CREATED_BY, CREATE_DATE) VALUES (DSC_ID_SEQ.NEXTVAL, 'Discount', 'Off: 154.12. P.Disc: 22.0199. P.Full: 48.7499', '26.73', '0', 1, 'OFFERMAKER', SYSDATE);
INSERT INTO DISCOUNT_PRODUCT_OFFERING (DISCOUNT_ID, PRODUCT_OFFERING_ID, CREATED_BY, CREATE_DATE) VALUES (DSC_ID_SEQ.CURRVAL, PO_ID_SEQ.CURRVAL, 'OFFERMAKER', SYSDATE);
BEGIN
  SELECT ID INTO CUR_PRD_ID FROM PRODUCT WHERE NAME = 'Tablet' AND ROWNUM <= 1;
EXCEPTION
  WHEN NO_DATA_FOUND THEN
    INSERT INTO PRODUCT (ID, NAME, CREATED_BY, CREATE_DATE) VALUES (PRD_ID_SEQ.NEXTVAL, 'Tablet', 'OFFERMAKER', SYSDATE);
    SELECT ID INTO CUR_PRD_ID FROM PRODUCT WHERE NAME = 'Tablet' AND ROWNUM <= 1;
  WHEN OTHERS THEN
    RAISE;
END;
INSERT INTO PRODUCT_OFFERING (ID, PRODUCT_ID, TAX_POLICY_TYPE_ID, QUANTITY, UNIT_PRICE, CREATED_BY, CREATE_DATE) VALUES (PO_ID_SEQ.NEXTVAL, CUR_PRD_ID, '1', '273', '0.714286', 'OFFERMAKER', SYSDATE);
INSERT INTO OFFER_PRODUCT_OFFERING (OFFER_ID, PRODUCT_OFFERING_ID, CREATED_BY, CREATE_DATE) VALUES (OFR_ID_SEQ.CURRVAL, PO_ID_SEQ.CURRVAL, 'OFFERMAKER', SYSDATE);
INSERT INTO DISCOUNT (ID, NAME, DESCRIPTION, FIXED_AMOUNT, PERCENT_AMOUNT, DISCOUNT_TYPE_ID, CREATED_BY, CREATE_DATE) VALUES (DSC_ID_SEQ.NEXTVAL, 'Discount', 'Off: 154.12. P.Disc: 88.070. P.Full: 195.000', '106.93', '0', 1, 'OFFERMAKER', SYSDATE);
INSERT INTO DISCOUNT_PRODUCT_OFFERING (DISCOUNT_ID, PRODUCT_OFFERING_ID, CREATED_BY, CREATE_DATE) VALUES (DSC_ID_SEQ.CURRVAL, PO_ID_SEQ.CURRVAL, 'OFFERMAKER', SYSDATE);
BEGIN
  SELECT ID INTO CUR_PRD_ID FROM PRODUCT WHERE NAME = 'TimesReader' AND ROWNUM <= 1;
EXCEPTION
  WHEN NO_DATA_FOUND THEN
    INSERT INTO PRODUCT (ID, NAME, CREATED_BY, CREATE_DATE) VALUES (PRD_ID_SEQ.NEXTVAL, 'TimesReader', 'OFFERMAKER', SYSDATE);
    SELECT ID INTO CUR_PRD_ID FROM PRODUCT WHERE NAME = 'TimesReader' AND ROWNUM <= 1;
  WHEN OTHERS THEN
    RAISE;
END;
INSERT INTO PRODUCT_OFFERING (ID, PRODUCT_ID, TAX_POLICY_TYPE_ID, QUANTITY, UNIT_PRICE, CREATED_BY, CREATE_DATE) VALUES (PO_ID_SEQ.NEXTVAL, CUR_PRD_ID, '1', '273', '0', 'OFFERMAKER', SYSDATE);
INSERT INTO OFFER_PRODUCT_OFFERING (OFFER_ID, PRODUCT_OFFERING_ID, CREATED_BY, CREATE_DATE) VALUES (OFR_ID_SEQ.CURRVAL, PO_ID_SEQ.CURRVAL, 'OFFERMAKER', SYSDATE);
INSERT INTO OFFER_OFFER_CHAIN (OFFER_ID, OFFER_CHAIN_ID, INDEX_VALUE, NUM_RECURRENCES, CREATED_BY, CREATE_DATE, updated_by, update_date) VALUES (OFR_ID_SEQ.CURRVAL, 30975985, '0', '1', 'OFFERMAKER', SYSDATE, 'OFFERMAKER', SYSDATE);
END;
BEGIN
  SELECT 1 INTO TMP_VAR FROM OFFER_OFFER_CHAIN WHERE OFFER_CHAIN_ID = 30975985 AND INDEX_VALUE = 1 AND ROWNUM <= 1;
EXCEPTION
  WHEN NO_DATA_FOUND THEN
INSERT INTO OFFER (ID, OFFER_STATUS_ID, ENTITLEMENT_DURATION, CREATED_BY, CREATE_DATE, updated_by, update_date) VALUES (OFR_ID_SEQ.NEXTVAL, 1, 'P0Y0M273DT0H0M', 'OFFERMAKER', SYSDATE, 'OFFERMAKER', SYSDATE);
BEGIN
  SELECT ID INTO CUR_PRD_ID FROM PRODUCT WHERE NAME = 'Web' AND ROWNUM <= 1;
EXCEPTION
  WHEN NO_DATA_FOUND THEN
    INSERT INTO PRODUCT (ID, NAME, CREATED_BY, CREATE_DATE) VALUES (PRD_ID_SEQ.NEXTVAL, 'Web', 'OFFERMAKER', SYSDATE);
    SELECT ID INTO CUR_PRD_ID FROM PRODUCT WHERE NAME = 'Web' AND ROWNUM <= 1;
  WHEN OTHERS THEN
    RAISE;
END;
INSERT INTO PRODUCT_OFFERING (ID, PRODUCT_ID, TAX_POLICY_TYPE_ID, QUANTITY, UNIT_PRICE, CREATED_BY, CREATE_DATE) VALUES (PO_ID_SEQ.NEXTVAL, CUR_PRD_ID, '1', '273', '0.357143', 'OFFERMAKER', SYSDATE);
INSERT INTO OFFER_PRODUCT_OFFERING (OFFER_ID, PRODUCT_OFFERING_ID, CREATED_BY, CREATE_DATE) VALUES (OFR_ID_SEQ.CURRVAL, PO_ID_SEQ.CURRVAL, 'OFFERMAKER', SYSDATE);
INSERT INTO DISCOUNT (ID, NAME, DESCRIPTION, FIXED_AMOUNT, PERCENT_AMOUNT, DISCOUNT_TYPE_ID, CREATED_BY, CREATE_DATE) VALUES (DSC_ID_SEQ.NEXTVAL, 'Discount', 'Off: 170.63. P.Disc: 48.7500. P.Full: 97.5000', '48.75', '0', 1, 'OFFERMAKER', SYSDATE);
INSERT INTO DISCOUNT_PRODUCT_OFFERING (DISCOUNT_ID, PRODUCT_OFFERING_ID, CREATED_BY, CREATE_DATE) VALUES (DSC_ID_SEQ.CURRVAL, PO_ID_SEQ.CURRVAL, 'OFFERMAKER', SYSDATE);
BEGIN
  SELECT ID INTO CUR_PRD_ID FROM PRODUCT WHERE NAME = 'Mobile' AND ROWNUM <= 1;
EXCEPTION
  WHEN NO_DATA_FOUND THEN
    INSERT INTO PRODUCT (ID, NAME, CREATED_BY, CREATE_DATE) VALUES (PRD_ID_SEQ.NEXTVAL, 'Mobile', 'OFFERMAKER', SYSDATE);
    SELECT ID INTO CUR_PRD_ID FROM PRODUCT WHERE NAME = 'Mobile' AND ROWNUM <= 1;
  WHEN OTHERS THEN
    RAISE;
END;
INSERT INTO PRODUCT_OFFERING (ID, PRODUCT_ID, TAX_POLICY_TYPE_ID, QUANTITY, UNIT_PRICE, CREATED_BY, CREATE_DATE) VALUES (PO_ID_SEQ.NEXTVAL, CUR_PRD_ID, '1', '273', '0', 'OFFERMAKER', SYSDATE);
INSERT INTO OFFER_PRODUCT_OFFERING (OFFER_ID, PRODUCT_OFFERING_ID, CREATED_BY, CREATE_DATE) VALUES (OFR_ID_SEQ.CURRVAL, PO_ID_SEQ.CURRVAL, 'OFFERMAKER', SYSDATE);
BEGIN
  SELECT ID INTO CUR_PRD_ID FROM PRODUCT WHERE NAME = 'Archive Article' AND ROWNUM <= 1;
EXCEPTION
  WHEN NO_DATA_FOUND THEN
    INSERT INTO PRODUCT (ID, NAME, CREATED_BY, CREATE_DATE) VALUES (PRD_ID_SEQ.NEXTVAL, 'Archive Article', 'OFFERMAKER', SYSDATE);
    SELECT ID INTO CUR_PRD_ID FROM PRODUCT WHERE NAME = 'Archive Article' AND ROWNUM <= 1;
  WHEN OTHERS THEN
    RAISE;
END;
INSERT INTO PRODUCT_OFFERING (ID, PRODUCT_ID, TAX_POLICY_TYPE_ID, QUANTITY, UNIT_PRICE, CREATED_BY, CREATE_DATE) VALUES (PO_ID_SEQ.NEXTVAL, CUR_PRD_ID, '1', '975', '0', 'OFFERMAKER', SYSDATE);
INSERT INTO OFFER_PRODUCT_OFFERING (OFFER_ID, PRODUCT_OFFERING_ID, CREATED_BY, CREATE_DATE) VALUES (OFR_ID_SEQ.CURRVAL, PO_ID_SEQ.CURRVAL, 'OFFERMAKER', SYSDATE);
BEGIN
  SELECT ID INTO CUR_PRD_ID FROM PRODUCT WHERE NAME = 'TimesMachine' AND ROWNUM <= 1;
EXCEPTION
  WHEN NO_DATA_FOUND THEN
    INSERT INTO PRODUCT (ID, NAME, CREATED_BY, CREATE_DATE) VALUES (PRD_ID_SEQ.NEXTVAL, 'TimesMachine', 'OFFERMAKER', SYSDATE);
    SELECT ID INTO CUR_PRD_ID FROM PRODUCT WHERE NAME = 'TimesMachine' AND ROWNUM <= 1;
  WHEN OTHERS THEN
    RAISE;
END;
INSERT INTO PRODUCT_OFFERING (ID, PRODUCT_ID, TAX_POLICY_TYPE_ID, QUANTITY, UNIT_PRICE, CREATED_BY, CREATE_DATE) VALUES (PO_ID_SEQ.NEXTVAL, CUR_PRD_ID, '1', '273', '0', 'OFFERMAKER', SYSDATE);
INSERT INTO OFFER_PRODUCT_OFFERING (OFFER_ID, PRODUCT_OFFERING_ID, CREATED_BY, CREATE_DATE) VALUES (OFR_ID_SEQ.CURRVAL, PO_ID_SEQ.CURRVAL, 'OFFERMAKER', SYSDATE);
BEGIN
  SELECT ID INTO CUR_PRD_ID FROM PRODUCT WHERE NAME = 'Smartphone' AND ROWNUM <= 1;
EXCEPTION
  WHEN NO_DATA_FOUND THEN
    INSERT INTO PRODUCT (ID, NAME, CREATED_BY, CREATE_DATE) VALUES (PRD_ID_SEQ.NEXTVAL, 'Smartphone', 'OFFERMAKER', SYSDATE);
    SELECT ID INTO CUR_PRD_ID FROM PRODUCT WHERE NAME = 'Smartphone' AND ROWNUM <= 1;
  WHEN OTHERS THEN
    RAISE;
END;
INSERT INTO PRODUCT_OFFERING (ID, PRODUCT_ID, TAX_POLICY_TYPE_ID, QUANTITY, UNIT_PRICE, CREATED_BY, CREATE_DATE) VALUES (PO_ID_SEQ.NEXTVAL, CUR_PRD_ID, '1', '273', '0.178571', 'OFFERMAKER', SYSDATE);
INSERT INTO OFFER_PRODUCT_OFFERING (OFFER_ID, PRODUCT_OFFERING_ID, CREATED_BY, CREATE_DATE) VALUES (OFR_ID_SEQ.CURRVAL, PO_ID_SEQ.CURRVAL, 'OFFERMAKER', SYSDATE);
INSERT INTO DISCOUNT (ID, NAME, DESCRIPTION, FIXED_AMOUNT, PERCENT_AMOUNT, DISCOUNT_TYPE_ID, CREATED_BY, CREATE_DATE) VALUES (DSC_ID_SEQ.NEXTVAL, 'Discount', 'Off: 170.63. P.Disc: 24.3799. P.Full: 48.7499', '24.37', '0', 1, 'OFFERMAKER', SYSDATE);
INSERT INTO DISCOUNT_PRODUCT_OFFERING (DISCOUNT_ID, PRODUCT_OFFERING_ID, CREATED_BY, CREATE_DATE) VALUES (DSC_ID_SEQ.CURRVAL, PO_ID_SEQ.CURRVAL, 'OFFERMAKER', SYSDATE);
BEGIN
  SELECT ID INTO CUR_PRD_ID FROM PRODUCT WHERE NAME = 'Tablet' AND ROWNUM <= 1;
EXCEPTION
  WHEN NO_DATA_FOUND THEN
    INSERT INTO PRODUCT (ID, NAME, CREATED_BY, CREATE_DATE) VALUES (PRD_ID_SEQ.NEXTVAL, 'Tablet', 'OFFERMAKER', SYSDATE);
    SELECT ID INTO CUR_PRD_ID FROM PRODUCT WHERE NAME = 'Tablet' AND ROWNUM <= 1;
  WHEN OTHERS THEN
    RAISE;
END;
INSERT INTO PRODUCT_OFFERING (ID, PRODUCT_ID, TAX_POLICY_TYPE_ID, QUANTITY, UNIT_PRICE, CREATED_BY, CREATE_DATE) VALUES (PO_ID_SEQ.NEXTVAL, CUR_PRD_ID, '1', '273', '0.714286', 'OFFERMAKER', SYSDATE);
INSERT INTO OFFER_PRODUCT_OFFERING (OFFER_ID, PRODUCT_OFFERING_ID, CREATED_BY, CREATE_DATE) VALUES (OFR_ID_SEQ.CURRVAL, PO_ID_SEQ.CURRVAL, 'OFFERMAKER', SYSDATE);
INSERT INTO DISCOUNT (ID, NAME, DESCRIPTION, FIXED_AMOUNT, PERCENT_AMOUNT, DISCOUNT_TYPE_ID, CREATED_BY, CREATE_DATE) VALUES (DSC_ID_SEQ.NEXTVAL, 'Discount', 'Off: 170.63. P.Disc: 97.500. P.Full: 195.000', '97.50', '0', 1, 'OFFERMAKER', SYSDATE);
INSERT INTO DISCOUNT_PRODUCT_OFFERING (DISCOUNT_ID, PRODUCT_OFFERING_ID, CREATED_BY, CREATE_DATE) VALUES (DSC_ID_SEQ.CURRVAL, PO_ID_SEQ.CURRVAL, 'OFFERMAKER', SYSDATE);
BEGIN
  SELECT ID INTO CUR_PRD_ID FROM PRODUCT WHERE NAME = 'TimesReader' AND ROWNUM <= 1;
EXCEPTION
  WHEN NO_DATA_FOUND THEN
    INSERT INTO PRODUCT (ID, NAME, CREATED_BY, CREATE_DATE) VALUES (PRD_ID_SEQ.NEXTVAL, 'TimesReader', 'OFFERMAKER', SYSDATE);
    SELECT ID INTO CUR_PRD_ID FROM PRODUCT WHERE NAME = 'TimesReader' AND ROWNUM <= 1;
  WHEN OTHERS THEN
    RAISE;
END;
INSERT INTO PRODUCT_OFFERING (ID, PRODUCT_ID, TAX_POLICY_TYPE_ID, QUANTITY, UNIT_PRICE, CREATED_BY, CREATE_DATE) VALUES (PO_ID_SEQ.NEXTVAL, CUR_PRD_ID, '1', '273', '0', 'OFFERMAKER', SYSDATE);
INSERT INTO OFFER_PRODUCT_OFFERING (OFFER_ID, PRODUCT_OFFERING_ID, CREATED_BY, CREATE_DATE) VALUES (OFR_ID_SEQ.CURRVAL, PO_ID_SEQ.CURRVAL, 'OFFERMAKER', SYSDATE);
INSERT INTO OFFER_OFFER_CHAIN (OFFER_ID, OFFER_CHAIN_ID, INDEX_VALUE, NUM_RECURRENCES, CREATED_BY, CREATE_DATE, updated_by, update_date) VALUES (OFR_ID_SEQ.CURRVAL, 30975985, '1', '-1', 'OFFERMAKER', SYSDATE, 'OFFERMAKER', SYSDATE);
END;
END;
/
COMMIT;
DECLARE
TMP_VAR NUMBER;
CUR_PRD_ID NUMBER;
CUR_CAPABILITY_ID NUMBER;
BEGIN
BEGIN
  SELECT 1 INTO TMP_VAR FROM OFFER_CHAIN WHERE ID = 1587993159 AND ROWNUM <= 1;
  UPDATE OFFER_CHAIN SET NAME='NYTimes: Web + Smartphone App', DESCRIPTION='Unlimited access to NYTimes.com and the NYTimes smartphone app.*', PRODUCT_URI='', VENDOR_SOURCE_ID='1', BILLING_SOURCE_ID=(SELECT ID FROM BILLING_SOURCE BS WHERE BS.NAME='Sartre'), IS_SEAT_LICENSE=0, GROUP_ACCOUNT_TYPE_ID='NO',IS_ADDRESS_REQUIRED=0, OFFER_CHAIN_STATUS_ID = 1, UPDATE_DATE = SYSDATE, UPDATED_BY = 'OFFERMAKER', IS_GIFT_CERTIFICATE='0', REVOKE_ENTITLEMENTS = '0', ADOPTABILITY_WINDOW_START_DATE = to_date('15-Jul-2013 00:00:00','DD-MON-YY HH24:MI:SS'), ADOPTABILITY_WINDOW_END_DATE = to_date('31-Dec-2069 00:00:00','DD-MON-YY HH24:MI:SS'), AMAZON_APPSTORE_SKU=NULL WHERE ID = 1587993159;
EXCEPTION
  WHEN NO_DATA_FOUND THEN
    INSERT INTO OFFER_CHAIN (ID, NAME, DESCRIPTION, ADOPTABILITY_WINDOW_START_DATE, ADOPTABILITY_WINDOW_END_DATE, IS_GIFT_CERTIFICATE, PRODUCT_URI, OFFER_CHAIN_STATUS_ID, REVOKE_ENTITLEMENTS, VENDOR_SOURCE_ID, BILLING_SOURCE_ID, IS_SEAT_LICENSE, GROUP_ACCOUNT_TYPE_ID, IS_ADDRESS_REQUIRED, AMAZON_APPSTORE_SKU, CREATED_BY, CREATE_DATE, updated_by, update_date) VALUES (1587993159, 'NYTimes: Web + Smartphone App', 'Unlimited access to NYTimes.com and the NYTimes smartphone app.*', to_date('15-Jul-2013 00:00:00','DD-MON-YY HH24:MI:SS'), to_date('31-Dec-2069 00:00:00','DD-MON-YY HH24:MI:SS'), '0', NULL, '1', '0', '1', (SELECT ID FROM BILLING_SOURCE BS WHERE BS.NAME='Sartre'), decode('NO','IL',1,0), 'NO', '0', '', 'OFFERMAKER', SYSDATE, 'OFFERMAKER', SYSDATE);
END;
DELETE FROM OFFER_CHAIN_ELIGIBILITY WHERE offer_chain_id = 1587993159;
INSERT INTO OFFER_CHAIN_ELIGIBILITY (ID, OFFER_CHAIN_ID, NAME, VALUE, CREATED_BY, CREATE_DATE) VALUES (ELG_ID_SEQ.NEXTVAL, 1587993159, 'IS_COMP', '0', 'OFFERMAKER', SYSDATE);
INSERT INTO OFFER_CHAIN_ELIGIBILITY (ID, OFFER_CHAIN_ID, NAME, VALUE, CREATED_BY, CREATE_DATE) VALUES (ELG_ID_SEQ.NEXTVAL, 1587993159, 'MAX_CONCURRENT_SUBS', '1', 'OFFERMAKER', SYSDATE);
INSERT INTO OFFER_CHAIN_ELIGIBILITY (ID, OFFER_CHAIN_ID, NAME, VALUE, CREATED_BY, CREATE_DATE) VALUES (ELG_ID_SEQ.NEXTVAL, 1587993159, 'INTERNAL_ONLY', '0', 'OFFERMAKER', SYSDATE);
INSERT INTO OFFER_CHAIN_ELIGIBILITY (ID, OFFER_CHAIN_ID, NAME, VALUE, CREATED_BY, CREATE_DATE) VALUES (ELG_ID_SEQ.NEXTVAL, 1587993159, 'REDEEMER_PROHIBITED_ENTITLEMENTS', '0', 'OFFERMAKER', SYSDATE);
DELETE FROM OFFER_CHAIN_META_DATA WHERE offer_chain_id = 1587993159;
INSERT INTO OFFER_CHAIN_META_DATA (ID, OFFER_CHAIN_ID, NAME, VALUE, CREATED_BY, CREATE_DATE) VALUES (OCMD_ID_SEQ.NEXTVAL, 1587993159, 'BUNDLE_EXPLANATION', 'W+SP Teacher $90.99 for first 52 weeks and 50% off regular price thereafter - no email verify', 'OFFERMAKER', SYSDATE);
INSERT INTO OFFER_CHAIN_META_DATA (ID, OFFER_CHAIN_ID, NAME, VALUE, CREATED_BY, CREATE_DATE) VALUES (OCMD_ID_SEQ.NEXTVAL, 1587993159, 'PRICE_DESCRIPTION', 'Web+Smartphone $90.99 EDU Offer First 52 Weeks: $1.750/week Thereafter:$97.50 every 52 weeks', 'OFFERMAKER', SYSDATE);
INSERT INTO OFFER_CHAIN_META_DATA (ID, OFFER_CHAIN_ID, NAME, VALUE, CREATED_BY, CREATE_DATE) VALUES (OCMD_ID_SEQ.NEXTVAL, 1587993159, 'PRICE_SHORT_DESCRIPTION', 'W+SP Teacher/ $90.99 for First 52 wks / $97.50 every 52 wks thereafter', 'OFFERMAKER', SYSDATE);
INSERT INTO OFFER_CHAIN_META_DATA (ID, OFFER_CHAIN_ID, NAME, VALUE, CREATED_BY, CREATE_DATE) VALUES (OCMD_ID_SEQ.NEXTVAL, 1587993159, 'OFFER_TYPE', '$90.99 for first 52 Weeks', 'OFFERMAKER', SYSDATE);
INSERT INTO OFFER_CHAIN_META_DATA (ID, OFFER_CHAIN_ID, NAME, VALUE, CREATED_BY, CREATE_DATE) VALUES (OCMD_ID_SEQ.NEXTVAL, 1587993159, 'OFFER_PRICE_DESCRIPTOR', 'TEACHER RATE- ANNUAL SUB- 50% off', 'OFFERMAKER', SYSDATE);
INSERT INTO OFFER_CHAIN_META_DATA (ID, OFFER_CHAIN_ID, NAME, VALUE, CREATED_BY, CREATE_DATE) VALUES (OCMD_ID_SEQ.NEXTVAL, 1587993159, 'OFFER_PRICE', '$90.99 for first 52 Weeks and $97.50 for next 52 Weeks thereafter', 'OFFERMAKER', SYSDATE);
INSERT INTO OFFER_CHAIN_META_DATA (ID, OFFER_CHAIN_ID, NAME, VALUE, CREATED_BY, CREATE_DATE) VALUES (OCMD_ID_SEQ.NEXTVAL, 1587993159, 'OFFER_PRICE_DETAIL', '($1.88 / week thereafter)', 'OFFERMAKER', SYSDATE);
INSERT INTO OFFER_CHAIN_META_DATA (ID, OFFER_CHAIN_ID, NAME, VALUE, CREATED_BY, CREATE_DATE) VALUES (OCMD_ID_SEQ.NEXTVAL, 1587993159, 'PROMO_PRICE_FOOTER_LABEL', 'First 52 Weeks', 'OFFERMAKER', SYSDATE);
INSERT INTO OFFER_CHAIN_META_DATA (ID, OFFER_CHAIN_ID, NAME, VALUE, CREATED_BY, CREATE_DATE) VALUES (OCMD_ID_SEQ.NEXTVAL, 1587993159, 'ACTUAL_PRICE_FOOTER_LABEL', 'Thereafter', 'OFFERMAKER', SYSDATE);
INSERT INTO OFFER_CHAIN_META_DATA (ID, OFFER_CHAIN_ID, NAME, VALUE, CREATED_BY, CREATE_DATE) VALUES (OCMD_ID_SEQ.NEXTVAL, 1587993159, 'BILLING_CYCLE', 'every 52 weeks', 'OFFERMAKER', SYSDATE);
INSERT INTO OFFER_CHAIN_META_DATA (ID, OFFER_CHAIN_ID, NAME, VALUE, CREATED_BY, CREATE_DATE) VALUES (OCMD_ID_SEQ.NEXTVAL, 1587993159, 'SUBSCRIBER_TYPE', 'K-12', 'OFFERMAKER', SYSDATE);
INSERT INTO OFFER_CHAIN_META_DATA (ID, OFFER_CHAIN_ID, NAME, VALUE, CREATED_BY, CREATE_DATE) VALUES (OCMD_ID_SEQ.NEXTVAL, 1587993159, 'REFUND_POLICY', 'Multi-week Billing: Full refund within first 30 days, No refund if cancelled in the last 30 days and access remains through the end of the period.  Otherwise, pro-rated refund and access removed within 6 hours.', 'OFFERMAKER', SYSDATE);
INSERT INTO OFFER_CHAIN_META_DATA (ID, OFFER_CHAIN_ID, NAME, VALUE, CREATED_BY, CREATE_DATE) VALUES (OCMD_ID_SEQ.NEXTVAL, 1587993159, 'CANCELABLE', '1', 'OFFERMAKER', SYSDATE);
INSERT INTO OFFER_CHAIN_META_DATA (ID, OFFER_CHAIN_ID, NAME, VALUE, CREATED_BY, CREATE_DATE) VALUES (OCMD_ID_SEQ.NEXTVAL, 1587993159, 'REFUNDABLE', '1', 'OFFERMAKER', SYSDATE);
INSERT INTO OFFER_CHAIN_META_DATA (ID, OFFER_CHAIN_ID, NAME, VALUE, CREATED_BY, CREATE_DATE) VALUES (OCMD_ID_SEQ.NEXTVAL, 1587993159, 'FULL_REFUND_DAYS_LIMIT', '30', 'OFFERMAKER', SYSDATE);
INSERT INTO OFFER_CHAIN_META_DATA (ID, OFFER_CHAIN_ID, NAME, VALUE, CREATED_BY, CREATE_DATE) VALUES (OCMD_ID_SEQ.NEXTVAL, 1587993159, 'PRORATED_REFUND_DAYS_LIMIT', '334', 'OFFERMAKER', SYSDATE);
INSERT INTO OFFER_CHAIN_META_DATA (ID, OFFER_CHAIN_ID, NAME, VALUE, CREATED_BY, CREATE_DATE) VALUES (OCMD_ID_SEQ.NEXTVAL, 1587993159, 'OPEN_TO_ANONYMOUS', '1', 'OFFERMAKER', SYSDATE);
INSERT INTO OFFER_CHAIN_META_DATA (ID, OFFER_CHAIN_ID, NAME, VALUE, CREATED_BY, CREATE_DATE) VALUES (OCMD_ID_SEQ.NEXTVAL, 1587993159, 'BUNDLE', 'Bundle A (Web+SP)', 'OFFERMAKER', SYSDATE);
INSERT INTO OFFER_CHAIN_META_DATA (ID, OFFER_CHAIN_ID, NAME, VALUE, CREATED_BY, CREATE_DATE) VALUES (OCMD_ID_SEQ.NEXTVAL, 1587993159, 'ADX_BUNDLE', 'MM_EDU', 'OFFERMAKER', SYSDATE);
INSERT INTO OFFER_CHAIN_META_DATA (ID, OFFER_CHAIN_ID, NAME, VALUE, CREATED_BY, CREATE_DATE) VALUES (OCMD_ID_SEQ.NEXTVAL, 1587993159, 'SIEBEL_CAMPAIGN_CODE', '3KJYU', 'OFFERMAKER', SYSDATE);
INSERT INTO OFFER_CHAIN_META_DATA (ID, OFFER_CHAIN_ID, NAME, VALUE, CREATED_BY, CREATE_DATE) VALUES (OCMD_ID_SEQ.NEXTVAL, 1587993159, 'ANNUAL_PRICE', '97.50', 'OFFERMAKER', SYSDATE);
INSERT INTO OFFER_CHAIN_META_DATA (ID, OFFER_CHAIN_ID, NAME, VALUE, CREATED_BY, CREATE_DATE) VALUES (OCMD_ID_SEQ.NEXTVAL, 1587993159, 'UID', '45088b6039ee5e43897c6b563732d1809397b9ddf5ff31de4992730cbd7ba455', 'OFFERMAKER', SYSDATE);
DELETE FROM OFFER_CHAIN_NOTIFICATION_TYPE WHERE offer_chain_id = 1587993159;
BEGIN
  SELECT 1 INTO TMP_VAR FROM ACTION WHERE NAME = 'SUBSCRIBE_TO_OFFER_CHAIN';
EXCEPTION
  WHEN NO_DATA_FOUND THEN
    INSERT INTO ACTION (ID, NAME, CREATE_DATE, CREATED_BY) VALUES (ACTION_ID_SEQ.NEXTVAL, 'SUBSCRIBE_TO_OFFER_CHAIN', SYSDATE, 'OFFERMAKER');
END;
BEGIN
  SELECT 1 INTO TMP_VAR FROM CORE_OWNER.NOTIFICATION_TYPE WHERE VALUE = 'sartre-digital-purchase-k12';
EXCEPTION
  WHEN NO_DATA_FOUND THEN NULL;
    INSERT INTO CORE_OWNER.NOTIFICATION_TYPE (ID, VALUE, TEMPLATE_URL) VALUES (CORE_OWNER.NOTTID_SEQ.NEXTVAL, 'sartre-digital-purchase-k12', 'N/A');
END;
BEGIN
  SELECT 1 INTO TMP_VAR FROM ACTION WHERE NAME = 'UPGRADE_SUBSCRIPTION';
EXCEPTION
  WHEN NO_DATA_FOUND THEN
    INSERT INTO ACTION (ID, NAME, CREATE_DATE, CREATED_BY) VALUES (ACTION_ID_SEQ.NEXTVAL, 'UPGRADE_SUBSCRIPTION', SYSDATE, 'OFFERMAKER');
END;
BEGIN
  SELECT 1 INTO TMP_VAR FROM CORE_OWNER.NOTIFICATION_TYPE WHERE VALUE = 'sartre-digital-purchase-k12';
EXCEPTION
  WHEN NO_DATA_FOUND THEN NULL;
    INSERT INTO CORE_OWNER.NOTIFICATION_TYPE (ID, VALUE, TEMPLATE_URL) VALUES (CORE_OWNER.NOTTID_SEQ.NEXTVAL, 'sartre-digital-purchase-k12', 'N/A');
END;
BEGIN
  SELECT 1 INTO TMP_VAR FROM ACTION WHERE NAME = 'CANCEL_SUBSCRIPTION';
EXCEPTION
  WHEN NO_DATA_FOUND THEN
    INSERT INTO ACTION (ID, NAME, CREATE_DATE, CREATED_BY) VALUES (ACTION_ID_SEQ.NEXTVAL, 'CANCEL_SUBSCRIPTION', SYSDATE, 'OFFERMAKER');
END;
BEGIN
  SELECT 1 INTO TMP_VAR FROM CORE_OWNER.NOTIFICATION_TYPE WHERE VALUE = 'sartre-cancel';
EXCEPTION
  WHEN NO_DATA_FOUND THEN NULL;
    INSERT INTO CORE_OWNER.NOTIFICATION_TYPE (ID, VALUE, TEMPLATE_URL) VALUES (CORE_OWNER.NOTTID_SEQ.NEXTVAL, 'sartre-cancel', 'N/A');
END;
BEGIN
  SELECT 1 INTO TMP_VAR FROM ACTION WHERE NAME = 'SYSTEM_CANCEL';
EXCEPTION
  WHEN NO_DATA_FOUND THEN
    INSERT INTO ACTION (ID, NAME, CREATE_DATE, CREATED_BY) VALUES (ACTION_ID_SEQ.NEXTVAL, 'SYSTEM_CANCEL', SYSDATE, 'OFFERMAKER');
END;
BEGIN
  SELECT 1 INTO TMP_VAR FROM CORE_OWNER.NOTIFICATION_TYPE WHERE VALUE = 'sartre-decline';
EXCEPTION
  WHEN NO_DATA_FOUND THEN NULL;
    INSERT INTO CORE_OWNER.NOTIFICATION_TYPE (ID, VALUE, TEMPLATE_URL) VALUES (CORE_OWNER.NOTTID_SEQ.NEXTVAL, 'sartre-decline', 'N/A');
END;
BEGIN
  SELECT 1 INTO TMP_VAR FROM ACTION WHERE NAME = 'CREDIT_CARD_EXP';
EXCEPTION
  WHEN NO_DATA_FOUND THEN
    INSERT INTO ACTION (ID, NAME, CREATE_DATE, CREATED_BY) VALUES (ACTION_ID_SEQ.NEXTVAL, 'CREDIT_CARD_EXP', SYSDATE, 'OFFERMAKER');
END;
BEGIN
  SELECT 1 INTO TMP_VAR FROM CORE_OWNER.NOTIFICATION_TYPE WHERE VALUE = 'card_expiration';
EXCEPTION
  WHEN NO_DATA_FOUND THEN NULL;
    INSERT INTO CORE_OWNER.NOTIFICATION_TYPE (ID, VALUE, TEMPLATE_URL) VALUES (CORE_OWNER.NOTTID_SEQ.NEXTVAL, 'card_expiration', 'N/A');
END;
INSERT INTO OFFER_CHAIN_NOTIFICATION_TYPE (ID, OFFER_CHAIN_ID, NOTIFICATION_TYPE_ID, ACTION_ID, CREATED_BY, CREATE_DATE) VALUES (OCET_ID_SEQ.NEXTVAL, 1587993159, (SELECT ID FROM CORE_OWNER.NOTIFICATION_TYPE WHERE VALUE = 'sartre-digital-purchase-k12'), (SELECT ID FROM ACTION WHERE NAME = 'SUBSCRIBE_TO_OFFER_CHAIN'), 'OFFERMAKER', SYSDATE);
INSERT INTO OFFER_CHAIN_NOTIFICATION_TYPE (ID, OFFER_CHAIN_ID, NOTIFICATION_TYPE_ID, ACTION_ID, CREATED_BY, CREATE_DATE) VALUES (OCET_ID_SEQ.NEXTVAL, 1587993159, (SELECT ID FROM CORE_OWNER.NOTIFICATION_TYPE WHERE VALUE = 'sartre-digital-purchase-k12'), (SELECT ID FROM ACTION WHERE NAME = 'UPGRADE_SUBSCRIPTION'), 'OFFERMAKER', SYSDATE);
INSERT INTO OFFER_CHAIN_NOTIFICATION_TYPE (ID, OFFER_CHAIN_ID, NOTIFICATION_TYPE_ID, ACTION_ID, CREATED_BY, CREATE_DATE) VALUES (OCET_ID_SEQ.NEXTVAL, 1587993159, (SELECT ID FROM CORE_OWNER.NOTIFICATION_TYPE WHERE VALUE = 'sartre-cancel'), (SELECT ID FROM ACTION WHERE NAME = 'CANCEL_SUBSCRIPTION'), 'OFFERMAKER', SYSDATE);
INSERT INTO OFFER_CHAIN_NOTIFICATION_TYPE (ID, OFFER_CHAIN_ID, NOTIFICATION_TYPE_ID, ACTION_ID, CREATED_BY, CREATE_DATE) VALUES (OCET_ID_SEQ.NEXTVAL, 1587993159, (SELECT ID FROM CORE_OWNER.NOTIFICATION_TYPE WHERE VALUE = 'sartre-decline'), (SELECT ID FROM ACTION WHERE NAME = 'SYSTEM_CANCEL'), 'OFFERMAKER', SYSDATE);
INSERT INTO OFFER_CHAIN_NOTIFICATION_TYPE (ID, OFFER_CHAIN_ID, NOTIFICATION_TYPE_ID, ACTION_ID, CREATED_BY, CREATE_DATE) VALUES (OCET_ID_SEQ.NEXTVAL, 1587993159, (SELECT ID FROM CORE_OWNER.NOTIFICATION_TYPE WHERE VALUE = 'card_expiration'), (SELECT ID FROM ACTION WHERE NAME = 'CREDIT_CARD_EXP'), 'OFFERMAKER', SYSDATE);
BEGIN
  SELECT 1 INTO TMP_VAR FROM OFFER_OFFER_CHAIN WHERE OFFER_CHAIN_ID = 1587993159 AND INDEX_VALUE = 0 AND ROWNUM <= 1;
EXCEPTION
  WHEN NO_DATA_FOUND THEN
INSERT INTO OFFER (ID, OFFER_STATUS_ID, ENTITLEMENT_DURATION, CREATED_BY, CREATE_DATE, updated_by, update_date) VALUES (OFR_ID_SEQ.NEXTVAL, 1, 'P0Y0M364DT0H0M', 'OFFERMAKER', SYSDATE, 'OFFERMAKER', SYSDATE);
BEGIN
  SELECT ID INTO CUR_PRD_ID FROM PRODUCT WHERE NAME = 'Web' AND ROWNUM <= 1;
EXCEPTION
  WHEN NO_DATA_FOUND THEN
    INSERT INTO PRODUCT (ID, NAME, CREATED_BY, CREATE_DATE) VALUES (PRD_ID_SEQ.NEXTVAL, 'Web', 'OFFERMAKER', SYSDATE);
    SELECT ID INTO CUR_PRD_ID FROM PRODUCT WHERE NAME = 'Web' AND ROWNUM <= 1;
  WHEN OTHERS THEN
    RAISE;
END;
INSERT INTO PRODUCT_OFFERING (ID, PRODUCT_ID, TAX_POLICY_TYPE_ID, QUANTITY, UNIT_PRICE, CREATED_BY, CREATE_DATE) VALUES (PO_ID_SEQ.NEXTVAL, CUR_PRD_ID, '1', '364', '0.357143', 'OFFERMAKER', SYSDATE);
INSERT INTO OFFER_PRODUCT_OFFERING (OFFER_ID, PRODUCT_OFFERING_ID, CREATED_BY, CREATE_DATE) VALUES (OFR_ID_SEQ.CURRVAL, PO_ID_SEQ.CURRVAL, 'OFFERMAKER', SYSDATE);
INSERT INTO DISCOUNT (ID, NAME, DESCRIPTION, FIXED_AMOUNT, PERCENT_AMOUNT, DISCOUNT_TYPE_ID, CREATED_BY, CREATE_DATE) VALUES (DSC_ID_SEQ.NEXTVAL, 'Discount', 'Off: 90.99. P.Disc: 60.660. P.Full: 130.000', '69.34', '0', 1, 'OFFERMAKER', SYSDATE);
INSERT INTO DISCOUNT_PRODUCT_OFFERING (DISCOUNT_ID, PRODUCT_OFFERING_ID, CREATED_BY, CREATE_DATE) VALUES (DSC_ID_SEQ.CURRVAL, PO_ID_SEQ.CURRVAL, 'OFFERMAKER', SYSDATE);
BEGIN
  SELECT ID INTO CUR_PRD_ID FROM PRODUCT WHERE NAME = 'Mobile' AND ROWNUM <= 1;
EXCEPTION
  WHEN NO_DATA_FOUND THEN
    INSERT INTO PRODUCT (ID, NAME, CREATED_BY, CREATE_DATE) VALUES (PRD_ID_SEQ.NEXTVAL, 'Mobile', 'OFFERMAKER', SYSDATE);
    SELECT ID INTO CUR_PRD_ID FROM PRODUCT WHERE NAME = 'Mobile' AND ROWNUM <= 1;
  WHEN OTHERS THEN
    RAISE;
END;
INSERT INTO PRODUCT_OFFERING (ID, PRODUCT_ID, TAX_POLICY_TYPE_ID, QUANTITY, UNIT_PRICE, CREATED_BY, CREATE_DATE) VALUES (PO_ID_SEQ.NEXTVAL, CUR_PRD_ID, '1', '364', '0', 'OFFERMAKER', SYSDATE);
INSERT INTO OFFER_PRODUCT_OFFERING (OFFER_ID, PRODUCT_OFFERING_ID, CREATED_BY, CREATE_DATE) VALUES (OFR_ID_SEQ.CURRVAL, PO_ID_SEQ.CURRVAL, 'OFFERMAKER', SYSDATE);
BEGIN
  SELECT ID INTO CUR_PRD_ID FROM PRODUCT WHERE NAME = 'Archive Article' AND ROWNUM <= 1;
EXCEPTION
  WHEN NO_DATA_FOUND THEN
    INSERT INTO PRODUCT (ID, NAME, CREATED_BY, CREATE_DATE) VALUES (PRD_ID_SEQ.NEXTVAL, 'Archive Article', 'OFFERMAKER', SYSDATE);
    SELECT ID INTO CUR_PRD_ID FROM PRODUCT WHERE NAME = 'Archive Article' AND ROWNUM <= 1;
  WHEN OTHERS THEN
    RAISE;
END;
INSERT INTO PRODUCT_OFFERING (ID, PRODUCT_ID, TAX_POLICY_TYPE_ID, QUANTITY, UNIT_PRICE, CREATED_BY, CREATE_DATE) VALUES (PO_ID_SEQ.NEXTVAL, CUR_PRD_ID, '1', '1300', '0', 'OFFERMAKER', SYSDATE);
INSERT INTO OFFER_PRODUCT_OFFERING (OFFER_ID, PRODUCT_OFFERING_ID, CREATED_BY, CREATE_DATE) VALUES (OFR_ID_SEQ.CURRVAL, PO_ID_SEQ.CURRVAL, 'OFFERMAKER', SYSDATE);
BEGIN
  SELECT ID INTO CUR_PRD_ID FROM PRODUCT WHERE NAME = 'TimesMachine' AND ROWNUM <= 1;
EXCEPTION
  WHEN NO_DATA_FOUND THEN
    INSERT INTO PRODUCT (ID, NAME, CREATED_BY, CREATE_DATE) VALUES (PRD_ID_SEQ.NEXTVAL, 'TimesMachine', 'OFFERMAKER', SYSDATE);
    SELECT ID INTO CUR_PRD_ID FROM PRODUCT WHERE NAME = 'TimesMachine' AND ROWNUM <= 1;
  WHEN OTHERS THEN
    RAISE;
END;
INSERT INTO PRODUCT_OFFERING (ID, PRODUCT_ID, TAX_POLICY_TYPE_ID, QUANTITY, UNIT_PRICE, CREATED_BY, CREATE_DATE) VALUES (PO_ID_SEQ.NEXTVAL, CUR_PRD_ID, '1', '364', '0', 'OFFERMAKER', SYSDATE);
INSERT INTO OFFER_PRODUCT_OFFERING (OFFER_ID, PRODUCT_OFFERING_ID, CREATED_BY, CREATE_DATE) VALUES (OFR_ID_SEQ.CURRVAL, PO_ID_SEQ.CURRVAL, 'OFFERMAKER', SYSDATE);
BEGIN
  SELECT ID INTO CUR_PRD_ID FROM PRODUCT WHERE NAME = 'Smartphone' AND ROWNUM <= 1;
EXCEPTION
  WHEN NO_DATA_FOUND THEN
    INSERT INTO PRODUCT (ID, NAME, CREATED_BY, CREATE_DATE) VALUES (PRD_ID_SEQ.NEXTVAL, 'Smartphone', 'OFFERMAKER', SYSDATE);
    SELECT ID INTO CUR_PRD_ID FROM PRODUCT WHERE NAME = 'Smartphone' AND ROWNUM <= 1;
  WHEN OTHERS THEN
    RAISE;
END;
INSERT INTO PRODUCT_OFFERING (ID, PRODUCT_ID, TAX_POLICY_TYPE_ID, QUANTITY, UNIT_PRICE, CREATED_BY, CREATE_DATE) VALUES (PO_ID_SEQ.NEXTVAL, CUR_PRD_ID, '1', '364', '0.178571', 'OFFERMAKER', SYSDATE);
INSERT INTO OFFER_PRODUCT_OFFERING (OFFER_ID, PRODUCT_OFFERING_ID, CREATED_BY, CREATE_DATE) VALUES (OFR_ID_SEQ.CURRVAL, PO_ID_SEQ.CURRVAL, 'OFFERMAKER', SYSDATE);
INSERT INTO DISCOUNT (ID, NAME, DESCRIPTION, FIXED_AMOUNT, PERCENT_AMOUNT, DISCOUNT_TYPE_ID, CREATED_BY, CREATE_DATE) VALUES (DSC_ID_SEQ.NEXTVAL, 'Discount', 'Off: 90.99. P.Disc: 30.3298. P.Full: 64.9998', '34.67', '0', 1, 'OFFERMAKER', SYSDATE);
INSERT INTO DISCOUNT_PRODUCT_OFFERING (DISCOUNT_ID, PRODUCT_OFFERING_ID, CREATED_BY, CREATE_DATE) VALUES (DSC_ID_SEQ.CURRVAL, PO_ID_SEQ.CURRVAL, 'OFFERMAKER', SYSDATE);
INSERT INTO OFFER_OFFER_CHAIN (OFFER_ID, OFFER_CHAIN_ID, INDEX_VALUE, NUM_RECURRENCES, CREATED_BY, CREATE_DATE, updated_by, update_date) VALUES (OFR_ID_SEQ.CURRVAL, 1587993159, '0', '1', 'OFFERMAKER', SYSDATE, 'OFFERMAKER', SYSDATE);
END;
BEGIN
  SELECT 1 INTO TMP_VAR FROM OFFER_OFFER_CHAIN WHERE OFFER_CHAIN_ID = 1587993159 AND INDEX_VALUE = 1 AND ROWNUM <= 1;
EXCEPTION
  WHEN NO_DATA_FOUND THEN
INSERT INTO OFFER (ID, OFFER_STATUS_ID, ENTITLEMENT_DURATION, CREATED_BY, CREATE_DATE, updated_by, update_date) VALUES (OFR_ID_SEQ.NEXTVAL, 1, 'P0Y0M364DT0H0M', 'OFFERMAKER', SYSDATE, 'OFFERMAKER', SYSDATE);
BEGIN
  SELECT ID INTO CUR_PRD_ID FROM PRODUCT WHERE NAME = 'Web' AND ROWNUM <= 1;
EXCEPTION
  WHEN NO_DATA_FOUND THEN
    INSERT INTO PRODUCT (ID, NAME, CREATED_BY, CREATE_DATE) VALUES (PRD_ID_SEQ.NEXTVAL, 'Web', 'OFFERMAKER', SYSDATE);
    SELECT ID INTO CUR_PRD_ID FROM PRODUCT WHERE NAME = 'Web' AND ROWNUM <= 1;
  WHEN OTHERS THEN
    RAISE;
END;
INSERT INTO PRODUCT_OFFERING (ID, PRODUCT_ID, TAX_POLICY_TYPE_ID, QUANTITY, UNIT_PRICE, CREATED_BY, CREATE_DATE) VALUES (PO_ID_SEQ.NEXTVAL, CUR_PRD_ID, '1', '364', '0.357143', 'OFFERMAKER', SYSDATE);
INSERT INTO OFFER_PRODUCT_OFFERING (OFFER_ID, PRODUCT_OFFERING_ID, CREATED_BY, CREATE_DATE) VALUES (OFR_ID_SEQ.CURRVAL, PO_ID_SEQ.CURRVAL, 'OFFERMAKER', SYSDATE);
INSERT INTO DISCOUNT (ID, NAME, DESCRIPTION, FIXED_AMOUNT, PERCENT_AMOUNT, DISCOUNT_TYPE_ID, CREATED_BY, CREATE_DATE) VALUES (DSC_ID_SEQ.NEXTVAL, 'Discount', 'Off: 97.5. P.Disc: 65.000. P.Full: 130.000', '65.00', '0', 1, 'OFFERMAKER', SYSDATE);
INSERT INTO DISCOUNT_PRODUCT_OFFERING (DISCOUNT_ID, PRODUCT_OFFERING_ID, CREATED_BY, CREATE_DATE) VALUES (DSC_ID_SEQ.CURRVAL, PO_ID_SEQ.CURRVAL, 'OFFERMAKER', SYSDATE);
BEGIN
  SELECT ID INTO CUR_PRD_ID FROM PRODUCT WHERE NAME = 'Mobile' AND ROWNUM <= 1;
EXCEPTION
  WHEN NO_DATA_FOUND THEN
    INSERT INTO PRODUCT (ID, NAME, CREATED_BY, CREATE_DATE) VALUES (PRD_ID_SEQ.NEXTVAL, 'Mobile', 'OFFERMAKER', SYSDATE);
    SELECT ID INTO CUR_PRD_ID FROM PRODUCT WHERE NAME = 'Mobile' AND ROWNUM <= 1;
  WHEN OTHERS THEN
    RAISE;
END;
INSERT INTO PRODUCT_OFFERING (ID, PRODUCT_ID, TAX_POLICY_TYPE_ID, QUANTITY, UNIT_PRICE, CREATED_BY, CREATE_DATE) VALUES (PO_ID_SEQ.NEXTVAL, CUR_PRD_ID, '1', '364', '0', 'OFFERMAKER', SYSDATE);
INSERT INTO OFFER_PRODUCT_OFFERING (OFFER_ID, PRODUCT_OFFERING_ID, CREATED_BY, CREATE_DATE) VALUES (OFR_ID_SEQ.CURRVAL, PO_ID_SEQ.CURRVAL, 'OFFERMAKER', SYSDATE);
BEGIN
  SELECT ID INTO CUR_PRD_ID FROM PRODUCT WHERE NAME = 'Archive Article' AND ROWNUM <= 1;
EXCEPTION
  WHEN NO_DATA_FOUND THEN
    INSERT INTO PRODUCT (ID, NAME, CREATED_BY, CREATE_DATE) VALUES (PRD_ID_SEQ.NEXTVAL, 'Archive Article', 'OFFERMAKER', SYSDATE);
    SELECT ID INTO CUR_PRD_ID FROM PRODUCT WHERE NAME = 'Archive Article' AND ROWNUM <= 1;
  WHEN OTHERS THEN
    RAISE;
END;
INSERT INTO PRODUCT_OFFERING (ID, PRODUCT_ID, TAX_POLICY_TYPE_ID, QUANTITY, UNIT_PRICE, CREATED_BY, CREATE_DATE) VALUES (PO_ID_SEQ.NEXTVAL, CUR_PRD_ID, '1', '1300', '0', 'OFFERMAKER', SYSDATE);
INSERT INTO OFFER_PRODUCT_OFFERING (OFFER_ID, PRODUCT_OFFERING_ID, CREATED_BY, CREATE_DATE) VALUES (OFR_ID_SEQ.CURRVAL, PO_ID_SEQ.CURRVAL, 'OFFERMAKER', SYSDATE);
BEGIN
  SELECT ID INTO CUR_PRD_ID FROM PRODUCT WHERE NAME = 'TimesMachine' AND ROWNUM <= 1;
EXCEPTION
  WHEN NO_DATA_FOUND THEN
    INSERT INTO PRODUCT (ID, NAME, CREATED_BY, CREATE_DATE) VALUES (PRD_ID_SEQ.NEXTVAL, 'TimesMachine', 'OFFERMAKER', SYSDATE);
    SELECT ID INTO CUR_PRD_ID FROM PRODUCT WHERE NAME = 'TimesMachine' AND ROWNUM <= 1;
  WHEN OTHERS THEN
    RAISE;
END;
INSERT INTO PRODUCT_OFFERING (ID, PRODUCT_ID, TAX_POLICY_TYPE_ID, QUANTITY, UNIT_PRICE, CREATED_BY, CREATE_DATE) VALUES (PO_ID_SEQ.NEXTVAL, CUR_PRD_ID, '1', '364', '0', 'OFFERMAKER', SYSDATE);
INSERT INTO OFFER_PRODUCT_OFFERING (OFFER_ID, PRODUCT_OFFERING_ID, CREATED_BY, CREATE_DATE) VALUES (OFR_ID_SEQ.CURRVAL, PO_ID_SEQ.CURRVAL, 'OFFERMAKER', SYSDATE);
BEGIN
  SELECT ID INTO CUR_PRD_ID FROM PRODUCT WHERE NAME = 'Smartphone' AND ROWNUM <= 1;
EXCEPTION
  WHEN NO_DATA_FOUND THEN
    INSERT INTO PRODUCT (ID, NAME, CREATED_BY, CREATE_DATE) VALUES (PRD_ID_SEQ.NEXTVAL, 'Smartphone', 'OFFERMAKER', SYSDATE);
    SELECT ID INTO CUR_PRD_ID FROM PRODUCT WHERE NAME = 'Smartphone' AND ROWNUM <= 1;
  WHEN OTHERS THEN
    RAISE;
END;
INSERT INTO PRODUCT_OFFERING (ID, PRODUCT_ID, TAX_POLICY_TYPE_ID, QUANTITY, UNIT_PRICE, CREATED_BY, CREATE_DATE) VALUES (PO_ID_SEQ.NEXTVAL, CUR_PRD_ID, '1', '364', '0.178571', 'OFFERMAKER', SYSDATE);
INSERT INTO OFFER_PRODUCT_OFFERING (OFFER_ID, PRODUCT_OFFERING_ID, CREATED_BY, CREATE_DATE) VALUES (OFR_ID_SEQ.CURRVAL, PO_ID_SEQ.CURRVAL, 'OFFERMAKER', SYSDATE);
INSERT INTO DISCOUNT (ID, NAME, DESCRIPTION, FIXED_AMOUNT, PERCENT_AMOUNT, DISCOUNT_TYPE_ID, CREATED_BY, CREATE_DATE) VALUES (DSC_ID_SEQ.NEXTVAL, 'Discount', 'Off: 97.5. P.Disc: 32.4998. P.Full: 64.9998', '32.50', '0', 1, 'OFFERMAKER', SYSDATE);
INSERT INTO DISCOUNT_PRODUCT_OFFERING (DISCOUNT_ID, PRODUCT_OFFERING_ID, CREATED_BY, CREATE_DATE) VALUES (DSC_ID_SEQ.CURRVAL, PO_ID_SEQ.CURRVAL, 'OFFERMAKER', SYSDATE);
INSERT INTO OFFER_OFFER_CHAIN (OFFER_ID, OFFER_CHAIN_ID, INDEX_VALUE, NUM_RECURRENCES, CREATED_BY, CREATE_DATE, updated_by, update_date) VALUES (OFR_ID_SEQ.CURRVAL, 1587993159, '1', '-1', 'OFFERMAKER', SYSDATE, 'OFFERMAKER', SYSDATE);
END;
END;
/
COMMIT;
DECLARE
TMP_VAR NUMBER;
CUR_PRD_ID NUMBER;
CUR_CAPABILITY_ID NUMBER;
BEGIN
BEGIN
  SELECT 1 INTO TMP_VAR FROM OFFER_CHAIN WHERE ID = 2606159253 AND ROWNUM <= 1;
  UPDATE OFFER_CHAIN SET NAME='NYTimes: Web + Tablet App', DESCRIPTION='Unlimited access to NYTimes.com and the NYTimes tablet app.*', PRODUCT_URI='', VENDOR_SOURCE_ID='1', BILLING_SOURCE_ID=(SELECT ID FROM BILLING_SOURCE BS WHERE BS.NAME='Sartre'), IS_SEAT_LICENSE=0, GROUP_ACCOUNT_TYPE_ID='NO',IS_ADDRESS_REQUIRED=0, OFFER_CHAIN_STATUS_ID = 1, UPDATE_DATE = SYSDATE, UPDATED_BY = 'OFFERMAKER', IS_GIFT_CERTIFICATE='0', REVOKE_ENTITLEMENTS = '0', ADOPTABILITY_WINDOW_START_DATE = to_date('15-Jul-2013 00:00:00','DD-MON-YY HH24:MI:SS'), ADOPTABILITY_WINDOW_END_DATE = to_date('31-Dec-2069 00:00:00','DD-MON-YY HH24:MI:SS'), AMAZON_APPSTORE_SKU=NULL WHERE ID = 2606159253;
EXCEPTION
  WHEN NO_DATA_FOUND THEN
    INSERT INTO OFFER_CHAIN (ID, NAME, DESCRIPTION, ADOPTABILITY_WINDOW_START_DATE, ADOPTABILITY_WINDOW_END_DATE, IS_GIFT_CERTIFICATE, PRODUCT_URI, OFFER_CHAIN_STATUS_ID, REVOKE_ENTITLEMENTS, VENDOR_SOURCE_ID, BILLING_SOURCE_ID, IS_SEAT_LICENSE, GROUP_ACCOUNT_TYPE_ID, IS_ADDRESS_REQUIRED, AMAZON_APPSTORE_SKU, CREATED_BY, CREATE_DATE, updated_by, update_date) VALUES (2606159253, 'NYTimes: Web + Tablet App', 'Unlimited access to NYTimes.com and the NYTimes tablet app.*', to_date('15-Jul-2013 00:00:00','DD-MON-YY HH24:MI:SS'), to_date('31-Dec-2069 00:00:00','DD-MON-YY HH24:MI:SS'), '0', NULL, '1', '0', '1', (SELECT ID FROM BILLING_SOURCE BS WHERE BS.NAME='Sartre'), decode('NO','IL',1,0), 'NO', '0', '', 'OFFERMAKER', SYSDATE, 'OFFERMAKER', SYSDATE);
END;
DELETE FROM OFFER_CHAIN_ELIGIBILITY WHERE offer_chain_id = 2606159253;
INSERT INTO OFFER_CHAIN_ELIGIBILITY (ID, OFFER_CHAIN_ID, NAME, VALUE, CREATED_BY, CREATE_DATE) VALUES (ELG_ID_SEQ.NEXTVAL, 2606159253, 'IS_COMP', '0', 'OFFERMAKER', SYSDATE);
INSERT INTO OFFER_CHAIN_ELIGIBILITY (ID, OFFER_CHAIN_ID, NAME, VALUE, CREATED_BY, CREATE_DATE) VALUES (ELG_ID_SEQ.NEXTVAL, 2606159253, 'MAX_CONCURRENT_SUBS', '1', 'OFFERMAKER', SYSDATE);
INSERT INTO OFFER_CHAIN_ELIGIBILITY (ID, OFFER_CHAIN_ID, NAME, VALUE, CREATED_BY, CREATE_DATE) VALUES (ELG_ID_SEQ.NEXTVAL, 2606159253, 'INTERNAL_ONLY', '0', 'OFFERMAKER', SYSDATE);
INSERT INTO OFFER_CHAIN_ELIGIBILITY (ID, OFFER_CHAIN_ID, NAME, VALUE, CREATED_BY, CREATE_DATE) VALUES (ELG_ID_SEQ.NEXTVAL, 2606159253, 'REDEEMER_PROHIBITED_ENTITLEMENTS', '0', 'OFFERMAKER', SYSDATE);
DELETE FROM OFFER_CHAIN_META_DATA WHERE offer_chain_id = 2606159253;
INSERT INTO OFFER_CHAIN_META_DATA (ID, OFFER_CHAIN_ID, NAME, VALUE, CREATED_BY, CREATE_DATE) VALUES (OCMD_ID_SEQ.NEXTVAL, 2606159253, 'BUNDLE_EXPLANATION', 'W+T Teacher $120.99 for first 52 weeks and 50% off regular price thereafter - no email verify', 'OFFERMAKER', SYSDATE);
INSERT INTO OFFER_CHAIN_META_DATA (ID, OFFER_CHAIN_ID, NAME, VALUE, CREATED_BY, CREATE_DATE) VALUES (OCMD_ID_SEQ.NEXTVAL, 2606159253, 'PRICE_DESCRIPTION', 'Web+Tablet App $120.99 EDU Offer First 52 Weeks: $2.32/week Thereafter:$130.00 every 52 weeks', 'OFFERMAKER', SYSDATE);
INSERT INTO OFFER_CHAIN_META_DATA (ID, OFFER_CHAIN_ID, NAME, VALUE, CREATED_BY, CREATE_DATE) VALUES (OCMD_ID_SEQ.NEXTVAL, 2606159253, 'PRICE_SHORT_DESCRIPTION', 'W+T Teacher/ $120.99 for First 52 wks / $130.00 every 52 wks thereafter', 'OFFERMAKER', SYSDATE);
INSERT INTO OFFER_CHAIN_META_DATA (ID, OFFER_CHAIN_ID, NAME, VALUE, CREATED_BY, CREATE_DATE) VALUES (OCMD_ID_SEQ.NEXTVAL, 2606159253, 'OFFER_TYPE', '$120.99 for first 52 Weeks', 'OFFERMAKER', SYSDATE);
INSERT INTO OFFER_CHAIN_META_DATA (ID, OFFER_CHAIN_ID, NAME, VALUE, CREATED_BY, CREATE_DATE) VALUES (OCMD_ID_SEQ.NEXTVAL, 2606159253, 'OFFER_PRICE_DESCRIPTOR', 'TEACHER RATE- ANNUAL SUB- 50% off', 'OFFERMAKER', SYSDATE);
INSERT INTO OFFER_CHAIN_META_DATA (ID, OFFER_CHAIN_ID, NAME, VALUE, CREATED_BY, CREATE_DATE) VALUES (OCMD_ID_SEQ.NEXTVAL, 2606159253, 'OFFER_PRICE', '$120.99 for first 52 Weeks and $130.00 for next 52 Weeks thereafter', 'OFFERMAKER', SYSDATE);
INSERT INTO OFFER_CHAIN_META_DATA (ID, OFFER_CHAIN_ID, NAME, VALUE, CREATED_BY, CREATE_DATE) VALUES (OCMD_ID_SEQ.NEXTVAL, 2606159253, 'OFFER_PRICE_DETAIL', '($2.50 / week thereafter)', 'OFFERMAKER', SYSDATE);
INSERT INTO OFFER_CHAIN_META_DATA (ID, OFFER_CHAIN_ID, NAME, VALUE, CREATED_BY, CREATE_DATE) VALUES (OCMD_ID_SEQ.NEXTVAL, 2606159253, 'PROMO_PRICE_FOOTER_LABEL', 'First 52 Weeks', 'OFFERMAKER', SYSDATE);
INSERT INTO OFFER_CHAIN_META_DATA (ID, OFFER_CHAIN_ID, NAME, VALUE, CREATED_BY, CREATE_DATE) VALUES (OCMD_ID_SEQ.NEXTVAL, 2606159253, 'ACTUAL_PRICE_FOOTER_LABEL', 'Thereafter', 'OFFERMAKER', SYSDATE);
INSERT INTO OFFER_CHAIN_META_DATA (ID, OFFER_CHAIN_ID, NAME, VALUE, CREATED_BY, CREATE_DATE) VALUES (OCMD_ID_SEQ.NEXTVAL, 2606159253, 'BILLING_CYCLE', 'every 52 weeks', 'OFFERMAKER', SYSDATE);
INSERT INTO OFFER_CHAIN_META_DATA (ID, OFFER_CHAIN_ID, NAME, VALUE, CREATED_BY, CREATE_DATE) VALUES (OCMD_ID_SEQ.NEXTVAL, 2606159253, 'SUBSCRIBER_TYPE', 'K-12', 'OFFERMAKER', SYSDATE);
INSERT INTO OFFER_CHAIN_META_DATA (ID, OFFER_CHAIN_ID, NAME, VALUE, CREATED_BY, CREATE_DATE) VALUES (OCMD_ID_SEQ.NEXTVAL, 2606159253, 'REFUND_POLICY', 'Multi-week Billing: Full refund within first 30 days, No refund if cancelled in the last 30 days and access remains through the end of the period.  Otherwise, pro-rated refund and access removed within 6 hours.', 'OFFERMAKER', SYSDATE);
INSERT INTO OFFER_CHAIN_META_DATA (ID, OFFER_CHAIN_ID, NAME, VALUE, CREATED_BY, CREATE_DATE) VALUES (OCMD_ID_SEQ.NEXTVAL, 2606159253, 'CANCELABLE', '1', 'OFFERMAKER', SYSDATE);
INSERT INTO OFFER_CHAIN_META_DATA (ID, OFFER_CHAIN_ID, NAME, VALUE, CREATED_BY, CREATE_DATE) VALUES (OCMD_ID_SEQ.NEXTVAL, 2606159253, 'REFUNDABLE', '1', 'OFFERMAKER', SYSDATE);
INSERT INTO OFFER_CHAIN_META_DATA (ID, OFFER_CHAIN_ID, NAME, VALUE, CREATED_BY, CREATE_DATE) VALUES (OCMD_ID_SEQ.NEXTVAL, 2606159253, 'FULL_REFUND_DAYS_LIMIT', '30', 'OFFERMAKER', SYSDATE);
INSERT INTO OFFER_CHAIN_META_DATA (ID, OFFER_CHAIN_ID, NAME, VALUE, CREATED_BY, CREATE_DATE) VALUES (OCMD_ID_SEQ.NEXTVAL, 2606159253, 'PRORATED_REFUND_DAYS_LIMIT', '334', 'OFFERMAKER', SYSDATE);
INSERT INTO OFFER_CHAIN_META_DATA (ID, OFFER_CHAIN_ID, NAME, VALUE, CREATED_BY, CREATE_DATE) VALUES (OCMD_ID_SEQ.NEXTVAL, 2606159253, 'OPEN_TO_ANONYMOUS', '1', 'OFFERMAKER', SYSDATE);
INSERT INTO OFFER_CHAIN_META_DATA (ID, OFFER_CHAIN_ID, NAME, VALUE, CREATED_BY, CREATE_DATE) VALUES (OCMD_ID_SEQ.NEXTVAL, 2606159253, 'BUNDLE', 'Bundle B (Web+Tab)', 'OFFERMAKER', SYSDATE);
INSERT INTO OFFER_CHAIN_META_DATA (ID, OFFER_CHAIN_ID, NAME, VALUE, CREATED_BY, CREATE_DATE) VALUES (OCMD_ID_SEQ.NEXTVAL, 2606159253, 'ADX_BUNDLE', 'MM_EDU', 'OFFERMAKER', SYSDATE);
INSERT INTO OFFER_CHAIN_META_DATA (ID, OFFER_CHAIN_ID, NAME, VALUE, CREATED_BY, CREATE_DATE) VALUES (OCMD_ID_SEQ.NEXTVAL, 2606159253, 'SIEBEL_CAMPAIGN_CODE', '3KJYW', 'OFFERMAKER', SYSDATE);
INSERT INTO OFFER_CHAIN_META_DATA (ID, OFFER_CHAIN_ID, NAME, VALUE, CREATED_BY, CREATE_DATE) VALUES (OCMD_ID_SEQ.NEXTVAL, 2606159253, 'ANNUAL_PRICE', '130.00', 'OFFERMAKER', SYSDATE);
INSERT INTO OFFER_CHAIN_META_DATA (ID, OFFER_CHAIN_ID, NAME, VALUE, CREATED_BY, CREATE_DATE) VALUES (OCMD_ID_SEQ.NEXTVAL, 2606159253, 'UID', 'f221229711d265b8a9cb1844f88366807e4d0142f46c08b404a8ce642280cd97', 'OFFERMAKER', SYSDATE);
DELETE FROM OFFER_CHAIN_NOTIFICATION_TYPE WHERE offer_chain_id = 2606159253;
BEGIN
  SELECT 1 INTO TMP_VAR FROM ACTION WHERE NAME = 'SUBSCRIBE_TO_OFFER_CHAIN';
EXCEPTION
  WHEN NO_DATA_FOUND THEN
    INSERT INTO ACTION (ID, NAME, CREATE_DATE, CREATED_BY) VALUES (ACTION_ID_SEQ.NEXTVAL, 'SUBSCRIBE_TO_OFFER_CHAIN', SYSDATE, 'OFFERMAKER');
END;
BEGIN
  SELECT 1 INTO TMP_VAR FROM CORE_OWNER.NOTIFICATION_TYPE WHERE VALUE = 'sartre-digital-purchase-k12';
EXCEPTION
  WHEN NO_DATA_FOUND THEN NULL;
    INSERT INTO CORE_OWNER.NOTIFICATION_TYPE (ID, VALUE, TEMPLATE_URL) VALUES (CORE_OWNER.NOTTID_SEQ.NEXTVAL, 'sartre-digital-purchase-k12', 'N/A');
END;
BEGIN
  SELECT 1 INTO TMP_VAR FROM ACTION WHERE NAME = 'UPGRADE_SUBSCRIPTION';
EXCEPTION
  WHEN NO_DATA_FOUND THEN
    INSERT INTO ACTION (ID, NAME, CREATE_DATE, CREATED_BY) VALUES (ACTION_ID_SEQ.NEXTVAL, 'UPGRADE_SUBSCRIPTION', SYSDATE, 'OFFERMAKER');
END;
BEGIN
  SELECT 1 INTO TMP_VAR FROM CORE_OWNER.NOTIFICATION_TYPE WHERE VALUE = 'sartre-digital-purchase-k12';
EXCEPTION
  WHEN NO_DATA_FOUND THEN NULL;
    INSERT INTO CORE_OWNER.NOTIFICATION_TYPE (ID, VALUE, TEMPLATE_URL) VALUES (CORE_OWNER.NOTTID_SEQ.NEXTVAL, 'sartre-digital-purchase-k12', 'N/A');
END;
BEGIN
  SELECT 1 INTO TMP_VAR FROM ACTION WHERE NAME = 'CANCEL_SUBSCRIPTION';
EXCEPTION
  WHEN NO_DATA_FOUND THEN
    INSERT INTO ACTION (ID, NAME, CREATE_DATE, CREATED_BY) VALUES (ACTION_ID_SEQ.NEXTVAL, 'CANCEL_SUBSCRIPTION', SYSDATE, 'OFFERMAKER');
END;
BEGIN
  SELECT 1 INTO TMP_VAR FROM CORE_OWNER.NOTIFICATION_TYPE WHERE VALUE = 'sartre-cancel';
EXCEPTION
  WHEN NO_DATA_FOUND THEN NULL;
    INSERT INTO CORE_OWNER.NOTIFICATION_TYPE (ID, VALUE, TEMPLATE_URL) VALUES (CORE_OWNER.NOTTID_SEQ.NEXTVAL, 'sartre-cancel', 'N/A');
END;
BEGIN
  SELECT 1 INTO TMP_VAR FROM ACTION WHERE NAME = 'SYSTEM_CANCEL';
EXCEPTION
  WHEN NO_DATA_FOUND THEN
    INSERT INTO ACTION (ID, NAME, CREATE_DATE, CREATED_BY) VALUES (ACTION_ID_SEQ.NEXTVAL, 'SYSTEM_CANCEL', SYSDATE, 'OFFERMAKER');
END;
BEGIN
  SELECT 1 INTO TMP_VAR FROM CORE_OWNER.NOTIFICATION_TYPE WHERE VALUE = 'sartre-decline';
EXCEPTION
  WHEN NO_DATA_FOUND THEN NULL;
    INSERT INTO CORE_OWNER.NOTIFICATION_TYPE (ID, VALUE, TEMPLATE_URL) VALUES (CORE_OWNER.NOTTID_SEQ.NEXTVAL, 'sartre-decline', 'N/A');
END;
BEGIN
  SELECT 1 INTO TMP_VAR FROM ACTION WHERE NAME = 'CREDIT_CARD_EXP';
EXCEPTION
  WHEN NO_DATA_FOUND THEN
    INSERT INTO ACTION (ID, NAME, CREATE_DATE, CREATED_BY) VALUES (ACTION_ID_SEQ.NEXTVAL, 'CREDIT_CARD_EXP', SYSDATE, 'OFFERMAKER');
END;
BEGIN
  SELECT 1 INTO TMP_VAR FROM CORE_OWNER.NOTIFICATION_TYPE WHERE VALUE = 'card_expiration';
EXCEPTION
  WHEN NO_DATA_FOUND THEN NULL;
    INSERT INTO CORE_OWNER.NOTIFICATION_TYPE (ID, VALUE, TEMPLATE_URL) VALUES (CORE_OWNER.NOTTID_SEQ.NEXTVAL, 'card_expiration', 'N/A');
END;
INSERT INTO OFFER_CHAIN_NOTIFICATION_TYPE (ID, OFFER_CHAIN_ID, NOTIFICATION_TYPE_ID, ACTION_ID, CREATED_BY, CREATE_DATE) VALUES (OCET_ID_SEQ.NEXTVAL, 2606159253, (SELECT ID FROM CORE_OWNER.NOTIFICATION_TYPE WHERE VALUE = 'sartre-digital-purchase-k12'), (SELECT ID FROM ACTION WHERE NAME = 'SUBSCRIBE_TO_OFFER_CHAIN'), 'OFFERMAKER', SYSDATE);
INSERT INTO OFFER_CHAIN_NOTIFICATION_TYPE (ID, OFFER_CHAIN_ID, NOTIFICATION_TYPE_ID, ACTION_ID, CREATED_BY, CREATE_DATE) VALUES (OCET_ID_SEQ.NEXTVAL, 2606159253, (SELECT ID FROM CORE_OWNER.NOTIFICATION_TYPE WHERE VALUE = 'sartre-digital-purchase-k12'), (SELECT ID FROM ACTION WHERE NAME = 'UPGRADE_SUBSCRIPTION'), 'OFFERMAKER', SYSDATE);
INSERT INTO OFFER_CHAIN_NOTIFICATION_TYPE (ID, OFFER_CHAIN_ID, NOTIFICATION_TYPE_ID, ACTION_ID, CREATED_BY, CREATE_DATE) VALUES (OCET_ID_SEQ.NEXTVAL, 2606159253, (SELECT ID FROM CORE_OWNER.NOTIFICATION_TYPE WHERE VALUE = 'sartre-cancel'), (SELECT ID FROM ACTION WHERE NAME = 'CANCEL_SUBSCRIPTION'), 'OFFERMAKER', SYSDATE);
INSERT INTO OFFER_CHAIN_NOTIFICATION_TYPE (ID, OFFER_CHAIN_ID, NOTIFICATION_TYPE_ID, ACTION_ID, CREATED_BY, CREATE_DATE) VALUES (OCET_ID_SEQ.NEXTVAL, 2606159253, (SELECT ID FROM CORE_OWNER.NOTIFICATION_TYPE WHERE VALUE = 'sartre-decline'), (SELECT ID FROM ACTION WHERE NAME = 'SYSTEM_CANCEL'), 'OFFERMAKER', SYSDATE);
INSERT INTO OFFER_CHAIN_NOTIFICATION_TYPE (ID, OFFER_CHAIN_ID, NOTIFICATION_TYPE_ID, ACTION_ID, CREATED_BY, CREATE_DATE) VALUES (OCET_ID_SEQ.NEXTVAL, 2606159253, (SELECT ID FROM CORE_OWNER.NOTIFICATION_TYPE WHERE VALUE = 'card_expiration'), (SELECT ID FROM ACTION WHERE NAME = 'CREDIT_CARD_EXP'), 'OFFERMAKER', SYSDATE);
BEGIN
  SELECT 1 INTO TMP_VAR FROM OFFER_OFFER_CHAIN WHERE OFFER_CHAIN_ID = 2606159253 AND INDEX_VALUE = 0 AND ROWNUM <= 1;
EXCEPTION
  WHEN NO_DATA_FOUND THEN
INSERT INTO OFFER (ID, OFFER_STATUS_ID, ENTITLEMENT_DURATION, CREATED_BY, CREATE_DATE, updated_by, update_date) VALUES (OFR_ID_SEQ.NEXTVAL, 1, 'P0Y0M364DT0H0M', 'OFFERMAKER', SYSDATE, 'OFFERMAKER', SYSDATE);
BEGIN
  SELECT ID INTO CUR_PRD_ID FROM PRODUCT WHERE NAME = 'Web' AND ROWNUM <= 1;
EXCEPTION
  WHEN NO_DATA_FOUND THEN
    INSERT INTO PRODUCT (ID, NAME, CREATED_BY, CREATE_DATE) VALUES (PRD_ID_SEQ.NEXTVAL, 'Web', 'OFFERMAKER', SYSDATE);
    SELECT ID INTO CUR_PRD_ID FROM PRODUCT WHERE NAME = 'Web' AND ROWNUM <= 1;
  WHEN OTHERS THEN
    RAISE;
END;
INSERT INTO PRODUCT_OFFERING (ID, PRODUCT_ID, TAX_POLICY_TYPE_ID, QUANTITY, UNIT_PRICE, CREATED_BY, CREATE_DATE) VALUES (PO_ID_SEQ.NEXTVAL, CUR_PRD_ID, '1', '364', '0.357143', 'OFFERMAKER', SYSDATE);
INSERT INTO OFFER_PRODUCT_OFFERING (OFFER_ID, PRODUCT_OFFERING_ID, CREATED_BY, CREATE_DATE) VALUES (OFR_ID_SEQ.CURRVAL, PO_ID_SEQ.CURRVAL, 'OFFERMAKER', SYSDATE);
INSERT INTO DISCOUNT (ID, NAME, DESCRIPTION, FIXED_AMOUNT, PERCENT_AMOUNT, DISCOUNT_TYPE_ID, CREATED_BY, CREATE_DATE) VALUES (DSC_ID_SEQ.NEXTVAL, 'Discount', 'Off: 120.99. P.Disc: 60.490. P.Full: 130.000', '69.510', '0', 1, 'OFFERMAKER', SYSDATE);
INSERT INTO DISCOUNT_PRODUCT_OFFERING (DISCOUNT_ID, PRODUCT_OFFERING_ID, CREATED_BY, CREATE_DATE) VALUES (DSC_ID_SEQ.CURRVAL, PO_ID_SEQ.CURRVAL, 'OFFERMAKER', SYSDATE);
BEGIN
  SELECT ID INTO CUR_PRD_ID FROM PRODUCT WHERE NAME = 'Mobile' AND ROWNUM <= 1;
EXCEPTION
  WHEN NO_DATA_FOUND THEN
    INSERT INTO PRODUCT (ID, NAME, CREATED_BY, CREATE_DATE) VALUES (PRD_ID_SEQ.NEXTVAL, 'Mobile', 'OFFERMAKER', SYSDATE);
    SELECT ID INTO CUR_PRD_ID FROM PRODUCT WHERE NAME = 'Mobile' AND ROWNUM <= 1;
  WHEN OTHERS THEN
    RAISE;
END;
INSERT INTO PRODUCT_OFFERING (ID, PRODUCT_ID, TAX_POLICY_TYPE_ID, QUANTITY, UNIT_PRICE, CREATED_BY, CREATE_DATE) VALUES (PO_ID_SEQ.NEXTVAL, CUR_PRD_ID, '1', '364', '0', 'OFFERMAKER', SYSDATE);
INSERT INTO OFFER_PRODUCT_OFFERING (OFFER_ID, PRODUCT_OFFERING_ID, CREATED_BY, CREATE_DATE) VALUES (OFR_ID_SEQ.CURRVAL, PO_ID_SEQ.CURRVAL, 'OFFERMAKER', SYSDATE);
BEGIN
  SELECT ID INTO CUR_PRD_ID FROM PRODUCT WHERE NAME = 'Archive Article' AND ROWNUM <= 1;
EXCEPTION
  WHEN NO_DATA_FOUND THEN
    INSERT INTO PRODUCT (ID, NAME, CREATED_BY, CREATE_DATE) VALUES (PRD_ID_SEQ.NEXTVAL, 'Archive Article', 'OFFERMAKER', SYSDATE);
    SELECT ID INTO CUR_PRD_ID FROM PRODUCT WHERE NAME = 'Archive Article' AND ROWNUM <= 1;
  WHEN OTHERS THEN
    RAISE;
END;
INSERT INTO PRODUCT_OFFERING (ID, PRODUCT_ID, TAX_POLICY_TYPE_ID, QUANTITY, UNIT_PRICE, CREATED_BY, CREATE_DATE) VALUES (PO_ID_SEQ.NEXTVAL, CUR_PRD_ID, '1', '1300', '0', 'OFFERMAKER', SYSDATE);
INSERT INTO OFFER_PRODUCT_OFFERING (OFFER_ID, PRODUCT_OFFERING_ID, CREATED_BY, CREATE_DATE) VALUES (OFR_ID_SEQ.CURRVAL, PO_ID_SEQ.CURRVAL, 'OFFERMAKER', SYSDATE);
BEGIN
  SELECT ID INTO CUR_PRD_ID FROM PRODUCT WHERE NAME = 'TimesMachine' AND ROWNUM <= 1;
EXCEPTION
  WHEN NO_DATA_FOUND THEN
    INSERT INTO PRODUCT (ID, NAME, CREATED_BY, CREATE_DATE) VALUES (PRD_ID_SEQ.NEXTVAL, 'TimesMachine', 'OFFERMAKER', SYSDATE);
    SELECT ID INTO CUR_PRD_ID FROM PRODUCT WHERE NAME = 'TimesMachine' AND ROWNUM <= 1;
  WHEN OTHERS THEN
    RAISE;
END;
INSERT INTO PRODUCT_OFFERING (ID, PRODUCT_ID, TAX_POLICY_TYPE_ID, QUANTITY, UNIT_PRICE, CREATED_BY, CREATE_DATE) VALUES (PO_ID_SEQ.NEXTVAL, CUR_PRD_ID, '1', '364', '0', 'OFFERMAKER', SYSDATE);
INSERT INTO OFFER_PRODUCT_OFFERING (OFFER_ID, PRODUCT_OFFERING_ID, CREATED_BY, CREATE_DATE) VALUES (OFR_ID_SEQ.CURRVAL, PO_ID_SEQ.CURRVAL, 'OFFERMAKER', SYSDATE);
BEGIN
  SELECT ID INTO CUR_PRD_ID FROM PRODUCT WHERE NAME = 'Tablet' AND ROWNUM <= 1;
EXCEPTION
  WHEN NO_DATA_FOUND THEN
    INSERT INTO PRODUCT (ID, NAME, CREATED_BY, CREATE_DATE) VALUES (PRD_ID_SEQ.NEXTVAL, 'Tablet', 'OFFERMAKER', SYSDATE);
    SELECT ID INTO CUR_PRD_ID FROM PRODUCT WHERE NAME = 'Tablet' AND ROWNUM <= 1;
  WHEN OTHERS THEN
    RAISE;
END;
INSERT INTO PRODUCT_OFFERING (ID, PRODUCT_ID, TAX_POLICY_TYPE_ID, QUANTITY, UNIT_PRICE, CREATED_BY, CREATE_DATE) VALUES (PO_ID_SEQ.NEXTVAL, CUR_PRD_ID, '1', '364', '0.357143', 'OFFERMAKER', SYSDATE);
INSERT INTO OFFER_PRODUCT_OFFERING (OFFER_ID, PRODUCT_OFFERING_ID, CREATED_BY, CREATE_DATE) VALUES (OFR_ID_SEQ.CURRVAL, PO_ID_SEQ.CURRVAL, 'OFFERMAKER', SYSDATE);
INSERT INTO DISCOUNT (ID, NAME, DESCRIPTION, FIXED_AMOUNT, PERCENT_AMOUNT, DISCOUNT_TYPE_ID, CREATED_BY, CREATE_DATE) VALUES (DSC_ID_SEQ.NEXTVAL, 'Discount', 'Off: 120.99. P.Disc: 60.500. P.Full: 130.000', '69.50', '0', 1, 'OFFERMAKER', SYSDATE);
INSERT INTO DISCOUNT_PRODUCT_OFFERING (DISCOUNT_ID, PRODUCT_OFFERING_ID, CREATED_BY, CREATE_DATE) VALUES (DSC_ID_SEQ.CURRVAL, PO_ID_SEQ.CURRVAL, 'OFFERMAKER', SYSDATE);
BEGIN
  SELECT ID INTO CUR_PRD_ID FROM PRODUCT WHERE NAME = 'TimesReader' AND ROWNUM <= 1;
EXCEPTION
  WHEN NO_DATA_FOUND THEN
    INSERT INTO PRODUCT (ID, NAME, CREATED_BY, CREATE_DATE) VALUES (PRD_ID_SEQ.NEXTVAL, 'TimesReader', 'OFFERMAKER', SYSDATE);
    SELECT ID INTO CUR_PRD_ID FROM PRODUCT WHERE NAME = 'TimesReader' AND ROWNUM <= 1;
  WHEN OTHERS THEN
    RAISE;
END;
INSERT INTO PRODUCT_OFFERING (ID, PRODUCT_ID, TAX_POLICY_TYPE_ID, QUANTITY, UNIT_PRICE, CREATED_BY, CREATE_DATE) VALUES (PO_ID_SEQ.NEXTVAL, CUR_PRD_ID, '1', '364', '0', 'OFFERMAKER', SYSDATE);
INSERT INTO OFFER_PRODUCT_OFFERING (OFFER_ID, PRODUCT_OFFERING_ID, CREATED_BY, CREATE_DATE) VALUES (OFR_ID_SEQ.CURRVAL, PO_ID_SEQ.CURRVAL, 'OFFERMAKER', SYSDATE);
INSERT INTO OFFER_OFFER_CHAIN (OFFER_ID, OFFER_CHAIN_ID, INDEX_VALUE, NUM_RECURRENCES, CREATED_BY, CREATE_DATE, updated_by, update_date) VALUES (OFR_ID_SEQ.CURRVAL, 2606159253, '0', '1', 'OFFERMAKER', SYSDATE, 'OFFERMAKER', SYSDATE);
END;
BEGIN
  SELECT 1 INTO TMP_VAR FROM OFFER_OFFER_CHAIN WHERE OFFER_CHAIN_ID = 2606159253 AND INDEX_VALUE = 1 AND ROWNUM <= 1;
EXCEPTION
  WHEN NO_DATA_FOUND THEN
INSERT INTO OFFER (ID, OFFER_STATUS_ID, ENTITLEMENT_DURATION, CREATED_BY, CREATE_DATE, updated_by, update_date) VALUES (OFR_ID_SEQ.NEXTVAL, 1, 'P0Y0M364DT0H0M', 'OFFERMAKER', SYSDATE, 'OFFERMAKER', SYSDATE);
BEGIN
  SELECT ID INTO CUR_PRD_ID FROM PRODUCT WHERE NAME = 'Web' AND ROWNUM <= 1;
EXCEPTION
  WHEN NO_DATA_FOUND THEN
    INSERT INTO PRODUCT (ID, NAME, CREATED_BY, CREATE_DATE) VALUES (PRD_ID_SEQ.NEXTVAL, 'Web', 'OFFERMAKER', SYSDATE);
    SELECT ID INTO CUR_PRD_ID FROM PRODUCT WHERE NAME = 'Web' AND ROWNUM <= 1;
  WHEN OTHERS THEN
    RAISE;
END;
INSERT INTO PRODUCT_OFFERING (ID, PRODUCT_ID, TAX_POLICY_TYPE_ID, QUANTITY, UNIT_PRICE, CREATED_BY, CREATE_DATE) VALUES (PO_ID_SEQ.NEXTVAL, CUR_PRD_ID, '1', '364', '0.357143', 'OFFERMAKER', SYSDATE);
INSERT INTO OFFER_PRODUCT_OFFERING (OFFER_ID, PRODUCT_OFFERING_ID, CREATED_BY, CREATE_DATE) VALUES (OFR_ID_SEQ.CURRVAL, PO_ID_SEQ.CURRVAL, 'OFFERMAKER', SYSDATE);
INSERT INTO DISCOUNT (ID, NAME, DESCRIPTION, FIXED_AMOUNT, PERCENT_AMOUNT, DISCOUNT_TYPE_ID, CREATED_BY, CREATE_DATE) VALUES (DSC_ID_SEQ.NEXTVAL, 'Discount', 'Off: 130.0. P.Disc: 65.000. P.Full: 130.000', '65.00', '0', 1, 'OFFERMAKER', SYSDATE);
INSERT INTO DISCOUNT_PRODUCT_OFFERING (DISCOUNT_ID, PRODUCT_OFFERING_ID, CREATED_BY, CREATE_DATE) VALUES (DSC_ID_SEQ.CURRVAL, PO_ID_SEQ.CURRVAL, 'OFFERMAKER', SYSDATE);
BEGIN
  SELECT ID INTO CUR_PRD_ID FROM PRODUCT WHERE NAME = 'Mobile' AND ROWNUM <= 1;
EXCEPTION
  WHEN NO_DATA_FOUND THEN
    INSERT INTO PRODUCT (ID, NAME, CREATED_BY, CREATE_DATE) VALUES (PRD_ID_SEQ.NEXTVAL, 'Mobile', 'OFFERMAKER', SYSDATE);
    SELECT ID INTO CUR_PRD_ID FROM PRODUCT WHERE NAME = 'Mobile' AND ROWNUM <= 1;
  WHEN OTHERS THEN
    RAISE;
END;
INSERT INTO PRODUCT_OFFERING (ID, PRODUCT_ID, TAX_POLICY_TYPE_ID, QUANTITY, UNIT_PRICE, CREATED_BY, CREATE_DATE) VALUES (PO_ID_SEQ.NEXTVAL, CUR_PRD_ID, '1', '364', '0', 'OFFERMAKER', SYSDATE);
INSERT INTO OFFER_PRODUCT_OFFERING (OFFER_ID, PRODUCT_OFFERING_ID, CREATED_BY, CREATE_DATE) VALUES (OFR_ID_SEQ.CURRVAL, PO_ID_SEQ.CURRVAL, 'OFFERMAKER', SYSDATE);
BEGIN
  SELECT ID INTO CUR_PRD_ID FROM PRODUCT WHERE NAME = 'Archive Article' AND ROWNUM <= 1;
EXCEPTION
  WHEN NO_DATA_FOUND THEN
    INSERT INTO PRODUCT (ID, NAME, CREATED_BY, CREATE_DATE) VALUES (PRD_ID_SEQ.NEXTVAL, 'Archive Article', 'OFFERMAKER', SYSDATE);
    SELECT ID INTO CUR_PRD_ID FROM PRODUCT WHERE NAME = 'Archive Article' AND ROWNUM <= 1;
  WHEN OTHERS THEN
    RAISE;
END;
INSERT INTO PRODUCT_OFFERING (ID, PRODUCT_ID, TAX_POLICY_TYPE_ID, QUANTITY, UNIT_PRICE, CREATED_BY, CREATE_DATE) VALUES (PO_ID_SEQ.NEXTVAL, CUR_PRD_ID, '1', '1300', '0', 'OFFERMAKER', SYSDATE);
INSERT INTO OFFER_PRODUCT_OFFERING (OFFER_ID, PRODUCT_OFFERING_ID, CREATED_BY, CREATE_DATE) VALUES (OFR_ID_SEQ.CURRVAL, PO_ID_SEQ.CURRVAL, 'OFFERMAKER', SYSDATE);
BEGIN
  SELECT ID INTO CUR_PRD_ID FROM PRODUCT WHERE NAME = 'TimesMachine' AND ROWNUM <= 1;
EXCEPTION
  WHEN NO_DATA_FOUND THEN
    INSERT INTO PRODUCT (ID, NAME, CREATED_BY, CREATE_DATE) VALUES (PRD_ID_SEQ.NEXTVAL, 'TimesMachine', 'OFFERMAKER', SYSDATE);
    SELECT ID INTO CUR_PRD_ID FROM PRODUCT WHERE NAME = 'TimesMachine' AND ROWNUM <= 1;
  WHEN OTHERS THEN
    RAISE;
END;
INSERT INTO PRODUCT_OFFERING (ID, PRODUCT_ID, TAX_POLICY_TYPE_ID, QUANTITY, UNIT_PRICE, CREATED_BY, CREATE_DATE) VALUES (PO_ID_SEQ.NEXTVAL, CUR_PRD_ID, '1', '364', '0', 'OFFERMAKER', SYSDATE);
INSERT INTO OFFER_PRODUCT_OFFERING (OFFER_ID, PRODUCT_OFFERING_ID, CREATED_BY, CREATE_DATE) VALUES (OFR_ID_SEQ.CURRVAL, PO_ID_SEQ.CURRVAL, 'OFFERMAKER', SYSDATE);
BEGIN
  SELECT ID INTO CUR_PRD_ID FROM PRODUCT WHERE NAME = 'Tablet' AND ROWNUM <= 1;
EXCEPTION
  WHEN NO_DATA_FOUND THEN
    INSERT INTO PRODUCT (ID, NAME, CREATED_BY, CREATE_DATE) VALUES (PRD_ID_SEQ.NEXTVAL, 'Tablet', 'OFFERMAKER', SYSDATE);
    SELECT ID INTO CUR_PRD_ID FROM PRODUCT WHERE NAME = 'Tablet' AND ROWNUM <= 1;
  WHEN OTHERS THEN
    RAISE;
END;
INSERT INTO PRODUCT_OFFERING (ID, PRODUCT_ID, TAX_POLICY_TYPE_ID, QUANTITY, UNIT_PRICE, CREATED_BY, CREATE_DATE) VALUES (PO_ID_SEQ.NEXTVAL, CUR_PRD_ID, '1', '364', '0.357143', 'OFFERMAKER', SYSDATE);
INSERT INTO OFFER_PRODUCT_OFFERING (OFFER_ID, PRODUCT_OFFERING_ID, CREATED_BY, CREATE_DATE) VALUES (OFR_ID_SEQ.CURRVAL, PO_ID_SEQ.CURRVAL, 'OFFERMAKER', SYSDATE);
INSERT INTO DISCOUNT (ID, NAME, DESCRIPTION, FIXED_AMOUNT, PERCENT_AMOUNT, DISCOUNT_TYPE_ID, CREATED_BY, CREATE_DATE) VALUES (DSC_ID_SEQ.NEXTVAL, 'Discount', 'Off: 130.0. P.Disc: 65.000. P.Full: 130.000', '65.00', '0', 1, 'OFFERMAKER', SYSDATE);
INSERT INTO DISCOUNT_PRODUCT_OFFERING (DISCOUNT_ID, PRODUCT_OFFERING_ID, CREATED_BY, CREATE_DATE) VALUES (DSC_ID_SEQ.CURRVAL, PO_ID_SEQ.CURRVAL, 'OFFERMAKER', SYSDATE);
BEGIN
  SELECT ID INTO CUR_PRD_ID FROM PRODUCT WHERE NAME = 'TimesReader' AND ROWNUM <= 1;
EXCEPTION
  WHEN NO_DATA_FOUND THEN
    INSERT INTO PRODUCT (ID, NAME, CREATED_BY, CREATE_DATE) VALUES (PRD_ID_SEQ.NEXTVAL, 'TimesReader', 'OFFERMAKER', SYSDATE);
    SELECT ID INTO CUR_PRD_ID FROM PRODUCT WHERE NAME = 'TimesReader' AND ROWNUM <= 1;
  WHEN OTHERS THEN
    RAISE;
END;
INSERT INTO PRODUCT_OFFERING (ID, PRODUCT_ID, TAX_POLICY_TYPE_ID, QUANTITY, UNIT_PRICE, CREATED_BY, CREATE_DATE) VALUES (PO_ID_SEQ.NEXTVAL, CUR_PRD_ID, '1', '364', '0', 'OFFERMAKER', SYSDATE);
INSERT INTO OFFER_PRODUCT_OFFERING (OFFER_ID, PRODUCT_OFFERING_ID, CREATED_BY, CREATE_DATE) VALUES (OFR_ID_SEQ.CURRVAL, PO_ID_SEQ.CURRVAL, 'OFFERMAKER', SYSDATE);
INSERT INTO OFFER_OFFER_CHAIN (OFFER_ID, OFFER_CHAIN_ID, INDEX_VALUE, NUM_RECURRENCES, CREATED_BY, CREATE_DATE, updated_by, update_date) VALUES (OFR_ID_SEQ.CURRVAL, 2606159253, '1', '-1', 'OFFERMAKER', SYSDATE, 'OFFERMAKER', SYSDATE);
END;
END;
/
COMMIT;
DECLARE
TMP_VAR NUMBER;
CUR_PRD_ID NUMBER;
CUR_CAPABILITY_ID NUMBER;
BEGIN
BEGIN
  SELECT 1 INTO TMP_VAR FROM OFFER_CHAIN WHERE ID = 1114725299 AND ROWNUM <= 1;
  UPDATE OFFER_CHAIN SET NAME='NYTimes: All Digital Access', DESCRIPTION='Unlimited access to NYTimes.com, and the NYTimes smartphone and tablet apps.*', PRODUCT_URI='', VENDOR_SOURCE_ID='1', BILLING_SOURCE_ID=(SELECT ID FROM BILLING_SOURCE BS WHERE BS.NAME='Sartre'), IS_SEAT_LICENSE=0, GROUP_ACCOUNT_TYPE_ID='FL',IS_ADDRESS_REQUIRED=0, OFFER_CHAIN_STATUS_ID = 1, UPDATE_DATE = SYSDATE, UPDATED_BY = 'OFFERMAKER', IS_GIFT_CERTIFICATE='0', REVOKE_ENTITLEMENTS = '0', ADOPTABILITY_WINDOW_START_DATE = to_date('15-Jul-2013 00:00:00','DD-MON-YY HH24:MI:SS'), ADOPTABILITY_WINDOW_END_DATE = to_date('31-Dec-2069 00:00:00','DD-MON-YY HH24:MI:SS'), AMAZON_APPSTORE_SKU=NULL WHERE ID = 1114725299;
EXCEPTION
  WHEN NO_DATA_FOUND THEN
    INSERT INTO OFFER_CHAIN (ID, NAME, DESCRIPTION, ADOPTABILITY_WINDOW_START_DATE, ADOPTABILITY_WINDOW_END_DATE, IS_GIFT_CERTIFICATE, PRODUCT_URI, OFFER_CHAIN_STATUS_ID, REVOKE_ENTITLEMENTS, VENDOR_SOURCE_ID, BILLING_SOURCE_ID, IS_SEAT_LICENSE, GROUP_ACCOUNT_TYPE_ID, IS_ADDRESS_REQUIRED, AMAZON_APPSTORE_SKU, CREATED_BY, CREATE_DATE, updated_by, update_date) VALUES (1114725299, 'NYTimes: All Digital Access', 'Unlimited access to NYTimes.com, and the NYTimes smartphone and tablet apps.*', to_date('15-Jul-2013 00:00:00','DD-MON-YY HH24:MI:SS'), to_date('31-Dec-2069 00:00:00','DD-MON-YY HH24:MI:SS'), '0', NULL, '1', '0', '1', (SELECT ID FROM BILLING_SOURCE BS WHERE BS.NAME='Sartre'), decode('FL','IL',1,0), 'FL', '0', '', 'OFFERMAKER', SYSDATE, 'OFFERMAKER', SYSDATE);
END;
DELETE FROM OFFER_CHAIN_ELIGIBILITY WHERE offer_chain_id = 1114725299;
INSERT INTO OFFER_CHAIN_ELIGIBILITY (ID, OFFER_CHAIN_ID, NAME, VALUE, CREATED_BY, CREATE_DATE) VALUES (ELG_ID_SEQ.NEXTVAL, 1114725299, 'IS_COMP', '0', 'OFFERMAKER', SYSDATE);
INSERT INTO OFFER_CHAIN_ELIGIBILITY (ID, OFFER_CHAIN_ID, NAME, VALUE, CREATED_BY, CREATE_DATE) VALUES (ELG_ID_SEQ.NEXTVAL, 1114725299, 'MAX_CONCURRENT_SUBS', '1', 'OFFERMAKER', SYSDATE);
INSERT INTO OFFER_CHAIN_ELIGIBILITY (ID, OFFER_CHAIN_ID, NAME, VALUE, CREATED_BY, CREATE_DATE) VALUES (ELG_ID_SEQ.NEXTVAL, 1114725299, 'INTERNAL_ONLY', '0', 'OFFERMAKER', SYSDATE);
INSERT INTO OFFER_CHAIN_ELIGIBILITY (ID, OFFER_CHAIN_ID, NAME, VALUE, CREATED_BY, CREATE_DATE) VALUES (ELG_ID_SEQ.NEXTVAL, 1114725299, 'REDEEMER_PROHIBITED_ENTITLEMENTS', '0', 'OFFERMAKER', SYSDATE);
DELETE FROM OFFER_CHAIN_META_DATA WHERE offer_chain_id = 1114725299;
INSERT INTO OFFER_CHAIN_META_DATA (ID, OFFER_CHAIN_ID, NAME, VALUE, CREATED_BY, CREATE_DATE) VALUES (OCMD_ID_SEQ.NEXTVAL, 1114725299, 'BUNDLE_EXPLANATION', 'W+SP+T Teacher $210.99 for first 52 weeks and 50% off regular price thereafter - no email verify', 'OFFERMAKER', SYSDATE);
INSERT INTO OFFER_CHAIN_META_DATA (ID, OFFER_CHAIN_ID, NAME, VALUE, CREATED_BY, CREATE_DATE) VALUES (OCMD_ID_SEQ.NEXTVAL, 1114725299, 'PRICE_DESCRIPTION', 'All Digital Access $210.99 EDU Offer First 52 Weeks: $4.05/week Thereafter:$227.50 every 52 weeks', 'OFFERMAKER', SYSDATE);
INSERT INTO OFFER_CHAIN_META_DATA (ID, OFFER_CHAIN_ID, NAME, VALUE, CREATED_BY, CREATE_DATE) VALUES (OCMD_ID_SEQ.NEXTVAL, 1114725299, 'PRICE_SHORT_DESCRIPTION', 'W+SP+T Teacher/ $210.99 First 52 wks / $227.50 every 52 wks thereafter', 'OFFERMAKER', SYSDATE);
INSERT INTO OFFER_CHAIN_META_DATA (ID, OFFER_CHAIN_ID, NAME, VALUE, CREATED_BY, CREATE_DATE) VALUES (OCMD_ID_SEQ.NEXTVAL, 1114725299, 'OFFER_TYPE', '$ 210.99 for first 52 Weeks', 'OFFERMAKER', SYSDATE);
INSERT INTO OFFER_CHAIN_META_DATA (ID, OFFER_CHAIN_ID, NAME, VALUE, CREATED_BY, CREATE_DATE) VALUES (OCMD_ID_SEQ.NEXTVAL, 1114725299, 'OFFER_PRICE_DESCRIPTOR', 'TEACHER RATE- ANNUAL SUB- 50% off', 'OFFERMAKER', SYSDATE);
INSERT INTO OFFER_CHAIN_META_DATA (ID, OFFER_CHAIN_ID, NAME, VALUE, CREATED_BY, CREATE_DATE) VALUES (OCMD_ID_SEQ.NEXTVAL, 1114725299, 'OFFER_PRICE', '$210.99 for first 52 Weeks and $227.50 for next 52 Weeks thereafter', 'OFFERMAKER', SYSDATE);
INSERT INTO OFFER_CHAIN_META_DATA (ID, OFFER_CHAIN_ID, NAME, VALUE, CREATED_BY, CREATE_DATE) VALUES (OCMD_ID_SEQ.NEXTVAL, 1114725299, 'OFFER_PRICE_DETAIL', '($4.38 / week thereafter)', 'OFFERMAKER', SYSDATE);
INSERT INTO OFFER_CHAIN_META_DATA (ID, OFFER_CHAIN_ID, NAME, VALUE, CREATED_BY, CREATE_DATE) VALUES (OCMD_ID_SEQ.NEXTVAL, 1114725299, 'PROMO_PRICE_FOOTER_LABEL', 'First 52 Weeks', 'OFFERMAKER', SYSDATE);
INSERT INTO OFFER_CHAIN_META_DATA (ID, OFFER_CHAIN_ID, NAME, VALUE, CREATED_BY, CREATE_DATE) VALUES (OCMD_ID_SEQ.NEXTVAL, 1114725299, 'ACTUAL_PRICE_FOOTER_LABEL', 'Thereafter', 'OFFERMAKER', SYSDATE);
INSERT INTO OFFER_CHAIN_META_DATA (ID, OFFER_CHAIN_ID, NAME, VALUE, CREATED_BY, CREATE_DATE) VALUES (OCMD_ID_SEQ.NEXTVAL, 1114725299, 'BILLING_CYCLE', 'every 52 weeks', 'OFFERMAKER', SYSDATE);
INSERT INTO OFFER_CHAIN_META_DATA (ID, OFFER_CHAIN_ID, NAME, VALUE, CREATED_BY, CREATE_DATE) VALUES (OCMD_ID_SEQ.NEXTVAL, 1114725299, 'SUBSCRIBER_TYPE', 'K-12', 'OFFERMAKER', SYSDATE);
INSERT INTO OFFER_CHAIN_META_DATA (ID, OFFER_CHAIN_ID, NAME, VALUE, CREATED_BY, CREATE_DATE) VALUES (OCMD_ID_SEQ.NEXTVAL, 1114725299, 'REFUND_POLICY', 'Multi-week Billing: Full refund within first 30 days, No refund if cancelled in the last 30 days and access remains through the end of the period.  Otherwise, pro-rated refund and access removed within 6 hours.', 'OFFERMAKER', SYSDATE);
INSERT INTO OFFER_CHAIN_META_DATA (ID, OFFER_CHAIN_ID, NAME, VALUE, CREATED_BY, CREATE_DATE) VALUES (OCMD_ID_SEQ.NEXTVAL, 1114725299, 'CANCELABLE', '1', 'OFFERMAKER', SYSDATE);
INSERT INTO OFFER_CHAIN_META_DATA (ID, OFFER_CHAIN_ID, NAME, VALUE, CREATED_BY, CREATE_DATE) VALUES (OCMD_ID_SEQ.NEXTVAL, 1114725299, 'REFUNDABLE', '1', 'OFFERMAKER', SYSDATE);
INSERT INTO OFFER_CHAIN_META_DATA (ID, OFFER_CHAIN_ID, NAME, VALUE, CREATED_BY, CREATE_DATE) VALUES (OCMD_ID_SEQ.NEXTVAL, 1114725299, 'FULL_REFUND_DAYS_LIMIT', '30', 'OFFERMAKER', SYSDATE);
INSERT INTO OFFER_CHAIN_META_DATA (ID, OFFER_CHAIN_ID, NAME, VALUE, CREATED_BY, CREATE_DATE) VALUES (OCMD_ID_SEQ.NEXTVAL, 1114725299, 'PRORATED_REFUND_DAYS_LIMIT', '334', 'OFFERMAKER', SYSDATE);
INSERT INTO OFFER_CHAIN_META_DATA (ID, OFFER_CHAIN_ID, NAME, VALUE, CREATED_BY, CREATE_DATE) VALUES (OCMD_ID_SEQ.NEXTVAL, 1114725299, 'OPEN_TO_ANONYMOUS', '1', 'OFFERMAKER', SYSDATE);
INSERT INTO OFFER_CHAIN_META_DATA (ID, OFFER_CHAIN_ID, NAME, VALUE, CREATED_BY, CREATE_DATE) VALUES (OCMD_ID_SEQ.NEXTVAL, 1114725299, 'BUNDLE', 'Bundle D (Digital All Access)', 'OFFERMAKER', SYSDATE);
INSERT INTO OFFER_CHAIN_META_DATA (ID, OFFER_CHAIN_ID, NAME, VALUE, CREATED_BY, CREATE_DATE) VALUES (OCMD_ID_SEQ.NEXTVAL, 1114725299, 'ADX_BUNDLE', 'MM_EDU', 'OFFERMAKER', SYSDATE);
INSERT INTO OFFER_CHAIN_META_DATA (ID, OFFER_CHAIN_ID, NAME, VALUE, CREATED_BY, CREATE_DATE) VALUES (OCMD_ID_SEQ.NEXTVAL, 1114725299, 'SIEBEL_CAMPAIGN_CODE', '3KK36', 'OFFERMAKER', SYSDATE);
INSERT INTO OFFER_CHAIN_META_DATA (ID, OFFER_CHAIN_ID, NAME, VALUE, CREATED_BY, CREATE_DATE) VALUES (OCMD_ID_SEQ.NEXTVAL, 1114725299, 'ANNUAL_PRICE', '227.50', 'OFFERMAKER', SYSDATE);
INSERT INTO OFFER_CHAIN_META_DATA (ID, OFFER_CHAIN_ID, NAME, VALUE, CREATED_BY, CREATE_DATE) VALUES (OCMD_ID_SEQ.NEXTVAL, 1114725299, 'UID', '125589677cf67cd1347b68e074a02933b058abb286f1876b0c401f4355d090e1', 'OFFERMAKER', SYSDATE);
DELETE FROM OFFER_CHAIN_NOTIFICATION_TYPE WHERE offer_chain_id = 1114725299;
BEGIN
  SELECT 1 INTO TMP_VAR FROM ACTION WHERE NAME = 'SUBSCRIBE_TO_OFFER_CHAIN';
EXCEPTION
  WHEN NO_DATA_FOUND THEN
    INSERT INTO ACTION (ID, NAME, CREATE_DATE, CREATED_BY) VALUES (ACTION_ID_SEQ.NEXTVAL, 'SUBSCRIBE_TO_OFFER_CHAIN', SYSDATE, 'OFFERMAKER');
END;
BEGIN
  SELECT 1 INTO TMP_VAR FROM CORE_OWNER.NOTIFICATION_TYPE WHERE VALUE = 'sartre-digital-purchase-k12';
EXCEPTION
  WHEN NO_DATA_FOUND THEN NULL;
    INSERT INTO CORE_OWNER.NOTIFICATION_TYPE (ID, VALUE, TEMPLATE_URL) VALUES (CORE_OWNER.NOTTID_SEQ.NEXTVAL, 'sartre-digital-purchase-k12', 'N/A');
END;
BEGIN
  SELECT 1 INTO TMP_VAR FROM ACTION WHERE NAME = 'UPGRADE_SUBSCRIPTION';
EXCEPTION
  WHEN NO_DATA_FOUND THEN
    INSERT INTO ACTION (ID, NAME, CREATE_DATE, CREATED_BY) VALUES (ACTION_ID_SEQ.NEXTVAL, 'UPGRADE_SUBSCRIPTION', SYSDATE, 'OFFERMAKER');
END;
BEGIN
  SELECT 1 INTO TMP_VAR FROM CORE_OWNER.NOTIFICATION_TYPE WHERE VALUE = 'sartre-digital-purchase-k12';
EXCEPTION
  WHEN NO_DATA_FOUND THEN NULL;
    INSERT INTO CORE_OWNER.NOTIFICATION_TYPE (ID, VALUE, TEMPLATE_URL) VALUES (CORE_OWNER.NOTTID_SEQ.NEXTVAL, 'sartre-digital-purchase-k12', 'N/A');
END;
BEGIN
  SELECT 1 INTO TMP_VAR FROM ACTION WHERE NAME = 'CANCEL_SUBSCRIPTION';
EXCEPTION
  WHEN NO_DATA_FOUND THEN
    INSERT INTO ACTION (ID, NAME, CREATE_DATE, CREATED_BY) VALUES (ACTION_ID_SEQ.NEXTVAL, 'CANCEL_SUBSCRIPTION', SYSDATE, 'OFFERMAKER');
END;
BEGIN
  SELECT 1 INTO TMP_VAR FROM CORE_OWNER.NOTIFICATION_TYPE WHERE VALUE = 'sartre-cancel';
EXCEPTION
  WHEN NO_DATA_FOUND THEN NULL;
    INSERT INTO CORE_OWNER.NOTIFICATION_TYPE (ID, VALUE, TEMPLATE_URL) VALUES (CORE_OWNER.NOTTID_SEQ.NEXTVAL, 'sartre-cancel', 'N/A');
END;
BEGIN
  SELECT 1 INTO TMP_VAR FROM ACTION WHERE NAME = 'SYSTEM_CANCEL';
EXCEPTION
  WHEN NO_DATA_FOUND THEN
    INSERT INTO ACTION (ID, NAME, CREATE_DATE, CREATED_BY) VALUES (ACTION_ID_SEQ.NEXTVAL, 'SYSTEM_CANCEL', SYSDATE, 'OFFERMAKER');
END;
BEGIN
  SELECT 1 INTO TMP_VAR FROM CORE_OWNER.NOTIFICATION_TYPE WHERE VALUE = 'sartre-decline';
EXCEPTION
  WHEN NO_DATA_FOUND THEN NULL;
    INSERT INTO CORE_OWNER.NOTIFICATION_TYPE (ID, VALUE, TEMPLATE_URL) VALUES (CORE_OWNER.NOTTID_SEQ.NEXTVAL, 'sartre-decline', 'N/A');
END;
BEGIN
  SELECT 1 INTO TMP_VAR FROM ACTION WHERE NAME = 'CREDIT_CARD_EXP';
EXCEPTION
  WHEN NO_DATA_FOUND THEN
    INSERT INTO ACTION (ID, NAME, CREATE_DATE, CREATED_BY) VALUES (ACTION_ID_SEQ.NEXTVAL, 'CREDIT_CARD_EXP', SYSDATE, 'OFFERMAKER');
END;
BEGIN
  SELECT 1 INTO TMP_VAR FROM CORE_OWNER.NOTIFICATION_TYPE WHERE VALUE = 'card_expiration';
EXCEPTION
  WHEN NO_DATA_FOUND THEN NULL;
    INSERT INTO CORE_OWNER.NOTIFICATION_TYPE (ID, VALUE, TEMPLATE_URL) VALUES (CORE_OWNER.NOTTID_SEQ.NEXTVAL, 'card_expiration', 'N/A');
END;
INSERT INTO OFFER_CHAIN_NOTIFICATION_TYPE (ID, OFFER_CHAIN_ID, NOTIFICATION_TYPE_ID, ACTION_ID, CREATED_BY, CREATE_DATE) VALUES (OCET_ID_SEQ.NEXTVAL, 1114725299, (SELECT ID FROM CORE_OWNER.NOTIFICATION_TYPE WHERE VALUE = 'sartre-digital-purchase-k12'), (SELECT ID FROM ACTION WHERE NAME = 'SUBSCRIBE_TO_OFFER_CHAIN'), 'OFFERMAKER', SYSDATE);
INSERT INTO OFFER_CHAIN_NOTIFICATION_TYPE (ID, OFFER_CHAIN_ID, NOTIFICATION_TYPE_ID, ACTION_ID, CREATED_BY, CREATE_DATE) VALUES (OCET_ID_SEQ.NEXTVAL, 1114725299, (SELECT ID FROM CORE_OWNER.NOTIFICATION_TYPE WHERE VALUE = 'sartre-digital-purchase-k12'), (SELECT ID FROM ACTION WHERE NAME = 'UPGRADE_SUBSCRIPTION'), 'OFFERMAKER', SYSDATE);
INSERT INTO OFFER_CHAIN_NOTIFICATION_TYPE (ID, OFFER_CHAIN_ID, NOTIFICATION_TYPE_ID, ACTION_ID, CREATED_BY, CREATE_DATE) VALUES (OCET_ID_SEQ.NEXTVAL, 1114725299, (SELECT ID FROM CORE_OWNER.NOTIFICATION_TYPE WHERE VALUE = 'sartre-cancel'), (SELECT ID FROM ACTION WHERE NAME = 'CANCEL_SUBSCRIPTION'), 'OFFERMAKER', SYSDATE);
INSERT INTO OFFER_CHAIN_NOTIFICATION_TYPE (ID, OFFER_CHAIN_ID, NOTIFICATION_TYPE_ID, ACTION_ID, CREATED_BY, CREATE_DATE) VALUES (OCET_ID_SEQ.NEXTVAL, 1114725299, (SELECT ID FROM CORE_OWNER.NOTIFICATION_TYPE WHERE VALUE = 'sartre-decline'), (SELECT ID FROM ACTION WHERE NAME = 'SYSTEM_CANCEL'), 'OFFERMAKER', SYSDATE);
INSERT INTO OFFER_CHAIN_NOTIFICATION_TYPE (ID, OFFER_CHAIN_ID, NOTIFICATION_TYPE_ID, ACTION_ID, CREATED_BY, CREATE_DATE) VALUES (OCET_ID_SEQ.NEXTVAL, 1114725299, (SELECT ID FROM CORE_OWNER.NOTIFICATION_TYPE WHERE VALUE = 'card_expiration'), (SELECT ID FROM ACTION WHERE NAME = 'CREDIT_CARD_EXP'), 'OFFERMAKER', SYSDATE);
BEGIN
  SELECT 1 INTO TMP_VAR FROM OFFER_OFFER_CHAIN WHERE OFFER_CHAIN_ID = 1114725299 AND INDEX_VALUE = 0 AND ROWNUM <= 1;
EXCEPTION
  WHEN NO_DATA_FOUND THEN
INSERT INTO OFFER (ID, OFFER_STATUS_ID, ENTITLEMENT_DURATION, CREATED_BY, CREATE_DATE, updated_by, update_date) VALUES (OFR_ID_SEQ.NEXTVAL, 1, 'P0Y0M364DT0H0M', 'OFFERMAKER', SYSDATE, 'OFFERMAKER', SYSDATE);
BEGIN
  SELECT ID INTO CUR_PRD_ID FROM PRODUCT WHERE NAME = 'Web' AND ROWNUM <= 1;
EXCEPTION
  WHEN NO_DATA_FOUND THEN
    INSERT INTO PRODUCT (ID, NAME, CREATED_BY, CREATE_DATE) VALUES (PRD_ID_SEQ.NEXTVAL, 'Web', 'OFFERMAKER', SYSDATE);
    SELECT ID INTO CUR_PRD_ID FROM PRODUCT WHERE NAME = 'Web' AND ROWNUM <= 1;
  WHEN OTHERS THEN
    RAISE;
END;
INSERT INTO PRODUCT_OFFERING (ID, PRODUCT_ID, TAX_POLICY_TYPE_ID, QUANTITY, UNIT_PRICE, CREATED_BY, CREATE_DATE) VALUES (PO_ID_SEQ.NEXTVAL, CUR_PRD_ID, '1', '364', '0.357143', 'OFFERMAKER', SYSDATE);
INSERT INTO OFFER_PRODUCT_OFFERING (OFFER_ID, PRODUCT_OFFERING_ID, CREATED_BY, CREATE_DATE) VALUES (OFR_ID_SEQ.CURRVAL, PO_ID_SEQ.CURRVAL, 'OFFERMAKER', SYSDATE);
INSERT INTO DISCOUNT (ID, NAME, DESCRIPTION, FIXED_AMOUNT, PERCENT_AMOUNT, DISCOUNT_TYPE_ID, CREATED_BY, CREATE_DATE) VALUES (DSC_ID_SEQ.NEXTVAL, 'Discount', 'Off: 210.99. P.Disc: 60.280. P.Full: 130.000', '69.72', '0', 1, 'OFFERMAKER', SYSDATE);
INSERT INTO DISCOUNT_PRODUCT_OFFERING (DISCOUNT_ID, PRODUCT_OFFERING_ID, CREATED_BY, CREATE_DATE) VALUES (DSC_ID_SEQ.CURRVAL, PO_ID_SEQ.CURRVAL, 'OFFERMAKER', SYSDATE);
BEGIN
  SELECT ID INTO CUR_PRD_ID FROM PRODUCT WHERE NAME = 'Mobile' AND ROWNUM <= 1;
EXCEPTION
  WHEN NO_DATA_FOUND THEN
    INSERT INTO PRODUCT (ID, NAME, CREATED_BY, CREATE_DATE) VALUES (PRD_ID_SEQ.NEXTVAL, 'Mobile', 'OFFERMAKER', SYSDATE);
    SELECT ID INTO CUR_PRD_ID FROM PRODUCT WHERE NAME = 'Mobile' AND ROWNUM <= 1;
  WHEN OTHERS THEN
    RAISE;
END;
INSERT INTO PRODUCT_OFFERING (ID, PRODUCT_ID, TAX_POLICY_TYPE_ID, QUANTITY, UNIT_PRICE, CREATED_BY, CREATE_DATE) VALUES (PO_ID_SEQ.NEXTVAL, CUR_PRD_ID, '1', '364', '0', 'OFFERMAKER', SYSDATE);
INSERT INTO OFFER_PRODUCT_OFFERING (OFFER_ID, PRODUCT_OFFERING_ID, CREATED_BY, CREATE_DATE) VALUES (OFR_ID_SEQ.CURRVAL, PO_ID_SEQ.CURRVAL, 'OFFERMAKER', SYSDATE);
BEGIN
  SELECT ID INTO CUR_PRD_ID FROM PRODUCT WHERE NAME = 'Archive Article' AND ROWNUM <= 1;
EXCEPTION
  WHEN NO_DATA_FOUND THEN
    INSERT INTO PRODUCT (ID, NAME, CREATED_BY, CREATE_DATE) VALUES (PRD_ID_SEQ.NEXTVAL, 'Archive Article', 'OFFERMAKER', SYSDATE);
    SELECT ID INTO CUR_PRD_ID FROM PRODUCT WHERE NAME = 'Archive Article' AND ROWNUM <= 1;
  WHEN OTHERS THEN
    RAISE;
END;
INSERT INTO PRODUCT_OFFERING (ID, PRODUCT_ID, TAX_POLICY_TYPE_ID, QUANTITY, UNIT_PRICE, CREATED_BY, CREATE_DATE) VALUES (PO_ID_SEQ.NEXTVAL, CUR_PRD_ID, '1', '1300', '0', 'OFFERMAKER', SYSDATE);
INSERT INTO OFFER_PRODUCT_OFFERING (OFFER_ID, PRODUCT_OFFERING_ID, CREATED_BY, CREATE_DATE) VALUES (OFR_ID_SEQ.CURRVAL, PO_ID_SEQ.CURRVAL, 'OFFERMAKER', SYSDATE);
BEGIN
  SELECT ID INTO CUR_PRD_ID FROM PRODUCT WHERE NAME = 'TimesMachine' AND ROWNUM <= 1;
EXCEPTION
  WHEN NO_DATA_FOUND THEN
    INSERT INTO PRODUCT (ID, NAME, CREATED_BY, CREATE_DATE) VALUES (PRD_ID_SEQ.NEXTVAL, 'TimesMachine', 'OFFERMAKER', SYSDATE);
    SELECT ID INTO CUR_PRD_ID FROM PRODUCT WHERE NAME = 'TimesMachine' AND ROWNUM <= 1;
  WHEN OTHERS THEN
    RAISE;
END;
INSERT INTO PRODUCT_OFFERING (ID, PRODUCT_ID, TAX_POLICY_TYPE_ID, QUANTITY, UNIT_PRICE, CREATED_BY, CREATE_DATE) VALUES (PO_ID_SEQ.NEXTVAL, CUR_PRD_ID, '1', '364', '0', 'OFFERMAKER', SYSDATE);
INSERT INTO OFFER_PRODUCT_OFFERING (OFFER_ID, PRODUCT_OFFERING_ID, CREATED_BY, CREATE_DATE) VALUES (OFR_ID_SEQ.CURRVAL, PO_ID_SEQ.CURRVAL, 'OFFERMAKER', SYSDATE);
BEGIN
  SELECT ID INTO CUR_PRD_ID FROM PRODUCT WHERE NAME = 'Smartphone' AND ROWNUM <= 1;
EXCEPTION
  WHEN NO_DATA_FOUND THEN
    INSERT INTO PRODUCT (ID, NAME, CREATED_BY, CREATE_DATE) VALUES (PRD_ID_SEQ.NEXTVAL, 'Smartphone', 'OFFERMAKER', SYSDATE);
    SELECT ID INTO CUR_PRD_ID FROM PRODUCT WHERE NAME = 'Smartphone' AND ROWNUM <= 1;
  WHEN OTHERS THEN
    RAISE;
END;
INSERT INTO PRODUCT_OFFERING (ID, PRODUCT_ID, TAX_POLICY_TYPE_ID, QUANTITY, UNIT_PRICE, CREATED_BY, CREATE_DATE) VALUES (PO_ID_SEQ.NEXTVAL, CUR_PRD_ID, '1', '364', '0.178571', 'OFFERMAKER', SYSDATE);
INSERT INTO OFFER_PRODUCT_OFFERING (OFFER_ID, PRODUCT_OFFERING_ID, CREATED_BY, CREATE_DATE) VALUES (OFR_ID_SEQ.CURRVAL, PO_ID_SEQ.CURRVAL, 'OFFERMAKER', SYSDATE);
INSERT INTO DISCOUNT (ID, NAME, DESCRIPTION, FIXED_AMOUNT, PERCENT_AMOUNT, DISCOUNT_TYPE_ID, CREATED_BY, CREATE_DATE) VALUES (DSC_ID_SEQ.NEXTVAL, 'Discount', 'Off: 210.99. P.Disc: 30.1398. P.Full: 64.9998', '34.86', '0', 1, 'OFFERMAKER', SYSDATE);
INSERT INTO DISCOUNT_PRODUCT_OFFERING (DISCOUNT_ID, PRODUCT_OFFERING_ID, CREATED_BY, CREATE_DATE) VALUES (DSC_ID_SEQ.CURRVAL, PO_ID_SEQ.CURRVAL, 'OFFERMAKER', SYSDATE);
BEGIN
  SELECT ID INTO CUR_PRD_ID FROM PRODUCT WHERE NAME = 'Tablet' AND ROWNUM <= 1;
EXCEPTION
  WHEN NO_DATA_FOUND THEN
    INSERT INTO PRODUCT (ID, NAME, CREATED_BY, CREATE_DATE) VALUES (PRD_ID_SEQ.NEXTVAL, 'Tablet', 'OFFERMAKER', SYSDATE);
    SELECT ID INTO CUR_PRD_ID FROM PRODUCT WHERE NAME = 'Tablet' AND ROWNUM <= 1;
  WHEN OTHERS THEN
    RAISE;
END;
INSERT INTO PRODUCT_OFFERING (ID, PRODUCT_ID, TAX_POLICY_TYPE_ID, QUANTITY, UNIT_PRICE, CREATED_BY, CREATE_DATE) VALUES (PO_ID_SEQ.NEXTVAL, CUR_PRD_ID, '1', '364', '0.714286', 'OFFERMAKER', SYSDATE);
INSERT INTO OFFER_PRODUCT_OFFERING (OFFER_ID, PRODUCT_OFFERING_ID, CREATED_BY, CREATE_DATE) VALUES (OFR_ID_SEQ.CURRVAL, PO_ID_SEQ.CURRVAL, 'OFFERMAKER', SYSDATE);
INSERT INTO DISCOUNT (ID, NAME, DESCRIPTION, FIXED_AMOUNT, PERCENT_AMOUNT, DISCOUNT_TYPE_ID, CREATED_BY, CREATE_DATE) VALUES (DSC_ID_SEQ.NEXTVAL, 'Discount', 'Off: 210.99. P.Disc: 120.570. P.Full: 260.000', '139.43', '0', 1, 'OFFERMAKER', SYSDATE);
INSERT INTO DISCOUNT_PRODUCT_OFFERING (DISCOUNT_ID, PRODUCT_OFFERING_ID, CREATED_BY, CREATE_DATE) VALUES (DSC_ID_SEQ.CURRVAL, PO_ID_SEQ.CURRVAL, 'OFFERMAKER', SYSDATE);
BEGIN
  SELECT ID INTO CUR_PRD_ID FROM PRODUCT WHERE NAME = 'TimesReader' AND ROWNUM <= 1;
EXCEPTION
  WHEN NO_DATA_FOUND THEN
    INSERT INTO PRODUCT (ID, NAME, CREATED_BY, CREATE_DATE) VALUES (PRD_ID_SEQ.NEXTVAL, 'TimesReader', 'OFFERMAKER', SYSDATE);
    SELECT ID INTO CUR_PRD_ID FROM PRODUCT WHERE NAME = 'TimesReader' AND ROWNUM <= 1;
  WHEN OTHERS THEN
    RAISE;
END;
INSERT INTO PRODUCT_OFFERING (ID, PRODUCT_ID, TAX_POLICY_TYPE_ID, QUANTITY, UNIT_PRICE, CREATED_BY, CREATE_DATE) VALUES (PO_ID_SEQ.NEXTVAL, CUR_PRD_ID, '1', '364', '0', 'OFFERMAKER', SYSDATE);
INSERT INTO OFFER_PRODUCT_OFFERING (OFFER_ID, PRODUCT_OFFERING_ID, CREATED_BY, CREATE_DATE) VALUES (OFR_ID_SEQ.CURRVAL, PO_ID_SEQ.CURRVAL, 'OFFERMAKER', SYSDATE);
INSERT INTO OFFER_OFFER_CHAIN (OFFER_ID, OFFER_CHAIN_ID, INDEX_VALUE, NUM_RECURRENCES, CREATED_BY, CREATE_DATE, updated_by, update_date) VALUES (OFR_ID_SEQ.CURRVAL, 1114725299, '0', '1', 'OFFERMAKER', SYSDATE, 'OFFERMAKER', SYSDATE);
END;
BEGIN
  SELECT 1 INTO TMP_VAR FROM OFFER_OFFER_CHAIN WHERE OFFER_CHAIN_ID = 1114725299 AND INDEX_VALUE = 1 AND ROWNUM <= 1;
EXCEPTION
  WHEN NO_DATA_FOUND THEN
INSERT INTO OFFER (ID, OFFER_STATUS_ID, ENTITLEMENT_DURATION, CREATED_BY, CREATE_DATE, updated_by, update_date) VALUES (OFR_ID_SEQ.NEXTVAL, 1, 'P0Y0M364DT0H0M', 'OFFERMAKER', SYSDATE, 'OFFERMAKER', SYSDATE);
BEGIN
  SELECT ID INTO CUR_PRD_ID FROM PRODUCT WHERE NAME = 'Web' AND ROWNUM <= 1;
EXCEPTION
  WHEN NO_DATA_FOUND THEN
    INSERT INTO PRODUCT (ID, NAME, CREATED_BY, CREATE_DATE) VALUES (PRD_ID_SEQ.NEXTVAL, 'Web', 'OFFERMAKER', SYSDATE);
    SELECT ID INTO CUR_PRD_ID FROM PRODUCT WHERE NAME = 'Web' AND ROWNUM <= 1;
  WHEN OTHERS THEN
    RAISE;
END;
INSERT INTO PRODUCT_OFFERING (ID, PRODUCT_ID, TAX_POLICY_TYPE_ID, QUANTITY, UNIT_PRICE, CREATED_BY, CREATE_DATE) VALUES (PO_ID_SEQ.NEXTVAL, CUR_PRD_ID, '1', '364', '0.357143', 'OFFERMAKER', SYSDATE);
INSERT INTO OFFER_PRODUCT_OFFERING (OFFER_ID, PRODUCT_OFFERING_ID, CREATED_BY, CREATE_DATE) VALUES (OFR_ID_SEQ.CURRVAL, PO_ID_SEQ.CURRVAL, 'OFFERMAKER', SYSDATE);
INSERT INTO DISCOUNT (ID, NAME, DESCRIPTION, FIXED_AMOUNT, PERCENT_AMOUNT, DISCOUNT_TYPE_ID, CREATED_BY, CREATE_DATE) VALUES (DSC_ID_SEQ.NEXTVAL, 'Discount', 'Off: 227.5. P.Disc: 65.000. P.Full: 130.000', '65.00', '0', 1, 'OFFERMAKER', SYSDATE);
INSERT INTO DISCOUNT_PRODUCT_OFFERING (DISCOUNT_ID, PRODUCT_OFFERING_ID, CREATED_BY, CREATE_DATE) VALUES (DSC_ID_SEQ.CURRVAL, PO_ID_SEQ.CURRVAL, 'OFFERMAKER', SYSDATE);
BEGIN
  SELECT ID INTO CUR_PRD_ID FROM PRODUCT WHERE NAME = 'Mobile' AND ROWNUM <= 1;
EXCEPTION
  WHEN NO_DATA_FOUND THEN
    INSERT INTO PRODUCT (ID, NAME, CREATED_BY, CREATE_DATE) VALUES (PRD_ID_SEQ.NEXTVAL, 'Mobile', 'OFFERMAKER', SYSDATE);
    SELECT ID INTO CUR_PRD_ID FROM PRODUCT WHERE NAME = 'Mobile' AND ROWNUM <= 1;
  WHEN OTHERS THEN
    RAISE;
END;
INSERT INTO PRODUCT_OFFERING (ID, PRODUCT_ID, TAX_POLICY_TYPE_ID, QUANTITY, UNIT_PRICE, CREATED_BY, CREATE_DATE) VALUES (PO_ID_SEQ.NEXTVAL, CUR_PRD_ID, '1', '364', '0', 'OFFERMAKER', SYSDATE);
INSERT INTO OFFER_PRODUCT_OFFERING (OFFER_ID, PRODUCT_OFFERING_ID, CREATED_BY, CREATE_DATE) VALUES (OFR_ID_SEQ.CURRVAL, PO_ID_SEQ.CURRVAL, 'OFFERMAKER', SYSDATE);
BEGIN
  SELECT ID INTO CUR_PRD_ID FROM PRODUCT WHERE NAME = 'Archive Article' AND ROWNUM <= 1;
EXCEPTION
  WHEN NO_DATA_FOUND THEN
    INSERT INTO PRODUCT (ID, NAME, CREATED_BY, CREATE_DATE) VALUES (PRD_ID_SEQ.NEXTVAL, 'Archive Article', 'OFFERMAKER', SYSDATE);
    SELECT ID INTO CUR_PRD_ID FROM PRODUCT WHERE NAME = 'Archive Article' AND ROWNUM <= 1;
  WHEN OTHERS THEN
    RAISE;
END;
INSERT INTO PRODUCT_OFFERING (ID, PRODUCT_ID, TAX_POLICY_TYPE_ID, QUANTITY, UNIT_PRICE, CREATED_BY, CREATE_DATE) VALUES (PO_ID_SEQ.NEXTVAL, CUR_PRD_ID, '1', '1300', '0', 'OFFERMAKER', SYSDATE);
INSERT INTO OFFER_PRODUCT_OFFERING (OFFER_ID, PRODUCT_OFFERING_ID, CREATED_BY, CREATE_DATE) VALUES (OFR_ID_SEQ.CURRVAL, PO_ID_SEQ.CURRVAL, 'OFFERMAKER', SYSDATE);
BEGIN
  SELECT ID INTO CUR_PRD_ID FROM PRODUCT WHERE NAME = 'TimesMachine' AND ROWNUM <= 1;
EXCEPTION
  WHEN NO_DATA_FOUND THEN
    INSERT INTO PRODUCT (ID, NAME, CREATED_BY, CREATE_DATE) VALUES (PRD_ID_SEQ.NEXTVAL, 'TimesMachine', 'OFFERMAKER', SYSDATE);
    SELECT ID INTO CUR_PRD_ID FROM PRODUCT WHERE NAME = 'TimesMachine' AND ROWNUM <= 1;
  WHEN OTHERS THEN
    RAISE;
END;
INSERT INTO PRODUCT_OFFERING (ID, PRODUCT_ID, TAX_POLICY_TYPE_ID, QUANTITY, UNIT_PRICE, CREATED_BY, CREATE_DATE) VALUES (PO_ID_SEQ.NEXTVAL, CUR_PRD_ID, '1', '364', '0', 'OFFERMAKER', SYSDATE);
INSERT INTO OFFER_PRODUCT_OFFERING (OFFER_ID, PRODUCT_OFFERING_ID, CREATED_BY, CREATE_DATE) VALUES (OFR_ID_SEQ.CURRVAL, PO_ID_SEQ.CURRVAL, 'OFFERMAKER', SYSDATE);
BEGIN
  SELECT ID INTO CUR_PRD_ID FROM PRODUCT WHERE NAME = 'Smartphone' AND ROWNUM <= 1;
EXCEPTION
  WHEN NO_DATA_FOUND THEN
    INSERT INTO PRODUCT (ID, NAME, CREATED_BY, CREATE_DATE) VALUES (PRD_ID_SEQ.NEXTVAL, 'Smartphone', 'OFFERMAKER', SYSDATE);
    SELECT ID INTO CUR_PRD_ID FROM PRODUCT WHERE NAME = 'Smartphone' AND ROWNUM <= 1;
  WHEN OTHERS THEN
    RAISE;
END;
INSERT INTO PRODUCT_OFFERING (ID, PRODUCT_ID, TAX_POLICY_TYPE_ID, QUANTITY, UNIT_PRICE, CREATED_BY, CREATE_DATE) VALUES (PO_ID_SEQ.NEXTVAL, CUR_PRD_ID, '1', '364', '0.178571', 'OFFERMAKER', SYSDATE);
INSERT INTO OFFER_PRODUCT_OFFERING (OFFER_ID, PRODUCT_OFFERING_ID, CREATED_BY, CREATE_DATE) VALUES (OFR_ID_SEQ.CURRVAL, PO_ID_SEQ.CURRVAL, 'OFFERMAKER', SYSDATE);
INSERT INTO DISCOUNT (ID, NAME, DESCRIPTION, FIXED_AMOUNT, PERCENT_AMOUNT, DISCOUNT_TYPE_ID, CREATED_BY, CREATE_DATE) VALUES (DSC_ID_SEQ.NEXTVAL, 'Discount', 'Off: 227.5. P.Disc: 32.4998. P.Full: 64.9998', '32.50', '0', 1, 'OFFERMAKER', SYSDATE);
INSERT INTO DISCOUNT_PRODUCT_OFFERING (DISCOUNT_ID, PRODUCT_OFFERING_ID, CREATED_BY, CREATE_DATE) VALUES (DSC_ID_SEQ.CURRVAL, PO_ID_SEQ.CURRVAL, 'OFFERMAKER', SYSDATE);
BEGIN
  SELECT ID INTO CUR_PRD_ID FROM PRODUCT WHERE NAME = 'Tablet' AND ROWNUM <= 1;
EXCEPTION
  WHEN NO_DATA_FOUND THEN
    INSERT INTO PRODUCT (ID, NAME, CREATED_BY, CREATE_DATE) VALUES (PRD_ID_SEQ.NEXTVAL, 'Tablet', 'OFFERMAKER', SYSDATE);
    SELECT ID INTO CUR_PRD_ID FROM PRODUCT WHERE NAME = 'Tablet' AND ROWNUM <= 1;
  WHEN OTHERS THEN
    RAISE;
END;
INSERT INTO PRODUCT_OFFERING (ID, PRODUCT_ID, TAX_POLICY_TYPE_ID, QUANTITY, UNIT_PRICE, CREATED_BY, CREATE_DATE) VALUES (PO_ID_SEQ.NEXTVAL, CUR_PRD_ID, '1', '364', '0.714286', 'OFFERMAKER', SYSDATE);
INSERT INTO OFFER_PRODUCT_OFFERING (OFFER_ID, PRODUCT_OFFERING_ID, CREATED_BY, CREATE_DATE) VALUES (OFR_ID_SEQ.CURRVAL, PO_ID_SEQ.CURRVAL, 'OFFERMAKER', SYSDATE);
INSERT INTO DISCOUNT (ID, NAME, DESCRIPTION, FIXED_AMOUNT, PERCENT_AMOUNT, DISCOUNT_TYPE_ID, CREATED_BY, CREATE_DATE) VALUES (DSC_ID_SEQ.NEXTVAL, 'Discount', 'Off: 227.5. P.Disc: 130.000. P.Full: 260.000', '130.00', '0', 1, 'OFFERMAKER', SYSDATE);
INSERT INTO DISCOUNT_PRODUCT_OFFERING (DISCOUNT_ID, PRODUCT_OFFERING_ID, CREATED_BY, CREATE_DATE) VALUES (DSC_ID_SEQ.CURRVAL, PO_ID_SEQ.CURRVAL, 'OFFERMAKER', SYSDATE);
BEGIN
  SELECT ID INTO CUR_PRD_ID FROM PRODUCT WHERE NAME = 'TimesReader' AND ROWNUM <= 1;
EXCEPTION
  WHEN NO_DATA_FOUND THEN
    INSERT INTO PRODUCT (ID, NAME, CREATED_BY, CREATE_DATE) VALUES (PRD_ID_SEQ.NEXTVAL, 'TimesReader', 'OFFERMAKER', SYSDATE);
    SELECT ID INTO CUR_PRD_ID FROM PRODUCT WHERE NAME = 'TimesReader' AND ROWNUM <= 1;
  WHEN OTHERS THEN
    RAISE;
END;
INSERT INTO PRODUCT_OFFERING (ID, PRODUCT_ID, TAX_POLICY_TYPE_ID, QUANTITY, UNIT_PRICE, CREATED_BY, CREATE_DATE) VALUES (PO_ID_SEQ.NEXTVAL, CUR_PRD_ID, '1', '364', '0', 'OFFERMAKER', SYSDATE);
INSERT INTO OFFER_PRODUCT_OFFERING (OFFER_ID, PRODUCT_OFFERING_ID, CREATED_BY, CREATE_DATE) VALUES (OFR_ID_SEQ.CURRVAL, PO_ID_SEQ.CURRVAL, 'OFFERMAKER', SYSDATE);
INSERT INTO OFFER_OFFER_CHAIN (OFFER_ID, OFFER_CHAIN_ID, INDEX_VALUE, NUM_RECURRENCES, CREATED_BY, CREATE_DATE, updated_by, update_date) VALUES (OFR_ID_SEQ.CURRVAL, 1114725299, '1', '-1', 'OFFERMAKER', SYSDATE, 'OFFERMAKER', SYSDATE);
END;
END;
/
COMMIT;
DECLARE
TMP_VAR NUMBER;
CUR_PRD_ID NUMBER;
CUR_CAPABILITY_ID NUMBER;
BEGIN
BEGIN
  SELECT 1 INTO TMP_VAR FROM OFFER_CHAIN WHERE ID = 2266087287 AND ROWNUM <= 1;
  UPDATE OFFER_CHAIN SET NAME='NYTimes: Web + Smartphone App', DESCRIPTION='Unlimited access to NYTimes.com and the NYTimes smartphone app.*', PRODUCT_URI='', VENDOR_SOURCE_ID='1', BILLING_SOURCE_ID=(SELECT ID FROM BILLING_SOURCE BS WHERE BS.NAME='Sartre'), IS_SEAT_LICENSE=0, GROUP_ACCOUNT_TYPE_ID='NO',IS_ADDRESS_REQUIRED=0, OFFER_CHAIN_STATUS_ID = 1, UPDATE_DATE = SYSDATE, UPDATED_BY = 'OFFERMAKER', IS_GIFT_CERTIFICATE='0', REVOKE_ENTITLEMENTS = '0', ADOPTABILITY_WINDOW_START_DATE = to_date('15-Jul-2013 00:00:00','DD-MON-YY HH24:MI:SS'), ADOPTABILITY_WINDOW_END_DATE = to_date('31-Dec-2069 00:00:00','DD-MON-YY HH24:MI:SS'), AMAZON_APPSTORE_SKU=NULL WHERE ID = 2266087287;
EXCEPTION
  WHEN NO_DATA_FOUND THEN
    INSERT INTO OFFER_CHAIN (ID, NAME, DESCRIPTION, ADOPTABILITY_WINDOW_START_DATE, ADOPTABILITY_WINDOW_END_DATE, IS_GIFT_CERTIFICATE, PRODUCT_URI, OFFER_CHAIN_STATUS_ID, REVOKE_ENTITLEMENTS, VENDOR_SOURCE_ID, BILLING_SOURCE_ID, IS_SEAT_LICENSE, GROUP_ACCOUNT_TYPE_ID, IS_ADDRESS_REQUIRED, AMAZON_APPSTORE_SKU, CREATED_BY, CREATE_DATE, updated_by, update_date) VALUES (2266087287, 'NYTimes: Web + Smartphone App', 'Unlimited access to NYTimes.com and the NYTimes smartphone app.*', to_date('15-Jul-2013 00:00:00','DD-MON-YY HH24:MI:SS'), to_date('31-Dec-2069 00:00:00','DD-MON-YY HH24:MI:SS'), '0', NULL, '1', '0', '1', (SELECT ID FROM BILLING_SOURCE BS WHERE BS.NAME='Sartre'), decode('NO','IL',1,0), 'NO', '0', '', 'OFFERMAKER', SYSDATE, 'OFFERMAKER', SYSDATE);
END;
DELETE FROM OFFER_CHAIN_ELIGIBILITY WHERE offer_chain_id = 2266087287;
INSERT INTO OFFER_CHAIN_ELIGIBILITY (ID, OFFER_CHAIN_ID, NAME, VALUE, CREATED_BY, CREATE_DATE) VALUES (ELG_ID_SEQ.NEXTVAL, 2266087287, 'IS_COMP', '0', 'OFFERMAKER', SYSDATE);
INSERT INTO OFFER_CHAIN_ELIGIBILITY (ID, OFFER_CHAIN_ID, NAME, VALUE, CREATED_BY, CREATE_DATE) VALUES (ELG_ID_SEQ.NEXTVAL, 2266087287, 'MAX_CONCURRENT_SUBS', '1', 'OFFERMAKER', SYSDATE);
INSERT INTO OFFER_CHAIN_ELIGIBILITY (ID, OFFER_CHAIN_ID, NAME, VALUE, CREATED_BY, CREATE_DATE) VALUES (ELG_ID_SEQ.NEXTVAL, 2266087287, 'INTERNAL_ONLY', '0', 'OFFERMAKER', SYSDATE);
INSERT INTO OFFER_CHAIN_ELIGIBILITY (ID, OFFER_CHAIN_ID, NAME, VALUE, CREATED_BY, CREATE_DATE) VALUES (ELG_ID_SEQ.NEXTVAL, 2266087287, 'REDEEMER_PROHIBITED_ENTITLEMENTS', '0', 'OFFERMAKER', SYSDATE);
DELETE FROM OFFER_CHAIN_META_DATA WHERE offer_chain_id = 2266087287;
INSERT INTO OFFER_CHAIN_META_DATA (ID, OFFER_CHAIN_ID, NAME, VALUE, CREATED_BY, CREATE_DATE) VALUES (OCMD_ID_SEQ.NEXTVAL, 2266087287, 'BUNDLE_EXPLANATION', 'W+SP Teacher $66.62 for first 39 weeks and 50% off regular price thereafter - no email verify', 'OFFERMAKER', SYSDATE);
INSERT INTO OFFER_CHAIN_META_DATA (ID, OFFER_CHAIN_ID, NAME, VALUE, CREATED_BY, CREATE_DATE) VALUES (OCMD_ID_SEQ.NEXTVAL, 2266087287, 'PRICE_DESCRIPTION', 'Web+Smartphone $66.62 EDU Offer First 39 Weeks: $1.71/week Thereafter:$73.13 every 39 weeks', 'OFFERMAKER', SYSDATE);
INSERT INTO OFFER_CHAIN_META_DATA (ID, OFFER_CHAIN_ID, NAME, VALUE, CREATED_BY, CREATE_DATE) VALUES (OCMD_ID_SEQ.NEXTVAL, 2266087287, 'PRICE_SHORT_DESCRIPTION', 'W+SP Teacher/ $66.62 for First 39 wks / $73.13 every 39 wks thereafter', 'OFFERMAKER', SYSDATE);
INSERT INTO OFFER_CHAIN_META_DATA (ID, OFFER_CHAIN_ID, NAME, VALUE, CREATED_BY, CREATE_DATE) VALUES (OCMD_ID_SEQ.NEXTVAL, 2266087287, 'OFFER_TYPE', '$66.62 for first 39 Weeks', 'OFFERMAKER', SYSDATE);
INSERT INTO OFFER_CHAIN_META_DATA (ID, OFFER_CHAIN_ID, NAME, VALUE, CREATED_BY, CREATE_DATE) VALUES (OCMD_ID_SEQ.NEXTVAL, 2266087287, 'OFFER_PRICE_DESCRIPTOR', 'TEACHER RATE- 9 MNTH SUB- 50% off', 'OFFERMAKER', SYSDATE);
INSERT INTO OFFER_CHAIN_META_DATA (ID, OFFER_CHAIN_ID, NAME, VALUE, CREATED_BY, CREATE_DATE) VALUES (OCMD_ID_SEQ.NEXTVAL, 2266087287, 'OFFER_PRICE', '$66.62 for first 39 Weeks and $73.13 for next 39 Weeks thereafter', 'OFFERMAKER', SYSDATE);
INSERT INTO OFFER_CHAIN_META_DATA (ID, OFFER_CHAIN_ID, NAME, VALUE, CREATED_BY, CREATE_DATE) VALUES (OCMD_ID_SEQ.NEXTVAL, 2266087287, 'OFFER_PRICE_DETAIL', '($1.88 / week thereafter)', 'OFFERMAKER', SYSDATE);
INSERT INTO OFFER_CHAIN_META_DATA (ID, OFFER_CHAIN_ID, NAME, VALUE, CREATED_BY, CREATE_DATE) VALUES (OCMD_ID_SEQ.NEXTVAL, 2266087287, 'PROMO_PRICE_FOOTER_LABEL', 'First 39 Weeks', 'OFFERMAKER', SYSDATE);
INSERT INTO OFFER_CHAIN_META_DATA (ID, OFFER_CHAIN_ID, NAME, VALUE, CREATED_BY, CREATE_DATE) VALUES (OCMD_ID_SEQ.NEXTVAL, 2266087287, 'ACTUAL_PRICE_FOOTER_LABEL', 'Thereafter', 'OFFERMAKER', SYSDATE);
INSERT INTO OFFER_CHAIN_META_DATA (ID, OFFER_CHAIN_ID, NAME, VALUE, CREATED_BY, CREATE_DATE) VALUES (OCMD_ID_SEQ.NEXTVAL, 2266087287, 'BILLING_CYCLE', 'every 39 weeks', 'OFFERMAKER', SYSDATE);
INSERT INTO OFFER_CHAIN_META_DATA (ID, OFFER_CHAIN_ID, NAME, VALUE, CREATED_BY, CREATE_DATE) VALUES (OCMD_ID_SEQ.NEXTVAL, 2266087287, 'SUBSCRIBER_TYPE', 'K-12', 'OFFERMAKER', SYSDATE);
INSERT INTO OFFER_CHAIN_META_DATA (ID, OFFER_CHAIN_ID, NAME, VALUE, CREATED_BY, CREATE_DATE) VALUES (OCMD_ID_SEQ.NEXTVAL, 2266087287, 'REFUND_POLICY', 'Multi-week Billing: Full refund within first 30 days, No refund if cancelled in the last 30 days and access remains through the end of the period.  Otherwise, pro-rated refund and access removed within 6 hours.', 'OFFERMAKER', SYSDATE);
INSERT INTO OFFER_CHAIN_META_DATA (ID, OFFER_CHAIN_ID, NAME, VALUE, CREATED_BY, CREATE_DATE) VALUES (OCMD_ID_SEQ.NEXTVAL, 2266087287, 'CANCELABLE', '1', 'OFFERMAKER', SYSDATE);
INSERT INTO OFFER_CHAIN_META_DATA (ID, OFFER_CHAIN_ID, NAME, VALUE, CREATED_BY, CREATE_DATE) VALUES (OCMD_ID_SEQ.NEXTVAL, 2266087287, 'REFUNDABLE', '1', 'OFFERMAKER', SYSDATE);
INSERT INTO OFFER_CHAIN_META_DATA (ID, OFFER_CHAIN_ID, NAME, VALUE, CREATED_BY, CREATE_DATE) VALUES (OCMD_ID_SEQ.NEXTVAL, 2266087287, 'FULL_REFUND_DAYS_LIMIT', '30', 'OFFERMAKER', SYSDATE);
INSERT INTO OFFER_CHAIN_META_DATA (ID, OFFER_CHAIN_ID, NAME, VALUE, CREATED_BY, CREATE_DATE) VALUES (OCMD_ID_SEQ.NEXTVAL, 2266087287, 'PRORATED_REFUND_DAYS_LIMIT', '243', 'OFFERMAKER', SYSDATE);
INSERT INTO OFFER_CHAIN_META_DATA (ID, OFFER_CHAIN_ID, NAME, VALUE, CREATED_BY, CREATE_DATE) VALUES (OCMD_ID_SEQ.NEXTVAL, 2266087287, 'OPEN_TO_ANONYMOUS', '1', 'OFFERMAKER', SYSDATE);
INSERT INTO OFFER_CHAIN_META_DATA (ID, OFFER_CHAIN_ID, NAME, VALUE, CREATED_BY, CREATE_DATE) VALUES (OCMD_ID_SEQ.NEXTVAL, 2266087287, 'BUNDLE', 'Bundle A (Web+SP)', 'OFFERMAKER', SYSDATE);
INSERT INTO OFFER_CHAIN_META_DATA (ID, OFFER_CHAIN_ID, NAME, VALUE, CREATED_BY, CREATE_DATE) VALUES (OCMD_ID_SEQ.NEXTVAL, 2266087287, 'ADX_BUNDLE', 'MM_EDU', 'OFFERMAKER', SYSDATE);
INSERT INTO OFFER_CHAIN_META_DATA (ID, OFFER_CHAIN_ID, NAME, VALUE, CREATED_BY, CREATE_DATE) VALUES (OCMD_ID_SEQ.NEXTVAL, 2266087287, 'SIEBEL_CAMPAIGN_CODE', '3KJYH', 'OFFERMAKER', SYSDATE);
INSERT INTO OFFER_CHAIN_META_DATA (ID, OFFER_CHAIN_ID, NAME, VALUE, CREATED_BY, CREATE_DATE) VALUES (OCMD_ID_SEQ.NEXTVAL, 2266087287, 'ANNUAL_PRICE', '97.50', 'OFFERMAKER', SYSDATE);
INSERT INTO OFFER_CHAIN_META_DATA (ID, OFFER_CHAIN_ID, NAME, VALUE, CREATED_BY, CREATE_DATE) VALUES (OCMD_ID_SEQ.NEXTVAL, 2266087287, 'UID', '508a169aa70773720adecc617da0f42d01381c48902699926937d8124e09f228', 'OFFERMAKER', SYSDATE);
DELETE FROM OFFER_CHAIN_NOTIFICATION_TYPE WHERE offer_chain_id = 2266087287;
BEGIN
  SELECT 1 INTO TMP_VAR FROM ACTION WHERE NAME = 'SUBSCRIBE_TO_OFFER_CHAIN';
EXCEPTION
  WHEN NO_DATA_FOUND THEN
    INSERT INTO ACTION (ID, NAME, CREATE_DATE, CREATED_BY) VALUES (ACTION_ID_SEQ.NEXTVAL, 'SUBSCRIBE_TO_OFFER_CHAIN', SYSDATE, 'OFFERMAKER');
END;
BEGIN
  SELECT 1 INTO TMP_VAR FROM CORE_OWNER.NOTIFICATION_TYPE WHERE VALUE = 'sartre-digital-purchase-k12';
EXCEPTION
  WHEN NO_DATA_FOUND THEN NULL;
    INSERT INTO CORE_OWNER.NOTIFICATION_TYPE (ID, VALUE, TEMPLATE_URL) VALUES (CORE_OWNER.NOTTID_SEQ.NEXTVAL, 'sartre-digital-purchase-k12', 'N/A');
END;
BEGIN
  SELECT 1 INTO TMP_VAR FROM ACTION WHERE NAME = 'UPGRADE_SUBSCRIPTION';
EXCEPTION
  WHEN NO_DATA_FOUND THEN
    INSERT INTO ACTION (ID, NAME, CREATE_DATE, CREATED_BY) VALUES (ACTION_ID_SEQ.NEXTVAL, 'UPGRADE_SUBSCRIPTION', SYSDATE, 'OFFERMAKER');
END;
BEGIN
  SELECT 1 INTO TMP_VAR FROM CORE_OWNER.NOTIFICATION_TYPE WHERE VALUE = 'sartre-digital-purchase-k12';
EXCEPTION
  WHEN NO_DATA_FOUND THEN NULL;
    INSERT INTO CORE_OWNER.NOTIFICATION_TYPE (ID, VALUE, TEMPLATE_URL) VALUES (CORE_OWNER.NOTTID_SEQ.NEXTVAL, 'sartre-digital-purchase-k12', 'N/A');
END;
BEGIN
  SELECT 1 INTO TMP_VAR FROM ACTION WHERE NAME = 'CANCEL_SUBSCRIPTION';
EXCEPTION
  WHEN NO_DATA_FOUND THEN
    INSERT INTO ACTION (ID, NAME, CREATE_DATE, CREATED_BY) VALUES (ACTION_ID_SEQ.NEXTVAL, 'CANCEL_SUBSCRIPTION', SYSDATE, 'OFFERMAKER');
END;
BEGIN
  SELECT 1 INTO TMP_VAR FROM CORE_OWNER.NOTIFICATION_TYPE WHERE VALUE = 'sartre-cancel';
EXCEPTION
  WHEN NO_DATA_FOUND THEN NULL;
    INSERT INTO CORE_OWNER.NOTIFICATION_TYPE (ID, VALUE, TEMPLATE_URL) VALUES (CORE_OWNER.NOTTID_SEQ.NEXTVAL, 'sartre-cancel', 'N/A');
END;
BEGIN
  SELECT 1 INTO TMP_VAR FROM ACTION WHERE NAME = 'SYSTEM_CANCEL';
EXCEPTION
  WHEN NO_DATA_FOUND THEN
    INSERT INTO ACTION (ID, NAME, CREATE_DATE, CREATED_BY) VALUES (ACTION_ID_SEQ.NEXTVAL, 'SYSTEM_CANCEL', SYSDATE, 'OFFERMAKER');
END;
BEGIN
  SELECT 1 INTO TMP_VAR FROM CORE_OWNER.NOTIFICATION_TYPE WHERE VALUE = 'sartre-decline';
EXCEPTION
  WHEN NO_DATA_FOUND THEN NULL;
    INSERT INTO CORE_OWNER.NOTIFICATION_TYPE (ID, VALUE, TEMPLATE_URL) VALUES (CORE_OWNER.NOTTID_SEQ.NEXTVAL, 'sartre-decline', 'N/A');
END;
BEGIN
  SELECT 1 INTO TMP_VAR FROM ACTION WHERE NAME = 'CREDIT_CARD_EXP';
EXCEPTION
  WHEN NO_DATA_FOUND THEN
    INSERT INTO ACTION (ID, NAME, CREATE_DATE, CREATED_BY) VALUES (ACTION_ID_SEQ.NEXTVAL, 'CREDIT_CARD_EXP', SYSDATE, 'OFFERMAKER');
END;
BEGIN
  SELECT 1 INTO TMP_VAR FROM CORE_OWNER.NOTIFICATION_TYPE WHERE VALUE = 'card_expiration';
EXCEPTION
  WHEN NO_DATA_FOUND THEN NULL;
    INSERT INTO CORE_OWNER.NOTIFICATION_TYPE (ID, VALUE, TEMPLATE_URL) VALUES (CORE_OWNER.NOTTID_SEQ.NEXTVAL, 'card_expiration', 'N/A');
END;
INSERT INTO OFFER_CHAIN_NOTIFICATION_TYPE (ID, OFFER_CHAIN_ID, NOTIFICATION_TYPE_ID, ACTION_ID, CREATED_BY, CREATE_DATE) VALUES (OCET_ID_SEQ.NEXTVAL, 2266087287, (SELECT ID FROM CORE_OWNER.NOTIFICATION_TYPE WHERE VALUE = 'sartre-digital-purchase-k12'), (SELECT ID FROM ACTION WHERE NAME = 'SUBSCRIBE_TO_OFFER_CHAIN'), 'OFFERMAKER', SYSDATE);
INSERT INTO OFFER_CHAIN_NOTIFICATION_TYPE (ID, OFFER_CHAIN_ID, NOTIFICATION_TYPE_ID, ACTION_ID, CREATED_BY, CREATE_DATE) VALUES (OCET_ID_SEQ.NEXTVAL, 2266087287, (SELECT ID FROM CORE_OWNER.NOTIFICATION_TYPE WHERE VALUE = 'sartre-digital-purchase-k12'), (SELECT ID FROM ACTION WHERE NAME = 'UPGRADE_SUBSCRIPTION'), 'OFFERMAKER', SYSDATE);
INSERT INTO OFFER_CHAIN_NOTIFICATION_TYPE (ID, OFFER_CHAIN_ID, NOTIFICATION_TYPE_ID, ACTION_ID, CREATED_BY, CREATE_DATE) VALUES (OCET_ID_SEQ.NEXTVAL, 2266087287, (SELECT ID FROM CORE_OWNER.NOTIFICATION_TYPE WHERE VALUE = 'sartre-cancel'), (SELECT ID FROM ACTION WHERE NAME = 'CANCEL_SUBSCRIPTION'), 'OFFERMAKER', SYSDATE);
INSERT INTO OFFER_CHAIN_NOTIFICATION_TYPE (ID, OFFER_CHAIN_ID, NOTIFICATION_TYPE_ID, ACTION_ID, CREATED_BY, CREATE_DATE) VALUES (OCET_ID_SEQ.NEXTVAL, 2266087287, (SELECT ID FROM CORE_OWNER.NOTIFICATION_TYPE WHERE VALUE = 'sartre-decline'), (SELECT ID FROM ACTION WHERE NAME = 'SYSTEM_CANCEL'), 'OFFERMAKER', SYSDATE);
INSERT INTO OFFER_CHAIN_NOTIFICATION_TYPE (ID, OFFER_CHAIN_ID, NOTIFICATION_TYPE_ID, ACTION_ID, CREATED_BY, CREATE_DATE) VALUES (OCET_ID_SEQ.NEXTVAL, 2266087287, (SELECT ID FROM CORE_OWNER.NOTIFICATION_TYPE WHERE VALUE = 'card_expiration'), (SELECT ID FROM ACTION WHERE NAME = 'CREDIT_CARD_EXP'), 'OFFERMAKER', SYSDATE);
BEGIN
  SELECT 1 INTO TMP_VAR FROM OFFER_OFFER_CHAIN WHERE OFFER_CHAIN_ID = 2266087287 AND INDEX_VALUE = 0 AND ROWNUM <= 1;
EXCEPTION
  WHEN NO_DATA_FOUND THEN
INSERT INTO OFFER (ID, OFFER_STATUS_ID, ENTITLEMENT_DURATION, CREATED_BY, CREATE_DATE, updated_by, update_date) VALUES (OFR_ID_SEQ.NEXTVAL, 1, 'P0Y0M273DT0H0M', 'OFFERMAKER', SYSDATE, 'OFFERMAKER', SYSDATE);
BEGIN
  SELECT ID INTO CUR_PRD_ID FROM PRODUCT WHERE NAME = 'Web' AND ROWNUM <= 1;
EXCEPTION
  WHEN NO_DATA_FOUND THEN
    INSERT INTO PRODUCT (ID, NAME, CREATED_BY, CREATE_DATE) VALUES (PRD_ID_SEQ.NEXTVAL, 'Web', 'OFFERMAKER', SYSDATE);
    SELECT ID INTO CUR_PRD_ID FROM PRODUCT WHERE NAME = 'Web' AND ROWNUM <= 1;
  WHEN OTHERS THEN
    RAISE;
END;
INSERT INTO PRODUCT_OFFERING (ID, PRODUCT_ID, TAX_POLICY_TYPE_ID, QUANTITY, UNIT_PRICE, CREATED_BY, CREATE_DATE) VALUES (PO_ID_SEQ.NEXTVAL, CUR_PRD_ID, '1', '273', '0.357143', 'OFFERMAKER', SYSDATE);
INSERT INTO OFFER_PRODUCT_OFFERING (OFFER_ID, PRODUCT_OFFERING_ID, CREATED_BY, CREATE_DATE) VALUES (OFR_ID_SEQ.CURRVAL, PO_ID_SEQ.CURRVAL, 'OFFERMAKER', SYSDATE);
INSERT INTO DISCOUNT (ID, NAME, DESCRIPTION, FIXED_AMOUNT, PERCENT_AMOUNT, DISCOUNT_TYPE_ID, CREATED_BY, CREATE_DATE) VALUES (DSC_ID_SEQ.NEXTVAL, 'Discount', 'Off: 66.62. P.Disc: 44.4100. P.Full: 97.5000', '53.09', '0', 1, 'OFFERMAKER', SYSDATE);
INSERT INTO DISCOUNT_PRODUCT_OFFERING (DISCOUNT_ID, PRODUCT_OFFERING_ID, CREATED_BY, CREATE_DATE) VALUES (DSC_ID_SEQ.CURRVAL, PO_ID_SEQ.CURRVAL, 'OFFERMAKER', SYSDATE);
BEGIN
  SELECT ID INTO CUR_PRD_ID FROM PRODUCT WHERE NAME = 'Mobile' AND ROWNUM <= 1;
EXCEPTION
  WHEN NO_DATA_FOUND THEN
    INSERT INTO PRODUCT (ID, NAME, CREATED_BY, CREATE_DATE) VALUES (PRD_ID_SEQ.NEXTVAL, 'Mobile', 'OFFERMAKER', SYSDATE);
    SELECT ID INTO CUR_PRD_ID FROM PRODUCT WHERE NAME = 'Mobile' AND ROWNUM <= 1;
  WHEN OTHERS THEN
    RAISE;
END;
INSERT INTO PRODUCT_OFFERING (ID, PRODUCT_ID, TAX_POLICY_TYPE_ID, QUANTITY, UNIT_PRICE, CREATED_BY, CREATE_DATE) VALUES (PO_ID_SEQ.NEXTVAL, CUR_PRD_ID, '1', '273', '0', 'OFFERMAKER', SYSDATE);
INSERT INTO OFFER_PRODUCT_OFFERING (OFFER_ID, PRODUCT_OFFERING_ID, CREATED_BY, CREATE_DATE) VALUES (OFR_ID_SEQ.CURRVAL, PO_ID_SEQ.CURRVAL, 'OFFERMAKER', SYSDATE);
BEGIN
  SELECT ID INTO CUR_PRD_ID FROM PRODUCT WHERE NAME = 'Archive Article' AND ROWNUM <= 1;
EXCEPTION
  WHEN NO_DATA_FOUND THEN
    INSERT INTO PRODUCT (ID, NAME, CREATED_BY, CREATE_DATE) VALUES (PRD_ID_SEQ.NEXTVAL, 'Archive Article', 'OFFERMAKER', SYSDATE);
    SELECT ID INTO CUR_PRD_ID FROM PRODUCT WHERE NAME = 'Archive Article' AND ROWNUM <= 1;
  WHEN OTHERS THEN
    RAISE;
END;
INSERT INTO PRODUCT_OFFERING (ID, PRODUCT_ID, TAX_POLICY_TYPE_ID, QUANTITY, UNIT_PRICE, CREATED_BY, CREATE_DATE) VALUES (PO_ID_SEQ.NEXTVAL, CUR_PRD_ID, '1', '975', '0', 'OFFERMAKER', SYSDATE);
INSERT INTO OFFER_PRODUCT_OFFERING (OFFER_ID, PRODUCT_OFFERING_ID, CREATED_BY, CREATE_DATE) VALUES (OFR_ID_SEQ.CURRVAL, PO_ID_SEQ.CURRVAL, 'OFFERMAKER', SYSDATE);
BEGIN
  SELECT ID INTO CUR_PRD_ID FROM PRODUCT WHERE NAME = 'TimesMachine' AND ROWNUM <= 1;
EXCEPTION
  WHEN NO_DATA_FOUND THEN
    INSERT INTO PRODUCT (ID, NAME, CREATED_BY, CREATE_DATE) VALUES (PRD_ID_SEQ.NEXTVAL, 'TimesMachine', 'OFFERMAKER', SYSDATE);
    SELECT ID INTO CUR_PRD_ID FROM PRODUCT WHERE NAME = 'TimesMachine' AND ROWNUM <= 1;
  WHEN OTHERS THEN
    RAISE;
END;
INSERT INTO PRODUCT_OFFERING (ID, PRODUCT_ID, TAX_POLICY_TYPE_ID, QUANTITY, UNIT_PRICE, CREATED_BY, CREATE_DATE) VALUES (PO_ID_SEQ.NEXTVAL, CUR_PRD_ID, '1', '273', '0', 'OFFERMAKER', SYSDATE);
INSERT INTO OFFER_PRODUCT_OFFERING (OFFER_ID, PRODUCT_OFFERING_ID, CREATED_BY, CREATE_DATE) VALUES (OFR_ID_SEQ.CURRVAL, PO_ID_SEQ.CURRVAL, 'OFFERMAKER', SYSDATE);
BEGIN
  SELECT ID INTO CUR_PRD_ID FROM PRODUCT WHERE NAME = 'Smartphone' AND ROWNUM <= 1;
EXCEPTION
  WHEN NO_DATA_FOUND THEN
    INSERT INTO PRODUCT (ID, NAME, CREATED_BY, CREATE_DATE) VALUES (PRD_ID_SEQ.NEXTVAL, 'Smartphone', 'OFFERMAKER', SYSDATE);
    SELECT ID INTO CUR_PRD_ID FROM PRODUCT WHERE NAME = 'Smartphone' AND ROWNUM <= 1;
  WHEN OTHERS THEN
    RAISE;
END;
INSERT INTO PRODUCT_OFFERING (ID, PRODUCT_ID, TAX_POLICY_TYPE_ID, QUANTITY, UNIT_PRICE, CREATED_BY, CREATE_DATE) VALUES (PO_ID_SEQ.NEXTVAL, CUR_PRD_ID, '1', '273', '0.178571', 'OFFERMAKER', SYSDATE);
INSERT INTO OFFER_PRODUCT_OFFERING (OFFER_ID, PRODUCT_OFFERING_ID, CREATED_BY, CREATE_DATE) VALUES (OFR_ID_SEQ.CURRVAL, PO_ID_SEQ.CURRVAL, 'OFFERMAKER', SYSDATE);
INSERT INTO DISCOUNT (ID, NAME, DESCRIPTION, FIXED_AMOUNT, PERCENT_AMOUNT, DISCOUNT_TYPE_ID, CREATED_BY, CREATE_DATE) VALUES (DSC_ID_SEQ.NEXTVAL, 'Discount', 'Off: 66.62. P.Disc: 22.2099. P.Full: 48.7499', '26.54', '0', 1, 'OFFERMAKER', SYSDATE);
INSERT INTO DISCOUNT_PRODUCT_OFFERING (DISCOUNT_ID, PRODUCT_OFFERING_ID, CREATED_BY, CREATE_DATE) VALUES (DSC_ID_SEQ.CURRVAL, PO_ID_SEQ.CURRVAL, 'OFFERMAKER', SYSDATE);
INSERT INTO OFFER_OFFER_CHAIN (OFFER_ID, OFFER_CHAIN_ID, INDEX_VALUE, NUM_RECURRENCES, CREATED_BY, CREATE_DATE, updated_by, update_date) VALUES (OFR_ID_SEQ.CURRVAL, 2266087287, '0', '1', 'OFFERMAKER', SYSDATE, 'OFFERMAKER', SYSDATE);
END;
BEGIN
  SELECT 1 INTO TMP_VAR FROM OFFER_OFFER_CHAIN WHERE OFFER_CHAIN_ID = 2266087287 AND INDEX_VALUE = 1 AND ROWNUM <= 1;
EXCEPTION
  WHEN NO_DATA_FOUND THEN
INSERT INTO OFFER (ID, OFFER_STATUS_ID, ENTITLEMENT_DURATION, CREATED_BY, CREATE_DATE, updated_by, update_date) VALUES (OFR_ID_SEQ.NEXTVAL, 1, 'P0Y0M273DT0H0M', 'OFFERMAKER', SYSDATE, 'OFFERMAKER', SYSDATE);
BEGIN
  SELECT ID INTO CUR_PRD_ID FROM PRODUCT WHERE NAME = 'Web' AND ROWNUM <= 1;
EXCEPTION
  WHEN NO_DATA_FOUND THEN
    INSERT INTO PRODUCT (ID, NAME, CREATED_BY, CREATE_DATE) VALUES (PRD_ID_SEQ.NEXTVAL, 'Web', 'OFFERMAKER', SYSDATE);
    SELECT ID INTO CUR_PRD_ID FROM PRODUCT WHERE NAME = 'Web' AND ROWNUM <= 1;
  WHEN OTHERS THEN
    RAISE;
END;
INSERT INTO PRODUCT_OFFERING (ID, PRODUCT_ID, TAX_POLICY_TYPE_ID, QUANTITY, UNIT_PRICE, CREATED_BY, CREATE_DATE) VALUES (PO_ID_SEQ.NEXTVAL, CUR_PRD_ID, '1', '273', '0.357143', 'OFFERMAKER', SYSDATE);
INSERT INTO OFFER_PRODUCT_OFFERING (OFFER_ID, PRODUCT_OFFERING_ID, CREATED_BY, CREATE_DATE) VALUES (OFR_ID_SEQ.CURRVAL, PO_ID_SEQ.CURRVAL, 'OFFERMAKER', SYSDATE);
INSERT INTO DISCOUNT (ID, NAME, DESCRIPTION, FIXED_AMOUNT, PERCENT_AMOUNT, DISCOUNT_TYPE_ID, CREATED_BY, CREATE_DATE) VALUES (DSC_ID_SEQ.NEXTVAL, 'Discount', 'Off: 73.13. P.Disc: 48.7500. P.Full: 97.5000', '48.75', '0', 1, 'OFFERMAKER', SYSDATE);
INSERT INTO DISCOUNT_PRODUCT_OFFERING (DISCOUNT_ID, PRODUCT_OFFERING_ID, CREATED_BY, CREATE_DATE) VALUES (DSC_ID_SEQ.CURRVAL, PO_ID_SEQ.CURRVAL, 'OFFERMAKER', SYSDATE);
BEGIN
  SELECT ID INTO CUR_PRD_ID FROM PRODUCT WHERE NAME = 'Mobile' AND ROWNUM <= 1;
EXCEPTION
  WHEN NO_DATA_FOUND THEN
    INSERT INTO PRODUCT (ID, NAME, CREATED_BY, CREATE_DATE) VALUES (PRD_ID_SEQ.NEXTVAL, 'Mobile', 'OFFERMAKER', SYSDATE);
    SELECT ID INTO CUR_PRD_ID FROM PRODUCT WHERE NAME = 'Mobile' AND ROWNUM <= 1;
  WHEN OTHERS THEN
    RAISE;
END;
INSERT INTO PRODUCT_OFFERING (ID, PRODUCT_ID, TAX_POLICY_TYPE_ID, QUANTITY, UNIT_PRICE, CREATED_BY, CREATE_DATE) VALUES (PO_ID_SEQ.NEXTVAL, CUR_PRD_ID, '1', '273', '0', 'OFFERMAKER', SYSDATE);
INSERT INTO OFFER_PRODUCT_OFFERING (OFFER_ID, PRODUCT_OFFERING_ID, CREATED_BY, CREATE_DATE) VALUES (OFR_ID_SEQ.CURRVAL, PO_ID_SEQ.CURRVAL, 'OFFERMAKER', SYSDATE);
BEGIN
  SELECT ID INTO CUR_PRD_ID FROM PRODUCT WHERE NAME = 'Archive Article' AND ROWNUM <= 1;
EXCEPTION
  WHEN NO_DATA_FOUND THEN
    INSERT INTO PRODUCT (ID, NAME, CREATED_BY, CREATE_DATE) VALUES (PRD_ID_SEQ.NEXTVAL, 'Archive Article', 'OFFERMAKER', SYSDATE);
    SELECT ID INTO CUR_PRD_ID FROM PRODUCT WHERE NAME = 'Archive Article' AND ROWNUM <= 1;
  WHEN OTHERS THEN
    RAISE;
END;
INSERT INTO PRODUCT_OFFERING (ID, PRODUCT_ID, TAX_POLICY_TYPE_ID, QUANTITY, UNIT_PRICE, CREATED_BY, CREATE_DATE) VALUES (PO_ID_SEQ.NEXTVAL, CUR_PRD_ID, '1', '975', '0', 'OFFERMAKER', SYSDATE);
INSERT INTO OFFER_PRODUCT_OFFERING (OFFER_ID, PRODUCT_OFFERING_ID, CREATED_BY, CREATE_DATE) VALUES (OFR_ID_SEQ.CURRVAL, PO_ID_SEQ.CURRVAL, 'OFFERMAKER', SYSDATE);
BEGIN
  SELECT ID INTO CUR_PRD_ID FROM PRODUCT WHERE NAME = 'TimesMachine' AND ROWNUM <= 1;
EXCEPTION
  WHEN NO_DATA_FOUND THEN
    INSERT INTO PRODUCT (ID, NAME, CREATED_BY, CREATE_DATE) VALUES (PRD_ID_SEQ.NEXTVAL, 'TimesMachine', 'OFFERMAKER', SYSDATE);
    SELECT ID INTO CUR_PRD_ID FROM PRODUCT WHERE NAME = 'TimesMachine' AND ROWNUM <= 1;
  WHEN OTHERS THEN
    RAISE;
END;
INSERT INTO PRODUCT_OFFERING (ID, PRODUCT_ID, TAX_POLICY_TYPE_ID, QUANTITY, UNIT_PRICE, CREATED_BY, CREATE_DATE) VALUES (PO_ID_SEQ.NEXTVAL, CUR_PRD_ID, '1', '273', '0', 'OFFERMAKER', SYSDATE);
INSERT INTO OFFER_PRODUCT_OFFERING (OFFER_ID, PRODUCT_OFFERING_ID, CREATED_BY, CREATE_DATE) VALUES (OFR_ID_SEQ.CURRVAL, PO_ID_SEQ.CURRVAL, 'OFFERMAKER', SYSDATE);
BEGIN
  SELECT ID INTO CUR_PRD_ID FROM PRODUCT WHERE NAME = 'Smartphone' AND ROWNUM <= 1;
EXCEPTION
  WHEN NO_DATA_FOUND THEN
    INSERT INTO PRODUCT (ID, NAME, CREATED_BY, CREATE_DATE) VALUES (PRD_ID_SEQ.NEXTVAL, 'Smartphone', 'OFFERMAKER', SYSDATE);
    SELECT ID INTO CUR_PRD_ID FROM PRODUCT WHERE NAME = 'Smartphone' AND ROWNUM <= 1;
  WHEN OTHERS THEN
    RAISE;
END;
INSERT INTO PRODUCT_OFFERING (ID, PRODUCT_ID, TAX_POLICY_TYPE_ID, QUANTITY, UNIT_PRICE, CREATED_BY, CREATE_DATE) VALUES (PO_ID_SEQ.NEXTVAL, CUR_PRD_ID, '1', '273', '0.178571', 'OFFERMAKER', SYSDATE);
INSERT INTO OFFER_PRODUCT_OFFERING (OFFER_ID, PRODUCT_OFFERING_ID, CREATED_BY, CREATE_DATE) VALUES (OFR_ID_SEQ.CURRVAL, PO_ID_SEQ.CURRVAL, 'OFFERMAKER', SYSDATE);
INSERT INTO DISCOUNT (ID, NAME, DESCRIPTION, FIXED_AMOUNT, PERCENT_AMOUNT, DISCOUNT_TYPE_ID, CREATED_BY, CREATE_DATE) VALUES (DSC_ID_SEQ.NEXTVAL, 'Discount', 'Off: 73.13. P.Disc: 24.3799. P.Full: 48.7499', '24.37', '0', 1, 'OFFERMAKER', SYSDATE);
INSERT INTO DISCOUNT_PRODUCT_OFFERING (DISCOUNT_ID, PRODUCT_OFFERING_ID, CREATED_BY, CREATE_DATE) VALUES (DSC_ID_SEQ.CURRVAL, PO_ID_SEQ.CURRVAL, 'OFFERMAKER', SYSDATE);
INSERT INTO OFFER_OFFER_CHAIN (OFFER_ID, OFFER_CHAIN_ID, INDEX_VALUE, NUM_RECURRENCES, CREATED_BY, CREATE_DATE, updated_by, update_date) VALUES (OFR_ID_SEQ.CURRVAL, 2266087287, '1', '-1', 'OFFERMAKER', SYSDATE, 'OFFERMAKER', SYSDATE);
END;
END;
/
COMMIT;
DECLARE
TMP_VAR NUMBER;
CUR_PRD_ID NUMBER;
CUR_CAPABILITY_ID NUMBER;
BEGIN
BEGIN
  SELECT 1 INTO TMP_VAR FROM OFFER_CHAIN WHERE ID = 3247210177 AND ROWNUM <= 1;
  UPDATE OFFER_CHAIN SET NAME='NYTimes: Web + Tablet App', DESCRIPTION='Unlimited access to NYTimes.com and the NYTimes tablet app.*', PRODUCT_URI='', VENDOR_SOURCE_ID='1', BILLING_SOURCE_ID=(SELECT ID FROM BILLING_SOURCE BS WHERE BS.NAME='Sartre'), IS_SEAT_LICENSE=0, GROUP_ACCOUNT_TYPE_ID='NO',IS_ADDRESS_REQUIRED=0, OFFER_CHAIN_STATUS_ID = 1, UPDATE_DATE = SYSDATE, UPDATED_BY = 'OFFERMAKER', IS_GIFT_CERTIFICATE='0', REVOKE_ENTITLEMENTS = '0', ADOPTABILITY_WINDOW_START_DATE = to_date('15-Jul-2013 00:00:00','DD-MON-YY HH24:MI:SS'), ADOPTABILITY_WINDOW_END_DATE = to_date('31-Dec-2069 00:00:00','DD-MON-YY HH24:MI:SS'), AMAZON_APPSTORE_SKU=NULL WHERE ID = 3247210177;
EXCEPTION
  WHEN NO_DATA_FOUND THEN
    INSERT INTO OFFER_CHAIN (ID, NAME, DESCRIPTION, ADOPTABILITY_WINDOW_START_DATE, ADOPTABILITY_WINDOW_END_DATE, IS_GIFT_CERTIFICATE, PRODUCT_URI, OFFER_CHAIN_STATUS_ID, REVOKE_ENTITLEMENTS, VENDOR_SOURCE_ID, BILLING_SOURCE_ID, IS_SEAT_LICENSE, GROUP_ACCOUNT_TYPE_ID, IS_ADDRESS_REQUIRED, AMAZON_APPSTORE_SKU, CREATED_BY, CREATE_DATE, updated_by, update_date) VALUES (3247210177, 'NYTimes: Web + Tablet App', 'Unlimited access to NYTimes.com and the NYTimes tablet app.*', to_date('15-Jul-2013 00:00:00','DD-MON-YY HH24:MI:SS'), to_date('31-Dec-2069 00:00:00','DD-MON-YY HH24:MI:SS'), '0', NULL, '1', '0', '1', (SELECT ID FROM BILLING_SOURCE BS WHERE BS.NAME='Sartre'), decode('NO','IL',1,0), 'NO', '0', '', 'OFFERMAKER', SYSDATE, 'OFFERMAKER', SYSDATE);
END;
DELETE FROM OFFER_CHAIN_ELIGIBILITY WHERE offer_chain_id = 3247210177;
INSERT INTO OFFER_CHAIN_ELIGIBILITY (ID, OFFER_CHAIN_ID, NAME, VALUE, CREATED_BY, CREATE_DATE) VALUES (ELG_ID_SEQ.NEXTVAL, 3247210177, 'IS_COMP', '0', 'OFFERMAKER', SYSDATE);
INSERT INTO OFFER_CHAIN_ELIGIBILITY (ID, OFFER_CHAIN_ID, NAME, VALUE, CREATED_BY, CREATE_DATE) VALUES (ELG_ID_SEQ.NEXTVAL, 3247210177, 'MAX_CONCURRENT_SUBS', '1', 'OFFERMAKER', SYSDATE);
INSERT INTO OFFER_CHAIN_ELIGIBILITY (ID, OFFER_CHAIN_ID, NAME, VALUE, CREATED_BY, CREATE_DATE) VALUES (ELG_ID_SEQ.NEXTVAL, 3247210177, 'INTERNAL_ONLY', '0', 'OFFERMAKER', SYSDATE);
INSERT INTO OFFER_CHAIN_ELIGIBILITY (ID, OFFER_CHAIN_ID, NAME, VALUE, CREATED_BY, CREATE_DATE) VALUES (ELG_ID_SEQ.NEXTVAL, 3247210177, 'REDEEMER_PROHIBITED_ENTITLEMENTS', '0', 'OFFERMAKER', SYSDATE);
DELETE FROM OFFER_CHAIN_META_DATA WHERE offer_chain_id = 3247210177;
INSERT INTO OFFER_CHAIN_META_DATA (ID, OFFER_CHAIN_ID, NAME, VALUE, CREATED_BY, CREATE_DATE) VALUES (OCMD_ID_SEQ.NEXTVAL, 3247210177, 'BUNDLE_EXPLANATION', 'W+T Edu $88.49 for first 39 weeks and 50% off regular price thereafter - no email verify', 'OFFERMAKER', SYSDATE);
INSERT INTO OFFER_CHAIN_META_DATA (ID, OFFER_CHAIN_ID, NAME, VALUE, CREATED_BY, CREATE_DATE) VALUES (OCMD_ID_SEQ.NEXTVAL, 3247210177, 'PRICE_DESCRIPTION', 'Web+Tablet App $88.49 EDU Offer First 39 Weeks: $2.26/week Thereafter:$97.50 every 39 weeks', 'OFFERMAKER', SYSDATE);
INSERT INTO OFFER_CHAIN_META_DATA (ID, OFFER_CHAIN_ID, NAME, VALUE, CREATED_BY, CREATE_DATE) VALUES (OCMD_ID_SEQ.NEXTVAL, 3247210177, 'PRICE_SHORT_DESCRIPTION', 'W+T Teacher/ $88.49 for First 39 wks / $97.50 every 39 wks thereafter', 'OFFERMAKER', SYSDATE);
INSERT INTO OFFER_CHAIN_META_DATA (ID, OFFER_CHAIN_ID, NAME, VALUE, CREATED_BY, CREATE_DATE) VALUES (OCMD_ID_SEQ.NEXTVAL, 3247210177, 'OFFER_TYPE', '$88.49 for first 39 Weeks', 'OFFERMAKER', SYSDATE);
INSERT INTO OFFER_CHAIN_META_DATA (ID, OFFER_CHAIN_ID, NAME, VALUE, CREATED_BY, CREATE_DATE) VALUES (OCMD_ID_SEQ.NEXTVAL, 3247210177, 'OFFER_PRICE_DESCRIPTOR', 'TEACHER RATE- 9 MNTH SUB- 50% off', 'OFFERMAKER', SYSDATE);
INSERT INTO OFFER_CHAIN_META_DATA (ID, OFFER_CHAIN_ID, NAME, VALUE, CREATED_BY, CREATE_DATE) VALUES (OCMD_ID_SEQ.NEXTVAL, 3247210177, 'OFFER_PRICE', '$88.49 for first 39 Weeks and $97.50 for next 39 Weeks thereafter', 'OFFERMAKER', SYSDATE);
INSERT INTO OFFER_CHAIN_META_DATA (ID, OFFER_CHAIN_ID, NAME, VALUE, CREATED_BY, CREATE_DATE) VALUES (OCMD_ID_SEQ.NEXTVAL, 3247210177, 'OFFER_PRICE_DETAIL', '($2.50 / week thereafter)', 'OFFERMAKER', SYSDATE);
INSERT INTO OFFER_CHAIN_META_DATA (ID, OFFER_CHAIN_ID, NAME, VALUE, CREATED_BY, CREATE_DATE) VALUES (OCMD_ID_SEQ.NEXTVAL, 3247210177, 'PROMO_PRICE_FOOTER_LABEL', 'First 39 Weeks', 'OFFERMAKER', SYSDATE);
INSERT INTO OFFER_CHAIN_META_DATA (ID, OFFER_CHAIN_ID, NAME, VALUE, CREATED_BY, CREATE_DATE) VALUES (OCMD_ID_SEQ.NEXTVAL, 3247210177, 'ACTUAL_PRICE_FOOTER_LABEL', 'Thereafter', 'OFFERMAKER', SYSDATE);
INSERT INTO OFFER_CHAIN_META_DATA (ID, OFFER_CHAIN_ID, NAME, VALUE, CREATED_BY, CREATE_DATE) VALUES (OCMD_ID_SEQ.NEXTVAL, 3247210177, 'BILLING_CYCLE', 'every 39 weeks', 'OFFERMAKER', SYSDATE);
INSERT INTO OFFER_CHAIN_META_DATA (ID, OFFER_CHAIN_ID, NAME, VALUE, CREATED_BY, CREATE_DATE) VALUES (OCMD_ID_SEQ.NEXTVAL, 3247210177, 'SUBSCRIBER_TYPE', 'K-12', 'OFFERMAKER', SYSDATE);
INSERT INTO OFFER_CHAIN_META_DATA (ID, OFFER_CHAIN_ID, NAME, VALUE, CREATED_BY, CREATE_DATE) VALUES (OCMD_ID_SEQ.NEXTVAL, 3247210177, 'REFUND_POLICY', 'Multi-week Billing: Full refund within first 30 days, No refund if cancelled in the last 30 days and access remains through the end of the period.  Otherwise, pro-rated refund and access removed within 6 hours.', 'OFFERMAKER', SYSDATE);
INSERT INTO OFFER_CHAIN_META_DATA (ID, OFFER_CHAIN_ID, NAME, VALUE, CREATED_BY, CREATE_DATE) VALUES (OCMD_ID_SEQ.NEXTVAL, 3247210177, 'CANCELABLE', '1', 'OFFERMAKER', SYSDATE);
INSERT INTO OFFER_CHAIN_META_DATA (ID, OFFER_CHAIN_ID, NAME, VALUE, CREATED_BY, CREATE_DATE) VALUES (OCMD_ID_SEQ.NEXTVAL, 3247210177, 'REFUNDABLE', '1', 'OFFERMAKER', SYSDATE);
INSERT INTO OFFER_CHAIN_META_DATA (ID, OFFER_CHAIN_ID, NAME, VALUE, CREATED_BY, CREATE_DATE) VALUES (OCMD_ID_SEQ.NEXTVAL, 3247210177, 'FULL_REFUND_DAYS_LIMIT', '30', 'OFFERMAKER', SYSDATE);
INSERT INTO OFFER_CHAIN_META_DATA (ID, OFFER_CHAIN_ID, NAME, VALUE, CREATED_BY, CREATE_DATE) VALUES (OCMD_ID_SEQ.NEXTVAL, 3247210177, 'PRORATED_REFUND_DAYS_LIMIT', '243', 'OFFERMAKER', SYSDATE);
INSERT INTO OFFER_CHAIN_META_DATA (ID, OFFER_CHAIN_ID, NAME, VALUE, CREATED_BY, CREATE_DATE) VALUES (OCMD_ID_SEQ.NEXTVAL, 3247210177, 'OPEN_TO_ANONYMOUS', '1', 'OFFERMAKER', SYSDATE);
INSERT INTO OFFER_CHAIN_META_DATA (ID, OFFER_CHAIN_ID, NAME, VALUE, CREATED_BY, CREATE_DATE) VALUES (OCMD_ID_SEQ.NEXTVAL, 3247210177, 'BUNDLE', 'Bundle B (Web+Tab)', 'OFFERMAKER', SYSDATE);
INSERT INTO OFFER_CHAIN_META_DATA (ID, OFFER_CHAIN_ID, NAME, VALUE, CREATED_BY, CREATE_DATE) VALUES (OCMD_ID_SEQ.NEXTVAL, 3247210177, 'ADX_BUNDLE', 'MM_EDU', 'OFFERMAKER', SYSDATE);
INSERT INTO OFFER_CHAIN_META_DATA (ID, OFFER_CHAIN_ID, NAME, VALUE, CREATED_BY, CREATE_DATE) VALUES (OCMD_ID_SEQ.NEXTVAL, 3247210177, 'SIEBEL_CAMPAIGN_CODE', '3KJYJ', 'OFFERMAKER', SYSDATE);
INSERT INTO OFFER_CHAIN_META_DATA (ID, OFFER_CHAIN_ID, NAME, VALUE, CREATED_BY, CREATE_DATE) VALUES (OCMD_ID_SEQ.NEXTVAL, 3247210177, 'ANNUAL_PRICE', '130.00', 'OFFERMAKER', SYSDATE);
INSERT INTO OFFER_CHAIN_META_DATA (ID, OFFER_CHAIN_ID, NAME, VALUE, CREATED_BY, CREATE_DATE) VALUES (OCMD_ID_SEQ.NEXTVAL, 3247210177, 'UID', '4cb6ff25781a7ff6d96f29f9a4432fcdc7d86f4704e6c61534824bcd46b842be', 'OFFERMAKER', SYSDATE);
DELETE FROM OFFER_CHAIN_NOTIFICATION_TYPE WHERE offer_chain_id = 3247210177;
BEGIN
  SELECT 1 INTO TMP_VAR FROM ACTION WHERE NAME = 'SUBSCRIBE_TO_OFFER_CHAIN';
EXCEPTION
  WHEN NO_DATA_FOUND THEN
    INSERT INTO ACTION (ID, NAME, CREATE_DATE, CREATED_BY) VALUES (ACTION_ID_SEQ.NEXTVAL, 'SUBSCRIBE_TO_OFFER_CHAIN', SYSDATE, 'OFFERMAKER');
END;
BEGIN
  SELECT 1 INTO TMP_VAR FROM CORE_OWNER.NOTIFICATION_TYPE WHERE VALUE = 'sartre-digital-purchase-k12';
EXCEPTION
  WHEN NO_DATA_FOUND THEN NULL;
    INSERT INTO CORE_OWNER.NOTIFICATION_TYPE (ID, VALUE, TEMPLATE_URL) VALUES (CORE_OWNER.NOTTID_SEQ.NEXTVAL, 'sartre-digital-purchase-k12', 'N/A');
END;
BEGIN
  SELECT 1 INTO TMP_VAR FROM ACTION WHERE NAME = 'UPGRADE_SUBSCRIPTION';
EXCEPTION
  WHEN NO_DATA_FOUND THEN
    INSERT INTO ACTION (ID, NAME, CREATE_DATE, CREATED_BY) VALUES (ACTION_ID_SEQ.NEXTVAL, 'UPGRADE_SUBSCRIPTION', SYSDATE, 'OFFERMAKER');
END;
BEGIN
  SELECT 1 INTO TMP_VAR FROM CORE_OWNER.NOTIFICATION_TYPE WHERE VALUE = 'sartre-digital-purchase-k12';
EXCEPTION
  WHEN NO_DATA_FOUND THEN NULL;
    INSERT INTO CORE_OWNER.NOTIFICATION_TYPE (ID, VALUE, TEMPLATE_URL) VALUES (CORE_OWNER.NOTTID_SEQ.NEXTVAL, 'sartre-digital-purchase-k12', 'N/A');
END;
BEGIN
  SELECT 1 INTO TMP_VAR FROM ACTION WHERE NAME = 'CANCEL_SUBSCRIPTION';
EXCEPTION
  WHEN NO_DATA_FOUND THEN
    INSERT INTO ACTION (ID, NAME, CREATE_DATE, CREATED_BY) VALUES (ACTION_ID_SEQ.NEXTVAL, 'CANCEL_SUBSCRIPTION', SYSDATE, 'OFFERMAKER');
END;
BEGIN
  SELECT 1 INTO TMP_VAR FROM CORE_OWNER.NOTIFICATION_TYPE WHERE VALUE = 'sartre-cancel';
EXCEPTION
  WHEN NO_DATA_FOUND THEN NULL;
    INSERT INTO CORE_OWNER.NOTIFICATION_TYPE (ID, VALUE, TEMPLATE_URL) VALUES (CORE_OWNER.NOTTID_SEQ.NEXTVAL, 'sartre-cancel', 'N/A');
END;
BEGIN
  SELECT 1 INTO TMP_VAR FROM ACTION WHERE NAME = 'SYSTEM_CANCEL';
EXCEPTION
  WHEN NO_DATA_FOUND THEN
    INSERT INTO ACTION (ID, NAME, CREATE_DATE, CREATED_BY) VALUES (ACTION_ID_SEQ.NEXTVAL, 'SYSTEM_CANCEL', SYSDATE, 'OFFERMAKER');
END;
BEGIN
  SELECT 1 INTO TMP_VAR FROM CORE_OWNER.NOTIFICATION_TYPE WHERE VALUE = 'sartre-decline';
EXCEPTION
  WHEN NO_DATA_FOUND THEN NULL;
    INSERT INTO CORE_OWNER.NOTIFICATION_TYPE (ID, VALUE, TEMPLATE_URL) VALUES (CORE_OWNER.NOTTID_SEQ.NEXTVAL, 'sartre-decline', 'N/A');
END;
BEGIN
  SELECT 1 INTO TMP_VAR FROM ACTION WHERE NAME = 'CREDIT_CARD_EXP';
EXCEPTION
  WHEN NO_DATA_FOUND THEN
    INSERT INTO ACTION (ID, NAME, CREATE_DATE, CREATED_BY) VALUES (ACTION_ID_SEQ.NEXTVAL, 'CREDIT_CARD_EXP', SYSDATE, 'OFFERMAKER');
END;
BEGIN
  SELECT 1 INTO TMP_VAR FROM CORE_OWNER.NOTIFICATION_TYPE WHERE VALUE = 'card_expiration';
EXCEPTION
  WHEN NO_DATA_FOUND THEN NULL;
    INSERT INTO CORE_OWNER.NOTIFICATION_TYPE (ID, VALUE, TEMPLATE_URL) VALUES (CORE_OWNER.NOTTID_SEQ.NEXTVAL, 'card_expiration', 'N/A');
END;
INSERT INTO OFFER_CHAIN_NOTIFICATION_TYPE (ID, OFFER_CHAIN_ID, NOTIFICATION_TYPE_ID, ACTION_ID, CREATED_BY, CREATE_DATE) VALUES (OCET_ID_SEQ.NEXTVAL, 3247210177, (SELECT ID FROM CORE_OWNER.NOTIFICATION_TYPE WHERE VALUE = 'sartre-digital-purchase-k12'), (SELECT ID FROM ACTION WHERE NAME = 'SUBSCRIBE_TO_OFFER_CHAIN'), 'OFFERMAKER', SYSDATE);
INSERT INTO OFFER_CHAIN_NOTIFICATION_TYPE (ID, OFFER_CHAIN_ID, NOTIFICATION_TYPE_ID, ACTION_ID, CREATED_BY, CREATE_DATE) VALUES (OCET_ID_SEQ.NEXTVAL, 3247210177, (SELECT ID FROM CORE_OWNER.NOTIFICATION_TYPE WHERE VALUE = 'sartre-digital-purchase-k12'), (SELECT ID FROM ACTION WHERE NAME = 'UPGRADE_SUBSCRIPTION'), 'OFFERMAKER', SYSDATE);
INSERT INTO OFFER_CHAIN_NOTIFICATION_TYPE (ID, OFFER_CHAIN_ID, NOTIFICATION_TYPE_ID, ACTION_ID, CREATED_BY, CREATE_DATE) VALUES (OCET_ID_SEQ.NEXTVAL, 3247210177, (SELECT ID FROM CORE_OWNER.NOTIFICATION_TYPE WHERE VALUE = 'sartre-cancel'), (SELECT ID FROM ACTION WHERE NAME = 'CANCEL_SUBSCRIPTION'), 'OFFERMAKER', SYSDATE);
INSERT INTO OFFER_CHAIN_NOTIFICATION_TYPE (ID, OFFER_CHAIN_ID, NOTIFICATION_TYPE_ID, ACTION_ID, CREATED_BY, CREATE_DATE) VALUES (OCET_ID_SEQ.NEXTVAL, 3247210177, (SELECT ID FROM CORE_OWNER.NOTIFICATION_TYPE WHERE VALUE = 'sartre-decline'), (SELECT ID FROM ACTION WHERE NAME = 'SYSTEM_CANCEL'), 'OFFERMAKER', SYSDATE);
INSERT INTO OFFER_CHAIN_NOTIFICATION_TYPE (ID, OFFER_CHAIN_ID, NOTIFICATION_TYPE_ID, ACTION_ID, CREATED_BY, CREATE_DATE) VALUES (OCET_ID_SEQ.NEXTVAL, 3247210177, (SELECT ID FROM CORE_OWNER.NOTIFICATION_TYPE WHERE VALUE = 'card_expiration'), (SELECT ID FROM ACTION WHERE NAME = 'CREDIT_CARD_EXP'), 'OFFERMAKER', SYSDATE);
BEGIN
  SELECT 1 INTO TMP_VAR FROM OFFER_OFFER_CHAIN WHERE OFFER_CHAIN_ID = 3247210177 AND INDEX_VALUE = 0 AND ROWNUM <= 1;
EXCEPTION
  WHEN NO_DATA_FOUND THEN
INSERT INTO OFFER (ID, OFFER_STATUS_ID, ENTITLEMENT_DURATION, CREATED_BY, CREATE_DATE, updated_by, update_date) VALUES (OFR_ID_SEQ.NEXTVAL, 1, 'P0Y0M273DT0H0M', 'OFFERMAKER', SYSDATE, 'OFFERMAKER', SYSDATE);
BEGIN
  SELECT ID INTO CUR_PRD_ID FROM PRODUCT WHERE NAME = 'Web' AND ROWNUM <= 1;
EXCEPTION
  WHEN NO_DATA_FOUND THEN
    INSERT INTO PRODUCT (ID, NAME, CREATED_BY, CREATE_DATE) VALUES (PRD_ID_SEQ.NEXTVAL, 'Web', 'OFFERMAKER', SYSDATE);
    SELECT ID INTO CUR_PRD_ID FROM PRODUCT WHERE NAME = 'Web' AND ROWNUM <= 1;
  WHEN OTHERS THEN
    RAISE;
END;
INSERT INTO PRODUCT_OFFERING (ID, PRODUCT_ID, TAX_POLICY_TYPE_ID, QUANTITY, UNIT_PRICE, CREATED_BY, CREATE_DATE) VALUES (PO_ID_SEQ.NEXTVAL, CUR_PRD_ID, '1', '273', '0.357143', 'OFFERMAKER', SYSDATE);
INSERT INTO OFFER_PRODUCT_OFFERING (OFFER_ID, PRODUCT_OFFERING_ID, CREATED_BY, CREATE_DATE) VALUES (OFR_ID_SEQ.CURRVAL, PO_ID_SEQ.CURRVAL, 'OFFERMAKER', SYSDATE);
INSERT INTO DISCOUNT (ID, NAME, DESCRIPTION, FIXED_AMOUNT, PERCENT_AMOUNT, DISCOUNT_TYPE_ID, CREATED_BY, CREATE_DATE) VALUES (DSC_ID_SEQ.NEXTVAL, 'Discount', 'Off: 88.49. P.Disc: 44.2500. P.Full: 97.5000', '53.2500', '0', 1, 'OFFERMAKER', SYSDATE);
INSERT INTO DISCOUNT_PRODUCT_OFFERING (DISCOUNT_ID, PRODUCT_OFFERING_ID, CREATED_BY, CREATE_DATE) VALUES (DSC_ID_SEQ.CURRVAL, PO_ID_SEQ.CURRVAL, 'OFFERMAKER', SYSDATE);
BEGIN
  SELECT ID INTO CUR_PRD_ID FROM PRODUCT WHERE NAME = 'Mobile' AND ROWNUM <= 1;
EXCEPTION
  WHEN NO_DATA_FOUND THEN
    INSERT INTO PRODUCT (ID, NAME, CREATED_BY, CREATE_DATE) VALUES (PRD_ID_SEQ.NEXTVAL, 'Mobile', 'OFFERMAKER', SYSDATE);
    SELECT ID INTO CUR_PRD_ID FROM PRODUCT WHERE NAME = 'Mobile' AND ROWNUM <= 1;
  WHEN OTHERS THEN
    RAISE;
END;
INSERT INTO PRODUCT_OFFERING (ID, PRODUCT_ID, TAX_POLICY_TYPE_ID, QUANTITY, UNIT_PRICE, CREATED_BY, CREATE_DATE) VALUES (PO_ID_SEQ.NEXTVAL, CUR_PRD_ID, '1', '273', '0', 'OFFERMAKER', SYSDATE);
INSERT INTO OFFER_PRODUCT_OFFERING (OFFER_ID, PRODUCT_OFFERING_ID, CREATED_BY, CREATE_DATE) VALUES (OFR_ID_SEQ.CURRVAL, PO_ID_SEQ.CURRVAL, 'OFFERMAKER', SYSDATE);
BEGIN
  SELECT ID INTO CUR_PRD_ID FROM PRODUCT WHERE NAME = 'Archive Article' AND ROWNUM <= 1;
EXCEPTION
  WHEN NO_DATA_FOUND THEN
    INSERT INTO PRODUCT (ID, NAME, CREATED_BY, CREATE_DATE) VALUES (PRD_ID_SEQ.NEXTVAL, 'Archive Article', 'OFFERMAKER', SYSDATE);
    SELECT ID INTO CUR_PRD_ID FROM PRODUCT WHERE NAME = 'Archive Article' AND ROWNUM <= 1;
  WHEN OTHERS THEN
    RAISE;
END;
INSERT INTO PRODUCT_OFFERING (ID, PRODUCT_ID, TAX_POLICY_TYPE_ID, QUANTITY, UNIT_PRICE, CREATED_BY, CREATE_DATE) VALUES (PO_ID_SEQ.NEXTVAL, CUR_PRD_ID, '1', '975', '0', 'OFFERMAKER', SYSDATE);
INSERT INTO OFFER_PRODUCT_OFFERING (OFFER_ID, PRODUCT_OFFERING_ID, CREATED_BY, CREATE_DATE) VALUES (OFR_ID_SEQ.CURRVAL, PO_ID_SEQ.CURRVAL, 'OFFERMAKER', SYSDATE);
BEGIN
  SELECT ID INTO CUR_PRD_ID FROM PRODUCT WHERE NAME = 'TimesMachine' AND ROWNUM <= 1;
EXCEPTION
  WHEN NO_DATA_FOUND THEN
    INSERT INTO PRODUCT (ID, NAME, CREATED_BY, CREATE_DATE) VALUES (PRD_ID_SEQ.NEXTVAL, 'TimesMachine', 'OFFERMAKER', SYSDATE);
    SELECT ID INTO CUR_PRD_ID FROM PRODUCT WHERE NAME = 'TimesMachine' AND ROWNUM <= 1;
  WHEN OTHERS THEN
    RAISE;
END;
INSERT INTO PRODUCT_OFFERING (ID, PRODUCT_ID, TAX_POLICY_TYPE_ID, QUANTITY, UNIT_PRICE, CREATED_BY, CREATE_DATE) VALUES (PO_ID_SEQ.NEXTVAL, CUR_PRD_ID, '1', '273', '0', 'OFFERMAKER', SYSDATE);
INSERT INTO OFFER_PRODUCT_OFFERING (OFFER_ID, PRODUCT_OFFERING_ID, CREATED_BY, CREATE_DATE) VALUES (OFR_ID_SEQ.CURRVAL, PO_ID_SEQ.CURRVAL, 'OFFERMAKER', SYSDATE);
BEGIN
  SELECT ID INTO CUR_PRD_ID FROM PRODUCT WHERE NAME = 'Tablet' AND ROWNUM <= 1;
EXCEPTION
  WHEN NO_DATA_FOUND THEN
    INSERT INTO PRODUCT (ID, NAME, CREATED_BY, CREATE_DATE) VALUES (PRD_ID_SEQ.NEXTVAL, 'Tablet', 'OFFERMAKER', SYSDATE);
    SELECT ID INTO CUR_PRD_ID FROM PRODUCT WHERE NAME = 'Tablet' AND ROWNUM <= 1;
  WHEN OTHERS THEN
    RAISE;
END;
INSERT INTO PRODUCT_OFFERING (ID, PRODUCT_ID, TAX_POLICY_TYPE_ID, QUANTITY, UNIT_PRICE, CREATED_BY, CREATE_DATE) VALUES (PO_ID_SEQ.NEXTVAL, CUR_PRD_ID, '1', '273', '0.357143', 'OFFERMAKER', SYSDATE);
INSERT INTO OFFER_PRODUCT_OFFERING (OFFER_ID, PRODUCT_OFFERING_ID, CREATED_BY, CREATE_DATE) VALUES (OFR_ID_SEQ.CURRVAL, PO_ID_SEQ.CURRVAL, 'OFFERMAKER', SYSDATE);
INSERT INTO DISCOUNT (ID, NAME, DESCRIPTION, FIXED_AMOUNT, PERCENT_AMOUNT, DISCOUNT_TYPE_ID, CREATED_BY, CREATE_DATE) VALUES (DSC_ID_SEQ.NEXTVAL, 'Discount', 'Off: 88.49. P.Disc: 44.2400. P.Full: 97.5000', '53.26', '0', 1, 'OFFERMAKER', SYSDATE);
INSERT INTO DISCOUNT_PRODUCT_OFFERING (DISCOUNT_ID, PRODUCT_OFFERING_ID, CREATED_BY, CREATE_DATE) VALUES (DSC_ID_SEQ.CURRVAL, PO_ID_SEQ.CURRVAL, 'OFFERMAKER', SYSDATE);
BEGIN
  SELECT ID INTO CUR_PRD_ID FROM PRODUCT WHERE NAME = 'TimesReader' AND ROWNUM <= 1;
EXCEPTION
  WHEN NO_DATA_FOUND THEN
    INSERT INTO PRODUCT (ID, NAME, CREATED_BY, CREATE_DATE) VALUES (PRD_ID_SEQ.NEXTVAL, 'TimesReader', 'OFFERMAKER', SYSDATE);
    SELECT ID INTO CUR_PRD_ID FROM PRODUCT WHERE NAME = 'TimesReader' AND ROWNUM <= 1;
  WHEN OTHERS THEN
    RAISE;
END;
INSERT INTO PRODUCT_OFFERING (ID, PRODUCT_ID, TAX_POLICY_TYPE_ID, QUANTITY, UNIT_PRICE, CREATED_BY, CREATE_DATE) VALUES (PO_ID_SEQ.NEXTVAL, CUR_PRD_ID, '1', '273', '0', 'OFFERMAKER', SYSDATE);
INSERT INTO OFFER_PRODUCT_OFFERING (OFFER_ID, PRODUCT_OFFERING_ID, CREATED_BY, CREATE_DATE) VALUES (OFR_ID_SEQ.CURRVAL, PO_ID_SEQ.CURRVAL, 'OFFERMAKER', SYSDATE);
INSERT INTO OFFER_OFFER_CHAIN (OFFER_ID, OFFER_CHAIN_ID, INDEX_VALUE, NUM_RECURRENCES, CREATED_BY, CREATE_DATE, updated_by, update_date) VALUES (OFR_ID_SEQ.CURRVAL, 3247210177, '0', '1', 'OFFERMAKER', SYSDATE, 'OFFERMAKER', SYSDATE);
END;
BEGIN
  SELECT 1 INTO TMP_VAR FROM OFFER_OFFER_CHAIN WHERE OFFER_CHAIN_ID = 3247210177 AND INDEX_VALUE = 1 AND ROWNUM <= 1;
EXCEPTION
  WHEN NO_DATA_FOUND THEN
INSERT INTO OFFER (ID, OFFER_STATUS_ID, ENTITLEMENT_DURATION, CREATED_BY, CREATE_DATE, updated_by, update_date) VALUES (OFR_ID_SEQ.NEXTVAL, 1, 'P0Y0M273DT0H0M', 'OFFERMAKER', SYSDATE, 'OFFERMAKER', SYSDATE);
BEGIN
  SELECT ID INTO CUR_PRD_ID FROM PRODUCT WHERE NAME = 'Web' AND ROWNUM <= 1;
EXCEPTION
  WHEN NO_DATA_FOUND THEN
    INSERT INTO PRODUCT (ID, NAME, CREATED_BY, CREATE_DATE) VALUES (PRD_ID_SEQ.NEXTVAL, 'Web', 'OFFERMAKER', SYSDATE);
    SELECT ID INTO CUR_PRD_ID FROM PRODUCT WHERE NAME = 'Web' AND ROWNUM <= 1;
  WHEN OTHERS THEN
    RAISE;
END;
INSERT INTO PRODUCT_OFFERING (ID, PRODUCT_ID, TAX_POLICY_TYPE_ID, QUANTITY, UNIT_PRICE, CREATED_BY, CREATE_DATE) VALUES (PO_ID_SEQ.NEXTVAL, CUR_PRD_ID, '1', '273', '0.357143', 'OFFERMAKER', SYSDATE);
INSERT INTO OFFER_PRODUCT_OFFERING (OFFER_ID, PRODUCT_OFFERING_ID, CREATED_BY, CREATE_DATE) VALUES (OFR_ID_SEQ.CURRVAL, PO_ID_SEQ.CURRVAL, 'OFFERMAKER', SYSDATE);
INSERT INTO DISCOUNT (ID, NAME, DESCRIPTION, FIXED_AMOUNT, PERCENT_AMOUNT, DISCOUNT_TYPE_ID, CREATED_BY, CREATE_DATE) VALUES (DSC_ID_SEQ.NEXTVAL, 'Discount', 'Off: 97.5. P.Disc: 48.7500. P.Full: 97.5000', '48.75', '0', 1, 'OFFERMAKER', SYSDATE);
INSERT INTO DISCOUNT_PRODUCT_OFFERING (DISCOUNT_ID, PRODUCT_OFFERING_ID, CREATED_BY, CREATE_DATE) VALUES (DSC_ID_SEQ.CURRVAL, PO_ID_SEQ.CURRVAL, 'OFFERMAKER', SYSDATE);
BEGIN
  SELECT ID INTO CUR_PRD_ID FROM PRODUCT WHERE NAME = 'Mobile' AND ROWNUM <= 1;
EXCEPTION
  WHEN NO_DATA_FOUND THEN
    INSERT INTO PRODUCT (ID, NAME, CREATED_BY, CREATE_DATE) VALUES (PRD_ID_SEQ.NEXTVAL, 'Mobile', 'OFFERMAKER', SYSDATE);
    SELECT ID INTO CUR_PRD_ID FROM PRODUCT WHERE NAME = 'Mobile' AND ROWNUM <= 1;
  WHEN OTHERS THEN
    RAISE;
END;
INSERT INTO PRODUCT_OFFERING (ID, PRODUCT_ID, TAX_POLICY_TYPE_ID, QUANTITY, UNIT_PRICE, CREATED_BY, CREATE_DATE) VALUES (PO_ID_SEQ.NEXTVAL, CUR_PRD_ID, '1', '273', '0', 'OFFERMAKER', SYSDATE);
INSERT INTO OFFER_PRODUCT_OFFERING (OFFER_ID, PRODUCT_OFFERING_ID, CREATED_BY, CREATE_DATE) VALUES (OFR_ID_SEQ.CURRVAL, PO_ID_SEQ.CURRVAL, 'OFFERMAKER', SYSDATE);
BEGIN
  SELECT ID INTO CUR_PRD_ID FROM PRODUCT WHERE NAME = 'Archive Article' AND ROWNUM <= 1;
EXCEPTION
  WHEN NO_DATA_FOUND THEN
    INSERT INTO PRODUCT (ID, NAME, CREATED_BY, CREATE_DATE) VALUES (PRD_ID_SEQ.NEXTVAL, 'Archive Article', 'OFFERMAKER', SYSDATE);
    SELECT ID INTO CUR_PRD_ID FROM PRODUCT WHERE NAME = 'Archive Article' AND ROWNUM <= 1;
  WHEN OTHERS THEN
    RAISE;
END;
INSERT INTO PRODUCT_OFFERING (ID, PRODUCT_ID, TAX_POLICY_TYPE_ID, QUANTITY, UNIT_PRICE, CREATED_BY, CREATE_DATE) VALUES (PO_ID_SEQ.NEXTVAL, CUR_PRD_ID, '1', '975', '0', 'OFFERMAKER', SYSDATE);
INSERT INTO OFFER_PRODUCT_OFFERING (OFFER_ID, PRODUCT_OFFERING_ID, CREATED_BY, CREATE_DATE) VALUES (OFR_ID_SEQ.CURRVAL, PO_ID_SEQ.CURRVAL, 'OFFERMAKER', SYSDATE);
BEGIN
  SELECT ID INTO CUR_PRD_ID FROM PRODUCT WHERE NAME = 'TimesMachine' AND ROWNUM <= 1;
EXCEPTION
  WHEN NO_DATA_FOUND THEN
    INSERT INTO PRODUCT (ID, NAME, CREATED_BY, CREATE_DATE) VALUES (PRD_ID_SEQ.NEXTVAL, 'TimesMachine', 'OFFERMAKER', SYSDATE);
    SELECT ID INTO CUR_PRD_ID FROM PRODUCT WHERE NAME = 'TimesMachine' AND ROWNUM <= 1;
  WHEN OTHERS THEN
    RAISE;
END;
INSERT INTO PRODUCT_OFFERING (ID, PRODUCT_ID, TAX_POLICY_TYPE_ID, QUANTITY, UNIT_PRICE, CREATED_BY, CREATE_DATE) VALUES (PO_ID_SEQ.NEXTVAL, CUR_PRD_ID, '1', '273', '0', 'OFFERMAKER', SYSDATE);
INSERT INTO OFFER_PRODUCT_OFFERING (OFFER_ID, PRODUCT_OFFERING_ID, CREATED_BY, CREATE_DATE) VALUES (OFR_ID_SEQ.CURRVAL, PO_ID_SEQ.CURRVAL, 'OFFERMAKER', SYSDATE);
BEGIN
  SELECT ID INTO CUR_PRD_ID FROM PRODUCT WHERE NAME = 'Tablet' AND ROWNUM <= 1;
EXCEPTION
  WHEN NO_DATA_FOUND THEN
    INSERT INTO PRODUCT (ID, NAME, CREATED_BY, CREATE_DATE) VALUES (PRD_ID_SEQ.NEXTVAL, 'Tablet', 'OFFERMAKER', SYSDATE);
    SELECT ID INTO CUR_PRD_ID FROM PRODUCT WHERE NAME = 'Tablet' AND ROWNUM <= 1;
  WHEN OTHERS THEN
    RAISE;
END;
INSERT INTO PRODUCT_OFFERING (ID, PRODUCT_ID, TAX_POLICY_TYPE_ID, QUANTITY, UNIT_PRICE, CREATED_BY, CREATE_DATE) VALUES (PO_ID_SEQ.NEXTVAL, CUR_PRD_ID, '1', '273', '0.357143', 'OFFERMAKER', SYSDATE);
INSERT INTO OFFER_PRODUCT_OFFERING (OFFER_ID, PRODUCT_OFFERING_ID, CREATED_BY, CREATE_DATE) VALUES (OFR_ID_SEQ.CURRVAL, PO_ID_SEQ.CURRVAL, 'OFFERMAKER', SYSDATE);
INSERT INTO DISCOUNT (ID, NAME, DESCRIPTION, FIXED_AMOUNT, PERCENT_AMOUNT, DISCOUNT_TYPE_ID, CREATED_BY, CREATE_DATE) VALUES (DSC_ID_SEQ.NEXTVAL, 'Discount', 'Off: 97.5. P.Disc: 48.7500. P.Full: 97.5000', '48.75', '0', 1, 'OFFERMAKER', SYSDATE);
INSERT INTO DISCOUNT_PRODUCT_OFFERING (DISCOUNT_ID, PRODUCT_OFFERING_ID, CREATED_BY, CREATE_DATE) VALUES (DSC_ID_SEQ.CURRVAL, PO_ID_SEQ.CURRVAL, 'OFFERMAKER', SYSDATE);
BEGIN
  SELECT ID INTO CUR_PRD_ID FROM PRODUCT WHERE NAME = 'TimesReader' AND ROWNUM <= 1;
EXCEPTION
  WHEN NO_DATA_FOUND THEN
    INSERT INTO PRODUCT (ID, NAME, CREATED_BY, CREATE_DATE) VALUES (PRD_ID_SEQ.NEXTVAL, 'TimesReader', 'OFFERMAKER', SYSDATE);
    SELECT ID INTO CUR_PRD_ID FROM PRODUCT WHERE NAME = 'TimesReader' AND ROWNUM <= 1;
  WHEN OTHERS THEN
    RAISE;
END;
INSERT INTO PRODUCT_OFFERING (ID, PRODUCT_ID, TAX_POLICY_TYPE_ID, QUANTITY, UNIT_PRICE, CREATED_BY, CREATE_DATE) VALUES (PO_ID_SEQ.NEXTVAL, CUR_PRD_ID, '1', '273', '0', 'OFFERMAKER', SYSDATE);
INSERT INTO OFFER_PRODUCT_OFFERING (OFFER_ID, PRODUCT_OFFERING_ID, CREATED_BY, CREATE_DATE) VALUES (OFR_ID_SEQ.CURRVAL, PO_ID_SEQ.CURRVAL, 'OFFERMAKER', SYSDATE);
INSERT INTO OFFER_OFFER_CHAIN (OFFER_ID, OFFER_CHAIN_ID, INDEX_VALUE, NUM_RECURRENCES, CREATED_BY, CREATE_DATE, updated_by, update_date) VALUES (OFR_ID_SEQ.CURRVAL, 3247210177, '1', '-1', 'OFFERMAKER', SYSDATE, 'OFFERMAKER', SYSDATE);
END;
END;
/
COMMIT;
DECLARE
TMP_VAR NUMBER;
CUR_PRD_ID NUMBER;
CUR_CAPABILITY_ID NUMBER;
BEGIN
BEGIN
  SELECT 1 INTO TMP_VAR FROM OFFER_CHAIN WHERE ID = 1014641298 AND ROWNUM <= 1;
  UPDATE OFFER_CHAIN SET NAME='NYTimes: All Digital Access', DESCRIPTION='Unlimited access to NYTimes.com, and the NYTimes smartphone and tablet apps.*', PRODUCT_URI='', VENDOR_SOURCE_ID='1', BILLING_SOURCE_ID=(SELECT ID FROM BILLING_SOURCE BS WHERE BS.NAME='Sartre'), IS_SEAT_LICENSE=0, GROUP_ACCOUNT_TYPE_ID='FL',IS_ADDRESS_REQUIRED=0, OFFER_CHAIN_STATUS_ID = 1, UPDATE_DATE = SYSDATE, UPDATED_BY = 'OFFERMAKER', IS_GIFT_CERTIFICATE='0', REVOKE_ENTITLEMENTS = '0', ADOPTABILITY_WINDOW_START_DATE = to_date('15-Jul-2013 00:00:00','DD-MON-YY HH24:MI:SS'), ADOPTABILITY_WINDOW_END_DATE = to_date('31-Dec-2069 00:00:00','DD-MON-YY HH24:MI:SS'), AMAZON_APPSTORE_SKU=NULL WHERE ID = 1014641298;
EXCEPTION
  WHEN NO_DATA_FOUND THEN
    INSERT INTO OFFER_CHAIN (ID, NAME, DESCRIPTION, ADOPTABILITY_WINDOW_START_DATE, ADOPTABILITY_WINDOW_END_DATE, IS_GIFT_CERTIFICATE, PRODUCT_URI, OFFER_CHAIN_STATUS_ID, REVOKE_ENTITLEMENTS, VENDOR_SOURCE_ID, BILLING_SOURCE_ID, IS_SEAT_LICENSE, GROUP_ACCOUNT_TYPE_ID, IS_ADDRESS_REQUIRED, AMAZON_APPSTORE_SKU, CREATED_BY, CREATE_DATE, updated_by, update_date) VALUES (1014641298, 'NYTimes: All Digital Access', 'Unlimited access to NYTimes.com, and the NYTimes smartphone and tablet apps.*', to_date('15-Jul-2013 00:00:00','DD-MON-YY HH24:MI:SS'), to_date('31-Dec-2069 00:00:00','DD-MON-YY HH24:MI:SS'), '0', NULL, '1', '0', '1', (SELECT ID FROM BILLING_SOURCE BS WHERE BS.NAME='Sartre'), decode('FL','IL',1,0), 'FL', '0', '', 'OFFERMAKER', SYSDATE, 'OFFERMAKER', SYSDATE);
END;
DELETE FROM OFFER_CHAIN_ELIGIBILITY WHERE offer_chain_id = 1014641298;
INSERT INTO OFFER_CHAIN_ELIGIBILITY (ID, OFFER_CHAIN_ID, NAME, VALUE, CREATED_BY, CREATE_DATE) VALUES (ELG_ID_SEQ.NEXTVAL, 1014641298, 'IS_COMP', '0', 'OFFERMAKER', SYSDATE);
INSERT INTO OFFER_CHAIN_ELIGIBILITY (ID, OFFER_CHAIN_ID, NAME, VALUE, CREATED_BY, CREATE_DATE) VALUES (ELG_ID_SEQ.NEXTVAL, 1014641298, 'MAX_CONCURRENT_SUBS', '1', 'OFFERMAKER', SYSDATE);
INSERT INTO OFFER_CHAIN_ELIGIBILITY (ID, OFFER_CHAIN_ID, NAME, VALUE, CREATED_BY, CREATE_DATE) VALUES (ELG_ID_SEQ.NEXTVAL, 1014641298, 'INTERNAL_ONLY', '0', 'OFFERMAKER', SYSDATE);
INSERT INTO OFFER_CHAIN_ELIGIBILITY (ID, OFFER_CHAIN_ID, NAME, VALUE, CREATED_BY, CREATE_DATE) VALUES (ELG_ID_SEQ.NEXTVAL, 1014641298, 'REDEEMER_PROHIBITED_ENTITLEMENTS', '0', 'OFFERMAKER', SYSDATE);
DELETE FROM OFFER_CHAIN_META_DATA WHERE offer_chain_id = 1014641298;
INSERT INTO OFFER_CHAIN_META_DATA (ID, OFFER_CHAIN_ID, NAME, VALUE, CREATED_BY, CREATE_DATE) VALUES (OCMD_ID_SEQ.NEXTVAL, 1014641298, 'BUNDLE_EXPLANATION', 'W+SP+T Teacher $154.12 for first 39 weeks and 50% off regular price thereafter - no email verify', 'OFFERMAKER', SYSDATE);
INSERT INTO OFFER_CHAIN_META_DATA (ID, OFFER_CHAIN_ID, NAME, VALUE, CREATED_BY, CREATE_DATE) VALUES (OCMD_ID_SEQ.NEXTVAL, 1014641298, 'PRICE_DESCRIPTION', 'All Digital Access $154.12 EDU Offer First 39 Weeks: $3.95/week Thereafter:$170.63 every 39 weeks', 'OFFERMAKER', SYSDATE);
INSERT INTO OFFER_CHAIN_META_DATA (ID, OFFER_CHAIN_ID, NAME, VALUE, CREATED_BY, CREATE_DATE) VALUES (OCMD_ID_SEQ.NEXTVAL, 1014641298, 'PRICE_SHORT_DESCRIPTION', 'W+SP+T Teacher/ $154.12 First 39 wks / $170.63every 39 wks thereafter', 'OFFERMAKER', SYSDATE);
INSERT INTO OFFER_CHAIN_META_DATA (ID, OFFER_CHAIN_ID, NAME, VALUE, CREATED_BY, CREATE_DATE) VALUES (OCMD_ID_SEQ.NEXTVAL, 1014641298, 'OFFER_TYPE', '$ 154.12 for first 39 Weeks', 'OFFERMAKER', SYSDATE);
INSERT INTO OFFER_CHAIN_META_DATA (ID, OFFER_CHAIN_ID, NAME, VALUE, CREATED_BY, CREATE_DATE) VALUES (OCMD_ID_SEQ.NEXTVAL, 1014641298, 'OFFER_PRICE_DESCRIPTOR', 'TEACHER RATE- 9 MNTH SUB- 50% off', 'OFFERMAKER', SYSDATE);
INSERT INTO OFFER_CHAIN_META_DATA (ID, OFFER_CHAIN_ID, NAME, VALUE, CREATED_BY, CREATE_DATE) VALUES (OCMD_ID_SEQ.NEXTVAL, 1014641298, 'OFFER_PRICE', '$154.12 for first 39 Weeks and $170.63 for next 39 Weeks thereafter', 'OFFERMAKER', SYSDATE);
INSERT INTO OFFER_CHAIN_META_DATA (ID, OFFER_CHAIN_ID, NAME, VALUE, CREATED_BY, CREATE_DATE) VALUES (OCMD_ID_SEQ.NEXTVAL, 1014641298, 'OFFER_PRICE_DETAIL', '($4.38 / week thereafter)', 'OFFERMAKER', SYSDATE);
INSERT INTO OFFER_CHAIN_META_DATA (ID, OFFER_CHAIN_ID, NAME, VALUE, CREATED_BY, CREATE_DATE) VALUES (OCMD_ID_SEQ.NEXTVAL, 1014641298, 'PROMO_PRICE_FOOTER_LABEL', 'First 39 Weeks', 'OFFERMAKER', SYSDATE);
INSERT INTO OFFER_CHAIN_META_DATA (ID, OFFER_CHAIN_ID, NAME, VALUE, CREATED_BY, CREATE_DATE) VALUES (OCMD_ID_SEQ.NEXTVAL, 1014641298, 'ACTUAL_PRICE_FOOTER_LABEL', 'Thereafter', 'OFFERMAKER', SYSDATE);
INSERT INTO OFFER_CHAIN_META_DATA (ID, OFFER_CHAIN_ID, NAME, VALUE, CREATED_BY, CREATE_DATE) VALUES (OCMD_ID_SEQ.NEXTVAL, 1014641298, 'BILLING_CYCLE', 'every 39 weeks', 'OFFERMAKER', SYSDATE);
INSERT INTO OFFER_CHAIN_META_DATA (ID, OFFER_CHAIN_ID, NAME, VALUE, CREATED_BY, CREATE_DATE) VALUES (OCMD_ID_SEQ.NEXTVAL, 1014641298, 'SUBSCRIBER_TYPE', 'K-12', 'OFFERMAKER', SYSDATE);
INSERT INTO OFFER_CHAIN_META_DATA (ID, OFFER_CHAIN_ID, NAME, VALUE, CREATED_BY, CREATE_DATE) VALUES (OCMD_ID_SEQ.NEXTVAL, 1014641298, 'REFUND_POLICY', 'Multi-week Billing: Full refund within first 30 days, No refund if cancelled in the last 30 days and access remains through the end of the period.  Otherwise, pro-rated refund and access removed within 6 hours.', 'OFFERMAKER', SYSDATE);
INSERT INTO OFFER_CHAIN_META_DATA (ID, OFFER_CHAIN_ID, NAME, VALUE, CREATED_BY, CREATE_DATE) VALUES (OCMD_ID_SEQ.NEXTVAL, 1014641298, 'CANCELABLE', '1', 'OFFERMAKER', SYSDATE);
INSERT INTO OFFER_CHAIN_META_DATA (ID, OFFER_CHAIN_ID, NAME, VALUE, CREATED_BY, CREATE_DATE) VALUES (OCMD_ID_SEQ.NEXTVAL, 1014641298, 'REFUNDABLE', '1', 'OFFERMAKER', SYSDATE);
INSERT INTO OFFER_CHAIN_META_DATA (ID, OFFER_CHAIN_ID, NAME, VALUE, CREATED_BY, CREATE_DATE) VALUES (OCMD_ID_SEQ.NEXTVAL, 1014641298, 'FULL_REFUND_DAYS_LIMIT', '30', 'OFFERMAKER', SYSDATE);
INSERT INTO OFFER_CHAIN_META_DATA (ID, OFFER_CHAIN_ID, NAME, VALUE, CREATED_BY, CREATE_DATE) VALUES (OCMD_ID_SEQ.NEXTVAL, 1014641298, 'PRORATED_REFUND_DAYS_LIMIT', '243', 'OFFERMAKER', SYSDATE);
INSERT INTO OFFER_CHAIN_META_DATA (ID, OFFER_CHAIN_ID, NAME, VALUE, CREATED_BY, CREATE_DATE) VALUES (OCMD_ID_SEQ.NEXTVAL, 1014641298, 'OPEN_TO_ANONYMOUS', '1', 'OFFERMAKER', SYSDATE);
INSERT INTO OFFER_CHAIN_META_DATA (ID, OFFER_CHAIN_ID, NAME, VALUE, CREATED_BY, CREATE_DATE) VALUES (OCMD_ID_SEQ.NEXTVAL, 1014641298, 'BUNDLE', 'Bundle D (Digital All Access)', 'OFFERMAKER', SYSDATE);
INSERT INTO OFFER_CHAIN_META_DATA (ID, OFFER_CHAIN_ID, NAME, VALUE, CREATED_BY, CREATE_DATE) VALUES (OCMD_ID_SEQ.NEXTVAL, 1014641298, 'ADX_BUNDLE', 'MM_EDU', 'OFFERMAKER', SYSDATE);
INSERT INTO OFFER_CHAIN_META_DATA (ID, OFFER_CHAIN_ID, NAME, VALUE, CREATED_BY, CREATE_DATE) VALUES (OCMD_ID_SEQ.NEXTVAL, 1014641298, 'SIEBEL_CAMPAIGN_CODE', '3KJYX', 'OFFERMAKER', SYSDATE);
INSERT INTO OFFER_CHAIN_META_DATA (ID, OFFER_CHAIN_ID, NAME, VALUE, CREATED_BY, CREATE_DATE) VALUES (OCMD_ID_SEQ.NEXTVAL, 1014641298, 'ANNUAL_PRICE', '227.50', 'OFFERMAKER', SYSDATE);
INSERT INTO OFFER_CHAIN_META_DATA (ID, OFFER_CHAIN_ID, NAME, VALUE, CREATED_BY, CREATE_DATE) VALUES (OCMD_ID_SEQ.NEXTVAL, 1014641298, 'UID', '9c2305f936e3df23e627a0d03b850f48179c7d0755f78488d167150beb5e6421', 'OFFERMAKER', SYSDATE);
DELETE FROM OFFER_CHAIN_NOTIFICATION_TYPE WHERE offer_chain_id = 1014641298;
BEGIN
  SELECT 1 INTO TMP_VAR FROM ACTION WHERE NAME = 'SUBSCRIBE_TO_OFFER_CHAIN';
EXCEPTION
  WHEN NO_DATA_FOUND THEN
    INSERT INTO ACTION (ID, NAME, CREATE_DATE, CREATED_BY) VALUES (ACTION_ID_SEQ.NEXTVAL, 'SUBSCRIBE_TO_OFFER_CHAIN', SYSDATE, 'OFFERMAKER');
END;
BEGIN
  SELECT 1 INTO TMP_VAR FROM CORE_OWNER.NOTIFICATION_TYPE WHERE VALUE = 'sartre-digital-purchase-k12';
EXCEPTION
  WHEN NO_DATA_FOUND THEN NULL;
    INSERT INTO CORE_OWNER.NOTIFICATION_TYPE (ID, VALUE, TEMPLATE_URL) VALUES (CORE_OWNER.NOTTID_SEQ.NEXTVAL, 'sartre-digital-purchase-k12', 'N/A');
END;
BEGIN
  SELECT 1 INTO TMP_VAR FROM ACTION WHERE NAME = 'UPGRADE_SUBSCRIPTION';
EXCEPTION
  WHEN NO_DATA_FOUND THEN
    INSERT INTO ACTION (ID, NAME, CREATE_DATE, CREATED_BY) VALUES (ACTION_ID_SEQ.NEXTVAL, 'UPGRADE_SUBSCRIPTION', SYSDATE, 'OFFERMAKER');
END;
BEGIN
  SELECT 1 INTO TMP_VAR FROM CORE_OWNER.NOTIFICATION_TYPE WHERE VALUE = 'sartre-digital-purchase-k12';
EXCEPTION
  WHEN NO_DATA_FOUND THEN NULL;
    INSERT INTO CORE_OWNER.NOTIFICATION_TYPE (ID, VALUE, TEMPLATE_URL) VALUES (CORE_OWNER.NOTTID_SEQ.NEXTVAL, 'sartre-digital-purchase-k12', 'N/A');
END;
BEGIN
  SELECT 1 INTO TMP_VAR FROM ACTION WHERE NAME = 'CANCEL_SUBSCRIPTION';
EXCEPTION
  WHEN NO_DATA_FOUND THEN
    INSERT INTO ACTION (ID, NAME, CREATE_DATE, CREATED_BY) VALUES (ACTION_ID_SEQ.NEXTVAL, 'CANCEL_SUBSCRIPTION', SYSDATE, 'OFFERMAKER');
END;
BEGIN
  SELECT 1 INTO TMP_VAR FROM CORE_OWNER.NOTIFICATION_TYPE WHERE VALUE = 'sartre-cancel';
EXCEPTION
  WHEN NO_DATA_FOUND THEN NULL;
    INSERT INTO CORE_OWNER.NOTIFICATION_TYPE (ID, VALUE, TEMPLATE_URL) VALUES (CORE_OWNER.NOTTID_SEQ.NEXTVAL, 'sartre-cancel', 'N/A');
END;
BEGIN
  SELECT 1 INTO TMP_VAR FROM ACTION WHERE NAME = 'SYSTEM_CANCEL';
EXCEPTION
  WHEN NO_DATA_FOUND THEN
    INSERT INTO ACTION (ID, NAME, CREATE_DATE, CREATED_BY) VALUES (ACTION_ID_SEQ.NEXTVAL, 'SYSTEM_CANCEL', SYSDATE, 'OFFERMAKER');
END;
BEGIN
  SELECT 1 INTO TMP_VAR FROM CORE_OWNER.NOTIFICATION_TYPE WHERE VALUE = 'sartre-decline';
EXCEPTION
  WHEN NO_DATA_FOUND THEN NULL;
    INSERT INTO CORE_OWNER.NOTIFICATION_TYPE (ID, VALUE, TEMPLATE_URL) VALUES (CORE_OWNER.NOTTID_SEQ.NEXTVAL, 'sartre-decline', 'N/A');
END;
BEGIN
  SELECT 1 INTO TMP_VAR FROM ACTION WHERE NAME = 'CREDIT_CARD_EXP';
EXCEPTION
  WHEN NO_DATA_FOUND THEN
    INSERT INTO ACTION (ID, NAME, CREATE_DATE, CREATED_BY) VALUES (ACTION_ID_SEQ.NEXTVAL, 'CREDIT_CARD_EXP', SYSDATE, 'OFFERMAKER');
END;
BEGIN
  SELECT 1 INTO TMP_VAR FROM CORE_OWNER.NOTIFICATION_TYPE WHERE VALUE = 'card_expiration';
EXCEPTION
  WHEN NO_DATA_FOUND THEN NULL;
    INSERT INTO CORE_OWNER.NOTIFICATION_TYPE (ID, VALUE, TEMPLATE_URL) VALUES (CORE_OWNER.NOTTID_SEQ.NEXTVAL, 'card_expiration', 'N/A');
END;
INSERT INTO OFFER_CHAIN_NOTIFICATION_TYPE (ID, OFFER_CHAIN_ID, NOTIFICATION_TYPE_ID, ACTION_ID, CREATED_BY, CREATE_DATE) VALUES (OCET_ID_SEQ.NEXTVAL, 1014641298, (SELECT ID FROM CORE_OWNER.NOTIFICATION_TYPE WHERE VALUE = 'sartre-digital-purchase-k12'), (SELECT ID FROM ACTION WHERE NAME = 'SUBSCRIBE_TO_OFFER_CHAIN'), 'OFFERMAKER', SYSDATE);
INSERT INTO OFFER_CHAIN_NOTIFICATION_TYPE (ID, OFFER_CHAIN_ID, NOTIFICATION_TYPE_ID, ACTION_ID, CREATED_BY, CREATE_DATE) VALUES (OCET_ID_SEQ.NEXTVAL, 1014641298, (SELECT ID FROM CORE_OWNER.NOTIFICATION_TYPE WHERE VALUE = 'sartre-digital-purchase-k12'), (SELECT ID FROM ACTION WHERE NAME = 'UPGRADE_SUBSCRIPTION'), 'OFFERMAKER', SYSDATE);
INSERT INTO OFFER_CHAIN_NOTIFICATION_TYPE (ID, OFFER_CHAIN_ID, NOTIFICATION_TYPE_ID, ACTION_ID, CREATED_BY, CREATE_DATE) VALUES (OCET_ID_SEQ.NEXTVAL, 1014641298, (SELECT ID FROM CORE_OWNER.NOTIFICATION_TYPE WHERE VALUE = 'sartre-cancel'), (SELECT ID FROM ACTION WHERE NAME = 'CANCEL_SUBSCRIPTION'), 'OFFERMAKER', SYSDATE);
INSERT INTO OFFER_CHAIN_NOTIFICATION_TYPE (ID, OFFER_CHAIN_ID, NOTIFICATION_TYPE_ID, ACTION_ID, CREATED_BY, CREATE_DATE) VALUES (OCET_ID_SEQ.NEXTVAL, 1014641298, (SELECT ID FROM CORE_OWNER.NOTIFICATION_TYPE WHERE VALUE = 'sartre-decline'), (SELECT ID FROM ACTION WHERE NAME = 'SYSTEM_CANCEL'), 'OFFERMAKER', SYSDATE);
INSERT INTO OFFER_CHAIN_NOTIFICATION_TYPE (ID, OFFER_CHAIN_ID, NOTIFICATION_TYPE_ID, ACTION_ID, CREATED_BY, CREATE_DATE) VALUES (OCET_ID_SEQ.NEXTVAL, 1014641298, (SELECT ID FROM CORE_OWNER.NOTIFICATION_TYPE WHERE VALUE = 'card_expiration'), (SELECT ID FROM ACTION WHERE NAME = 'CREDIT_CARD_EXP'), 'OFFERMAKER', SYSDATE);
BEGIN
  SELECT 1 INTO TMP_VAR FROM OFFER_OFFER_CHAIN WHERE OFFER_CHAIN_ID = 1014641298 AND INDEX_VALUE = 0 AND ROWNUM <= 1;
EXCEPTION
  WHEN NO_DATA_FOUND THEN
INSERT INTO OFFER (ID, OFFER_STATUS_ID, ENTITLEMENT_DURATION, CREATED_BY, CREATE_DATE, updated_by, update_date) VALUES (OFR_ID_SEQ.NEXTVAL, 1, 'P0Y0M273DT0H0M', 'OFFERMAKER', SYSDATE, 'OFFERMAKER', SYSDATE);
BEGIN
  SELECT ID INTO CUR_PRD_ID FROM PRODUCT WHERE NAME = 'Web' AND ROWNUM <= 1;
EXCEPTION
  WHEN NO_DATA_FOUND THEN
    INSERT INTO PRODUCT (ID, NAME, CREATED_BY, CREATE_DATE) VALUES (PRD_ID_SEQ.NEXTVAL, 'Web', 'OFFERMAKER', SYSDATE);
    SELECT ID INTO CUR_PRD_ID FROM PRODUCT WHERE NAME = 'Web' AND ROWNUM <= 1;
  WHEN OTHERS THEN
    RAISE;
END;
INSERT INTO PRODUCT_OFFERING (ID, PRODUCT_ID, TAX_POLICY_TYPE_ID, QUANTITY, UNIT_PRICE, CREATED_BY, CREATE_DATE) VALUES (PO_ID_SEQ.NEXTVAL, CUR_PRD_ID, '1', '273', '0.357143', 'OFFERMAKER', SYSDATE);
INSERT INTO OFFER_PRODUCT_OFFERING (OFFER_ID, PRODUCT_OFFERING_ID, CREATED_BY, CREATE_DATE) VALUES (OFR_ID_SEQ.CURRVAL, PO_ID_SEQ.CURRVAL, 'OFFERMAKER', SYSDATE);
INSERT INTO DISCOUNT (ID, NAME, DESCRIPTION, FIXED_AMOUNT, PERCENT_AMOUNT, DISCOUNT_TYPE_ID, CREATED_BY, CREATE_DATE) VALUES (DSC_ID_SEQ.NEXTVAL, 'Discount', 'Off: 154.12. P.Disc: 44.0300. P.Full: 97.5000', '53.47', '0', 1, 'OFFERMAKER', SYSDATE);
INSERT INTO DISCOUNT_PRODUCT_OFFERING (DISCOUNT_ID, PRODUCT_OFFERING_ID, CREATED_BY, CREATE_DATE) VALUES (DSC_ID_SEQ.CURRVAL, PO_ID_SEQ.CURRVAL, 'OFFERMAKER', SYSDATE);
BEGIN
  SELECT ID INTO CUR_PRD_ID FROM PRODUCT WHERE NAME = 'Mobile' AND ROWNUM <= 1;
EXCEPTION
  WHEN NO_DATA_FOUND THEN
    INSERT INTO PRODUCT (ID, NAME, CREATED_BY, CREATE_DATE) VALUES (PRD_ID_SEQ.NEXTVAL, 'Mobile', 'OFFERMAKER', SYSDATE);
    SELECT ID INTO CUR_PRD_ID FROM PRODUCT WHERE NAME = 'Mobile' AND ROWNUM <= 1;
  WHEN OTHERS THEN
    RAISE;
END;
INSERT INTO PRODUCT_OFFERING (ID, PRODUCT_ID, TAX_POLICY_TYPE_ID, QUANTITY, UNIT_PRICE, CREATED_BY, CREATE_DATE) VALUES (PO_ID_SEQ.NEXTVAL, CUR_PRD_ID, '1', '273', '0', 'OFFERMAKER', SYSDATE);
INSERT INTO OFFER_PRODUCT_OFFERING (OFFER_ID, PRODUCT_OFFERING_ID, CREATED_BY, CREATE_DATE) VALUES (OFR_ID_SEQ.CURRVAL, PO_ID_SEQ.CURRVAL, 'OFFERMAKER', SYSDATE);
BEGIN
  SELECT ID INTO CUR_PRD_ID FROM PRODUCT WHERE NAME = 'Archive Article' AND ROWNUM <= 1;
EXCEPTION
  WHEN NO_DATA_FOUND THEN
    INSERT INTO PRODUCT (ID, NAME, CREATED_BY, CREATE_DATE) VALUES (PRD_ID_SEQ.NEXTVAL, 'Archive Article', 'OFFERMAKER', SYSDATE);
    SELECT ID INTO CUR_PRD_ID FROM PRODUCT WHERE NAME = 'Archive Article' AND ROWNUM <= 1;
  WHEN OTHERS THEN
    RAISE;
END;
INSERT INTO PRODUCT_OFFERING (ID, PRODUCT_ID, TAX_POLICY_TYPE_ID, QUANTITY, UNIT_PRICE, CREATED_BY, CREATE_DATE) VALUES (PO_ID_SEQ.NEXTVAL, CUR_PRD_ID, '1', '975', '0', 'OFFERMAKER', SYSDATE);
INSERT INTO OFFER_PRODUCT_OFFERING (OFFER_ID, PRODUCT_OFFERING_ID, CREATED_BY, CREATE_DATE) VALUES (OFR_ID_SEQ.CURRVAL, PO_ID_SEQ.CURRVAL, 'OFFERMAKER', SYSDATE);
BEGIN
  SELECT ID INTO CUR_PRD_ID FROM PRODUCT WHERE NAME = 'TimesMachine' AND ROWNUM <= 1;
EXCEPTION
  WHEN NO_DATA_FOUND THEN
    INSERT INTO PRODUCT (ID, NAME, CREATED_BY, CREATE_DATE) VALUES (PRD_ID_SEQ.NEXTVAL, 'TimesMachine', 'OFFERMAKER', SYSDATE);
    SELECT ID INTO CUR_PRD_ID FROM PRODUCT WHERE NAME = 'TimesMachine' AND ROWNUM <= 1;
  WHEN OTHERS THEN
    RAISE;
END;
INSERT INTO PRODUCT_OFFERING (ID, PRODUCT_ID, TAX_POLICY_TYPE_ID, QUANTITY, UNIT_PRICE, CREATED_BY, CREATE_DATE) VALUES (PO_ID_SEQ.NEXTVAL, CUR_PRD_ID, '1', '273', '0', 'OFFERMAKER', SYSDATE);
INSERT INTO OFFER_PRODUCT_OFFERING (OFFER_ID, PRODUCT_OFFERING_ID, CREATED_BY, CREATE_DATE) VALUES (OFR_ID_SEQ.CURRVAL, PO_ID_SEQ.CURRVAL, 'OFFERMAKER', SYSDATE);
BEGIN
  SELECT ID INTO CUR_PRD_ID FROM PRODUCT WHERE NAME = 'Smartphone' AND ROWNUM <= 1;
EXCEPTION
  WHEN NO_DATA_FOUND THEN
    INSERT INTO PRODUCT (ID, NAME, CREATED_BY, CREATE_DATE) VALUES (PRD_ID_SEQ.NEXTVAL, 'Smartphone', 'OFFERMAKER', SYSDATE);
    SELECT ID INTO CUR_PRD_ID FROM PRODUCT WHERE NAME = 'Smartphone' AND ROWNUM <= 1;
  WHEN OTHERS THEN
    RAISE;
END;
INSERT INTO PRODUCT_OFFERING (ID, PRODUCT_ID, TAX_POLICY_TYPE_ID, QUANTITY, UNIT_PRICE, CREATED_BY, CREATE_DATE) VALUES (PO_ID_SEQ.NEXTVAL, CUR_PRD_ID, '1', '273', '0.178571', 'OFFERMAKER', SYSDATE);
INSERT INTO OFFER_PRODUCT_OFFERING (OFFER_ID, PRODUCT_OFFERING_ID, CREATED_BY, CREATE_DATE) VALUES (OFR_ID_SEQ.CURRVAL, PO_ID_SEQ.CURRVAL, 'OFFERMAKER', SYSDATE);
INSERT INTO DISCOUNT (ID, NAME, DESCRIPTION, FIXED_AMOUNT, PERCENT_AMOUNT, DISCOUNT_TYPE_ID, CREATED_BY, CREATE_DATE) VALUES (DSC_ID_SEQ.NEXTVAL, 'Discount', 'Off: 154.12. P.Disc: 22.0199. P.Full: 48.7499', '26.73', '0', 1, 'OFFERMAKER', SYSDATE);
INSERT INTO DISCOUNT_PRODUCT_OFFERING (DISCOUNT_ID, PRODUCT_OFFERING_ID, CREATED_BY, CREATE_DATE) VALUES (DSC_ID_SEQ.CURRVAL, PO_ID_SEQ.CURRVAL, 'OFFERMAKER', SYSDATE);
BEGIN
  SELECT ID INTO CUR_PRD_ID FROM PRODUCT WHERE NAME = 'Tablet' AND ROWNUM <= 1;
EXCEPTION
  WHEN NO_DATA_FOUND THEN
    INSERT INTO PRODUCT (ID, NAME, CREATED_BY, CREATE_DATE) VALUES (PRD_ID_SEQ.NEXTVAL, 'Tablet', 'OFFERMAKER', SYSDATE);
    SELECT ID INTO CUR_PRD_ID FROM PRODUCT WHERE NAME = 'Tablet' AND ROWNUM <= 1;
  WHEN OTHERS THEN
    RAISE;
END;
INSERT INTO PRODUCT_OFFERING (ID, PRODUCT_ID, TAX_POLICY_TYPE_ID, QUANTITY, UNIT_PRICE, CREATED_BY, CREATE_DATE) VALUES (PO_ID_SEQ.NEXTVAL, CUR_PRD_ID, '1', '273', '0.714286', 'OFFERMAKER', SYSDATE);
INSERT INTO OFFER_PRODUCT_OFFERING (OFFER_ID, PRODUCT_OFFERING_ID, CREATED_BY, CREATE_DATE) VALUES (OFR_ID_SEQ.CURRVAL, PO_ID_SEQ.CURRVAL, 'OFFERMAKER', SYSDATE);
INSERT INTO DISCOUNT (ID, NAME, DESCRIPTION, FIXED_AMOUNT, PERCENT_AMOUNT, DISCOUNT_TYPE_ID, CREATED_BY, CREATE_DATE) VALUES (DSC_ID_SEQ.NEXTVAL, 'Discount', 'Off: 154.12. P.Disc: 88.070. P.Full: 195.000', '106.93', '0', 1, 'OFFERMAKER', SYSDATE);
INSERT INTO DISCOUNT_PRODUCT_OFFERING (DISCOUNT_ID, PRODUCT_OFFERING_ID, CREATED_BY, CREATE_DATE) VALUES (DSC_ID_SEQ.CURRVAL, PO_ID_SEQ.CURRVAL, 'OFFERMAKER', SYSDATE);
BEGIN
  SELECT ID INTO CUR_PRD_ID FROM PRODUCT WHERE NAME = 'TimesReader' AND ROWNUM <= 1;
EXCEPTION
  WHEN NO_DATA_FOUND THEN
    INSERT INTO PRODUCT (ID, NAME, CREATED_BY, CREATE_DATE) VALUES (PRD_ID_SEQ.NEXTVAL, 'TimesReader', 'OFFERMAKER', SYSDATE);
    SELECT ID INTO CUR_PRD_ID FROM PRODUCT WHERE NAME = 'TimesReader' AND ROWNUM <= 1;
  WHEN OTHERS THEN
    RAISE;
END;
INSERT INTO PRODUCT_OFFERING (ID, PRODUCT_ID, TAX_POLICY_TYPE_ID, QUANTITY, UNIT_PRICE, CREATED_BY, CREATE_DATE) VALUES (PO_ID_SEQ.NEXTVAL, CUR_PRD_ID, '1', '273', '0', 'OFFERMAKER', SYSDATE);
INSERT INTO OFFER_PRODUCT_OFFERING (OFFER_ID, PRODUCT_OFFERING_ID, CREATED_BY, CREATE_DATE) VALUES (OFR_ID_SEQ.CURRVAL, PO_ID_SEQ.CURRVAL, 'OFFERMAKER', SYSDATE);
INSERT INTO OFFER_OFFER_CHAIN (OFFER_ID, OFFER_CHAIN_ID, INDEX_VALUE, NUM_RECURRENCES, CREATED_BY, CREATE_DATE, updated_by, update_date) VALUES (OFR_ID_SEQ.CURRVAL, 1014641298, '0', '1', 'OFFERMAKER', SYSDATE, 'OFFERMAKER', SYSDATE);
END;
BEGIN
  SELECT 1 INTO TMP_VAR FROM OFFER_OFFER_CHAIN WHERE OFFER_CHAIN_ID = 1014641298 AND INDEX_VALUE = 1 AND ROWNUM <= 1;
EXCEPTION
  WHEN NO_DATA_FOUND THEN
INSERT INTO OFFER (ID, OFFER_STATUS_ID, ENTITLEMENT_DURATION, CREATED_BY, CREATE_DATE, updated_by, update_date) VALUES (OFR_ID_SEQ.NEXTVAL, 1, 'P0Y0M273DT0H0M', 'OFFERMAKER', SYSDATE, 'OFFERMAKER', SYSDATE);
BEGIN
  SELECT ID INTO CUR_PRD_ID FROM PRODUCT WHERE NAME = 'Web' AND ROWNUM <= 1;
EXCEPTION
  WHEN NO_DATA_FOUND THEN
    INSERT INTO PRODUCT (ID, NAME, CREATED_BY, CREATE_DATE) VALUES (PRD_ID_SEQ.NEXTVAL, 'Web', 'OFFERMAKER', SYSDATE);
    SELECT ID INTO CUR_PRD_ID FROM PRODUCT WHERE NAME = 'Web' AND ROWNUM <= 1;
  WHEN OTHERS THEN
    RAISE;
END;
INSERT INTO PRODUCT_OFFERING (ID, PRODUCT_ID, TAX_POLICY_TYPE_ID, QUANTITY, UNIT_PRICE, CREATED_BY, CREATE_DATE) VALUES (PO_ID_SEQ.NEXTVAL, CUR_PRD_ID, '1', '273', '0.357143', 'OFFERMAKER', SYSDATE);
INSERT INTO OFFER_PRODUCT_OFFERING (OFFER_ID, PRODUCT_OFFERING_ID, CREATED_BY, CREATE_DATE) VALUES (OFR_ID_SEQ.CURRVAL, PO_ID_SEQ.CURRVAL, 'OFFERMAKER', SYSDATE);
INSERT INTO DISCOUNT (ID, NAME, DESCRIPTION, FIXED_AMOUNT, PERCENT_AMOUNT, DISCOUNT_TYPE_ID, CREATED_BY, CREATE_DATE) VALUES (DSC_ID_SEQ.NEXTVAL, 'Discount', 'Off: 170.63. P.Disc: 48.7500. P.Full: 97.5000', '48.75', '0', 1, 'OFFERMAKER', SYSDATE);
INSERT INTO DISCOUNT_PRODUCT_OFFERING (DISCOUNT_ID, PRODUCT_OFFERING_ID, CREATED_BY, CREATE_DATE) VALUES (DSC_ID_SEQ.CURRVAL, PO_ID_SEQ.CURRVAL, 'OFFERMAKER', SYSDATE);
BEGIN
  SELECT ID INTO CUR_PRD_ID FROM PRODUCT WHERE NAME = 'Mobile' AND ROWNUM <= 1;
EXCEPTION
  WHEN NO_DATA_FOUND THEN
    INSERT INTO PRODUCT (ID, NAME, CREATED_BY, CREATE_DATE) VALUES (PRD_ID_SEQ.NEXTVAL, 'Mobile', 'OFFERMAKER', SYSDATE);
    SELECT ID INTO CUR_PRD_ID FROM PRODUCT WHERE NAME = 'Mobile' AND ROWNUM <= 1;
  WHEN OTHERS THEN
    RAISE;
END;
INSERT INTO PRODUCT_OFFERING (ID, PRODUCT_ID, TAX_POLICY_TYPE_ID, QUANTITY, UNIT_PRICE, CREATED_BY, CREATE_DATE) VALUES (PO_ID_SEQ.NEXTVAL, CUR_PRD_ID, '1', '273', '0', 'OFFERMAKER', SYSDATE);
INSERT INTO OFFER_PRODUCT_OFFERING (OFFER_ID, PRODUCT_OFFERING_ID, CREATED_BY, CREATE_DATE) VALUES (OFR_ID_SEQ.CURRVAL, PO_ID_SEQ.CURRVAL, 'OFFERMAKER', SYSDATE);
BEGIN
  SELECT ID INTO CUR_PRD_ID FROM PRODUCT WHERE NAME = 'Archive Article' AND ROWNUM <= 1;
EXCEPTION
  WHEN NO_DATA_FOUND THEN
    INSERT INTO PRODUCT (ID, NAME, CREATED_BY, CREATE_DATE) VALUES (PRD_ID_SEQ.NEXTVAL, 'Archive Article', 'OFFERMAKER', SYSDATE);
    SELECT ID INTO CUR_PRD_ID FROM PRODUCT WHERE NAME = 'Archive Article' AND ROWNUM <= 1;
  WHEN OTHERS THEN
    RAISE;
END;
INSERT INTO PRODUCT_OFFERING (ID, PRODUCT_ID, TAX_POLICY_TYPE_ID, QUANTITY, UNIT_PRICE, CREATED_BY, CREATE_DATE) VALUES (PO_ID_SEQ.NEXTVAL, CUR_PRD_ID, '1', '975', '0', 'OFFERMAKER', SYSDATE);
INSERT INTO OFFER_PRODUCT_OFFERING (OFFER_ID, PRODUCT_OFFERING_ID, CREATED_BY, CREATE_DATE) VALUES (OFR_ID_SEQ.CURRVAL, PO_ID_SEQ.CURRVAL, 'OFFERMAKER', SYSDATE);
BEGIN
  SELECT ID INTO CUR_PRD_ID FROM PRODUCT WHERE NAME = 'TimesMachine' AND ROWNUM <= 1;
EXCEPTION
  WHEN NO_DATA_FOUND THEN
    INSERT INTO PRODUCT (ID, NAME, CREATED_BY, CREATE_DATE) VALUES (PRD_ID_SEQ.NEXTVAL, 'TimesMachine', 'OFFERMAKER', SYSDATE);
    SELECT ID INTO CUR_PRD_ID FROM PRODUCT WHERE NAME = 'TimesMachine' AND ROWNUM <= 1;
  WHEN OTHERS THEN
    RAISE;
END;
INSERT INTO PRODUCT_OFFERING (ID, PRODUCT_ID, TAX_POLICY_TYPE_ID, QUANTITY, UNIT_PRICE, CREATED_BY, CREATE_DATE) VALUES (PO_ID_SEQ.NEXTVAL, CUR_PRD_ID, '1', '273', '0', 'OFFERMAKER', SYSDATE);
INSERT INTO OFFER_PRODUCT_OFFERING (OFFER_ID, PRODUCT_OFFERING_ID, CREATED_BY, CREATE_DATE) VALUES (OFR_ID_SEQ.CURRVAL, PO_ID_SEQ.CURRVAL, 'OFFERMAKER', SYSDATE);
BEGIN
  SELECT ID INTO CUR_PRD_ID FROM PRODUCT WHERE NAME = 'Smartphone' AND ROWNUM <= 1;
EXCEPTION
  WHEN NO_DATA_FOUND THEN
    INSERT INTO PRODUCT (ID, NAME, CREATED_BY, CREATE_DATE) VALUES (PRD_ID_SEQ.NEXTVAL, 'Smartphone', 'OFFERMAKER', SYSDATE);
    SELECT ID INTO CUR_PRD_ID FROM PRODUCT WHERE NAME = 'Smartphone' AND ROWNUM <= 1;
  WHEN OTHERS THEN
    RAISE;
END;
INSERT INTO PRODUCT_OFFERING (ID, PRODUCT_ID, TAX_POLICY_TYPE_ID, QUANTITY, UNIT_PRICE, CREATED_BY, CREATE_DATE) VALUES (PO_ID_SEQ.NEXTVAL, CUR_PRD_ID, '1', '273', '0.178571', 'OFFERMAKER', SYSDATE);
INSERT INTO OFFER_PRODUCT_OFFERING (OFFER_ID, PRODUCT_OFFERING_ID, CREATED_BY, CREATE_DATE) VALUES (OFR_ID_SEQ.CURRVAL, PO_ID_SEQ.CURRVAL, 'OFFERMAKER', SYSDATE);
INSERT INTO DISCOUNT (ID, NAME, DESCRIPTION, FIXED_AMOUNT, PERCENT_AMOUNT, DISCOUNT_TYPE_ID, CREATED_BY, CREATE_DATE) VALUES (DSC_ID_SEQ.NEXTVAL, 'Discount', 'Off: 170.63. P.Disc: 24.3799. P.Full: 48.7499', '24.37', '0', 1, 'OFFERMAKER', SYSDATE);
INSERT INTO DISCOUNT_PRODUCT_OFFERING (DISCOUNT_ID, PRODUCT_OFFERING_ID, CREATED_BY, CREATE_DATE) VALUES (DSC_ID_SEQ.CURRVAL, PO_ID_SEQ.CURRVAL, 'OFFERMAKER', SYSDATE);
BEGIN
  SELECT ID INTO CUR_PRD_ID FROM PRODUCT WHERE NAME = 'Tablet' AND ROWNUM <= 1;
EXCEPTION
  WHEN NO_DATA_FOUND THEN
    INSERT INTO PRODUCT (ID, NAME, CREATED_BY, CREATE_DATE) VALUES (PRD_ID_SEQ.NEXTVAL, 'Tablet', 'OFFERMAKER', SYSDATE);
    SELECT ID INTO CUR_PRD_ID FROM PRODUCT WHERE NAME = 'Tablet' AND ROWNUM <= 1;
  WHEN OTHERS THEN
    RAISE;
END;
INSERT INTO PRODUCT_OFFERING (ID, PRODUCT_ID, TAX_POLICY_TYPE_ID, QUANTITY, UNIT_PRICE, CREATED_BY, CREATE_DATE) VALUES (PO_ID_SEQ.NEXTVAL, CUR_PRD_ID, '1', '273', '0.714286', 'OFFERMAKER', SYSDATE);
INSERT INTO OFFER_PRODUCT_OFFERING (OFFER_ID, PRODUCT_OFFERING_ID, CREATED_BY, CREATE_DATE) VALUES (OFR_ID_SEQ.CURRVAL, PO_ID_SEQ.CURRVAL, 'OFFERMAKER', SYSDATE);
INSERT INTO DISCOUNT (ID, NAME, DESCRIPTION, FIXED_AMOUNT, PERCENT_AMOUNT, DISCOUNT_TYPE_ID, CREATED_BY, CREATE_DATE) VALUES (DSC_ID_SEQ.NEXTVAL, 'Discount', 'Off: 170.63. P.Disc: 97.500. P.Full: 195.000', '97.50', '0', 1, 'OFFERMAKER', SYSDATE);
INSERT INTO DISCOUNT_PRODUCT_OFFERING (DISCOUNT_ID, PRODUCT_OFFERING_ID, CREATED_BY, CREATE_DATE) VALUES (DSC_ID_SEQ.CURRVAL, PO_ID_SEQ.CURRVAL, 'OFFERMAKER', SYSDATE);
BEGIN
  SELECT ID INTO CUR_PRD_ID FROM PRODUCT WHERE NAME = 'TimesReader' AND ROWNUM <= 1;
EXCEPTION
  WHEN NO_DATA_FOUND THEN
    INSERT INTO PRODUCT (ID, NAME, CREATED_BY, CREATE_DATE) VALUES (PRD_ID_SEQ.NEXTVAL, 'TimesReader', 'OFFERMAKER', SYSDATE);
    SELECT ID INTO CUR_PRD_ID FROM PRODUCT WHERE NAME = 'TimesReader' AND ROWNUM <= 1;
  WHEN OTHERS THEN
    RAISE;
END;
INSERT INTO PRODUCT_OFFERING (ID, PRODUCT_ID, TAX_POLICY_TYPE_ID, QUANTITY, UNIT_PRICE, CREATED_BY, CREATE_DATE) VALUES (PO_ID_SEQ.NEXTVAL, CUR_PRD_ID, '1', '273', '0', 'OFFERMAKER', SYSDATE);
INSERT INTO OFFER_PRODUCT_OFFERING (OFFER_ID, PRODUCT_OFFERING_ID, CREATED_BY, CREATE_DATE) VALUES (OFR_ID_SEQ.CURRVAL, PO_ID_SEQ.CURRVAL, 'OFFERMAKER', SYSDATE);
INSERT INTO OFFER_OFFER_CHAIN (OFFER_ID, OFFER_CHAIN_ID, INDEX_VALUE, NUM_RECURRENCES, CREATED_BY, CREATE_DATE, updated_by, update_date) VALUES (OFR_ID_SEQ.CURRVAL, 1014641298, '1', '-1', 'OFFERMAKER', SYSDATE, 'OFFERMAKER', SYSDATE);
END;
END;
/
COMMIT;
DECLARE
TMP_VAR NUMBER;
CUR_PRD_ID NUMBER;
CUR_CAPABILITY_ID NUMBER;
BEGIN
BEGIN
  SELECT 1 INTO TMP_VAR FROM OFFER_CHAIN WHERE ID = 4135464262 AND ROWNUM <= 1;
  UPDATE OFFER_CHAIN SET NAME='NYTimes: Web + Smartphone App', DESCRIPTION='Unlimited access to NYTimes.com and the NYTimes smartphone app.*', PRODUCT_URI='', VENDOR_SOURCE_ID='1', BILLING_SOURCE_ID=(SELECT ID FROM BILLING_SOURCE BS WHERE BS.NAME='Sartre'), IS_SEAT_LICENSE=0, GROUP_ACCOUNT_TYPE_ID='NO',IS_ADDRESS_REQUIRED=0, OFFER_CHAIN_STATUS_ID = 1, UPDATE_DATE = SYSDATE, UPDATED_BY = 'OFFERMAKER', IS_GIFT_CERTIFICATE='0', REVOKE_ENTITLEMENTS = '0', ADOPTABILITY_WINDOW_START_DATE = to_date('15-Jul-2013 00:00:00','DD-MON-YY HH24:MI:SS'), ADOPTABILITY_WINDOW_END_DATE = to_date('31-Dec-2069 00:00:00','DD-MON-YY HH24:MI:SS'), AMAZON_APPSTORE_SKU=NULL WHERE ID = 4135464262;
EXCEPTION
  WHEN NO_DATA_FOUND THEN
    INSERT INTO OFFER_CHAIN (ID, NAME, DESCRIPTION, ADOPTABILITY_WINDOW_START_DATE, ADOPTABILITY_WINDOW_END_DATE, IS_GIFT_CERTIFICATE, PRODUCT_URI, OFFER_CHAIN_STATUS_ID, REVOKE_ENTITLEMENTS, VENDOR_SOURCE_ID, BILLING_SOURCE_ID, IS_SEAT_LICENSE, GROUP_ACCOUNT_TYPE_ID, IS_ADDRESS_REQUIRED, AMAZON_APPSTORE_SKU, CREATED_BY, CREATE_DATE, updated_by, update_date) VALUES (4135464262, 'NYTimes: Web + Smartphone App', 'Unlimited access to NYTimes.com and the NYTimes smartphone app.*', to_date('15-Jul-2013 00:00:00','DD-MON-YY HH24:MI:SS'), to_date('31-Dec-2069 00:00:00','DD-MON-YY HH24:MI:SS'), '0', NULL, '1', '0', '1', (SELECT ID FROM BILLING_SOURCE BS WHERE BS.NAME='Sartre'), decode('NO','IL',1,0), 'NO', '0', '', 'OFFERMAKER', SYSDATE, 'OFFERMAKER', SYSDATE);
END;
DELETE FROM OFFER_CHAIN_ELIGIBILITY WHERE offer_chain_id = 4135464262;
INSERT INTO OFFER_CHAIN_ELIGIBILITY (ID, OFFER_CHAIN_ID, NAME, VALUE, CREATED_BY, CREATE_DATE) VALUES (ELG_ID_SEQ.NEXTVAL, 4135464262, 'IS_COMP', '0', 'OFFERMAKER', SYSDATE);
INSERT INTO OFFER_CHAIN_ELIGIBILITY (ID, OFFER_CHAIN_ID, NAME, VALUE, CREATED_BY, CREATE_DATE) VALUES (ELG_ID_SEQ.NEXTVAL, 4135464262, 'MAX_CONCURRENT_SUBS', '1', 'OFFERMAKER', SYSDATE);
INSERT INTO OFFER_CHAIN_ELIGIBILITY (ID, OFFER_CHAIN_ID, NAME, VALUE, CREATED_BY, CREATE_DATE) VALUES (ELG_ID_SEQ.NEXTVAL, 4135464262, 'INTERNAL_ONLY', '0', 'OFFERMAKER', SYSDATE);
INSERT INTO OFFER_CHAIN_ELIGIBILITY (ID, OFFER_CHAIN_ID, NAME, VALUE, CREATED_BY, CREATE_DATE) VALUES (ELG_ID_SEQ.NEXTVAL, 4135464262, 'REDEEMER_PROHIBITED_ENTITLEMENTS', '0', 'OFFERMAKER', SYSDATE);
DELETE FROM OFFER_CHAIN_META_DATA WHERE offer_chain_id = 4135464262;
INSERT INTO OFFER_CHAIN_META_DATA (ID, OFFER_CHAIN_ID, NAME, VALUE, CREATED_BY, CREATE_DATE) VALUES (OCMD_ID_SEQ.NEXTVAL, 4135464262, 'BUNDLE_EXPLANATION', 'W+SP Edu Intl $90.99 for first 52 weeks and 50% off regular price thereafter - no email verify', 'OFFERMAKER', SYSDATE);
INSERT INTO OFFER_CHAIN_META_DATA (ID, OFFER_CHAIN_ID, NAME, VALUE, CREATED_BY, CREATE_DATE) VALUES (OCMD_ID_SEQ.NEXTVAL, 4135464262, 'PRICE_DESCRIPTION', 'Web+Smartphone $90.99 EDU Offer First 52 Weeks: $1.75/week Thereafter:$97.50 every 52 weeks', 'OFFERMAKER', SYSDATE);
INSERT INTO OFFER_CHAIN_META_DATA (ID, OFFER_CHAIN_ID, NAME, VALUE, CREATED_BY, CREATE_DATE) VALUES (OCMD_ID_SEQ.NEXTVAL, 4135464262, 'PRICE_SHORT_DESCRIPTION', 'W+SP Edu Intl/ $90.99 for First 52 wks / $97.50 every 52 wks thereafter', 'OFFERMAKER', SYSDATE);
INSERT INTO OFFER_CHAIN_META_DATA (ID, OFFER_CHAIN_ID, NAME, VALUE, CREATED_BY, CREATE_DATE) VALUES (OCMD_ID_SEQ.NEXTVAL, 4135464262, 'OFFER_TYPE', '$90.99 for first 52 Weeks', 'OFFERMAKER', SYSDATE);
INSERT INTO OFFER_CHAIN_META_DATA (ID, OFFER_CHAIN_ID, NAME, VALUE, CREATED_BY, CREATE_DATE) VALUES (OCMD_ID_SEQ.NEXTVAL, 4135464262, 'OFFER_PRICE_DESCRIPTOR', 'EDU INTL RATE- ANNUAL SUB- 50% off', 'OFFERMAKER', SYSDATE);
INSERT INTO OFFER_CHAIN_META_DATA (ID, OFFER_CHAIN_ID, NAME, VALUE, CREATED_BY, CREATE_DATE) VALUES (OCMD_ID_SEQ.NEXTVAL, 4135464262, 'OFFER_PRICE', '$90.99 for first 52 Weeks and $97.50 for next 52 Weeks thereafter', 'OFFERMAKER', SYSDATE);
INSERT INTO OFFER_CHAIN_META_DATA (ID, OFFER_CHAIN_ID, NAME, VALUE, CREATED_BY, CREATE_DATE) VALUES (OCMD_ID_SEQ.NEXTVAL, 4135464262, 'OFFER_PRICE_DETAIL', '($1.88 / week thereafter)', 'OFFERMAKER', SYSDATE);
INSERT INTO OFFER_CHAIN_META_DATA (ID, OFFER_CHAIN_ID, NAME, VALUE, CREATED_BY, CREATE_DATE) VALUES (OCMD_ID_SEQ.NEXTVAL, 4135464262, 'PROMO_PRICE_FOOTER_LABEL', 'First 52 Weeks', 'OFFERMAKER', SYSDATE);
INSERT INTO OFFER_CHAIN_META_DATA (ID, OFFER_CHAIN_ID, NAME, VALUE, CREATED_BY, CREATE_DATE) VALUES (OCMD_ID_SEQ.NEXTVAL, 4135464262, 'ACTUAL_PRICE_FOOTER_LABEL', 'Thereafter', 'OFFERMAKER', SYSDATE);
INSERT INTO OFFER_CHAIN_META_DATA (ID, OFFER_CHAIN_ID, NAME, VALUE, CREATED_BY, CREATE_DATE) VALUES (OCMD_ID_SEQ.NEXTVAL, 4135464262, 'BILLING_CYCLE', 'every 52 weeks', 'OFFERMAKER', SYSDATE);
INSERT INTO OFFER_CHAIN_META_DATA (ID, OFFER_CHAIN_ID, NAME, VALUE, CREATED_BY, CREATE_DATE) VALUES (OCMD_ID_SEQ.NEXTVAL, 4135464262, 'SUBSCRIBER_TYPE', 'International Education', 'OFFERMAKER', SYSDATE);
INSERT INTO OFFER_CHAIN_META_DATA (ID, OFFER_CHAIN_ID, NAME, VALUE, CREATED_BY, CREATE_DATE) VALUES (OCMD_ID_SEQ.NEXTVAL, 4135464262, 'REFUND_POLICY', 'Multi-week Billing: Full refund within first 30 days, No refund if cancelled in the last 30 days and access remains through the end of the period.  Otherwise, pro-rated refund and access removed within 6 hours.', 'OFFERMAKER', SYSDATE);
INSERT INTO OFFER_CHAIN_META_DATA (ID, OFFER_CHAIN_ID, NAME, VALUE, CREATED_BY, CREATE_DATE) VALUES (OCMD_ID_SEQ.NEXTVAL, 4135464262, 'CANCELABLE', '1', 'OFFERMAKER', SYSDATE);
INSERT INTO OFFER_CHAIN_META_DATA (ID, OFFER_CHAIN_ID, NAME, VALUE, CREATED_BY, CREATE_DATE) VALUES (OCMD_ID_SEQ.NEXTVAL, 4135464262, 'REFUNDABLE', '1', 'OFFERMAKER', SYSDATE);
INSERT INTO OFFER_CHAIN_META_DATA (ID, OFFER_CHAIN_ID, NAME, VALUE, CREATED_BY, CREATE_DATE) VALUES (OCMD_ID_SEQ.NEXTVAL, 4135464262, 'FULL_REFUND_DAYS_LIMIT', '30', 'OFFERMAKER', SYSDATE);
INSERT INTO OFFER_CHAIN_META_DATA (ID, OFFER_CHAIN_ID, NAME, VALUE, CREATED_BY, CREATE_DATE) VALUES (OCMD_ID_SEQ.NEXTVAL, 4135464262, 'PRORATED_REFUND_DAYS_LIMIT', '334', 'OFFERMAKER', SYSDATE);
INSERT INTO OFFER_CHAIN_META_DATA (ID, OFFER_CHAIN_ID, NAME, VALUE, CREATED_BY, CREATE_DATE) VALUES (OCMD_ID_SEQ.NEXTVAL, 4135464262, 'OPEN_TO_ANONYMOUS', '1', 'OFFERMAKER', SYSDATE);
INSERT INTO OFFER_CHAIN_META_DATA (ID, OFFER_CHAIN_ID, NAME, VALUE, CREATED_BY, CREATE_DATE) VALUES (OCMD_ID_SEQ.NEXTVAL, 4135464262, 'BUNDLE', 'Bundle A (Web+SP)', 'OFFERMAKER', SYSDATE);
INSERT INTO OFFER_CHAIN_META_DATA (ID, OFFER_CHAIN_ID, NAME, VALUE, CREATED_BY, CREATE_DATE) VALUES (OCMD_ID_SEQ.NEXTVAL, 4135464262, 'ADX_BUNDLE', 'MM_EDU', 'OFFERMAKER', SYSDATE);
INSERT INTO OFFER_CHAIN_META_DATA (ID, OFFER_CHAIN_ID, NAME, VALUE, CREATED_BY, CREATE_DATE) VALUES (OCMD_ID_SEQ.NEXTVAL, 4135464262, 'SIEBEL_CAMPAIGN_CODE', '3KK37', 'OFFERMAKER', SYSDATE);
INSERT INTO OFFER_CHAIN_META_DATA (ID, OFFER_CHAIN_ID, NAME, VALUE, CREATED_BY, CREATE_DATE) VALUES (OCMD_ID_SEQ.NEXTVAL, 4135464262, 'ANNUAL_PRICE', '97.50', 'OFFERMAKER', SYSDATE);
INSERT INTO OFFER_CHAIN_META_DATA (ID, OFFER_CHAIN_ID, NAME, VALUE, CREATED_BY, CREATE_DATE) VALUES (OCMD_ID_SEQ.NEXTVAL, 4135464262, 'UID', '0d7b1725b4f8752753881125a9424280274f465e19ec082fa912c9ad4d5a6af4', 'OFFERMAKER', SYSDATE);
DELETE FROM OFFER_CHAIN_NOTIFICATION_TYPE WHERE offer_chain_id = 4135464262;
BEGIN
  SELECT 1 INTO TMP_VAR FROM ACTION WHERE NAME = 'SUBSCRIBE_TO_OFFER_CHAIN';
EXCEPTION
  WHEN NO_DATA_FOUND THEN
    INSERT INTO ACTION (ID, NAME, CREATE_DATE, CREATED_BY) VALUES (ACTION_ID_SEQ.NEXTVAL, 'SUBSCRIBE_TO_OFFER_CHAIN', SYSDATE, 'OFFERMAKER');
END;
BEGIN
  SELECT 1 INTO TMP_VAR FROM CORE_OWNER.NOTIFICATION_TYPE WHERE VALUE = 'sartre-digital-purchase-international-education';
EXCEPTION
  WHEN NO_DATA_FOUND THEN NULL;
    INSERT INTO CORE_OWNER.NOTIFICATION_TYPE (ID, VALUE, TEMPLATE_URL) VALUES (CORE_OWNER.NOTTID_SEQ.NEXTVAL, 'sartre-digital-purchase-international-education', 'N/A');
END;
BEGIN
  SELECT 1 INTO TMP_VAR FROM ACTION WHERE NAME = 'UPGRADE_SUBSCRIPTION';
EXCEPTION
  WHEN NO_DATA_FOUND THEN
    INSERT INTO ACTION (ID, NAME, CREATE_DATE, CREATED_BY) VALUES (ACTION_ID_SEQ.NEXTVAL, 'UPGRADE_SUBSCRIPTION', SYSDATE, 'OFFERMAKER');
END;
BEGIN
  SELECT 1 INTO TMP_VAR FROM CORE_OWNER.NOTIFICATION_TYPE WHERE VALUE = 'sartre-digital-purchase-international-education';
EXCEPTION
  WHEN NO_DATA_FOUND THEN NULL;
    INSERT INTO CORE_OWNER.NOTIFICATION_TYPE (ID, VALUE, TEMPLATE_URL) VALUES (CORE_OWNER.NOTTID_SEQ.NEXTVAL, 'sartre-digital-purchase-international-education', 'N/A');
END;
BEGIN
  SELECT 1 INTO TMP_VAR FROM ACTION WHERE NAME = 'CANCEL_SUBSCRIPTION';
EXCEPTION
  WHEN NO_DATA_FOUND THEN
    INSERT INTO ACTION (ID, NAME, CREATE_DATE, CREATED_BY) VALUES (ACTION_ID_SEQ.NEXTVAL, 'CANCEL_SUBSCRIPTION', SYSDATE, 'OFFERMAKER');
END;
BEGIN
  SELECT 1 INTO TMP_VAR FROM CORE_OWNER.NOTIFICATION_TYPE WHERE VALUE = 'sartre-cancel';
EXCEPTION
  WHEN NO_DATA_FOUND THEN NULL;
    INSERT INTO CORE_OWNER.NOTIFICATION_TYPE (ID, VALUE, TEMPLATE_URL) VALUES (CORE_OWNER.NOTTID_SEQ.NEXTVAL, 'sartre-cancel', 'N/A');
END;
BEGIN
  SELECT 1 INTO TMP_VAR FROM ACTION WHERE NAME = 'SYSTEM_CANCEL';
EXCEPTION
  WHEN NO_DATA_FOUND THEN
    INSERT INTO ACTION (ID, NAME, CREATE_DATE, CREATED_BY) VALUES (ACTION_ID_SEQ.NEXTVAL, 'SYSTEM_CANCEL', SYSDATE, 'OFFERMAKER');
END;
BEGIN
  SELECT 1 INTO TMP_VAR FROM CORE_OWNER.NOTIFICATION_TYPE WHERE VALUE = 'sartre-decline-international-education';
EXCEPTION
  WHEN NO_DATA_FOUND THEN NULL;
    INSERT INTO CORE_OWNER.NOTIFICATION_TYPE (ID, VALUE, TEMPLATE_URL) VALUES (CORE_OWNER.NOTTID_SEQ.NEXTVAL, 'sartre-decline-international-education', 'N/A');
END;
BEGIN
  SELECT 1 INTO TMP_VAR FROM ACTION WHERE NAME = 'CREDIT_CARD_EXP';
EXCEPTION
  WHEN NO_DATA_FOUND THEN
    INSERT INTO ACTION (ID, NAME, CREATE_DATE, CREATED_BY) VALUES (ACTION_ID_SEQ.NEXTVAL, 'CREDIT_CARD_EXP', SYSDATE, 'OFFERMAKER');
END;
BEGIN
  SELECT 1 INTO TMP_VAR FROM CORE_OWNER.NOTIFICATION_TYPE WHERE VALUE = 'card_expiration';
EXCEPTION
  WHEN NO_DATA_FOUND THEN NULL;
    INSERT INTO CORE_OWNER.NOTIFICATION_TYPE (ID, VALUE, TEMPLATE_URL) VALUES (CORE_OWNER.NOTTID_SEQ.NEXTVAL, 'card_expiration', 'N/A');
END;
INSERT INTO OFFER_CHAIN_NOTIFICATION_TYPE (ID, OFFER_CHAIN_ID, NOTIFICATION_TYPE_ID, ACTION_ID, CREATED_BY, CREATE_DATE) VALUES (OCET_ID_SEQ.NEXTVAL, 4135464262, (SELECT ID FROM CORE_OWNER.NOTIFICATION_TYPE WHERE VALUE = 'sartre-digital-purchase-international-education'), (SELECT ID FROM ACTION WHERE NAME = 'SUBSCRIBE_TO_OFFER_CHAIN'), 'OFFERMAKER', SYSDATE);
INSERT INTO OFFER_CHAIN_NOTIFICATION_TYPE (ID, OFFER_CHAIN_ID, NOTIFICATION_TYPE_ID, ACTION_ID, CREATED_BY, CREATE_DATE) VALUES (OCET_ID_SEQ.NEXTVAL, 4135464262, (SELECT ID FROM CORE_OWNER.NOTIFICATION_TYPE WHERE VALUE = 'sartre-digital-purchase-international-education'), (SELECT ID FROM ACTION WHERE NAME = 'UPGRADE_SUBSCRIPTION'), 'OFFERMAKER', SYSDATE);
INSERT INTO OFFER_CHAIN_NOTIFICATION_TYPE (ID, OFFER_CHAIN_ID, NOTIFICATION_TYPE_ID, ACTION_ID, CREATED_BY, CREATE_DATE) VALUES (OCET_ID_SEQ.NEXTVAL, 4135464262, (SELECT ID FROM CORE_OWNER.NOTIFICATION_TYPE WHERE VALUE = 'sartre-cancel'), (SELECT ID FROM ACTION WHERE NAME = 'CANCEL_SUBSCRIPTION'), 'OFFERMAKER', SYSDATE);
INSERT INTO OFFER_CHAIN_NOTIFICATION_TYPE (ID, OFFER_CHAIN_ID, NOTIFICATION_TYPE_ID, ACTION_ID, CREATED_BY, CREATE_DATE) VALUES (OCET_ID_SEQ.NEXTVAL, 4135464262, (SELECT ID FROM CORE_OWNER.NOTIFICATION_TYPE WHERE VALUE = 'sartre-decline-international-education'), (SELECT ID FROM ACTION WHERE NAME = 'SYSTEM_CANCEL'), 'OFFERMAKER', SYSDATE);
INSERT INTO OFFER_CHAIN_NOTIFICATION_TYPE (ID, OFFER_CHAIN_ID, NOTIFICATION_TYPE_ID, ACTION_ID, CREATED_BY, CREATE_DATE) VALUES (OCET_ID_SEQ.NEXTVAL, 4135464262, (SELECT ID FROM CORE_OWNER.NOTIFICATION_TYPE WHERE VALUE = 'card_expiration'), (SELECT ID FROM ACTION WHERE NAME = 'CREDIT_CARD_EXP'), 'OFFERMAKER', SYSDATE);
BEGIN
  SELECT 1 INTO TMP_VAR FROM OFFER_OFFER_CHAIN WHERE OFFER_CHAIN_ID = 4135464262 AND INDEX_VALUE = 0 AND ROWNUM <= 1;
EXCEPTION
  WHEN NO_DATA_FOUND THEN
INSERT INTO OFFER (ID, OFFER_STATUS_ID, ENTITLEMENT_DURATION, CREATED_BY, CREATE_DATE, updated_by, update_date) VALUES (OFR_ID_SEQ.NEXTVAL, 1, 'P0Y0M364DT0H0M', 'OFFERMAKER', SYSDATE, 'OFFERMAKER', SYSDATE);
BEGIN
  SELECT ID INTO CUR_PRD_ID FROM PRODUCT WHERE NAME = 'Web' AND ROWNUM <= 1;
EXCEPTION
  WHEN NO_DATA_FOUND THEN
    INSERT INTO PRODUCT (ID, NAME, CREATED_BY, CREATE_DATE) VALUES (PRD_ID_SEQ.NEXTVAL, 'Web', 'OFFERMAKER', SYSDATE);
    SELECT ID INTO CUR_PRD_ID FROM PRODUCT WHERE NAME = 'Web' AND ROWNUM <= 1;
  WHEN OTHERS THEN
    RAISE;
END;
INSERT INTO PRODUCT_OFFERING (ID, PRODUCT_ID, TAX_POLICY_TYPE_ID, QUANTITY, UNIT_PRICE, CREATED_BY, CREATE_DATE) VALUES (PO_ID_SEQ.NEXTVAL, CUR_PRD_ID, '1', '364', '0.357143', 'OFFERMAKER', SYSDATE);
INSERT INTO OFFER_PRODUCT_OFFERING (OFFER_ID, PRODUCT_OFFERING_ID, CREATED_BY, CREATE_DATE) VALUES (OFR_ID_SEQ.CURRVAL, PO_ID_SEQ.CURRVAL, 'OFFERMAKER', SYSDATE);
INSERT INTO DISCOUNT (ID, NAME, DESCRIPTION, FIXED_AMOUNT, PERCENT_AMOUNT, DISCOUNT_TYPE_ID, CREATED_BY, CREATE_DATE) VALUES (DSC_ID_SEQ.NEXTVAL, 'Discount', 'Off: 90.99. P.Disc: 60.660. P.Full: 130.000', '69.34', '0', 1, 'OFFERMAKER', SYSDATE);
INSERT INTO DISCOUNT_PRODUCT_OFFERING (DISCOUNT_ID, PRODUCT_OFFERING_ID, CREATED_BY, CREATE_DATE) VALUES (DSC_ID_SEQ.CURRVAL, PO_ID_SEQ.CURRVAL, 'OFFERMAKER', SYSDATE);
BEGIN
  SELECT ID INTO CUR_PRD_ID FROM PRODUCT WHERE NAME = 'Mobile' AND ROWNUM <= 1;
EXCEPTION
  WHEN NO_DATA_FOUND THEN
    INSERT INTO PRODUCT (ID, NAME, CREATED_BY, CREATE_DATE) VALUES (PRD_ID_SEQ.NEXTVAL, 'Mobile', 'OFFERMAKER', SYSDATE);
    SELECT ID INTO CUR_PRD_ID FROM PRODUCT WHERE NAME = 'Mobile' AND ROWNUM <= 1;
  WHEN OTHERS THEN
    RAISE;
END;
INSERT INTO PRODUCT_OFFERING (ID, PRODUCT_ID, TAX_POLICY_TYPE_ID, QUANTITY, UNIT_PRICE, CREATED_BY, CREATE_DATE) VALUES (PO_ID_SEQ.NEXTVAL, CUR_PRD_ID, '1', '364', '0', 'OFFERMAKER', SYSDATE);
INSERT INTO OFFER_PRODUCT_OFFERING (OFFER_ID, PRODUCT_OFFERING_ID, CREATED_BY, CREATE_DATE) VALUES (OFR_ID_SEQ.CURRVAL, PO_ID_SEQ.CURRVAL, 'OFFERMAKER', SYSDATE);
BEGIN
  SELECT ID INTO CUR_PRD_ID FROM PRODUCT WHERE NAME = 'Archive Article' AND ROWNUM <= 1;
EXCEPTION
  WHEN NO_DATA_FOUND THEN
    INSERT INTO PRODUCT (ID, NAME, CREATED_BY, CREATE_DATE) VALUES (PRD_ID_SEQ.NEXTVAL, 'Archive Article', 'OFFERMAKER', SYSDATE);
    SELECT ID INTO CUR_PRD_ID FROM PRODUCT WHERE NAME = 'Archive Article' AND ROWNUM <= 1;
  WHEN OTHERS THEN
    RAISE;
END;
INSERT INTO PRODUCT_OFFERING (ID, PRODUCT_ID, TAX_POLICY_TYPE_ID, QUANTITY, UNIT_PRICE, CREATED_BY, CREATE_DATE) VALUES (PO_ID_SEQ.NEXTVAL, CUR_PRD_ID, '1', '1300', '0', 'OFFERMAKER', SYSDATE);
INSERT INTO OFFER_PRODUCT_OFFERING (OFFER_ID, PRODUCT_OFFERING_ID, CREATED_BY, CREATE_DATE) VALUES (OFR_ID_SEQ.CURRVAL, PO_ID_SEQ.CURRVAL, 'OFFERMAKER', SYSDATE);
BEGIN
  SELECT ID INTO CUR_PRD_ID FROM PRODUCT WHERE NAME = 'TimesMachine' AND ROWNUM <= 1;
EXCEPTION
  WHEN NO_DATA_FOUND THEN
    INSERT INTO PRODUCT (ID, NAME, CREATED_BY, CREATE_DATE) VALUES (PRD_ID_SEQ.NEXTVAL, 'TimesMachine', 'OFFERMAKER', SYSDATE);
    SELECT ID INTO CUR_PRD_ID FROM PRODUCT WHERE NAME = 'TimesMachine' AND ROWNUM <= 1;
  WHEN OTHERS THEN
    RAISE;
END;
INSERT INTO PRODUCT_OFFERING (ID, PRODUCT_ID, TAX_POLICY_TYPE_ID, QUANTITY, UNIT_PRICE, CREATED_BY, CREATE_DATE) VALUES (PO_ID_SEQ.NEXTVAL, CUR_PRD_ID, '1', '364', '0', 'OFFERMAKER', SYSDATE);
INSERT INTO OFFER_PRODUCT_OFFERING (OFFER_ID, PRODUCT_OFFERING_ID, CREATED_BY, CREATE_DATE) VALUES (OFR_ID_SEQ.CURRVAL, PO_ID_SEQ.CURRVAL, 'OFFERMAKER', SYSDATE);
BEGIN
  SELECT ID INTO CUR_PRD_ID FROM PRODUCT WHERE NAME = 'Smartphone' AND ROWNUM <= 1;
EXCEPTION
  WHEN NO_DATA_FOUND THEN
    INSERT INTO PRODUCT (ID, NAME, CREATED_BY, CREATE_DATE) VALUES (PRD_ID_SEQ.NEXTVAL, 'Smartphone', 'OFFERMAKER', SYSDATE);
    SELECT ID INTO CUR_PRD_ID FROM PRODUCT WHERE NAME = 'Smartphone' AND ROWNUM <= 1;
  WHEN OTHERS THEN
    RAISE;
END;
INSERT INTO PRODUCT_OFFERING (ID, PRODUCT_ID, TAX_POLICY_TYPE_ID, QUANTITY, UNIT_PRICE, CREATED_BY, CREATE_DATE) VALUES (PO_ID_SEQ.NEXTVAL, CUR_PRD_ID, '1', '364', '0.178571', 'OFFERMAKER', SYSDATE);
INSERT INTO OFFER_PRODUCT_OFFERING (OFFER_ID, PRODUCT_OFFERING_ID, CREATED_BY, CREATE_DATE) VALUES (OFR_ID_SEQ.CURRVAL, PO_ID_SEQ.CURRVAL, 'OFFERMAKER', SYSDATE);
INSERT INTO DISCOUNT (ID, NAME, DESCRIPTION, FIXED_AMOUNT, PERCENT_AMOUNT, DISCOUNT_TYPE_ID, CREATED_BY, CREATE_DATE) VALUES (DSC_ID_SEQ.NEXTVAL, 'Discount', 'Off: 90.99. P.Disc: 30.3298. P.Full: 64.9998', '34.67', '0', 1, 'OFFERMAKER', SYSDATE);
INSERT INTO DISCOUNT_PRODUCT_OFFERING (DISCOUNT_ID, PRODUCT_OFFERING_ID, CREATED_BY, CREATE_DATE) VALUES (DSC_ID_SEQ.CURRVAL, PO_ID_SEQ.CURRVAL, 'OFFERMAKER', SYSDATE);
INSERT INTO OFFER_OFFER_CHAIN (OFFER_ID, OFFER_CHAIN_ID, INDEX_VALUE, NUM_RECURRENCES, CREATED_BY, CREATE_DATE, updated_by, update_date) VALUES (OFR_ID_SEQ.CURRVAL, 4135464262, '0', '1', 'OFFERMAKER', SYSDATE, 'OFFERMAKER', SYSDATE);
END;
BEGIN
  SELECT 1 INTO TMP_VAR FROM OFFER_OFFER_CHAIN WHERE OFFER_CHAIN_ID = 4135464262 AND INDEX_VALUE = 1 AND ROWNUM <= 1;
EXCEPTION
  WHEN NO_DATA_FOUND THEN
INSERT INTO OFFER (ID, OFFER_STATUS_ID, ENTITLEMENT_DURATION, CREATED_BY, CREATE_DATE, updated_by, update_date) VALUES (OFR_ID_SEQ.NEXTVAL, 1, 'P0Y0M364DT0H0M', 'OFFERMAKER', SYSDATE, 'OFFERMAKER', SYSDATE);
BEGIN
  SELECT ID INTO CUR_PRD_ID FROM PRODUCT WHERE NAME = 'Web' AND ROWNUM <= 1;
EXCEPTION
  WHEN NO_DATA_FOUND THEN
    INSERT INTO PRODUCT (ID, NAME, CREATED_BY, CREATE_DATE) VALUES (PRD_ID_SEQ.NEXTVAL, 'Web', 'OFFERMAKER', SYSDATE);
    SELECT ID INTO CUR_PRD_ID FROM PRODUCT WHERE NAME = 'Web' AND ROWNUM <= 1;
  WHEN OTHERS THEN
    RAISE;
END;
INSERT INTO PRODUCT_OFFERING (ID, PRODUCT_ID, TAX_POLICY_TYPE_ID, QUANTITY, UNIT_PRICE, CREATED_BY, CREATE_DATE) VALUES (PO_ID_SEQ.NEXTVAL, CUR_PRD_ID, '1', '364', '0.357143', 'OFFERMAKER', SYSDATE);
INSERT INTO OFFER_PRODUCT_OFFERING (OFFER_ID, PRODUCT_OFFERING_ID, CREATED_BY, CREATE_DATE) VALUES (OFR_ID_SEQ.CURRVAL, PO_ID_SEQ.CURRVAL, 'OFFERMAKER', SYSDATE);
INSERT INTO DISCOUNT (ID, NAME, DESCRIPTION, FIXED_AMOUNT, PERCENT_AMOUNT, DISCOUNT_TYPE_ID, CREATED_BY, CREATE_DATE) VALUES (DSC_ID_SEQ.NEXTVAL, 'Discount', 'Off: 97.5. P.Disc: 65.000. P.Full: 130.000', '65.00', '0', 1, 'OFFERMAKER', SYSDATE);
INSERT INTO DISCOUNT_PRODUCT_OFFERING (DISCOUNT_ID, PRODUCT_OFFERING_ID, CREATED_BY, CREATE_DATE) VALUES (DSC_ID_SEQ.CURRVAL, PO_ID_SEQ.CURRVAL, 'OFFERMAKER', SYSDATE);
BEGIN
  SELECT ID INTO CUR_PRD_ID FROM PRODUCT WHERE NAME = 'Mobile' AND ROWNUM <= 1;
EXCEPTION
  WHEN NO_DATA_FOUND THEN
    INSERT INTO PRODUCT (ID, NAME, CREATED_BY, CREATE_DATE) VALUES (PRD_ID_SEQ.NEXTVAL, 'Mobile', 'OFFERMAKER', SYSDATE);
    SELECT ID INTO CUR_PRD_ID FROM PRODUCT WHERE NAME = 'Mobile' AND ROWNUM <= 1;
  WHEN OTHERS THEN
    RAISE;
END;
INSERT INTO PRODUCT_OFFERING (ID, PRODUCT_ID, TAX_POLICY_TYPE_ID, QUANTITY, UNIT_PRICE, CREATED_BY, CREATE_DATE) VALUES (PO_ID_SEQ.NEXTVAL, CUR_PRD_ID, '1', '364', '0', 'OFFERMAKER', SYSDATE);
INSERT INTO OFFER_PRODUCT_OFFERING (OFFER_ID, PRODUCT_OFFERING_ID, CREATED_BY, CREATE_DATE) VALUES (OFR_ID_SEQ.CURRVAL, PO_ID_SEQ.CURRVAL, 'OFFERMAKER', SYSDATE);
BEGIN
  SELECT ID INTO CUR_PRD_ID FROM PRODUCT WHERE NAME = 'Archive Article' AND ROWNUM <= 1;
EXCEPTION
  WHEN NO_DATA_FOUND THEN
    INSERT INTO PRODUCT (ID, NAME, CREATED_BY, CREATE_DATE) VALUES (PRD_ID_SEQ.NEXTVAL, 'Archive Article', 'OFFERMAKER', SYSDATE);
    SELECT ID INTO CUR_PRD_ID FROM PRODUCT WHERE NAME = 'Archive Article' AND ROWNUM <= 1;
  WHEN OTHERS THEN
    RAISE;
END;
INSERT INTO PRODUCT_OFFERING (ID, PRODUCT_ID, TAX_POLICY_TYPE_ID, QUANTITY, UNIT_PRICE, CREATED_BY, CREATE_DATE) VALUES (PO_ID_SEQ.NEXTVAL, CUR_PRD_ID, '1', '1300', '0', 'OFFERMAKER', SYSDATE);
INSERT INTO OFFER_PRODUCT_OFFERING (OFFER_ID, PRODUCT_OFFERING_ID, CREATED_BY, CREATE_DATE) VALUES (OFR_ID_SEQ.CURRVAL, PO_ID_SEQ.CURRVAL, 'OFFERMAKER', SYSDATE);
BEGIN
  SELECT ID INTO CUR_PRD_ID FROM PRODUCT WHERE NAME = 'TimesMachine' AND ROWNUM <= 1;
EXCEPTION
  WHEN NO_DATA_FOUND THEN
    INSERT INTO PRODUCT (ID, NAME, CREATED_BY, CREATE_DATE) VALUES (PRD_ID_SEQ.NEXTVAL, 'TimesMachine', 'OFFERMAKER', SYSDATE);
    SELECT ID INTO CUR_PRD_ID FROM PRODUCT WHERE NAME = 'TimesMachine' AND ROWNUM <= 1;
  WHEN OTHERS THEN
    RAISE;
END;
INSERT INTO PRODUCT_OFFERING (ID, PRODUCT_ID, TAX_POLICY_TYPE_ID, QUANTITY, UNIT_PRICE, CREATED_BY, CREATE_DATE) VALUES (PO_ID_SEQ.NEXTVAL, CUR_PRD_ID, '1', '364', '0', 'OFFERMAKER', SYSDATE);
INSERT INTO OFFER_PRODUCT_OFFERING (OFFER_ID, PRODUCT_OFFERING_ID, CREATED_BY, CREATE_DATE) VALUES (OFR_ID_SEQ.CURRVAL, PO_ID_SEQ.CURRVAL, 'OFFERMAKER', SYSDATE);
BEGIN
  SELECT ID INTO CUR_PRD_ID FROM PRODUCT WHERE NAME = 'Smartphone' AND ROWNUM <= 1;
EXCEPTION
  WHEN NO_DATA_FOUND THEN
    INSERT INTO PRODUCT (ID, NAME, CREATED_BY, CREATE_DATE) VALUES (PRD_ID_SEQ.NEXTVAL, 'Smartphone', 'OFFERMAKER', SYSDATE);
    SELECT ID INTO CUR_PRD_ID FROM PRODUCT WHERE NAME = 'Smartphone' AND ROWNUM <= 1;
  WHEN OTHERS THEN
    RAISE;
END;
INSERT INTO PRODUCT_OFFERING (ID, PRODUCT_ID, TAX_POLICY_TYPE_ID, QUANTITY, UNIT_PRICE, CREATED_BY, CREATE_DATE) VALUES (PO_ID_SEQ.NEXTVAL, CUR_PRD_ID, '1', '364', '0.178571', 'OFFERMAKER', SYSDATE);
INSERT INTO OFFER_PRODUCT_OFFERING (OFFER_ID, PRODUCT_OFFERING_ID, CREATED_BY, CREATE_DATE) VALUES (OFR_ID_SEQ.CURRVAL, PO_ID_SEQ.CURRVAL, 'OFFERMAKER', SYSDATE);
INSERT INTO DISCOUNT (ID, NAME, DESCRIPTION, FIXED_AMOUNT, PERCENT_AMOUNT, DISCOUNT_TYPE_ID, CREATED_BY, CREATE_DATE) VALUES (DSC_ID_SEQ.NEXTVAL, 'Discount', 'Off: 97.5. P.Disc: 32.4998. P.Full: 64.9998', '32.50', '0', 1, 'OFFERMAKER', SYSDATE);
INSERT INTO DISCOUNT_PRODUCT_OFFERING (DISCOUNT_ID, PRODUCT_OFFERING_ID, CREATED_BY, CREATE_DATE) VALUES (DSC_ID_SEQ.CURRVAL, PO_ID_SEQ.CURRVAL, 'OFFERMAKER', SYSDATE);
INSERT INTO OFFER_OFFER_CHAIN (OFFER_ID, OFFER_CHAIN_ID, INDEX_VALUE, NUM_RECURRENCES, CREATED_BY, CREATE_DATE, updated_by, update_date) VALUES (OFR_ID_SEQ.CURRVAL, 4135464262, '1', '-1', 'OFFERMAKER', SYSDATE, 'OFFERMAKER', SYSDATE);
END;
END;
/
COMMIT;
DECLARE
TMP_VAR NUMBER;
CUR_PRD_ID NUMBER;
CUR_CAPABILITY_ID NUMBER;
BEGIN
BEGIN
  SELECT 1 INTO TMP_VAR FROM OFFER_CHAIN WHERE ID = 664075570 AND ROWNUM <= 1;
  UPDATE OFFER_CHAIN SET NAME='NYTimes: Web + Tablet App', DESCRIPTION='Unlimited access to NYTimes.com and the NYTimes tablet app.*', PRODUCT_URI='', VENDOR_SOURCE_ID='1', BILLING_SOURCE_ID=(SELECT ID FROM BILLING_SOURCE BS WHERE BS.NAME='Sartre'), IS_SEAT_LICENSE=0, GROUP_ACCOUNT_TYPE_ID='NO',IS_ADDRESS_REQUIRED=0, OFFER_CHAIN_STATUS_ID = 1, UPDATE_DATE = SYSDATE, UPDATED_BY = 'OFFERMAKER', IS_GIFT_CERTIFICATE='0', REVOKE_ENTITLEMENTS = '0', ADOPTABILITY_WINDOW_START_DATE = to_date('15-Jul-2013 00:00:00','DD-MON-YY HH24:MI:SS'), ADOPTABILITY_WINDOW_END_DATE = to_date('31-Dec-2069 00:00:00','DD-MON-YY HH24:MI:SS'), AMAZON_APPSTORE_SKU=NULL WHERE ID = 664075570;
EXCEPTION
  WHEN NO_DATA_FOUND THEN
    INSERT INTO OFFER_CHAIN (ID, NAME, DESCRIPTION, ADOPTABILITY_WINDOW_START_DATE, ADOPTABILITY_WINDOW_END_DATE, IS_GIFT_CERTIFICATE, PRODUCT_URI, OFFER_CHAIN_STATUS_ID, REVOKE_ENTITLEMENTS, VENDOR_SOURCE_ID, BILLING_SOURCE_ID, IS_SEAT_LICENSE, GROUP_ACCOUNT_TYPE_ID, IS_ADDRESS_REQUIRED, AMAZON_APPSTORE_SKU, CREATED_BY, CREATE_DATE, updated_by, update_date) VALUES (664075570, 'NYTimes: Web + Tablet App', 'Unlimited access to NYTimes.com and the NYTimes tablet app.*', to_date('15-Jul-2013 00:00:00','DD-MON-YY HH24:MI:SS'), to_date('31-Dec-2069 00:00:00','DD-MON-YY HH24:MI:SS'), '0', NULL, '1', '0', '1', (SELECT ID FROM BILLING_SOURCE BS WHERE BS.NAME='Sartre'), decode('NO','IL',1,0), 'NO', '0', '', 'OFFERMAKER', SYSDATE, 'OFFERMAKER', SYSDATE);
END;
DELETE FROM OFFER_CHAIN_ELIGIBILITY WHERE offer_chain_id = 664075570;
INSERT INTO OFFER_CHAIN_ELIGIBILITY (ID, OFFER_CHAIN_ID, NAME, VALUE, CREATED_BY, CREATE_DATE) VALUES (ELG_ID_SEQ.NEXTVAL, 664075570, 'IS_COMP', '0', 'OFFERMAKER', SYSDATE);
INSERT INTO OFFER_CHAIN_ELIGIBILITY (ID, OFFER_CHAIN_ID, NAME, VALUE, CREATED_BY, CREATE_DATE) VALUES (ELG_ID_SEQ.NEXTVAL, 664075570, 'MAX_CONCURRENT_SUBS', '1', 'OFFERMAKER', SYSDATE);
INSERT INTO OFFER_CHAIN_ELIGIBILITY (ID, OFFER_CHAIN_ID, NAME, VALUE, CREATED_BY, CREATE_DATE) VALUES (ELG_ID_SEQ.NEXTVAL, 664075570, 'INTERNAL_ONLY', '0', 'OFFERMAKER', SYSDATE);
INSERT INTO OFFER_CHAIN_ELIGIBILITY (ID, OFFER_CHAIN_ID, NAME, VALUE, CREATED_BY, CREATE_DATE) VALUES (ELG_ID_SEQ.NEXTVAL, 664075570, 'REDEEMER_PROHIBITED_ENTITLEMENTS', '0', 'OFFERMAKER', SYSDATE);
DELETE FROM OFFER_CHAIN_META_DATA WHERE offer_chain_id = 664075570;
INSERT INTO OFFER_CHAIN_META_DATA (ID, OFFER_CHAIN_ID, NAME, VALUE, CREATED_BY, CREATE_DATE) VALUES (OCMD_ID_SEQ.NEXTVAL, 664075570, 'BUNDLE_EXPLANATION', 'W+T Edu Intl $120.99 for first 52 weeks and 50% off regular price thereafter - no email verify', 'OFFERMAKER', SYSDATE);
INSERT INTO OFFER_CHAIN_META_DATA (ID, OFFER_CHAIN_ID, NAME, VALUE, CREATED_BY, CREATE_DATE) VALUES (OCMD_ID_SEQ.NEXTVAL, 664075570, 'PRICE_DESCRIPTION', 'Web+Tablet App $120.99 EDU Offer First 52 Weeks: $2.32/week Thereafter:$130.00 every 52 weeks', 'OFFERMAKER', SYSDATE);
INSERT INTO OFFER_CHAIN_META_DATA (ID, OFFER_CHAIN_ID, NAME, VALUE, CREATED_BY, CREATE_DATE) VALUES (OCMD_ID_SEQ.NEXTVAL, 664075570, 'PRICE_SHORT_DESCRIPTION', 'W+T Edu Intl/ $120.99 for First 52 wks / $130.00 every 52 wks thereafter', 'OFFERMAKER', SYSDATE);
INSERT INTO OFFER_CHAIN_META_DATA (ID, OFFER_CHAIN_ID, NAME, VALUE, CREATED_BY, CREATE_DATE) VALUES (OCMD_ID_SEQ.NEXTVAL, 664075570, 'OFFER_TYPE', '$120.99 for first 52 Weeks', 'OFFERMAKER', SYSDATE);
INSERT INTO OFFER_CHAIN_META_DATA (ID, OFFER_CHAIN_ID, NAME, VALUE, CREATED_BY, CREATE_DATE) VALUES (OCMD_ID_SEQ.NEXTVAL, 664075570, 'OFFER_PRICE_DESCRIPTOR', 'EDU INTL RATE- ANNUAL SUB- 50% off', 'OFFERMAKER', SYSDATE);
INSERT INTO OFFER_CHAIN_META_DATA (ID, OFFER_CHAIN_ID, NAME, VALUE, CREATED_BY, CREATE_DATE) VALUES (OCMD_ID_SEQ.NEXTVAL, 664075570, 'OFFER_PRICE', '$120.99 for first 52 Weeks and $130.00 for next 52 Weeks thereafter', 'OFFERMAKER', SYSDATE);
INSERT INTO OFFER_CHAIN_META_DATA (ID, OFFER_CHAIN_ID, NAME, VALUE, CREATED_BY, CREATE_DATE) VALUES (OCMD_ID_SEQ.NEXTVAL, 664075570, 'OFFER_PRICE_DETAIL', '($2.50 / week thereafter)', 'OFFERMAKER', SYSDATE);
INSERT INTO OFFER_CHAIN_META_DATA (ID, OFFER_CHAIN_ID, NAME, VALUE, CREATED_BY, CREATE_DATE) VALUES (OCMD_ID_SEQ.NEXTVAL, 664075570, 'PROMO_PRICE_FOOTER_LABEL', 'First 52 Weeks', 'OFFERMAKER', SYSDATE);
INSERT INTO OFFER_CHAIN_META_DATA (ID, OFFER_CHAIN_ID, NAME, VALUE, CREATED_BY, CREATE_DATE) VALUES (OCMD_ID_SEQ.NEXTVAL, 664075570, 'ACTUAL_PRICE_FOOTER_LABEL', 'Thereafter', 'OFFERMAKER', SYSDATE);
INSERT INTO OFFER_CHAIN_META_DATA (ID, OFFER_CHAIN_ID, NAME, VALUE, CREATED_BY, CREATE_DATE) VALUES (OCMD_ID_SEQ.NEXTVAL, 664075570, 'BILLING_CYCLE', 'every 52 weeks', 'OFFERMAKER', SYSDATE);
INSERT INTO OFFER_CHAIN_META_DATA (ID, OFFER_CHAIN_ID, NAME, VALUE, CREATED_BY, CREATE_DATE) VALUES (OCMD_ID_SEQ.NEXTVAL, 664075570, 'SUBSCRIBER_TYPE', 'International Education', 'OFFERMAKER', SYSDATE);
INSERT INTO OFFER_CHAIN_META_DATA (ID, OFFER_CHAIN_ID, NAME, VALUE, CREATED_BY, CREATE_DATE) VALUES (OCMD_ID_SEQ.NEXTVAL, 664075570, 'REFUND_POLICY', 'Multi-week Billing: Full refund within first 30 days, No refund if cancelled in the last 30 days and access remains through the end of the period.  Otherwise, pro-rated refund and access removed within 6 hours.', 'OFFERMAKER', SYSDATE);
INSERT INTO OFFER_CHAIN_META_DATA (ID, OFFER_CHAIN_ID, NAME, VALUE, CREATED_BY, CREATE_DATE) VALUES (OCMD_ID_SEQ.NEXTVAL, 664075570, 'CANCELABLE', '1', 'OFFERMAKER', SYSDATE);
INSERT INTO OFFER_CHAIN_META_DATA (ID, OFFER_CHAIN_ID, NAME, VALUE, CREATED_BY, CREATE_DATE) VALUES (OCMD_ID_SEQ.NEXTVAL, 664075570, 'REFUNDABLE', '1', 'OFFERMAKER', SYSDATE);
INSERT INTO OFFER_CHAIN_META_DATA (ID, OFFER_CHAIN_ID, NAME, VALUE, CREATED_BY, CREATE_DATE) VALUES (OCMD_ID_SEQ.NEXTVAL, 664075570, 'FULL_REFUND_DAYS_LIMIT', '30', 'OFFERMAKER', SYSDATE);
INSERT INTO OFFER_CHAIN_META_DATA (ID, OFFER_CHAIN_ID, NAME, VALUE, CREATED_BY, CREATE_DATE) VALUES (OCMD_ID_SEQ.NEXTVAL, 664075570, 'PRORATED_REFUND_DAYS_LIMIT', '334', 'OFFERMAKER', SYSDATE);
INSERT INTO OFFER_CHAIN_META_DATA (ID, OFFER_CHAIN_ID, NAME, VALUE, CREATED_BY, CREATE_DATE) VALUES (OCMD_ID_SEQ.NEXTVAL, 664075570, 'OPEN_TO_ANONYMOUS', '1', 'OFFERMAKER', SYSDATE);
INSERT INTO OFFER_CHAIN_META_DATA (ID, OFFER_CHAIN_ID, NAME, VALUE, CREATED_BY, CREATE_DATE) VALUES (OCMD_ID_SEQ.NEXTVAL, 664075570, 'BUNDLE', 'Bundle B (Web+Tab)', 'OFFERMAKER', SYSDATE);
INSERT INTO OFFER_CHAIN_META_DATA (ID, OFFER_CHAIN_ID, NAME, VALUE, CREATED_BY, CREATE_DATE) VALUES (OCMD_ID_SEQ.NEXTVAL, 664075570, 'ADX_BUNDLE', 'MM_EDU', 'OFFERMAKER', SYSDATE);
INSERT INTO OFFER_CHAIN_META_DATA (ID, OFFER_CHAIN_ID, NAME, VALUE, CREATED_BY, CREATE_DATE) VALUES (OCMD_ID_SEQ.NEXTVAL, 664075570, 'SIEBEL_CAMPAIGN_CODE', '3KK38', 'OFFERMAKER', SYSDATE);
INSERT INTO OFFER_CHAIN_META_DATA (ID, OFFER_CHAIN_ID, NAME, VALUE, CREATED_BY, CREATE_DATE) VALUES (OCMD_ID_SEQ.NEXTVAL, 664075570, 'ANNUAL_PRICE', '130.00', 'OFFERMAKER', SYSDATE);
INSERT INTO OFFER_CHAIN_META_DATA (ID, OFFER_CHAIN_ID, NAME, VALUE, CREATED_BY, CREATE_DATE) VALUES (OCMD_ID_SEQ.NEXTVAL, 664075570, 'UID', '7cd0de9beaed0387b33bad8feadbc62583b13e524eb48cf59bdadab9e3f1ceb4', 'OFFERMAKER', SYSDATE);
DELETE FROM OFFER_CHAIN_NOTIFICATION_TYPE WHERE offer_chain_id = 664075570;
BEGIN
  SELECT 1 INTO TMP_VAR FROM ACTION WHERE NAME = 'SUBSCRIBE_TO_OFFER_CHAIN';
EXCEPTION
  WHEN NO_DATA_FOUND THEN
    INSERT INTO ACTION (ID, NAME, CREATE_DATE, CREATED_BY) VALUES (ACTION_ID_SEQ.NEXTVAL, 'SUBSCRIBE_TO_OFFER_CHAIN', SYSDATE, 'OFFERMAKER');
END;
BEGIN
  SELECT 1 INTO TMP_VAR FROM CORE_OWNER.NOTIFICATION_TYPE WHERE VALUE = 'sartre-digital-purchase-international-education';
EXCEPTION
  WHEN NO_DATA_FOUND THEN NULL;
    INSERT INTO CORE_OWNER.NOTIFICATION_TYPE (ID, VALUE, TEMPLATE_URL) VALUES (CORE_OWNER.NOTTID_SEQ.NEXTVAL, 'sartre-digital-purchase-international-education', 'N/A');
END;
BEGIN
  SELECT 1 INTO TMP_VAR FROM ACTION WHERE NAME = 'UPGRADE_SUBSCRIPTION';
EXCEPTION
  WHEN NO_DATA_FOUND THEN
    INSERT INTO ACTION (ID, NAME, CREATE_DATE, CREATED_BY) VALUES (ACTION_ID_SEQ.NEXTVAL, 'UPGRADE_SUBSCRIPTION', SYSDATE, 'OFFERMAKER');
END;
BEGIN
  SELECT 1 INTO TMP_VAR FROM CORE_OWNER.NOTIFICATION_TYPE WHERE VALUE = 'sartre-digital-purchase-international-education';
EXCEPTION
  WHEN NO_DATA_FOUND THEN NULL;
    INSERT INTO CORE_OWNER.NOTIFICATION_TYPE (ID, VALUE, TEMPLATE_URL) VALUES (CORE_OWNER.NOTTID_SEQ.NEXTVAL, 'sartre-digital-purchase-international-education', 'N/A');
END;
BEGIN
  SELECT 1 INTO TMP_VAR FROM ACTION WHERE NAME = 'CANCEL_SUBSCRIPTION';
EXCEPTION
  WHEN NO_DATA_FOUND THEN
    INSERT INTO ACTION (ID, NAME, CREATE_DATE, CREATED_BY) VALUES (ACTION_ID_SEQ.NEXTVAL, 'CANCEL_SUBSCRIPTION', SYSDATE, 'OFFERMAKER');
END;
BEGIN
  SELECT 1 INTO TMP_VAR FROM CORE_OWNER.NOTIFICATION_TYPE WHERE VALUE = 'sartre-cancel';
EXCEPTION
  WHEN NO_DATA_FOUND THEN NULL;
    INSERT INTO CORE_OWNER.NOTIFICATION_TYPE (ID, VALUE, TEMPLATE_URL) VALUES (CORE_OWNER.NOTTID_SEQ.NEXTVAL, 'sartre-cancel', 'N/A');
END;
BEGIN
  SELECT 1 INTO TMP_VAR FROM ACTION WHERE NAME = 'SYSTEM_CANCEL';
EXCEPTION
  WHEN NO_DATA_FOUND THEN
    INSERT INTO ACTION (ID, NAME, CREATE_DATE, CREATED_BY) VALUES (ACTION_ID_SEQ.NEXTVAL, 'SYSTEM_CANCEL', SYSDATE, 'OFFERMAKER');
END;
BEGIN
  SELECT 1 INTO TMP_VAR FROM CORE_OWNER.NOTIFICATION_TYPE WHERE VALUE = 'sartre-decline-international-education';
EXCEPTION
  WHEN NO_DATA_FOUND THEN NULL;
    INSERT INTO CORE_OWNER.NOTIFICATION_TYPE (ID, VALUE, TEMPLATE_URL) VALUES (CORE_OWNER.NOTTID_SEQ.NEXTVAL, 'sartre-decline-international-education', 'N/A');
END;
BEGIN
  SELECT 1 INTO TMP_VAR FROM ACTION WHERE NAME = 'CREDIT_CARD_EXP';
EXCEPTION
  WHEN NO_DATA_FOUND THEN
    INSERT INTO ACTION (ID, NAME, CREATE_DATE, CREATED_BY) VALUES (ACTION_ID_SEQ.NEXTVAL, 'CREDIT_CARD_EXP', SYSDATE, 'OFFERMAKER');
END;
BEGIN
  SELECT 1 INTO TMP_VAR FROM CORE_OWNER.NOTIFICATION_TYPE WHERE VALUE = 'card_expiration';
EXCEPTION
  WHEN NO_DATA_FOUND THEN NULL;
    INSERT INTO CORE_OWNER.NOTIFICATION_TYPE (ID, VALUE, TEMPLATE_URL) VALUES (CORE_OWNER.NOTTID_SEQ.NEXTVAL, 'card_expiration', 'N/A');
END;
INSERT INTO OFFER_CHAIN_NOTIFICATION_TYPE (ID, OFFER_CHAIN_ID, NOTIFICATION_TYPE_ID, ACTION_ID, CREATED_BY, CREATE_DATE) VALUES (OCET_ID_SEQ.NEXTVAL, 664075570, (SELECT ID FROM CORE_OWNER.NOTIFICATION_TYPE WHERE VALUE = 'sartre-digital-purchase-international-education'), (SELECT ID FROM ACTION WHERE NAME = 'SUBSCRIBE_TO_OFFER_CHAIN'), 'OFFERMAKER', SYSDATE);
INSERT INTO OFFER_CHAIN_NOTIFICATION_TYPE (ID, OFFER_CHAIN_ID, NOTIFICATION_TYPE_ID, ACTION_ID, CREATED_BY, CREATE_DATE) VALUES (OCET_ID_SEQ.NEXTVAL, 664075570, (SELECT ID FROM CORE_OWNER.NOTIFICATION_TYPE WHERE VALUE = 'sartre-digital-purchase-international-education'), (SELECT ID FROM ACTION WHERE NAME = 'UPGRADE_SUBSCRIPTION'), 'OFFERMAKER', SYSDATE);
INSERT INTO OFFER_CHAIN_NOTIFICATION_TYPE (ID, OFFER_CHAIN_ID, NOTIFICATION_TYPE_ID, ACTION_ID, CREATED_BY, CREATE_DATE) VALUES (OCET_ID_SEQ.NEXTVAL, 664075570, (SELECT ID FROM CORE_OWNER.NOTIFICATION_TYPE WHERE VALUE = 'sartre-cancel'), (SELECT ID FROM ACTION WHERE NAME = 'CANCEL_SUBSCRIPTION'), 'OFFERMAKER', SYSDATE);
INSERT INTO OFFER_CHAIN_NOTIFICATION_TYPE (ID, OFFER_CHAIN_ID, NOTIFICATION_TYPE_ID, ACTION_ID, CREATED_BY, CREATE_DATE) VALUES (OCET_ID_SEQ.NEXTVAL, 664075570, (SELECT ID FROM CORE_OWNER.NOTIFICATION_TYPE WHERE VALUE = 'sartre-decline-international-education'), (SELECT ID FROM ACTION WHERE NAME = 'SYSTEM_CANCEL'), 'OFFERMAKER', SYSDATE);
INSERT INTO OFFER_CHAIN_NOTIFICATION_TYPE (ID, OFFER_CHAIN_ID, NOTIFICATION_TYPE_ID, ACTION_ID, CREATED_BY, CREATE_DATE) VALUES (OCET_ID_SEQ.NEXTVAL, 664075570, (SELECT ID FROM CORE_OWNER.NOTIFICATION_TYPE WHERE VALUE = 'card_expiration'), (SELECT ID FROM ACTION WHERE NAME = 'CREDIT_CARD_EXP'), 'OFFERMAKER', SYSDATE);
BEGIN
  SELECT 1 INTO TMP_VAR FROM OFFER_OFFER_CHAIN WHERE OFFER_CHAIN_ID = 664075570 AND INDEX_VALUE = 0 AND ROWNUM <= 1;
EXCEPTION
  WHEN NO_DATA_FOUND THEN
INSERT INTO OFFER (ID, OFFER_STATUS_ID, ENTITLEMENT_DURATION, CREATED_BY, CREATE_DATE, updated_by, update_date) VALUES (OFR_ID_SEQ.NEXTVAL, 1, 'P0Y0M364DT0H0M', 'OFFERMAKER', SYSDATE, 'OFFERMAKER', SYSDATE);
BEGIN
  SELECT ID INTO CUR_PRD_ID FROM PRODUCT WHERE NAME = 'Web' AND ROWNUM <= 1;
EXCEPTION
  WHEN NO_DATA_FOUND THEN
    INSERT INTO PRODUCT (ID, NAME, CREATED_BY, CREATE_DATE) VALUES (PRD_ID_SEQ.NEXTVAL, 'Web', 'OFFERMAKER', SYSDATE);
    SELECT ID INTO CUR_PRD_ID FROM PRODUCT WHERE NAME = 'Web' AND ROWNUM <= 1;
  WHEN OTHERS THEN
    RAISE;
END;
INSERT INTO PRODUCT_OFFERING (ID, PRODUCT_ID, TAX_POLICY_TYPE_ID, QUANTITY, UNIT_PRICE, CREATED_BY, CREATE_DATE) VALUES (PO_ID_SEQ.NEXTVAL, CUR_PRD_ID, '1', '364', '0.357143', 'OFFERMAKER', SYSDATE);
INSERT INTO OFFER_PRODUCT_OFFERING (OFFER_ID, PRODUCT_OFFERING_ID, CREATED_BY, CREATE_DATE) VALUES (OFR_ID_SEQ.CURRVAL, PO_ID_SEQ.CURRVAL, 'OFFERMAKER', SYSDATE);
INSERT INTO DISCOUNT (ID, NAME, DESCRIPTION, FIXED_AMOUNT, PERCENT_AMOUNT, DISCOUNT_TYPE_ID, CREATED_BY, CREATE_DATE) VALUES (DSC_ID_SEQ.NEXTVAL, 'Discount', 'Off: 120.99. P.Disc: 60.490. P.Full: 130.000', '69.510', '0', 1, 'OFFERMAKER', SYSDATE);
INSERT INTO DISCOUNT_PRODUCT_OFFERING (DISCOUNT_ID, PRODUCT_OFFERING_ID, CREATED_BY, CREATE_DATE) VALUES (DSC_ID_SEQ.CURRVAL, PO_ID_SEQ.CURRVAL, 'OFFERMAKER', SYSDATE);
BEGIN
  SELECT ID INTO CUR_PRD_ID FROM PRODUCT WHERE NAME = 'Mobile' AND ROWNUM <= 1;
EXCEPTION
  WHEN NO_DATA_FOUND THEN
    INSERT INTO PRODUCT (ID, NAME, CREATED_BY, CREATE_DATE) VALUES (PRD_ID_SEQ.NEXTVAL, 'Mobile', 'OFFERMAKER', SYSDATE);
    SELECT ID INTO CUR_PRD_ID FROM PRODUCT WHERE NAME = 'Mobile' AND ROWNUM <= 1;
  WHEN OTHERS THEN
    RAISE;
END;
INSERT INTO PRODUCT_OFFERING (ID, PRODUCT_ID, TAX_POLICY_TYPE_ID, QUANTITY, UNIT_PRICE, CREATED_BY, CREATE_DATE) VALUES (PO_ID_SEQ.NEXTVAL, CUR_PRD_ID, '1', '364', '0', 'OFFERMAKER', SYSDATE);
INSERT INTO OFFER_PRODUCT_OFFERING (OFFER_ID, PRODUCT_OFFERING_ID, CREATED_BY, CREATE_DATE) VALUES (OFR_ID_SEQ.CURRVAL, PO_ID_SEQ.CURRVAL, 'OFFERMAKER', SYSDATE);
BEGIN
  SELECT ID INTO CUR_PRD_ID FROM PRODUCT WHERE NAME = 'Archive Article' AND ROWNUM <= 1;
EXCEPTION
  WHEN NO_DATA_FOUND THEN
    INSERT INTO PRODUCT (ID, NAME, CREATED_BY, CREATE_DATE) VALUES (PRD_ID_SEQ.NEXTVAL, 'Archive Article', 'OFFERMAKER', SYSDATE);
    SELECT ID INTO CUR_PRD_ID FROM PRODUCT WHERE NAME = 'Archive Article' AND ROWNUM <= 1;
  WHEN OTHERS THEN
    RAISE;
END;
INSERT INTO PRODUCT_OFFERING (ID, PRODUCT_ID, TAX_POLICY_TYPE_ID, QUANTITY, UNIT_PRICE, CREATED_BY, CREATE_DATE) VALUES (PO_ID_SEQ.NEXTVAL, CUR_PRD_ID, '1', '1300', '0', 'OFFERMAKER', SYSDATE);
INSERT INTO OFFER_PRODUCT_OFFERING (OFFER_ID, PRODUCT_OFFERING_ID, CREATED_BY, CREATE_DATE) VALUES (OFR_ID_SEQ.CURRVAL, PO_ID_SEQ.CURRVAL, 'OFFERMAKER', SYSDATE);
BEGIN
  SELECT ID INTO CUR_PRD_ID FROM PRODUCT WHERE NAME = 'TimesMachine' AND ROWNUM <= 1;
EXCEPTION
  WHEN NO_DATA_FOUND THEN
    INSERT INTO PRODUCT (ID, NAME, CREATED_BY, CREATE_DATE) VALUES (PRD_ID_SEQ.NEXTVAL, 'TimesMachine', 'OFFERMAKER', SYSDATE);
    SELECT ID INTO CUR_PRD_ID FROM PRODUCT WHERE NAME = 'TimesMachine' AND ROWNUM <= 1;
  WHEN OTHERS THEN
    RAISE;
END;
INSERT INTO PRODUCT_OFFERING (ID, PRODUCT_ID, TAX_POLICY_TYPE_ID, QUANTITY, UNIT_PRICE, CREATED_BY, CREATE_DATE) VALUES (PO_ID_SEQ.NEXTVAL, CUR_PRD_ID, '1', '364', '0', 'OFFERMAKER', SYSDATE);
INSERT INTO OFFER_PRODUCT_OFFERING (OFFER_ID, PRODUCT_OFFERING_ID, CREATED_BY, CREATE_DATE) VALUES (OFR_ID_SEQ.CURRVAL, PO_ID_SEQ.CURRVAL, 'OFFERMAKER', SYSDATE);
BEGIN
  SELECT ID INTO CUR_PRD_ID FROM PRODUCT WHERE NAME = 'Tablet' AND ROWNUM <= 1;
EXCEPTION
  WHEN NO_DATA_FOUND THEN
    INSERT INTO PRODUCT (ID, NAME, CREATED_BY, CREATE_DATE) VALUES (PRD_ID_SEQ.NEXTVAL, 'Tablet', 'OFFERMAKER', SYSDATE);
    SELECT ID INTO CUR_PRD_ID FROM PRODUCT WHERE NAME = 'Tablet' AND ROWNUM <= 1;
  WHEN OTHERS THEN
    RAISE;
END;
INSERT INTO PRODUCT_OFFERING (ID, PRODUCT_ID, TAX_POLICY_TYPE_ID, QUANTITY, UNIT_PRICE, CREATED_BY, CREATE_DATE) VALUES (PO_ID_SEQ.NEXTVAL, CUR_PRD_ID, '1', '364', '0.357143', 'OFFERMAKER', SYSDATE);
INSERT INTO OFFER_PRODUCT_OFFERING (OFFER_ID, PRODUCT_OFFERING_ID, CREATED_BY, CREATE_DATE) VALUES (OFR_ID_SEQ.CURRVAL, PO_ID_SEQ.CURRVAL, 'OFFERMAKER', SYSDATE);
INSERT INTO DISCOUNT (ID, NAME, DESCRIPTION, FIXED_AMOUNT, PERCENT_AMOUNT, DISCOUNT_TYPE_ID, CREATED_BY, CREATE_DATE) VALUES (DSC_ID_SEQ.NEXTVAL, 'Discount', 'Off: 120.99. P.Disc: 60.500. P.Full: 130.000', '69.50', '0', 1, 'OFFERMAKER', SYSDATE);
INSERT INTO DISCOUNT_PRODUCT_OFFERING (DISCOUNT_ID, PRODUCT_OFFERING_ID, CREATED_BY, CREATE_DATE) VALUES (DSC_ID_SEQ.CURRVAL, PO_ID_SEQ.CURRVAL, 'OFFERMAKER', SYSDATE);
BEGIN
  SELECT ID INTO CUR_PRD_ID FROM PRODUCT WHERE NAME = 'TimesReader' AND ROWNUM <= 1;
EXCEPTION
  WHEN NO_DATA_FOUND THEN
    INSERT INTO PRODUCT (ID, NAME, CREATED_BY, CREATE_DATE) VALUES (PRD_ID_SEQ.NEXTVAL, 'TimesReader', 'OFFERMAKER', SYSDATE);
    SELECT ID INTO CUR_PRD_ID FROM PRODUCT WHERE NAME = 'TimesReader' AND ROWNUM <= 1;
  WHEN OTHERS THEN
    RAISE;
END;
INSERT INTO PRODUCT_OFFERING (ID, PRODUCT_ID, TAX_POLICY_TYPE_ID, QUANTITY, UNIT_PRICE, CREATED_BY, CREATE_DATE) VALUES (PO_ID_SEQ.NEXTVAL, CUR_PRD_ID, '1', '364', '0', 'OFFERMAKER', SYSDATE);
INSERT INTO OFFER_PRODUCT_OFFERING (OFFER_ID, PRODUCT_OFFERING_ID, CREATED_BY, CREATE_DATE) VALUES (OFR_ID_SEQ.CURRVAL, PO_ID_SEQ.CURRVAL, 'OFFERMAKER', SYSDATE);
INSERT INTO OFFER_OFFER_CHAIN (OFFER_ID, OFFER_CHAIN_ID, INDEX_VALUE, NUM_RECURRENCES, CREATED_BY, CREATE_DATE, updated_by, update_date) VALUES (OFR_ID_SEQ.CURRVAL, 664075570, '0', '1', 'OFFERMAKER', SYSDATE, 'OFFERMAKER', SYSDATE);
END;
BEGIN
  SELECT 1 INTO TMP_VAR FROM OFFER_OFFER_CHAIN WHERE OFFER_CHAIN_ID = 664075570 AND INDEX_VALUE = 1 AND ROWNUM <= 1;
EXCEPTION
  WHEN NO_DATA_FOUND THEN
INSERT INTO OFFER (ID, OFFER_STATUS_ID, ENTITLEMENT_DURATION, CREATED_BY, CREATE_DATE, updated_by, update_date) VALUES (OFR_ID_SEQ.NEXTVAL, 1, 'P0Y0M364DT0H0M', 'OFFERMAKER', SYSDATE, 'OFFERMAKER', SYSDATE);
BEGIN
  SELECT ID INTO CUR_PRD_ID FROM PRODUCT WHERE NAME = 'Web' AND ROWNUM <= 1;
EXCEPTION
  WHEN NO_DATA_FOUND THEN
    INSERT INTO PRODUCT (ID, NAME, CREATED_BY, CREATE_DATE) VALUES (PRD_ID_SEQ.NEXTVAL, 'Web', 'OFFERMAKER', SYSDATE);
    SELECT ID INTO CUR_PRD_ID FROM PRODUCT WHERE NAME = 'Web' AND ROWNUM <= 1;
  WHEN OTHERS THEN
    RAISE;
END;
INSERT INTO PRODUCT_OFFERING (ID, PRODUCT_ID, TAX_POLICY_TYPE_ID, QUANTITY, UNIT_PRICE, CREATED_BY, CREATE_DATE) VALUES (PO_ID_SEQ.NEXTVAL, CUR_PRD_ID, '1', '364', '0.357143', 'OFFERMAKER', SYSDATE);
INSERT INTO OFFER_PRODUCT_OFFERING (OFFER_ID, PRODUCT_OFFERING_ID, CREATED_BY, CREATE_DATE) VALUES (OFR_ID_SEQ.CURRVAL, PO_ID_SEQ.CURRVAL, 'OFFERMAKER', SYSDATE);
INSERT INTO DISCOUNT (ID, NAME, DESCRIPTION, FIXED_AMOUNT, PERCENT_AMOUNT, DISCOUNT_TYPE_ID, CREATED_BY, CREATE_DATE) VALUES (DSC_ID_SEQ.NEXTVAL, 'Discount', 'Off: 130.0. P.Disc: 65.000. P.Full: 130.000', '65.00', '0', 1, 'OFFERMAKER', SYSDATE);
INSERT INTO DISCOUNT_PRODUCT_OFFERING (DISCOUNT_ID, PRODUCT_OFFERING_ID, CREATED_BY, CREATE_DATE) VALUES (DSC_ID_SEQ.CURRVAL, PO_ID_SEQ.CURRVAL, 'OFFERMAKER', SYSDATE);
BEGIN
  SELECT ID INTO CUR_PRD_ID FROM PRODUCT WHERE NAME = 'Mobile' AND ROWNUM <= 1;
EXCEPTION
  WHEN NO_DATA_FOUND THEN
    INSERT INTO PRODUCT (ID, NAME, CREATED_BY, CREATE_DATE) VALUES (PRD_ID_SEQ.NEXTVAL, 'Mobile', 'OFFERMAKER', SYSDATE);
    SELECT ID INTO CUR_PRD_ID FROM PRODUCT WHERE NAME = 'Mobile' AND ROWNUM <= 1;
  WHEN OTHERS THEN
    RAISE;
END;
INSERT INTO PRODUCT_OFFERING (ID, PRODUCT_ID, TAX_POLICY_TYPE_ID, QUANTITY, UNIT_PRICE, CREATED_BY, CREATE_DATE) VALUES (PO_ID_SEQ.NEXTVAL, CUR_PRD_ID, '1', '364', '0', 'OFFERMAKER', SYSDATE);
INSERT INTO OFFER_PRODUCT_OFFERING (OFFER_ID, PRODUCT_OFFERING_ID, CREATED_BY, CREATE_DATE) VALUES (OFR_ID_SEQ.CURRVAL, PO_ID_SEQ.CURRVAL, 'OFFERMAKER', SYSDATE);
BEGIN
  SELECT ID INTO CUR_PRD_ID FROM PRODUCT WHERE NAME = 'Archive Article' AND ROWNUM <= 1;
EXCEPTION
  WHEN NO_DATA_FOUND THEN
    INSERT INTO PRODUCT (ID, NAME, CREATED_BY, CREATE_DATE) VALUES (PRD_ID_SEQ.NEXTVAL, 'Archive Article', 'OFFERMAKER', SYSDATE);
    SELECT ID INTO CUR_PRD_ID FROM PRODUCT WHERE NAME = 'Archive Article' AND ROWNUM <= 1;
  WHEN OTHERS THEN
    RAISE;
END;
INSERT INTO PRODUCT_OFFERING (ID, PRODUCT_ID, TAX_POLICY_TYPE_ID, QUANTITY, UNIT_PRICE, CREATED_BY, CREATE_DATE) VALUES (PO_ID_SEQ.NEXTVAL, CUR_PRD_ID, '1', '1300', '0', 'OFFERMAKER', SYSDATE);
INSERT INTO OFFER_PRODUCT_OFFERING (OFFER_ID, PRODUCT_OFFERING_ID, CREATED_BY, CREATE_DATE) VALUES (OFR_ID_SEQ.CURRVAL, PO_ID_SEQ.CURRVAL, 'OFFERMAKER', SYSDATE);
BEGIN
  SELECT ID INTO CUR_PRD_ID FROM PRODUCT WHERE NAME = 'TimesMachine' AND ROWNUM <= 1;
EXCEPTION
  WHEN NO_DATA_FOUND THEN
    INSERT INTO PRODUCT (ID, NAME, CREATED_BY, CREATE_DATE) VALUES (PRD_ID_SEQ.NEXTVAL, 'TimesMachine', 'OFFERMAKER', SYSDATE);
    SELECT ID INTO CUR_PRD_ID FROM PRODUCT WHERE NAME = 'TimesMachine' AND ROWNUM <= 1;
  WHEN OTHERS THEN
    RAISE;
END;
INSERT INTO PRODUCT_OFFERING (ID, PRODUCT_ID, TAX_POLICY_TYPE_ID, QUANTITY, UNIT_PRICE, CREATED_BY, CREATE_DATE) VALUES (PO_ID_SEQ.NEXTVAL, CUR_PRD_ID, '1', '364', '0', 'OFFERMAKER', SYSDATE);
INSERT INTO OFFER_PRODUCT_OFFERING (OFFER_ID, PRODUCT_OFFERING_ID, CREATED_BY, CREATE_DATE) VALUES (OFR_ID_SEQ.CURRVAL, PO_ID_SEQ.CURRVAL, 'OFFERMAKER', SYSDATE);
BEGIN
  SELECT ID INTO CUR_PRD_ID FROM PRODUCT WHERE NAME = 'Tablet' AND ROWNUM <= 1;
EXCEPTION
  WHEN NO_DATA_FOUND THEN
    INSERT INTO PRODUCT (ID, NAME, CREATED_BY, CREATE_DATE) VALUES (PRD_ID_SEQ.NEXTVAL, 'Tablet', 'OFFERMAKER', SYSDATE);
    SELECT ID INTO CUR_PRD_ID FROM PRODUCT WHERE NAME = 'Tablet' AND ROWNUM <= 1;
  WHEN OTHERS THEN
    RAISE;
END;
INSERT INTO PRODUCT_OFFERING (ID, PRODUCT_ID, TAX_POLICY_TYPE_ID, QUANTITY, UNIT_PRICE, CREATED_BY, CREATE_DATE) VALUES (PO_ID_SEQ.NEXTVAL, CUR_PRD_ID, '1', '364', '0.357143', 'OFFERMAKER', SYSDATE);
INSERT INTO OFFER_PRODUCT_OFFERING (OFFER_ID, PRODUCT_OFFERING_ID, CREATED_BY, CREATE_DATE) VALUES (OFR_ID_SEQ.CURRVAL, PO_ID_SEQ.CURRVAL, 'OFFERMAKER', SYSDATE);
INSERT INTO DISCOUNT (ID, NAME, DESCRIPTION, FIXED_AMOUNT, PERCENT_AMOUNT, DISCOUNT_TYPE_ID, CREATED_BY, CREATE_DATE) VALUES (DSC_ID_SEQ.NEXTVAL, 'Discount', 'Off: 130.0. P.Disc: 65.000. P.Full: 130.000', '65.00', '0', 1, 'OFFERMAKER', SYSDATE);
INSERT INTO DISCOUNT_PRODUCT_OFFERING (DISCOUNT_ID, PRODUCT_OFFERING_ID, CREATED_BY, CREATE_DATE) VALUES (DSC_ID_SEQ.CURRVAL, PO_ID_SEQ.CURRVAL, 'OFFERMAKER', SYSDATE);
BEGIN
  SELECT ID INTO CUR_PRD_ID FROM PRODUCT WHERE NAME = 'TimesReader' AND ROWNUM <= 1;
EXCEPTION
  WHEN NO_DATA_FOUND THEN
    INSERT INTO PRODUCT (ID, NAME, CREATED_BY, CREATE_DATE) VALUES (PRD_ID_SEQ.NEXTVAL, 'TimesReader', 'OFFERMAKER', SYSDATE);
    SELECT ID INTO CUR_PRD_ID FROM PRODUCT WHERE NAME = 'TimesReader' AND ROWNUM <= 1;
  WHEN OTHERS THEN
    RAISE;
END;
INSERT INTO PRODUCT_OFFERING (ID, PRODUCT_ID, TAX_POLICY_TYPE_ID, QUANTITY, UNIT_PRICE, CREATED_BY, CREATE_DATE) VALUES (PO_ID_SEQ.NEXTVAL, CUR_PRD_ID, '1', '364', '0', 'OFFERMAKER', SYSDATE);
INSERT INTO OFFER_PRODUCT_OFFERING (OFFER_ID, PRODUCT_OFFERING_ID, CREATED_BY, CREATE_DATE) VALUES (OFR_ID_SEQ.CURRVAL, PO_ID_SEQ.CURRVAL, 'OFFERMAKER', SYSDATE);
INSERT INTO OFFER_OFFER_CHAIN (OFFER_ID, OFFER_CHAIN_ID, INDEX_VALUE, NUM_RECURRENCES, CREATED_BY, CREATE_DATE, updated_by, update_date) VALUES (OFR_ID_SEQ.CURRVAL, 664075570, '1', '-1', 'OFFERMAKER', SYSDATE, 'OFFERMAKER', SYSDATE);
END;
END;
/
COMMIT;
DECLARE
TMP_VAR NUMBER;
CUR_PRD_ID NUMBER;
CUR_CAPABILITY_ID NUMBER;
BEGIN
BEGIN
  SELECT 1 INTO TMP_VAR FROM OFFER_CHAIN WHERE ID = 2383884371 AND ROWNUM <= 1;
  UPDATE OFFER_CHAIN SET NAME='NYTimes: All Digital Access', DESCRIPTION='Unlimited access to NYTimes.com, and the NYTimes smartphone and tablet apps.*', PRODUCT_URI='', VENDOR_SOURCE_ID='1', BILLING_SOURCE_ID=(SELECT ID FROM BILLING_SOURCE BS WHERE BS.NAME='Sartre'), IS_SEAT_LICENSE=0, GROUP_ACCOUNT_TYPE_ID='FL',IS_ADDRESS_REQUIRED=0, OFFER_CHAIN_STATUS_ID = 1, UPDATE_DATE = SYSDATE, UPDATED_BY = 'OFFERMAKER', IS_GIFT_CERTIFICATE='0', REVOKE_ENTITLEMENTS = '0', ADOPTABILITY_WINDOW_START_DATE = to_date('15-Jul-2013 00:00:00','DD-MON-YY HH24:MI:SS'), ADOPTABILITY_WINDOW_END_DATE = to_date('31-Dec-2069 00:00:00','DD-MON-YY HH24:MI:SS'), AMAZON_APPSTORE_SKU=NULL WHERE ID = 2383884371;
EXCEPTION
  WHEN NO_DATA_FOUND THEN
    INSERT INTO OFFER_CHAIN (ID, NAME, DESCRIPTION, ADOPTABILITY_WINDOW_START_DATE, ADOPTABILITY_WINDOW_END_DATE, IS_GIFT_CERTIFICATE, PRODUCT_URI, OFFER_CHAIN_STATUS_ID, REVOKE_ENTITLEMENTS, VENDOR_SOURCE_ID, BILLING_SOURCE_ID, IS_SEAT_LICENSE, GROUP_ACCOUNT_TYPE_ID, IS_ADDRESS_REQUIRED, AMAZON_APPSTORE_SKU, CREATED_BY, CREATE_DATE, updated_by, update_date) VALUES (2383884371, 'NYTimes: All Digital Access', 'Unlimited access to NYTimes.com, and the NYTimes smartphone and tablet apps.*', to_date('15-Jul-2013 00:00:00','DD-MON-YY HH24:MI:SS'), to_date('31-Dec-2069 00:00:00','DD-MON-YY HH24:MI:SS'), '0', NULL, '1', '0', '1', (SELECT ID FROM BILLING_SOURCE BS WHERE BS.NAME='Sartre'), decode('FL','IL',1,0), 'FL', '0', '', 'OFFERMAKER', SYSDATE, 'OFFERMAKER', SYSDATE);
END;
DELETE FROM OFFER_CHAIN_ELIGIBILITY WHERE offer_chain_id = 2383884371;
INSERT INTO OFFER_CHAIN_ELIGIBILITY (ID, OFFER_CHAIN_ID, NAME, VALUE, CREATED_BY, CREATE_DATE) VALUES (ELG_ID_SEQ.NEXTVAL, 2383884371, 'IS_COMP', '0', 'OFFERMAKER', SYSDATE);
INSERT INTO OFFER_CHAIN_ELIGIBILITY (ID, OFFER_CHAIN_ID, NAME, VALUE, CREATED_BY, CREATE_DATE) VALUES (ELG_ID_SEQ.NEXTVAL, 2383884371, 'MAX_CONCURRENT_SUBS', '1', 'OFFERMAKER', SYSDATE);
INSERT INTO OFFER_CHAIN_ELIGIBILITY (ID, OFFER_CHAIN_ID, NAME, VALUE, CREATED_BY, CREATE_DATE) VALUES (ELG_ID_SEQ.NEXTVAL, 2383884371, 'INTERNAL_ONLY', '0', 'OFFERMAKER', SYSDATE);
INSERT INTO OFFER_CHAIN_ELIGIBILITY (ID, OFFER_CHAIN_ID, NAME, VALUE, CREATED_BY, CREATE_DATE) VALUES (ELG_ID_SEQ.NEXTVAL, 2383884371, 'REDEEMER_PROHIBITED_ENTITLEMENTS', '0', 'OFFERMAKER', SYSDATE);
DELETE FROM OFFER_CHAIN_META_DATA WHERE offer_chain_id = 2383884371;
INSERT INTO OFFER_CHAIN_META_DATA (ID, OFFER_CHAIN_ID, NAME, VALUE, CREATED_BY, CREATE_DATE) VALUES (OCMD_ID_SEQ.NEXTVAL, 2383884371, 'BUNDLE_EXPLANATION', 'W+SP+T Edu Intl  $210.99 for first 52 weeks and 50% off regular price thereafter - no email verify', 'OFFERMAKER', SYSDATE);
INSERT INTO OFFER_CHAIN_META_DATA (ID, OFFER_CHAIN_ID, NAME, VALUE, CREATED_BY, CREATE_DATE) VALUES (OCMD_ID_SEQ.NEXTVAL, 2383884371, 'PRICE_DESCRIPTION', 'All Digital Access $210.99 EDU Offer First 52 Weeks: $4.05/week Thereafter:$227.50 every 52 weeks', 'OFFERMAKER', SYSDATE);
INSERT INTO OFFER_CHAIN_META_DATA (ID, OFFER_CHAIN_ID, NAME, VALUE, CREATED_BY, CREATE_DATE) VALUES (OCMD_ID_SEQ.NEXTVAL, 2383884371, 'PRICE_SHORT_DESCRIPTION', 'W+SP+T Edu Intl/ $210.99 First 52 wks / $227.50 every 52 wks thereafter', 'OFFERMAKER', SYSDATE);
INSERT INTO OFFER_CHAIN_META_DATA (ID, OFFER_CHAIN_ID, NAME, VALUE, CREATED_BY, CREATE_DATE) VALUES (OCMD_ID_SEQ.NEXTVAL, 2383884371, 'OFFER_TYPE', '$ 210.99 for first 52 Weeks', 'OFFERMAKER', SYSDATE);
INSERT INTO OFFER_CHAIN_META_DATA (ID, OFFER_CHAIN_ID, NAME, VALUE, CREATED_BY, CREATE_DATE) VALUES (OCMD_ID_SEQ.NEXTVAL, 2383884371, 'OFFER_PRICE_DESCRIPTOR', 'EDU INTL RATE- ANNUAL SUB- 50% off', 'OFFERMAKER', SYSDATE);
INSERT INTO OFFER_CHAIN_META_DATA (ID, OFFER_CHAIN_ID, NAME, VALUE, CREATED_BY, CREATE_DATE) VALUES (OCMD_ID_SEQ.NEXTVAL, 2383884371, 'OFFER_PRICE', '$210.99 for first 52 Weeks and $227.50 for next 52 Weeks thereafter', 'OFFERMAKER', SYSDATE);
INSERT INTO OFFER_CHAIN_META_DATA (ID, OFFER_CHAIN_ID, NAME, VALUE, CREATED_BY, CREATE_DATE) VALUES (OCMD_ID_SEQ.NEXTVAL, 2383884371, 'OFFER_PRICE_DETAIL', '($4.38 / week thereafter)', 'OFFERMAKER', SYSDATE);
INSERT INTO OFFER_CHAIN_META_DATA (ID, OFFER_CHAIN_ID, NAME, VALUE, CREATED_BY, CREATE_DATE) VALUES (OCMD_ID_SEQ.NEXTVAL, 2383884371, 'PROMO_PRICE_FOOTER_LABEL', 'First 52 Weeks', 'OFFERMAKER', SYSDATE);
INSERT INTO OFFER_CHAIN_META_DATA (ID, OFFER_CHAIN_ID, NAME, VALUE, CREATED_BY, CREATE_DATE) VALUES (OCMD_ID_SEQ.NEXTVAL, 2383884371, 'ACTUAL_PRICE_FOOTER_LABEL', 'Thereafter', 'OFFERMAKER', SYSDATE);
INSERT INTO OFFER_CHAIN_META_DATA (ID, OFFER_CHAIN_ID, NAME, VALUE, CREATED_BY, CREATE_DATE) VALUES (OCMD_ID_SEQ.NEXTVAL, 2383884371, 'BILLING_CYCLE', 'every 52 weeks', 'OFFERMAKER', SYSDATE);
INSERT INTO OFFER_CHAIN_META_DATA (ID, OFFER_CHAIN_ID, NAME, VALUE, CREATED_BY, CREATE_DATE) VALUES (OCMD_ID_SEQ.NEXTVAL, 2383884371, 'SUBSCRIBER_TYPE', 'International Education', 'OFFERMAKER', SYSDATE);
INSERT INTO OFFER_CHAIN_META_DATA (ID, OFFER_CHAIN_ID, NAME, VALUE, CREATED_BY, CREATE_DATE) VALUES (OCMD_ID_SEQ.NEXTVAL, 2383884371, 'REFUND_POLICY', 'Multi-week Billing: Full refund within first 30 days, No refund if cancelled in the last 30 days and access remains through the end of the period.  Otherwise, pro-rated refund and access removed within 6 hours.', 'OFFERMAKER', SYSDATE);
INSERT INTO OFFER_CHAIN_META_DATA (ID, OFFER_CHAIN_ID, NAME, VALUE, CREATED_BY, CREATE_DATE) VALUES (OCMD_ID_SEQ.NEXTVAL, 2383884371, 'CANCELABLE', '1', 'OFFERMAKER', SYSDATE);
INSERT INTO OFFER_CHAIN_META_DATA (ID, OFFER_CHAIN_ID, NAME, VALUE, CREATED_BY, CREATE_DATE) VALUES (OCMD_ID_SEQ.NEXTVAL, 2383884371, 'REFUNDABLE', '1', 'OFFERMAKER', SYSDATE);
INSERT INTO OFFER_CHAIN_META_DATA (ID, OFFER_CHAIN_ID, NAME, VALUE, CREATED_BY, CREATE_DATE) VALUES (OCMD_ID_SEQ.NEXTVAL, 2383884371, 'FULL_REFUND_DAYS_LIMIT', '30', 'OFFERMAKER', SYSDATE);
INSERT INTO OFFER_CHAIN_META_DATA (ID, OFFER_CHAIN_ID, NAME, VALUE, CREATED_BY, CREATE_DATE) VALUES (OCMD_ID_SEQ.NEXTVAL, 2383884371, 'PRORATED_REFUND_DAYS_LIMIT', '334', 'OFFERMAKER', SYSDATE);
INSERT INTO OFFER_CHAIN_META_DATA (ID, OFFER_CHAIN_ID, NAME, VALUE, CREATED_BY, CREATE_DATE) VALUES (OCMD_ID_SEQ.NEXTVAL, 2383884371, 'OPEN_TO_ANONYMOUS', '1', 'OFFERMAKER', SYSDATE);
INSERT INTO OFFER_CHAIN_META_DATA (ID, OFFER_CHAIN_ID, NAME, VALUE, CREATED_BY, CREATE_DATE) VALUES (OCMD_ID_SEQ.NEXTVAL, 2383884371, 'BUNDLE', 'Bundle D (Digital All Access)', 'OFFERMAKER', SYSDATE);
INSERT INTO OFFER_CHAIN_META_DATA (ID, OFFER_CHAIN_ID, NAME, VALUE, CREATED_BY, CREATE_DATE) VALUES (OCMD_ID_SEQ.NEXTVAL, 2383884371, 'ADX_BUNDLE', 'MM_EDU', 'OFFERMAKER', SYSDATE);
INSERT INTO OFFER_CHAIN_META_DATA (ID, OFFER_CHAIN_ID, NAME, VALUE, CREATED_BY, CREATE_DATE) VALUES (OCMD_ID_SEQ.NEXTVAL, 2383884371, 'SIEBEL_CAMPAIGN_CODE', '3KK39', 'OFFERMAKER', SYSDATE);
INSERT INTO OFFER_CHAIN_META_DATA (ID, OFFER_CHAIN_ID, NAME, VALUE, CREATED_BY, CREATE_DATE) VALUES (OCMD_ID_SEQ.NEXTVAL, 2383884371, 'ANNUAL_PRICE', '227.50', 'OFFERMAKER', SYSDATE);
INSERT INTO OFFER_CHAIN_META_DATA (ID, OFFER_CHAIN_ID, NAME, VALUE, CREATED_BY, CREATE_DATE) VALUES (OCMD_ID_SEQ.NEXTVAL, 2383884371, 'UID', '6fba1d714467a024d4d4de21d076faec6aeef7d1ce1b097c247931885dc244ce', 'OFFERMAKER', SYSDATE);
DELETE FROM OFFER_CHAIN_NOTIFICATION_TYPE WHERE offer_chain_id = 2383884371;
BEGIN
  SELECT 1 INTO TMP_VAR FROM ACTION WHERE NAME = 'SUBSCRIBE_TO_OFFER_CHAIN';
EXCEPTION
  WHEN NO_DATA_FOUND THEN
    INSERT INTO ACTION (ID, NAME, CREATE_DATE, CREATED_BY) VALUES (ACTION_ID_SEQ.NEXTVAL, 'SUBSCRIBE_TO_OFFER_CHAIN', SYSDATE, 'OFFERMAKER');
END;
BEGIN
  SELECT 1 INTO TMP_VAR FROM CORE_OWNER.NOTIFICATION_TYPE WHERE VALUE = 'sartre-digital-purchase-international-education';
EXCEPTION
  WHEN NO_DATA_FOUND THEN NULL;
    INSERT INTO CORE_OWNER.NOTIFICATION_TYPE (ID, VALUE, TEMPLATE_URL) VALUES (CORE_OWNER.NOTTID_SEQ.NEXTVAL, 'sartre-digital-purchase-international-education', 'N/A');
END;
BEGIN
  SELECT 1 INTO TMP_VAR FROM ACTION WHERE NAME = 'UPGRADE_SUBSCRIPTION';
EXCEPTION
  WHEN NO_DATA_FOUND THEN
    INSERT INTO ACTION (ID, NAME, CREATE_DATE, CREATED_BY) VALUES (ACTION_ID_SEQ.NEXTVAL, 'UPGRADE_SUBSCRIPTION', SYSDATE, 'OFFERMAKER');
END;
BEGIN
  SELECT 1 INTO TMP_VAR FROM CORE_OWNER.NOTIFICATION_TYPE WHERE VALUE = 'sartre-digital-purchase-international-education';
EXCEPTION
  WHEN NO_DATA_FOUND THEN NULL;
    INSERT INTO CORE_OWNER.NOTIFICATION_TYPE (ID, VALUE, TEMPLATE_URL) VALUES (CORE_OWNER.NOTTID_SEQ.NEXTVAL, 'sartre-digital-purchase-international-education', 'N/A');
END;
BEGIN
  SELECT 1 INTO TMP_VAR FROM ACTION WHERE NAME = 'CANCEL_SUBSCRIPTION';
EXCEPTION
  WHEN NO_DATA_FOUND THEN
    INSERT INTO ACTION (ID, NAME, CREATE_DATE, CREATED_BY) VALUES (ACTION_ID_SEQ.NEXTVAL, 'CANCEL_SUBSCRIPTION', SYSDATE, 'OFFERMAKER');
END;
BEGIN
  SELECT 1 INTO TMP_VAR FROM CORE_OWNER.NOTIFICATION_TYPE WHERE VALUE = 'sartre-cancel';
EXCEPTION
  WHEN NO_DATA_FOUND THEN NULL;
    INSERT INTO CORE_OWNER.NOTIFICATION_TYPE (ID, VALUE, TEMPLATE_URL) VALUES (CORE_OWNER.NOTTID_SEQ.NEXTVAL, 'sartre-cancel', 'N/A');
END;
BEGIN
  SELECT 1 INTO TMP_VAR FROM ACTION WHERE NAME = 'SYSTEM_CANCEL';
EXCEPTION
  WHEN NO_DATA_FOUND THEN
    INSERT INTO ACTION (ID, NAME, CREATE_DATE, CREATED_BY) VALUES (ACTION_ID_SEQ.NEXTVAL, 'SYSTEM_CANCEL', SYSDATE, 'OFFERMAKER');
END;
BEGIN
  SELECT 1 INTO TMP_VAR FROM CORE_OWNER.NOTIFICATION_TYPE WHERE VALUE = 'sartre-decline-international-education';
EXCEPTION
  WHEN NO_DATA_FOUND THEN NULL;
    INSERT INTO CORE_OWNER.NOTIFICATION_TYPE (ID, VALUE, TEMPLATE_URL) VALUES (CORE_OWNER.NOTTID_SEQ.NEXTVAL, 'sartre-decline-international-education', 'N/A');
END;
BEGIN
  SELECT 1 INTO TMP_VAR FROM ACTION WHERE NAME = 'CREDIT_CARD_EXP';
EXCEPTION
  WHEN NO_DATA_FOUND THEN
    INSERT INTO ACTION (ID, NAME, CREATE_DATE, CREATED_BY) VALUES (ACTION_ID_SEQ.NEXTVAL, 'CREDIT_CARD_EXP', SYSDATE, 'OFFERMAKER');
END;
BEGIN
  SELECT 1 INTO TMP_VAR FROM CORE_OWNER.NOTIFICATION_TYPE WHERE VALUE = 'card_expiration';
EXCEPTION
  WHEN NO_DATA_FOUND THEN NULL;
    INSERT INTO CORE_OWNER.NOTIFICATION_TYPE (ID, VALUE, TEMPLATE_URL) VALUES (CORE_OWNER.NOTTID_SEQ.NEXTVAL, 'card_expiration', 'N/A');
END;
INSERT INTO OFFER_CHAIN_NOTIFICATION_TYPE (ID, OFFER_CHAIN_ID, NOTIFICATION_TYPE_ID, ACTION_ID, CREATED_BY, CREATE_DATE) VALUES (OCET_ID_SEQ.NEXTVAL, 2383884371, (SELECT ID FROM CORE_OWNER.NOTIFICATION_TYPE WHERE VALUE = 'sartre-digital-purchase-international-education'), (SELECT ID FROM ACTION WHERE NAME = 'SUBSCRIBE_TO_OFFER_CHAIN'), 'OFFERMAKER', SYSDATE);
INSERT INTO OFFER_CHAIN_NOTIFICATION_TYPE (ID, OFFER_CHAIN_ID, NOTIFICATION_TYPE_ID, ACTION_ID, CREATED_BY, CREATE_DATE) VALUES (OCET_ID_SEQ.NEXTVAL, 2383884371, (SELECT ID FROM CORE_OWNER.NOTIFICATION_TYPE WHERE VALUE = 'sartre-digital-purchase-international-education'), (SELECT ID FROM ACTION WHERE NAME = 'UPGRADE_SUBSCRIPTION'), 'OFFERMAKER', SYSDATE);
INSERT INTO OFFER_CHAIN_NOTIFICATION_TYPE (ID, OFFER_CHAIN_ID, NOTIFICATION_TYPE_ID, ACTION_ID, CREATED_BY, CREATE_DATE) VALUES (OCET_ID_SEQ.NEXTVAL, 2383884371, (SELECT ID FROM CORE_OWNER.NOTIFICATION_TYPE WHERE VALUE = 'sartre-cancel'), (SELECT ID FROM ACTION WHERE NAME = 'CANCEL_SUBSCRIPTION'), 'OFFERMAKER', SYSDATE);
INSERT INTO OFFER_CHAIN_NOTIFICATION_TYPE (ID, OFFER_CHAIN_ID, NOTIFICATION_TYPE_ID, ACTION_ID, CREATED_BY, CREATE_DATE) VALUES (OCET_ID_SEQ.NEXTVAL, 2383884371, (SELECT ID FROM CORE_OWNER.NOTIFICATION_TYPE WHERE VALUE = 'sartre-decline-international-education'), (SELECT ID FROM ACTION WHERE NAME = 'SYSTEM_CANCEL'), 'OFFERMAKER', SYSDATE);
INSERT INTO OFFER_CHAIN_NOTIFICATION_TYPE (ID, OFFER_CHAIN_ID, NOTIFICATION_TYPE_ID, ACTION_ID, CREATED_BY, CREATE_DATE) VALUES (OCET_ID_SEQ.NEXTVAL, 2383884371, (SELECT ID FROM CORE_OWNER.NOTIFICATION_TYPE WHERE VALUE = 'card_expiration'), (SELECT ID FROM ACTION WHERE NAME = 'CREDIT_CARD_EXP'), 'OFFERMAKER', SYSDATE);
BEGIN
  SELECT 1 INTO TMP_VAR FROM OFFER_OFFER_CHAIN WHERE OFFER_CHAIN_ID = 2383884371 AND INDEX_VALUE = 0 AND ROWNUM <= 1;
EXCEPTION
  WHEN NO_DATA_FOUND THEN
INSERT INTO OFFER (ID, OFFER_STATUS_ID, ENTITLEMENT_DURATION, CREATED_BY, CREATE_DATE, updated_by, update_date) VALUES (OFR_ID_SEQ.NEXTVAL, 1, 'P0Y0M364DT0H0M', 'OFFERMAKER', SYSDATE, 'OFFERMAKER', SYSDATE);
BEGIN
  SELECT ID INTO CUR_PRD_ID FROM PRODUCT WHERE NAME = 'Web' AND ROWNUM <= 1;
EXCEPTION
  WHEN NO_DATA_FOUND THEN
    INSERT INTO PRODUCT (ID, NAME, CREATED_BY, CREATE_DATE) VALUES (PRD_ID_SEQ.NEXTVAL, 'Web', 'OFFERMAKER', SYSDATE);
    SELECT ID INTO CUR_PRD_ID FROM PRODUCT WHERE NAME = 'Web' AND ROWNUM <= 1;
  WHEN OTHERS THEN
    RAISE;
END;
INSERT INTO PRODUCT_OFFERING (ID, PRODUCT_ID, TAX_POLICY_TYPE_ID, QUANTITY, UNIT_PRICE, CREATED_BY, CREATE_DATE) VALUES (PO_ID_SEQ.NEXTVAL, CUR_PRD_ID, '1', '364', '0.357143', 'OFFERMAKER', SYSDATE);
INSERT INTO OFFER_PRODUCT_OFFERING (OFFER_ID, PRODUCT_OFFERING_ID, CREATED_BY, CREATE_DATE) VALUES (OFR_ID_SEQ.CURRVAL, PO_ID_SEQ.CURRVAL, 'OFFERMAKER', SYSDATE);
INSERT INTO DISCOUNT (ID, NAME, DESCRIPTION, FIXED_AMOUNT, PERCENT_AMOUNT, DISCOUNT_TYPE_ID, CREATED_BY, CREATE_DATE) VALUES (DSC_ID_SEQ.NEXTVAL, 'Discount', 'Off: 210.99. P.Disc: 60.280. P.Full: 130.000', '69.72', '0', 1, 'OFFERMAKER', SYSDATE);
INSERT INTO DISCOUNT_PRODUCT_OFFERING (DISCOUNT_ID, PRODUCT_OFFERING_ID, CREATED_BY, CREATE_DATE) VALUES (DSC_ID_SEQ.CURRVAL, PO_ID_SEQ.CURRVAL, 'OFFERMAKER', SYSDATE);
BEGIN
  SELECT ID INTO CUR_PRD_ID FROM PRODUCT WHERE NAME = 'Mobile' AND ROWNUM <= 1;
EXCEPTION
  WHEN NO_DATA_FOUND THEN
    INSERT INTO PRODUCT (ID, NAME, CREATED_BY, CREATE_DATE) VALUES (PRD_ID_SEQ.NEXTVAL, 'Mobile', 'OFFERMAKER', SYSDATE);
    SELECT ID INTO CUR_PRD_ID FROM PRODUCT WHERE NAME = 'Mobile' AND ROWNUM <= 1;
  WHEN OTHERS THEN
    RAISE;
END;
INSERT INTO PRODUCT_OFFERING (ID, PRODUCT_ID, TAX_POLICY_TYPE_ID, QUANTITY, UNIT_PRICE, CREATED_BY, CREATE_DATE) VALUES (PO_ID_SEQ.NEXTVAL, CUR_PRD_ID, '1', '364', '0', 'OFFERMAKER', SYSDATE);
INSERT INTO OFFER_PRODUCT_OFFERING (OFFER_ID, PRODUCT_OFFERING_ID, CREATED_BY, CREATE_DATE) VALUES (OFR_ID_SEQ.CURRVAL, PO_ID_SEQ.CURRVAL, 'OFFERMAKER', SYSDATE);
BEGIN
  SELECT ID INTO CUR_PRD_ID FROM PRODUCT WHERE NAME = 'Archive Article' AND ROWNUM <= 1;
EXCEPTION
  WHEN NO_DATA_FOUND THEN
    INSERT INTO PRODUCT (ID, NAME, CREATED_BY, CREATE_DATE) VALUES (PRD_ID_SEQ.NEXTVAL, 'Archive Article', 'OFFERMAKER', SYSDATE);
    SELECT ID INTO CUR_PRD_ID FROM PRODUCT WHERE NAME = 'Archive Article' AND ROWNUM <= 1;
  WHEN OTHERS THEN
    RAISE;
END;
INSERT INTO PRODUCT_OFFERING (ID, PRODUCT_ID, TAX_POLICY_TYPE_ID, QUANTITY, UNIT_PRICE, CREATED_BY, CREATE_DATE) VALUES (PO_ID_SEQ.NEXTVAL, CUR_PRD_ID, '1', '1300', '0', 'OFFERMAKER', SYSDATE);
INSERT INTO OFFER_PRODUCT_OFFERING (OFFER_ID, PRODUCT_OFFERING_ID, CREATED_BY, CREATE_DATE) VALUES (OFR_ID_SEQ.CURRVAL, PO_ID_SEQ.CURRVAL, 'OFFERMAKER', SYSDATE);
BEGIN
  SELECT ID INTO CUR_PRD_ID FROM PRODUCT WHERE NAME = 'TimesMachine' AND ROWNUM <= 1;
EXCEPTION
  WHEN NO_DATA_FOUND THEN
    INSERT INTO PRODUCT (ID, NAME, CREATED_BY, CREATE_DATE) VALUES (PRD_ID_SEQ.NEXTVAL, 'TimesMachine', 'OFFERMAKER', SYSDATE);
    SELECT ID INTO CUR_PRD_ID FROM PRODUCT WHERE NAME = 'TimesMachine' AND ROWNUM <= 1;
  WHEN OTHERS THEN
    RAISE;
END;
INSERT INTO PRODUCT_OFFERING (ID, PRODUCT_ID, TAX_POLICY_TYPE_ID, QUANTITY, UNIT_PRICE, CREATED_BY, CREATE_DATE) VALUES (PO_ID_SEQ.NEXTVAL, CUR_PRD_ID, '1', '364', '0', 'OFFERMAKER', SYSDATE);
INSERT INTO OFFER_PRODUCT_OFFERING (OFFER_ID, PRODUCT_OFFERING_ID, CREATED_BY, CREATE_DATE) VALUES (OFR_ID_SEQ.CURRVAL, PO_ID_SEQ.CURRVAL, 'OFFERMAKER', SYSDATE);
BEGIN
  SELECT ID INTO CUR_PRD_ID FROM PRODUCT WHERE NAME = 'Smartphone' AND ROWNUM <= 1;
EXCEPTION
  WHEN NO_DATA_FOUND THEN
    INSERT INTO PRODUCT (ID, NAME, CREATED_BY, CREATE_DATE) VALUES (PRD_ID_SEQ.NEXTVAL, 'Smartphone', 'OFFERMAKER', SYSDATE);
    SELECT ID INTO CUR_PRD_ID FROM PRODUCT WHERE NAME = 'Smartphone' AND ROWNUM <= 1;
  WHEN OTHERS THEN
    RAISE;
END;
INSERT INTO PRODUCT_OFFERING (ID, PRODUCT_ID, TAX_POLICY_TYPE_ID, QUANTITY, UNIT_PRICE, CREATED_BY, CREATE_DATE) VALUES (PO_ID_SEQ.NEXTVAL, CUR_PRD_ID, '1', '364', '0.178571', 'OFFERMAKER', SYSDATE);
INSERT INTO OFFER_PRODUCT_OFFERING (OFFER_ID, PRODUCT_OFFERING_ID, CREATED_BY, CREATE_DATE) VALUES (OFR_ID_SEQ.CURRVAL, PO_ID_SEQ.CURRVAL, 'OFFERMAKER', SYSDATE);
INSERT INTO DISCOUNT (ID, NAME, DESCRIPTION, FIXED_AMOUNT, PERCENT_AMOUNT, DISCOUNT_TYPE_ID, CREATED_BY, CREATE_DATE) VALUES (DSC_ID_SEQ.NEXTVAL, 'Discount', 'Off: 210.99. P.Disc: 30.1398. P.Full: 64.9998', '34.86', '0', 1, 'OFFERMAKER', SYSDATE);
INSERT INTO DISCOUNT_PRODUCT_OFFERING (DISCOUNT_ID, PRODUCT_OFFERING_ID, CREATED_BY, CREATE_DATE) VALUES (DSC_ID_SEQ.CURRVAL, PO_ID_SEQ.CURRVAL, 'OFFERMAKER', SYSDATE);
BEGIN
  SELECT ID INTO CUR_PRD_ID FROM PRODUCT WHERE NAME = 'Tablet' AND ROWNUM <= 1;
EXCEPTION
  WHEN NO_DATA_FOUND THEN
    INSERT INTO PRODUCT (ID, NAME, CREATED_BY, CREATE_DATE) VALUES (PRD_ID_SEQ.NEXTVAL, 'Tablet', 'OFFERMAKER', SYSDATE);
    SELECT ID INTO CUR_PRD_ID FROM PRODUCT WHERE NAME = 'Tablet' AND ROWNUM <= 1;
  WHEN OTHERS THEN
    RAISE;
END;
INSERT INTO PRODUCT_OFFERING (ID, PRODUCT_ID, TAX_POLICY_TYPE_ID, QUANTITY, UNIT_PRICE, CREATED_BY, CREATE_DATE) VALUES (PO_ID_SEQ.NEXTVAL, CUR_PRD_ID, '1', '364', '0.714286', 'OFFERMAKER', SYSDATE);
INSERT INTO OFFER_PRODUCT_OFFERING (OFFER_ID, PRODUCT_OFFERING_ID, CREATED_BY, CREATE_DATE) VALUES (OFR_ID_SEQ.CURRVAL, PO_ID_SEQ.CURRVAL, 'OFFERMAKER', SYSDATE);
INSERT INTO DISCOUNT (ID, NAME, DESCRIPTION, FIXED_AMOUNT, PERCENT_AMOUNT, DISCOUNT_TYPE_ID, CREATED_BY, CREATE_DATE) VALUES (DSC_ID_SEQ.NEXTVAL, 'Discount', 'Off: 210.99. P.Disc: 120.570. P.Full: 260.000', '139.43', '0', 1, 'OFFERMAKER', SYSDATE);
INSERT INTO DISCOUNT_PRODUCT_OFFERING (DISCOUNT_ID, PRODUCT_OFFERING_ID, CREATED_BY, CREATE_DATE) VALUES (DSC_ID_SEQ.CURRVAL, PO_ID_SEQ.CURRVAL, 'OFFERMAKER', SYSDATE);
BEGIN
  SELECT ID INTO CUR_PRD_ID FROM PRODUCT WHERE NAME = 'TimesReader' AND ROWNUM <= 1;
EXCEPTION
  WHEN NO_DATA_FOUND THEN
    INSERT INTO PRODUCT (ID, NAME, CREATED_BY, CREATE_DATE) VALUES (PRD_ID_SEQ.NEXTVAL, 'TimesReader', 'OFFERMAKER', SYSDATE);
    SELECT ID INTO CUR_PRD_ID FROM PRODUCT WHERE NAME = 'TimesReader' AND ROWNUM <= 1;
  WHEN OTHERS THEN
    RAISE;
END;
INSERT INTO PRODUCT_OFFERING (ID, PRODUCT_ID, TAX_POLICY_TYPE_ID, QUANTITY, UNIT_PRICE, CREATED_BY, CREATE_DATE) VALUES (PO_ID_SEQ.NEXTVAL, CUR_PRD_ID, '1', '364', '0', 'OFFERMAKER', SYSDATE);
INSERT INTO OFFER_PRODUCT_OFFERING (OFFER_ID, PRODUCT_OFFERING_ID, CREATED_BY, CREATE_DATE) VALUES (OFR_ID_SEQ.CURRVAL, PO_ID_SEQ.CURRVAL, 'OFFERMAKER', SYSDATE);
INSERT INTO OFFER_OFFER_CHAIN (OFFER_ID, OFFER_CHAIN_ID, INDEX_VALUE, NUM_RECURRENCES, CREATED_BY, CREATE_DATE, updated_by, update_date) VALUES (OFR_ID_SEQ.CURRVAL, 2383884371, '0', '1', 'OFFERMAKER', SYSDATE, 'OFFERMAKER', SYSDATE);
END;
BEGIN
  SELECT 1 INTO TMP_VAR FROM OFFER_OFFER_CHAIN WHERE OFFER_CHAIN_ID = 2383884371 AND INDEX_VALUE = 1 AND ROWNUM <= 1;
EXCEPTION
  WHEN NO_DATA_FOUND THEN
INSERT INTO OFFER (ID, OFFER_STATUS_ID, ENTITLEMENT_DURATION, CREATED_BY, CREATE_DATE, updated_by, update_date) VALUES (OFR_ID_SEQ.NEXTVAL, 1, 'P0Y0M364DT0H0M', 'OFFERMAKER', SYSDATE, 'OFFERMAKER', SYSDATE);
BEGIN
  SELECT ID INTO CUR_PRD_ID FROM PRODUCT WHERE NAME = 'Web' AND ROWNUM <= 1;
EXCEPTION
  WHEN NO_DATA_FOUND THEN
    INSERT INTO PRODUCT (ID, NAME, CREATED_BY, CREATE_DATE) VALUES (PRD_ID_SEQ.NEXTVAL, 'Web', 'OFFERMAKER', SYSDATE);
    SELECT ID INTO CUR_PRD_ID FROM PRODUCT WHERE NAME = 'Web' AND ROWNUM <= 1;
  WHEN OTHERS THEN
    RAISE;
END;
INSERT INTO PRODUCT_OFFERING (ID, PRODUCT_ID, TAX_POLICY_TYPE_ID, QUANTITY, UNIT_PRICE, CREATED_BY, CREATE_DATE) VALUES (PO_ID_SEQ.NEXTVAL, CUR_PRD_ID, '1', '364', '0.357143', 'OFFERMAKER', SYSDATE);
INSERT INTO OFFER_PRODUCT_OFFERING (OFFER_ID, PRODUCT_OFFERING_ID, CREATED_BY, CREATE_DATE) VALUES (OFR_ID_SEQ.CURRVAL, PO_ID_SEQ.CURRVAL, 'OFFERMAKER', SYSDATE);
INSERT INTO DISCOUNT (ID, NAME, DESCRIPTION, FIXED_AMOUNT, PERCENT_AMOUNT, DISCOUNT_TYPE_ID, CREATED_BY, CREATE_DATE) VALUES (DSC_ID_SEQ.NEXTVAL, 'Discount', 'Off: 227.5. P.Disc: 65.000. P.Full: 130.000', '65.00', '0', 1, 'OFFERMAKER', SYSDATE);
INSERT INTO DISCOUNT_PRODUCT_OFFERING (DISCOUNT_ID, PRODUCT_OFFERING_ID, CREATED_BY, CREATE_DATE) VALUES (DSC_ID_SEQ.CURRVAL, PO_ID_SEQ.CURRVAL, 'OFFERMAKER', SYSDATE);
BEGIN
  SELECT ID INTO CUR_PRD_ID FROM PRODUCT WHERE NAME = 'Mobile' AND ROWNUM <= 1;
EXCEPTION
  WHEN NO_DATA_FOUND THEN
    INSERT INTO PRODUCT (ID, NAME, CREATED_BY, CREATE_DATE) VALUES (PRD_ID_SEQ.NEXTVAL, 'Mobile', 'OFFERMAKER', SYSDATE);
    SELECT ID INTO CUR_PRD_ID FROM PRODUCT WHERE NAME = 'Mobile' AND ROWNUM <= 1;
  WHEN OTHERS THEN
    RAISE;
END;
INSERT INTO PRODUCT_OFFERING (ID, PRODUCT_ID, TAX_POLICY_TYPE_ID, QUANTITY, UNIT_PRICE, CREATED_BY, CREATE_DATE) VALUES (PO_ID_SEQ.NEXTVAL, CUR_PRD_ID, '1', '364', '0', 'OFFERMAKER', SYSDATE);
INSERT INTO OFFER_PRODUCT_OFFERING (OFFER_ID, PRODUCT_OFFERING_ID, CREATED_BY, CREATE_DATE) VALUES (OFR_ID_SEQ.CURRVAL, PO_ID_SEQ.CURRVAL, 'OFFERMAKER', SYSDATE);
BEGIN
  SELECT ID INTO CUR_PRD_ID FROM PRODUCT WHERE NAME = 'Archive Article' AND ROWNUM <= 1;
EXCEPTION
  WHEN NO_DATA_FOUND THEN
    INSERT INTO PRODUCT (ID, NAME, CREATED_BY, CREATE_DATE) VALUES (PRD_ID_SEQ.NEXTVAL, 'Archive Article', 'OFFERMAKER', SYSDATE);
    SELECT ID INTO CUR_PRD_ID FROM PRODUCT WHERE NAME = 'Archive Article' AND ROWNUM <= 1;
  WHEN OTHERS THEN
    RAISE;
END;
INSERT INTO PRODUCT_OFFERING (ID, PRODUCT_ID, TAX_POLICY_TYPE_ID, QUANTITY, UNIT_PRICE, CREATED_BY, CREATE_DATE) VALUES (PO_ID_SEQ.NEXTVAL, CUR_PRD_ID, '1', '1300', '0', 'OFFERMAKER', SYSDATE);
INSERT INTO OFFER_PRODUCT_OFFERING (OFFER_ID, PRODUCT_OFFERING_ID, CREATED_BY, CREATE_DATE) VALUES (OFR_ID_SEQ.CURRVAL, PO_ID_SEQ.CURRVAL, 'OFFERMAKER', SYSDATE);
BEGIN
  SELECT ID INTO CUR_PRD_ID FROM PRODUCT WHERE NAME = 'TimesMachine' AND ROWNUM <= 1;
EXCEPTION
  WHEN NO_DATA_FOUND THEN
    INSERT INTO PRODUCT (ID, NAME, CREATED_BY, CREATE_DATE) VALUES (PRD_ID_SEQ.NEXTVAL, 'TimesMachine', 'OFFERMAKER', SYSDATE);
    SELECT ID INTO CUR_PRD_ID FROM PRODUCT WHERE NAME = 'TimesMachine' AND ROWNUM <= 1;
  WHEN OTHERS THEN
    RAISE;
END;
INSERT INTO PRODUCT_OFFERING (ID, PRODUCT_ID, TAX_POLICY_TYPE_ID, QUANTITY, UNIT_PRICE, CREATED_BY, CREATE_DATE) VALUES (PO_ID_SEQ.NEXTVAL, CUR_PRD_ID, '1', '364', '0', 'OFFERMAKER', SYSDATE);
INSERT INTO OFFER_PRODUCT_OFFERING (OFFER_ID, PRODUCT_OFFERING_ID, CREATED_BY, CREATE_DATE) VALUES (OFR_ID_SEQ.CURRVAL, PO_ID_SEQ.CURRVAL, 'OFFERMAKER', SYSDATE);
BEGIN
  SELECT ID INTO CUR_PRD_ID FROM PRODUCT WHERE NAME = 'Smartphone' AND ROWNUM <= 1;
EXCEPTION
  WHEN NO_DATA_FOUND THEN
    INSERT INTO PRODUCT (ID, NAME, CREATED_BY, CREATE_DATE) VALUES (PRD_ID_SEQ.NEXTVAL, 'Smartphone', 'OFFERMAKER', SYSDATE);
    SELECT ID INTO CUR_PRD_ID FROM PRODUCT WHERE NAME = 'Smartphone' AND ROWNUM <= 1;
  WHEN OTHERS THEN
    RAISE;
END;
INSERT INTO PRODUCT_OFFERING (ID, PRODUCT_ID, TAX_POLICY_TYPE_ID, QUANTITY, UNIT_PRICE, CREATED_BY, CREATE_DATE) VALUES (PO_ID_SEQ.NEXTVAL, CUR_PRD_ID, '1', '364', '0.178571', 'OFFERMAKER', SYSDATE);
INSERT INTO OFFER_PRODUCT_OFFERING (OFFER_ID, PRODUCT_OFFERING_ID, CREATED_BY, CREATE_DATE) VALUES (OFR_ID_SEQ.CURRVAL, PO_ID_SEQ.CURRVAL, 'OFFERMAKER', SYSDATE);
INSERT INTO DISCOUNT (ID, NAME, DESCRIPTION, FIXED_AMOUNT, PERCENT_AMOUNT, DISCOUNT_TYPE_ID, CREATED_BY, CREATE_DATE) VALUES (DSC_ID_SEQ.NEXTVAL, 'Discount', 'Off: 227.5. P.Disc: 32.4998. P.Full: 64.9998', '32.50', '0', 1, 'OFFERMAKER', SYSDATE);
INSERT INTO DISCOUNT_PRODUCT_OFFERING (DISCOUNT_ID, PRODUCT_OFFERING_ID, CREATED_BY, CREATE_DATE) VALUES (DSC_ID_SEQ.CURRVAL, PO_ID_SEQ.CURRVAL, 'OFFERMAKER', SYSDATE);
BEGIN
  SELECT ID INTO CUR_PRD_ID FROM PRODUCT WHERE NAME = 'Tablet' AND ROWNUM <= 1;
EXCEPTION
  WHEN NO_DATA_FOUND THEN
    INSERT INTO PRODUCT (ID, NAME, CREATED_BY, CREATE_DATE) VALUES (PRD_ID_SEQ.NEXTVAL, 'Tablet', 'OFFERMAKER', SYSDATE);
    SELECT ID INTO CUR_PRD_ID FROM PRODUCT WHERE NAME = 'Tablet' AND ROWNUM <= 1;
  WHEN OTHERS THEN
    RAISE;
END;
INSERT INTO PRODUCT_OFFERING (ID, PRODUCT_ID, TAX_POLICY_TYPE_ID, QUANTITY, UNIT_PRICE, CREATED_BY, CREATE_DATE) VALUES (PO_ID_SEQ.NEXTVAL, CUR_PRD_ID, '1', '364', '0.714286', 'OFFERMAKER', SYSDATE);
INSERT INTO OFFER_PRODUCT_OFFERING (OFFER_ID, PRODUCT_OFFERING_ID, CREATED_BY, CREATE_DATE) VALUES (OFR_ID_SEQ.CURRVAL, PO_ID_SEQ.CURRVAL, 'OFFERMAKER', SYSDATE);
INSERT INTO DISCOUNT (ID, NAME, DESCRIPTION, FIXED_AMOUNT, PERCENT_AMOUNT, DISCOUNT_TYPE_ID, CREATED_BY, CREATE_DATE) VALUES (DSC_ID_SEQ.NEXTVAL, 'Discount', 'Off: 227.5. P.Disc: 130.000. P.Full: 260.000', '130.00', '0', 1, 'OFFERMAKER', SYSDATE);
INSERT INTO DISCOUNT_PRODUCT_OFFERING (DISCOUNT_ID, PRODUCT_OFFERING_ID, CREATED_BY, CREATE_DATE) VALUES (DSC_ID_SEQ.CURRVAL, PO_ID_SEQ.CURRVAL, 'OFFERMAKER', SYSDATE);
BEGIN
  SELECT ID INTO CUR_PRD_ID FROM PRODUCT WHERE NAME = 'TimesReader' AND ROWNUM <= 1;
EXCEPTION
  WHEN NO_DATA_FOUND THEN
    INSERT INTO PRODUCT (ID, NAME, CREATED_BY, CREATE_DATE) VALUES (PRD_ID_SEQ.NEXTVAL, 'TimesReader', 'OFFERMAKER', SYSDATE);
    SELECT ID INTO CUR_PRD_ID FROM PRODUCT WHERE NAME = 'TimesReader' AND ROWNUM <= 1;
  WHEN OTHERS THEN
    RAISE;
END;
INSERT INTO PRODUCT_OFFERING (ID, PRODUCT_ID, TAX_POLICY_TYPE_ID, QUANTITY, UNIT_PRICE, CREATED_BY, CREATE_DATE) VALUES (PO_ID_SEQ.NEXTVAL, CUR_PRD_ID, '1', '364', '0', 'OFFERMAKER', SYSDATE);
INSERT INTO OFFER_PRODUCT_OFFERING (OFFER_ID, PRODUCT_OFFERING_ID, CREATED_BY, CREATE_DATE) VALUES (OFR_ID_SEQ.CURRVAL, PO_ID_SEQ.CURRVAL, 'OFFERMAKER', SYSDATE);
INSERT INTO OFFER_OFFER_CHAIN (OFFER_ID, OFFER_CHAIN_ID, INDEX_VALUE, NUM_RECURRENCES, CREATED_BY, CREATE_DATE, updated_by, update_date) VALUES (OFR_ID_SEQ.CURRVAL, 2383884371, '1', '-1', 'OFFERMAKER', SYSDATE, 'OFFERMAKER', SYSDATE);
END;
END;
/
COMMIT;
DECLARE
TMP_VAR NUMBER;
CUR_PRD_ID NUMBER;
CUR_CAPABILITY_ID NUMBER;
BEGIN
BEGIN
  SELECT 1 INTO TMP_VAR FROM OFFER_CHAIN WHERE ID = 4106112144 AND ROWNUM <= 1;
  UPDATE OFFER_CHAIN SET NAME='NYTimes: Web + Smartphone App', DESCRIPTION='Unlimited access to NYTimes.com and the NYTimes smartphone app.*', PRODUCT_URI='', VENDOR_SOURCE_ID='1', BILLING_SOURCE_ID=(SELECT ID FROM BILLING_SOURCE BS WHERE BS.NAME='Sartre'), IS_SEAT_LICENSE=0, GROUP_ACCOUNT_TYPE_ID='NO',IS_ADDRESS_REQUIRED=0, OFFER_CHAIN_STATUS_ID = 1, UPDATE_DATE = SYSDATE, UPDATED_BY = 'OFFERMAKER', IS_GIFT_CERTIFICATE='0', REVOKE_ENTITLEMENTS = '0', ADOPTABILITY_WINDOW_START_DATE = to_date('15-Jul-2013 00:00:00','DD-MON-YY HH24:MI:SS'), ADOPTABILITY_WINDOW_END_DATE = to_date('31-Dec-2069 00:00:00','DD-MON-YY HH24:MI:SS'), AMAZON_APPSTORE_SKU=NULL WHERE ID = 4106112144;
EXCEPTION
  WHEN NO_DATA_FOUND THEN
    INSERT INTO OFFER_CHAIN (ID, NAME, DESCRIPTION, ADOPTABILITY_WINDOW_START_DATE, ADOPTABILITY_WINDOW_END_DATE, IS_GIFT_CERTIFICATE, PRODUCT_URI, OFFER_CHAIN_STATUS_ID, REVOKE_ENTITLEMENTS, VENDOR_SOURCE_ID, BILLING_SOURCE_ID, IS_SEAT_LICENSE, GROUP_ACCOUNT_TYPE_ID, IS_ADDRESS_REQUIRED, AMAZON_APPSTORE_SKU, CREATED_BY, CREATE_DATE, updated_by, update_date) VALUES (4106112144, 'NYTimes: Web + Smartphone App', 'Unlimited access to NYTimes.com and the NYTimes smartphone app.*', to_date('15-Jul-2013 00:00:00','DD-MON-YY HH24:MI:SS'), to_date('31-Dec-2069 00:00:00','DD-MON-YY HH24:MI:SS'), '0', NULL, '1', '0', '1', (SELECT ID FROM BILLING_SOURCE BS WHERE BS.NAME='Sartre'), decode('NO','IL',1,0), 'NO', '0', '', 'OFFERMAKER', SYSDATE, 'OFFERMAKER', SYSDATE);
END;
DELETE FROM OFFER_CHAIN_ELIGIBILITY WHERE offer_chain_id = 4106112144;
INSERT INTO OFFER_CHAIN_ELIGIBILITY (ID, OFFER_CHAIN_ID, NAME, VALUE, CREATED_BY, CREATE_DATE) VALUES (ELG_ID_SEQ.NEXTVAL, 4106112144, 'IS_COMP', '0', 'OFFERMAKER', SYSDATE);
INSERT INTO OFFER_CHAIN_ELIGIBILITY (ID, OFFER_CHAIN_ID, NAME, VALUE, CREATED_BY, CREATE_DATE) VALUES (ELG_ID_SEQ.NEXTVAL, 4106112144, 'MAX_CONCURRENT_SUBS', '1', 'OFFERMAKER', SYSDATE);
INSERT INTO OFFER_CHAIN_ELIGIBILITY (ID, OFFER_CHAIN_ID, NAME, VALUE, CREATED_BY, CREATE_DATE) VALUES (ELG_ID_SEQ.NEXTVAL, 4106112144, 'INTERNAL_ONLY', '0', 'OFFERMAKER', SYSDATE);
INSERT INTO OFFER_CHAIN_ELIGIBILITY (ID, OFFER_CHAIN_ID, NAME, VALUE, CREATED_BY, CREATE_DATE) VALUES (ELG_ID_SEQ.NEXTVAL, 4106112144, 'REDEEMER_PROHIBITED_ENTITLEMENTS', '0', 'OFFERMAKER', SYSDATE);
DELETE FROM OFFER_CHAIN_META_DATA WHERE offer_chain_id = 4106112144;
INSERT INTO OFFER_CHAIN_META_DATA (ID, OFFER_CHAIN_ID, NAME, VALUE, CREATED_BY, CREATE_DATE) VALUES (OCMD_ID_SEQ.NEXTVAL, 4106112144, 'BUNDLE_EXPLANATION', 'W+SP Edu Intl $66.62 for first 39 weeks and 50% off regular price thereafter - no email verify', 'OFFERMAKER', SYSDATE);
INSERT INTO OFFER_CHAIN_META_DATA (ID, OFFER_CHAIN_ID, NAME, VALUE, CREATED_BY, CREATE_DATE) VALUES (OCMD_ID_SEQ.NEXTVAL, 4106112144, 'PRICE_DESCRIPTION', 'Web+Smartphone $66.62 EDU Offer First 39 Weeks: $1.71/week Thereafter:$73.13 every 39 weeks', 'OFFERMAKER', SYSDATE);
INSERT INTO OFFER_CHAIN_META_DATA (ID, OFFER_CHAIN_ID, NAME, VALUE, CREATED_BY, CREATE_DATE) VALUES (OCMD_ID_SEQ.NEXTVAL, 4106112144, 'PRICE_SHORT_DESCRIPTION', 'W+SP Edu Intl/ $66.62 for First 39 wks / $73.13 every 39 wks thereafter', 'OFFERMAKER', SYSDATE);
INSERT INTO OFFER_CHAIN_META_DATA (ID, OFFER_CHAIN_ID, NAME, VALUE, CREATED_BY, CREATE_DATE) VALUES (OCMD_ID_SEQ.NEXTVAL, 4106112144, 'OFFER_TYPE', '$66.62 for first 39 Weeks', 'OFFERMAKER', SYSDATE);
INSERT INTO OFFER_CHAIN_META_DATA (ID, OFFER_CHAIN_ID, NAME, VALUE, CREATED_BY, CREATE_DATE) VALUES (OCMD_ID_SEQ.NEXTVAL, 4106112144, 'OFFER_PRICE_DESCRIPTOR', 'EDU INTL RATE- 9 MNTH SUB- 50% off', 'OFFERMAKER', SYSDATE);
INSERT INTO OFFER_CHAIN_META_DATA (ID, OFFER_CHAIN_ID, NAME, VALUE, CREATED_BY, CREATE_DATE) VALUES (OCMD_ID_SEQ.NEXTVAL, 4106112144, 'OFFER_PRICE', '$66.62 for first 39 Weeks and $73.13 for next 39 Weeks thereafter', 'OFFERMAKER', SYSDATE);
INSERT INTO OFFER_CHAIN_META_DATA (ID, OFFER_CHAIN_ID, NAME, VALUE, CREATED_BY, CREATE_DATE) VALUES (OCMD_ID_SEQ.NEXTVAL, 4106112144, 'OFFER_PRICE_DETAIL', '($1.88 / week thereafter)', 'OFFERMAKER', SYSDATE);
INSERT INTO OFFER_CHAIN_META_DATA (ID, OFFER_CHAIN_ID, NAME, VALUE, CREATED_BY, CREATE_DATE) VALUES (OCMD_ID_SEQ.NEXTVAL, 4106112144, 'PROMO_PRICE_FOOTER_LABEL', 'First 39 Weeks', 'OFFERMAKER', SYSDATE);
INSERT INTO OFFER_CHAIN_META_DATA (ID, OFFER_CHAIN_ID, NAME, VALUE, CREATED_BY, CREATE_DATE) VALUES (OCMD_ID_SEQ.NEXTVAL, 4106112144, 'ACTUAL_PRICE_FOOTER_LABEL', 'Thereafter', 'OFFERMAKER', SYSDATE);
INSERT INTO OFFER_CHAIN_META_DATA (ID, OFFER_CHAIN_ID, NAME, VALUE, CREATED_BY, CREATE_DATE) VALUES (OCMD_ID_SEQ.NEXTVAL, 4106112144, 'BILLING_CYCLE', 'every 39 weeks', 'OFFERMAKER', SYSDATE);
INSERT INTO OFFER_CHAIN_META_DATA (ID, OFFER_CHAIN_ID, NAME, VALUE, CREATED_BY, CREATE_DATE) VALUES (OCMD_ID_SEQ.NEXTVAL, 4106112144, 'SUBSCRIBER_TYPE', 'International Education', 'OFFERMAKER', SYSDATE);
INSERT INTO OFFER_CHAIN_META_DATA (ID, OFFER_CHAIN_ID, NAME, VALUE, CREATED_BY, CREATE_DATE) VALUES (OCMD_ID_SEQ.NEXTVAL, 4106112144, 'REFUND_POLICY', 'Multi-week Billing: Full refund within first 30 days, No refund if cancelled in the last 30 days and access remains through the end of the period.  Otherwise, pro-rated refund and access removed within 6 hours.', 'OFFERMAKER', SYSDATE);
INSERT INTO OFFER_CHAIN_META_DATA (ID, OFFER_CHAIN_ID, NAME, VALUE, CREATED_BY, CREATE_DATE) VALUES (OCMD_ID_SEQ.NEXTVAL, 4106112144, 'CANCELABLE', '1', 'OFFERMAKER', SYSDATE);
INSERT INTO OFFER_CHAIN_META_DATA (ID, OFFER_CHAIN_ID, NAME, VALUE, CREATED_BY, CREATE_DATE) VALUES (OCMD_ID_SEQ.NEXTVAL, 4106112144, 'REFUNDABLE', '1', 'OFFERMAKER', SYSDATE);
INSERT INTO OFFER_CHAIN_META_DATA (ID, OFFER_CHAIN_ID, NAME, VALUE, CREATED_BY, CREATE_DATE) VALUES (OCMD_ID_SEQ.NEXTVAL, 4106112144, 'FULL_REFUND_DAYS_LIMIT', '30', 'OFFERMAKER', SYSDATE);
INSERT INTO OFFER_CHAIN_META_DATA (ID, OFFER_CHAIN_ID, NAME, VALUE, CREATED_BY, CREATE_DATE) VALUES (OCMD_ID_SEQ.NEXTVAL, 4106112144, 'PRORATED_REFUND_DAYS_LIMIT', '243', 'OFFERMAKER', SYSDATE);
INSERT INTO OFFER_CHAIN_META_DATA (ID, OFFER_CHAIN_ID, NAME, VALUE, CREATED_BY, CREATE_DATE) VALUES (OCMD_ID_SEQ.NEXTVAL, 4106112144, 'OPEN_TO_ANONYMOUS', '1', 'OFFERMAKER', SYSDATE);
INSERT INTO OFFER_CHAIN_META_DATA (ID, OFFER_CHAIN_ID, NAME, VALUE, CREATED_BY, CREATE_DATE) VALUES (OCMD_ID_SEQ.NEXTVAL, 4106112144, 'BUNDLE', 'Bundle A (Web+SP)', 'OFFERMAKER', SYSDATE);
INSERT INTO OFFER_CHAIN_META_DATA (ID, OFFER_CHAIN_ID, NAME, VALUE, CREATED_BY, CREATE_DATE) VALUES (OCMD_ID_SEQ.NEXTVAL, 4106112144, 'ADX_BUNDLE', 'MM_EDU', 'OFFERMAKER', SYSDATE);
INSERT INTO OFFER_CHAIN_META_DATA (ID, OFFER_CHAIN_ID, NAME, VALUE, CREATED_BY, CREATE_DATE) VALUES (OCMD_ID_SEQ.NEXTVAL, 4106112144, 'SIEBEL_CAMPAIGN_CODE', '3KJYL', 'OFFERMAKER', SYSDATE);
INSERT INTO OFFER_CHAIN_META_DATA (ID, OFFER_CHAIN_ID, NAME, VALUE, CREATED_BY, CREATE_DATE) VALUES (OCMD_ID_SEQ.NEXTVAL, 4106112144, 'ANNUAL_PRICE', '97.50', 'OFFERMAKER', SYSDATE);
INSERT INTO OFFER_CHAIN_META_DATA (ID, OFFER_CHAIN_ID, NAME, VALUE, CREATED_BY, CREATE_DATE) VALUES (OCMD_ID_SEQ.NEXTVAL, 4106112144, 'UID', '6da0176ac6f22b8d3ac98f04c529be689046d322e6c95a229efcc3c0b6cc727d', 'OFFERMAKER', SYSDATE);
DELETE FROM OFFER_CHAIN_NOTIFICATION_TYPE WHERE offer_chain_id = 4106112144;
BEGIN
  SELECT 1 INTO TMP_VAR FROM ACTION WHERE NAME = 'SUBSCRIBE_TO_OFFER_CHAIN';
EXCEPTION
  WHEN NO_DATA_FOUND THEN
    INSERT INTO ACTION (ID, NAME, CREATE_DATE, CREATED_BY) VALUES (ACTION_ID_SEQ.NEXTVAL, 'SUBSCRIBE_TO_OFFER_CHAIN', SYSDATE, 'OFFERMAKER');
END;
BEGIN
  SELECT 1 INTO TMP_VAR FROM CORE_OWNER.NOTIFICATION_TYPE WHERE VALUE = 'sartre-digital-purchase-international-education';
EXCEPTION
  WHEN NO_DATA_FOUND THEN NULL;
    INSERT INTO CORE_OWNER.NOTIFICATION_TYPE (ID, VALUE, TEMPLATE_URL) VALUES (CORE_OWNER.NOTTID_SEQ.NEXTVAL, 'sartre-digital-purchase-international-education', 'N/A');
END;
BEGIN
  SELECT 1 INTO TMP_VAR FROM ACTION WHERE NAME = 'UPGRADE_SUBSCRIPTION';
EXCEPTION
  WHEN NO_DATA_FOUND THEN
    INSERT INTO ACTION (ID, NAME, CREATE_DATE, CREATED_BY) VALUES (ACTION_ID_SEQ.NEXTVAL, 'UPGRADE_SUBSCRIPTION', SYSDATE, 'OFFERMAKER');
END;
BEGIN
  SELECT 1 INTO TMP_VAR FROM CORE_OWNER.NOTIFICATION_TYPE WHERE VALUE = 'sartre-digital-purchase-international-education';
EXCEPTION
  WHEN NO_DATA_FOUND THEN NULL;
    INSERT INTO CORE_OWNER.NOTIFICATION_TYPE (ID, VALUE, TEMPLATE_URL) VALUES (CORE_OWNER.NOTTID_SEQ.NEXTVAL, 'sartre-digital-purchase-international-education', 'N/A');
END;
BEGIN
  SELECT 1 INTO TMP_VAR FROM ACTION WHERE NAME = 'CANCEL_SUBSCRIPTION';
EXCEPTION
  WHEN NO_DATA_FOUND THEN
    INSERT INTO ACTION (ID, NAME, CREATE_DATE, CREATED_BY) VALUES (ACTION_ID_SEQ.NEXTVAL, 'CANCEL_SUBSCRIPTION', SYSDATE, 'OFFERMAKER');
END;
BEGIN
  SELECT 1 INTO TMP_VAR FROM CORE_OWNER.NOTIFICATION_TYPE WHERE VALUE = 'sartre-cancel';
EXCEPTION
  WHEN NO_DATA_FOUND THEN NULL;
    INSERT INTO CORE_OWNER.NOTIFICATION_TYPE (ID, VALUE, TEMPLATE_URL) VALUES (CORE_OWNER.NOTTID_SEQ.NEXTVAL, 'sartre-cancel', 'N/A');
END;
BEGIN
  SELECT 1 INTO TMP_VAR FROM ACTION WHERE NAME = 'SYSTEM_CANCEL';
EXCEPTION
  WHEN NO_DATA_FOUND THEN
    INSERT INTO ACTION (ID, NAME, CREATE_DATE, CREATED_BY) VALUES (ACTION_ID_SEQ.NEXTVAL, 'SYSTEM_CANCEL', SYSDATE, 'OFFERMAKER');
END;
BEGIN
  SELECT 1 INTO TMP_VAR FROM CORE_OWNER.NOTIFICATION_TYPE WHERE VALUE = 'sartre-decline-international-education';
EXCEPTION
  WHEN NO_DATA_FOUND THEN NULL;
    INSERT INTO CORE_OWNER.NOTIFICATION_TYPE (ID, VALUE, TEMPLATE_URL) VALUES (CORE_OWNER.NOTTID_SEQ.NEXTVAL, 'sartre-decline-international-education', 'N/A');
END;
BEGIN
  SELECT 1 INTO TMP_VAR FROM ACTION WHERE NAME = 'CREDIT_CARD_EXP';
EXCEPTION
  WHEN NO_DATA_FOUND THEN
    INSERT INTO ACTION (ID, NAME, CREATE_DATE, CREATED_BY) VALUES (ACTION_ID_SEQ.NEXTVAL, 'CREDIT_CARD_EXP', SYSDATE, 'OFFERMAKER');
END;
BEGIN
  SELECT 1 INTO TMP_VAR FROM CORE_OWNER.NOTIFICATION_TYPE WHERE VALUE = 'card_expiration';
EXCEPTION
  WHEN NO_DATA_FOUND THEN NULL;
    INSERT INTO CORE_OWNER.NOTIFICATION_TYPE (ID, VALUE, TEMPLATE_URL) VALUES (CORE_OWNER.NOTTID_SEQ.NEXTVAL, 'card_expiration', 'N/A');
END;
INSERT INTO OFFER_CHAIN_NOTIFICATION_TYPE (ID, OFFER_CHAIN_ID, NOTIFICATION_TYPE_ID, ACTION_ID, CREATED_BY, CREATE_DATE) VALUES (OCET_ID_SEQ.NEXTVAL, 4106112144, (SELECT ID FROM CORE_OWNER.NOTIFICATION_TYPE WHERE VALUE = 'sartre-digital-purchase-international-education'), (SELECT ID FROM ACTION WHERE NAME = 'SUBSCRIBE_TO_OFFER_CHAIN'), 'OFFERMAKER', SYSDATE);
INSERT INTO OFFER_CHAIN_NOTIFICATION_TYPE (ID, OFFER_CHAIN_ID, NOTIFICATION_TYPE_ID, ACTION_ID, CREATED_BY, CREATE_DATE) VALUES (OCET_ID_SEQ.NEXTVAL, 4106112144, (SELECT ID FROM CORE_OWNER.NOTIFICATION_TYPE WHERE VALUE = 'sartre-digital-purchase-international-education'), (SELECT ID FROM ACTION WHERE NAME = 'UPGRADE_SUBSCRIPTION'), 'OFFERMAKER', SYSDATE);
INSERT INTO OFFER_CHAIN_NOTIFICATION_TYPE (ID, OFFER_CHAIN_ID, NOTIFICATION_TYPE_ID, ACTION_ID, CREATED_BY, CREATE_DATE) VALUES (OCET_ID_SEQ.NEXTVAL, 4106112144, (SELECT ID FROM CORE_OWNER.NOTIFICATION_TYPE WHERE VALUE = 'sartre-cancel'), (SELECT ID FROM ACTION WHERE NAME = 'CANCEL_SUBSCRIPTION'), 'OFFERMAKER', SYSDATE);
INSERT INTO OFFER_CHAIN_NOTIFICATION_TYPE (ID, OFFER_CHAIN_ID, NOTIFICATION_TYPE_ID, ACTION_ID, CREATED_BY, CREATE_DATE) VALUES (OCET_ID_SEQ.NEXTVAL, 4106112144, (SELECT ID FROM CORE_OWNER.NOTIFICATION_TYPE WHERE VALUE = 'sartre-decline-international-education'), (SELECT ID FROM ACTION WHERE NAME = 'SYSTEM_CANCEL'), 'OFFERMAKER', SYSDATE);
INSERT INTO OFFER_CHAIN_NOTIFICATION_TYPE (ID, OFFER_CHAIN_ID, NOTIFICATION_TYPE_ID, ACTION_ID, CREATED_BY, CREATE_DATE) VALUES (OCET_ID_SEQ.NEXTVAL, 4106112144, (SELECT ID FROM CORE_OWNER.NOTIFICATION_TYPE WHERE VALUE = 'card_expiration'), (SELECT ID FROM ACTION WHERE NAME = 'CREDIT_CARD_EXP'), 'OFFERMAKER', SYSDATE);
BEGIN
  SELECT 1 INTO TMP_VAR FROM OFFER_OFFER_CHAIN WHERE OFFER_CHAIN_ID = 4106112144 AND INDEX_VALUE = 0 AND ROWNUM <= 1;
EXCEPTION
  WHEN NO_DATA_FOUND THEN
INSERT INTO OFFER (ID, OFFER_STATUS_ID, ENTITLEMENT_DURATION, CREATED_BY, CREATE_DATE, updated_by, update_date) VALUES (OFR_ID_SEQ.NEXTVAL, 1, 'P0Y0M273DT0H0M', 'OFFERMAKER', SYSDATE, 'OFFERMAKER', SYSDATE);
BEGIN
  SELECT ID INTO CUR_PRD_ID FROM PRODUCT WHERE NAME = 'Web' AND ROWNUM <= 1;
EXCEPTION
  WHEN NO_DATA_FOUND THEN
    INSERT INTO PRODUCT (ID, NAME, CREATED_BY, CREATE_DATE) VALUES (PRD_ID_SEQ.NEXTVAL, 'Web', 'OFFERMAKER', SYSDATE);
    SELECT ID INTO CUR_PRD_ID FROM PRODUCT WHERE NAME = 'Web' AND ROWNUM <= 1;
  WHEN OTHERS THEN
    RAISE;
END;
INSERT INTO PRODUCT_OFFERING (ID, PRODUCT_ID, TAX_POLICY_TYPE_ID, QUANTITY, UNIT_PRICE, CREATED_BY, CREATE_DATE) VALUES (PO_ID_SEQ.NEXTVAL, CUR_PRD_ID, '1', '273', '0.357143', 'OFFERMAKER', SYSDATE);
INSERT INTO OFFER_PRODUCT_OFFERING (OFFER_ID, PRODUCT_OFFERING_ID, CREATED_BY, CREATE_DATE) VALUES (OFR_ID_SEQ.CURRVAL, PO_ID_SEQ.CURRVAL, 'OFFERMAKER', SYSDATE);
INSERT INTO DISCOUNT (ID, NAME, DESCRIPTION, FIXED_AMOUNT, PERCENT_AMOUNT, DISCOUNT_TYPE_ID, CREATED_BY, CREATE_DATE) VALUES (DSC_ID_SEQ.NEXTVAL, 'Discount', 'Off: 66.62. P.Disc: 44.4100. P.Full: 97.5000', '53.09', '0', 1, 'OFFERMAKER', SYSDATE);
INSERT INTO DISCOUNT_PRODUCT_OFFERING (DISCOUNT_ID, PRODUCT_OFFERING_ID, CREATED_BY, CREATE_DATE) VALUES (DSC_ID_SEQ.CURRVAL, PO_ID_SEQ.CURRVAL, 'OFFERMAKER', SYSDATE);
BEGIN
  SELECT ID INTO CUR_PRD_ID FROM PRODUCT WHERE NAME = 'Mobile' AND ROWNUM <= 1;
EXCEPTION
  WHEN NO_DATA_FOUND THEN
    INSERT INTO PRODUCT (ID, NAME, CREATED_BY, CREATE_DATE) VALUES (PRD_ID_SEQ.NEXTVAL, 'Mobile', 'OFFERMAKER', SYSDATE);
    SELECT ID INTO CUR_PRD_ID FROM PRODUCT WHERE NAME = 'Mobile' AND ROWNUM <= 1;
  WHEN OTHERS THEN
    RAISE;
END;
INSERT INTO PRODUCT_OFFERING (ID, PRODUCT_ID, TAX_POLICY_TYPE_ID, QUANTITY, UNIT_PRICE, CREATED_BY, CREATE_DATE) VALUES (PO_ID_SEQ.NEXTVAL, CUR_PRD_ID, '1', '273', '0', 'OFFERMAKER', SYSDATE);
INSERT INTO OFFER_PRODUCT_OFFERING (OFFER_ID, PRODUCT_OFFERING_ID, CREATED_BY, CREATE_DATE) VALUES (OFR_ID_SEQ.CURRVAL, PO_ID_SEQ.CURRVAL, 'OFFERMAKER', SYSDATE);
BEGIN
  SELECT ID INTO CUR_PRD_ID FROM PRODUCT WHERE NAME = 'Archive Article' AND ROWNUM <= 1;
EXCEPTION
  WHEN NO_DATA_FOUND THEN
    INSERT INTO PRODUCT (ID, NAME, CREATED_BY, CREATE_DATE) VALUES (PRD_ID_SEQ.NEXTVAL, 'Archive Article', 'OFFERMAKER', SYSDATE);
    SELECT ID INTO CUR_PRD_ID FROM PRODUCT WHERE NAME = 'Archive Article' AND ROWNUM <= 1;
  WHEN OTHERS THEN
    RAISE;
END;
INSERT INTO PRODUCT_OFFERING (ID, PRODUCT_ID, TAX_POLICY_TYPE_ID, QUANTITY, UNIT_PRICE, CREATED_BY, CREATE_DATE) VALUES (PO_ID_SEQ.NEXTVAL, CUR_PRD_ID, '1', '975', '0', 'OFFERMAKER', SYSDATE);
INSERT INTO OFFER_PRODUCT_OFFERING (OFFER_ID, PRODUCT_OFFERING_ID, CREATED_BY, CREATE_DATE) VALUES (OFR_ID_SEQ.CURRVAL, PO_ID_SEQ.CURRVAL, 'OFFERMAKER', SYSDATE);
BEGIN
  SELECT ID INTO CUR_PRD_ID FROM PRODUCT WHERE NAME = 'TimesMachine' AND ROWNUM <= 1;
EXCEPTION
  WHEN NO_DATA_FOUND THEN
    INSERT INTO PRODUCT (ID, NAME, CREATED_BY, CREATE_DATE) VALUES (PRD_ID_SEQ.NEXTVAL, 'TimesMachine', 'OFFERMAKER', SYSDATE);
    SELECT ID INTO CUR_PRD_ID FROM PRODUCT WHERE NAME = 'TimesMachine' AND ROWNUM <= 1;
  WHEN OTHERS THEN
    RAISE;
END;
INSERT INTO PRODUCT_OFFERING (ID, PRODUCT_ID, TAX_POLICY_TYPE_ID, QUANTITY, UNIT_PRICE, CREATED_BY, CREATE_DATE) VALUES (PO_ID_SEQ.NEXTVAL, CUR_PRD_ID, '1', '273', '0', 'OFFERMAKER', SYSDATE);
INSERT INTO OFFER_PRODUCT_OFFERING (OFFER_ID, PRODUCT_OFFERING_ID, CREATED_BY, CREATE_DATE) VALUES (OFR_ID_SEQ.CURRVAL, PO_ID_SEQ.CURRVAL, 'OFFERMAKER', SYSDATE);
BEGIN
  SELECT ID INTO CUR_PRD_ID FROM PRODUCT WHERE NAME = 'Smartphone' AND ROWNUM <= 1;
EXCEPTION
  WHEN NO_DATA_FOUND THEN
    INSERT INTO PRODUCT (ID, NAME, CREATED_BY, CREATE_DATE) VALUES (PRD_ID_SEQ.NEXTVAL, 'Smartphone', 'OFFERMAKER', SYSDATE);
    SELECT ID INTO CUR_PRD_ID FROM PRODUCT WHERE NAME = 'Smartphone' AND ROWNUM <= 1;
  WHEN OTHERS THEN
    RAISE;
END;
INSERT INTO PRODUCT_OFFERING (ID, PRODUCT_ID, TAX_POLICY_TYPE_ID, QUANTITY, UNIT_PRICE, CREATED_BY, CREATE_DATE) VALUES (PO_ID_SEQ.NEXTVAL, CUR_PRD_ID, '1', '273', '0.178571', 'OFFERMAKER', SYSDATE);
INSERT INTO OFFER_PRODUCT_OFFERING (OFFER_ID, PRODUCT_OFFERING_ID, CREATED_BY, CREATE_DATE) VALUES (OFR_ID_SEQ.CURRVAL, PO_ID_SEQ.CURRVAL, 'OFFERMAKER', SYSDATE);
INSERT INTO DISCOUNT (ID, NAME, DESCRIPTION, FIXED_AMOUNT, PERCENT_AMOUNT, DISCOUNT_TYPE_ID, CREATED_BY, CREATE_DATE) VALUES (DSC_ID_SEQ.NEXTVAL, 'Discount', 'Off: 66.62. P.Disc: 22.2099. P.Full: 48.7499', '26.54', '0', 1, 'OFFERMAKER', SYSDATE);
INSERT INTO DISCOUNT_PRODUCT_OFFERING (DISCOUNT_ID, PRODUCT_OFFERING_ID, CREATED_BY, CREATE_DATE) VALUES (DSC_ID_SEQ.CURRVAL, PO_ID_SEQ.CURRVAL, 'OFFERMAKER', SYSDATE);
INSERT INTO OFFER_OFFER_CHAIN (OFFER_ID, OFFER_CHAIN_ID, INDEX_VALUE, NUM_RECURRENCES, CREATED_BY, CREATE_DATE, updated_by, update_date) VALUES (OFR_ID_SEQ.CURRVAL, 4106112144, '0', '1', 'OFFERMAKER', SYSDATE, 'OFFERMAKER', SYSDATE);
END;
BEGIN
  SELECT 1 INTO TMP_VAR FROM OFFER_OFFER_CHAIN WHERE OFFER_CHAIN_ID = 4106112144 AND INDEX_VALUE = 1 AND ROWNUM <= 1;
EXCEPTION
  WHEN NO_DATA_FOUND THEN
INSERT INTO OFFER (ID, OFFER_STATUS_ID, ENTITLEMENT_DURATION, CREATED_BY, CREATE_DATE, updated_by, update_date) VALUES (OFR_ID_SEQ.NEXTVAL, 1, 'P0Y0M273DT0H0M', 'OFFERMAKER', SYSDATE, 'OFFERMAKER', SYSDATE);
BEGIN
  SELECT ID INTO CUR_PRD_ID FROM PRODUCT WHERE NAME = 'Web' AND ROWNUM <= 1;
EXCEPTION
  WHEN NO_DATA_FOUND THEN
    INSERT INTO PRODUCT (ID, NAME, CREATED_BY, CREATE_DATE) VALUES (PRD_ID_SEQ.NEXTVAL, 'Web', 'OFFERMAKER', SYSDATE);
    SELECT ID INTO CUR_PRD_ID FROM PRODUCT WHERE NAME = 'Web' AND ROWNUM <= 1;
  WHEN OTHERS THEN
    RAISE;
END;
INSERT INTO PRODUCT_OFFERING (ID, PRODUCT_ID, TAX_POLICY_TYPE_ID, QUANTITY, UNIT_PRICE, CREATED_BY, CREATE_DATE) VALUES (PO_ID_SEQ.NEXTVAL, CUR_PRD_ID, '1', '273', '0.357143', 'OFFERMAKER', SYSDATE);
INSERT INTO OFFER_PRODUCT_OFFERING (OFFER_ID, PRODUCT_OFFERING_ID, CREATED_BY, CREATE_DATE) VALUES (OFR_ID_SEQ.CURRVAL, PO_ID_SEQ.CURRVAL, 'OFFERMAKER', SYSDATE);
INSERT INTO DISCOUNT (ID, NAME, DESCRIPTION, FIXED_AMOUNT, PERCENT_AMOUNT, DISCOUNT_TYPE_ID, CREATED_BY, CREATE_DATE) VALUES (DSC_ID_SEQ.NEXTVAL, 'Discount', 'Off: 73.13. P.Disc: 48.7500. P.Full: 97.5000', '48.75', '0', 1, 'OFFERMAKER', SYSDATE);
INSERT INTO DISCOUNT_PRODUCT_OFFERING (DISCOUNT_ID, PRODUCT_OFFERING_ID, CREATED_BY, CREATE_DATE) VALUES (DSC_ID_SEQ.CURRVAL, PO_ID_SEQ.CURRVAL, 'OFFERMAKER', SYSDATE);
BEGIN
  SELECT ID INTO CUR_PRD_ID FROM PRODUCT WHERE NAME = 'Mobile' AND ROWNUM <= 1;
EXCEPTION
  WHEN NO_DATA_FOUND THEN
    INSERT INTO PRODUCT (ID, NAME, CREATED_BY, CREATE_DATE) VALUES (PRD_ID_SEQ.NEXTVAL, 'Mobile', 'OFFERMAKER', SYSDATE);
    SELECT ID INTO CUR_PRD_ID FROM PRODUCT WHERE NAME = 'Mobile' AND ROWNUM <= 1;
  WHEN OTHERS THEN
    RAISE;
END;
INSERT INTO PRODUCT_OFFERING (ID, PRODUCT_ID, TAX_POLICY_TYPE_ID, QUANTITY, UNIT_PRICE, CREATED_BY, CREATE_DATE) VALUES (PO_ID_SEQ.NEXTVAL, CUR_PRD_ID, '1', '273', '0', 'OFFERMAKER', SYSDATE);
INSERT INTO OFFER_PRODUCT_OFFERING (OFFER_ID, PRODUCT_OFFERING_ID, CREATED_BY, CREATE_DATE) VALUES (OFR_ID_SEQ.CURRVAL, PO_ID_SEQ.CURRVAL, 'OFFERMAKER', SYSDATE);
BEGIN
  SELECT ID INTO CUR_PRD_ID FROM PRODUCT WHERE NAME = 'Archive Article' AND ROWNUM <= 1;
EXCEPTION
  WHEN NO_DATA_FOUND THEN
    INSERT INTO PRODUCT (ID, NAME, CREATED_BY, CREATE_DATE) VALUES (PRD_ID_SEQ.NEXTVAL, 'Archive Article', 'OFFERMAKER', SYSDATE);
    SELECT ID INTO CUR_PRD_ID FROM PRODUCT WHERE NAME = 'Archive Article' AND ROWNUM <= 1;
  WHEN OTHERS THEN
    RAISE;
END;
INSERT INTO PRODUCT_OFFERING (ID, PRODUCT_ID, TAX_POLICY_TYPE_ID, QUANTITY, UNIT_PRICE, CREATED_BY, CREATE_DATE) VALUES (PO_ID_SEQ.NEXTVAL, CUR_PRD_ID, '1', '975', '0', 'OFFERMAKER', SYSDATE);
INSERT INTO OFFER_PRODUCT_OFFERING (OFFER_ID, PRODUCT_OFFERING_ID, CREATED_BY, CREATE_DATE) VALUES (OFR_ID_SEQ.CURRVAL, PO_ID_SEQ.CURRVAL, 'OFFERMAKER', SYSDATE);
BEGIN
  SELECT ID INTO CUR_PRD_ID FROM PRODUCT WHERE NAME = 'TimesMachine' AND ROWNUM <= 1;
EXCEPTION
  WHEN NO_DATA_FOUND THEN
    INSERT INTO PRODUCT (ID, NAME, CREATED_BY, CREATE_DATE) VALUES (PRD_ID_SEQ.NEXTVAL, 'TimesMachine', 'OFFERMAKER', SYSDATE);
    SELECT ID INTO CUR_PRD_ID FROM PRODUCT WHERE NAME = 'TimesMachine' AND ROWNUM <= 1;
  WHEN OTHERS THEN
    RAISE;
END;
INSERT INTO PRODUCT_OFFERING (ID, PRODUCT_ID, TAX_POLICY_TYPE_ID, QUANTITY, UNIT_PRICE, CREATED_BY, CREATE_DATE) VALUES (PO_ID_SEQ.NEXTVAL, CUR_PRD_ID, '1', '273', '0', 'OFFERMAKER', SYSDATE);
INSERT INTO OFFER_PRODUCT_OFFERING (OFFER_ID, PRODUCT_OFFERING_ID, CREATED_BY, CREATE_DATE) VALUES (OFR_ID_SEQ.CURRVAL, PO_ID_SEQ.CURRVAL, 'OFFERMAKER', SYSDATE);
BEGIN
  SELECT ID INTO CUR_PRD_ID FROM PRODUCT WHERE NAME = 'Smartphone' AND ROWNUM <= 1;
EXCEPTION
  WHEN NO_DATA_FOUND THEN
    INSERT INTO PRODUCT (ID, NAME, CREATED_BY, CREATE_DATE) VALUES (PRD_ID_SEQ.NEXTVAL, 'Smartphone', 'OFFERMAKER', SYSDATE);
    SELECT ID INTO CUR_PRD_ID FROM PRODUCT WHERE NAME = 'Smartphone' AND ROWNUM <= 1;
  WHEN OTHERS THEN
    RAISE;
END;
INSERT INTO PRODUCT_OFFERING (ID, PRODUCT_ID, TAX_POLICY_TYPE_ID, QUANTITY, UNIT_PRICE, CREATED_BY, CREATE_DATE) VALUES (PO_ID_SEQ.NEXTVAL, CUR_PRD_ID, '1', '273', '0.178571', 'OFFERMAKER', SYSDATE);
INSERT INTO OFFER_PRODUCT_OFFERING (OFFER_ID, PRODUCT_OFFERING_ID, CREATED_BY, CREATE_DATE) VALUES (OFR_ID_SEQ.CURRVAL, PO_ID_SEQ.CURRVAL, 'OFFERMAKER', SYSDATE);
INSERT INTO DISCOUNT (ID, NAME, DESCRIPTION, FIXED_AMOUNT, PERCENT_AMOUNT, DISCOUNT_TYPE_ID, CREATED_BY, CREATE_DATE) VALUES (DSC_ID_SEQ.NEXTVAL, 'Discount', 'Off: 73.13. P.Disc: 24.3799. P.Full: 48.7499', '24.37', '0', 1, 'OFFERMAKER', SYSDATE);
INSERT INTO DISCOUNT_PRODUCT_OFFERING (DISCOUNT_ID, PRODUCT_OFFERING_ID, CREATED_BY, CREATE_DATE) VALUES (DSC_ID_SEQ.CURRVAL, PO_ID_SEQ.CURRVAL, 'OFFERMAKER', SYSDATE);
INSERT INTO OFFER_OFFER_CHAIN (OFFER_ID, OFFER_CHAIN_ID, INDEX_VALUE, NUM_RECURRENCES, CREATED_BY, CREATE_DATE, updated_by, update_date) VALUES (OFR_ID_SEQ.CURRVAL, 4106112144, '1', '-1', 'OFFERMAKER', SYSDATE, 'OFFERMAKER', SYSDATE);
END;
END;
/
COMMIT;
DECLARE
TMP_VAR NUMBER;
CUR_PRD_ID NUMBER;
CUR_CAPABILITY_ID NUMBER;
BEGIN
BEGIN
  SELECT 1 INTO TMP_VAR FROM OFFER_CHAIN WHERE ID = 305291293 AND ROWNUM <= 1;
  UPDATE OFFER_CHAIN SET NAME='NYTimes: Web + Tablet App', DESCRIPTION='Unlimited access to NYTimes.com and the NYTimes tablet app.*', PRODUCT_URI='', VENDOR_SOURCE_ID='1', BILLING_SOURCE_ID=(SELECT ID FROM BILLING_SOURCE BS WHERE BS.NAME='Sartre'), IS_SEAT_LICENSE=0, GROUP_ACCOUNT_TYPE_ID='NO',IS_ADDRESS_REQUIRED=0, OFFER_CHAIN_STATUS_ID = 1, UPDATE_DATE = SYSDATE, UPDATED_BY = 'OFFERMAKER', IS_GIFT_CERTIFICATE='0', REVOKE_ENTITLEMENTS = '0', ADOPTABILITY_WINDOW_START_DATE = to_date('15-Jul-2013 00:00:00','DD-MON-YY HH24:MI:SS'), ADOPTABILITY_WINDOW_END_DATE = to_date('31-Dec-2069 00:00:00','DD-MON-YY HH24:MI:SS'), AMAZON_APPSTORE_SKU=NULL WHERE ID = 305291293;
EXCEPTION
  WHEN NO_DATA_FOUND THEN
    INSERT INTO OFFER_CHAIN (ID, NAME, DESCRIPTION, ADOPTABILITY_WINDOW_START_DATE, ADOPTABILITY_WINDOW_END_DATE, IS_GIFT_CERTIFICATE, PRODUCT_URI, OFFER_CHAIN_STATUS_ID, REVOKE_ENTITLEMENTS, VENDOR_SOURCE_ID, BILLING_SOURCE_ID, IS_SEAT_LICENSE, GROUP_ACCOUNT_TYPE_ID, IS_ADDRESS_REQUIRED, AMAZON_APPSTORE_SKU, CREATED_BY, CREATE_DATE, updated_by, update_date) VALUES (305291293, 'NYTimes: Web + Tablet App', 'Unlimited access to NYTimes.com and the NYTimes tablet app.*', to_date('15-Jul-2013 00:00:00','DD-MON-YY HH24:MI:SS'), to_date('31-Dec-2069 00:00:00','DD-MON-YY HH24:MI:SS'), '0', NULL, '1', '0', '1', (SELECT ID FROM BILLING_SOURCE BS WHERE BS.NAME='Sartre'), decode('NO','IL',1,0), 'NO', '0', '', 'OFFERMAKER', SYSDATE, 'OFFERMAKER', SYSDATE);
END;
DELETE FROM OFFER_CHAIN_ELIGIBILITY WHERE offer_chain_id = 305291293;
INSERT INTO OFFER_CHAIN_ELIGIBILITY (ID, OFFER_CHAIN_ID, NAME, VALUE, CREATED_BY, CREATE_DATE) VALUES (ELG_ID_SEQ.NEXTVAL, 305291293, 'IS_COMP', '0', 'OFFERMAKER', SYSDATE);
INSERT INTO OFFER_CHAIN_ELIGIBILITY (ID, OFFER_CHAIN_ID, NAME, VALUE, CREATED_BY, CREATE_DATE) VALUES (ELG_ID_SEQ.NEXTVAL, 305291293, 'MAX_CONCURRENT_SUBS', '1', 'OFFERMAKER', SYSDATE);
INSERT INTO OFFER_CHAIN_ELIGIBILITY (ID, OFFER_CHAIN_ID, NAME, VALUE, CREATED_BY, CREATE_DATE) VALUES (ELG_ID_SEQ.NEXTVAL, 305291293, 'INTERNAL_ONLY', '0', 'OFFERMAKER', SYSDATE);
INSERT INTO OFFER_CHAIN_ELIGIBILITY (ID, OFFER_CHAIN_ID, NAME, VALUE, CREATED_BY, CREATE_DATE) VALUES (ELG_ID_SEQ.NEXTVAL, 305291293, 'REDEEMER_PROHIBITED_ENTITLEMENTS', '0', 'OFFERMAKER', SYSDATE);
DELETE FROM OFFER_CHAIN_META_DATA WHERE offer_chain_id = 305291293;
INSERT INTO OFFER_CHAIN_META_DATA (ID, OFFER_CHAIN_ID, NAME, VALUE, CREATED_BY, CREATE_DATE) VALUES (OCMD_ID_SEQ.NEXTVAL, 305291293, 'BUNDLE_EXPLANATION', 'W+T Edu Intl $88.49 for first 39 weeks and 50% off regular price thereafter - no email verify', 'OFFERMAKER', SYSDATE);
INSERT INTO OFFER_CHAIN_META_DATA (ID, OFFER_CHAIN_ID, NAME, VALUE, CREATED_BY, CREATE_DATE) VALUES (OCMD_ID_SEQ.NEXTVAL, 305291293, 'PRICE_DESCRIPTION', 'Web+Tablet App $88.49 EDU Offer First 39 Weeks: $2.26/week Thereafter:$97.50 every 39 weeks', 'OFFERMAKER', SYSDATE);
INSERT INTO OFFER_CHAIN_META_DATA (ID, OFFER_CHAIN_ID, NAME, VALUE, CREATED_BY, CREATE_DATE) VALUES (OCMD_ID_SEQ.NEXTVAL, 305291293, 'PRICE_SHORT_DESCRIPTION', 'W+T Edu Intl/ $88.49 for First 39 wks / $97.50 every 39 wks thereafter', 'OFFERMAKER', SYSDATE);
INSERT INTO OFFER_CHAIN_META_DATA (ID, OFFER_CHAIN_ID, NAME, VALUE, CREATED_BY, CREATE_DATE) VALUES (OCMD_ID_SEQ.NEXTVAL, 305291293, 'OFFER_TYPE', '$88.49 for first 39 Weeks', 'OFFERMAKER', SYSDATE);
INSERT INTO OFFER_CHAIN_META_DATA (ID, OFFER_CHAIN_ID, NAME, VALUE, CREATED_BY, CREATE_DATE) VALUES (OCMD_ID_SEQ.NEXTVAL, 305291293, 'OFFER_PRICE_DESCRIPTOR', 'EDU INTL RATE- 9 MNTH SUB- 50% off', 'OFFERMAKER', SYSDATE);
INSERT INTO OFFER_CHAIN_META_DATA (ID, OFFER_CHAIN_ID, NAME, VALUE, CREATED_BY, CREATE_DATE) VALUES (OCMD_ID_SEQ.NEXTVAL, 305291293, 'OFFER_PRICE', '$88.49 for first 39 Weeks and $97.50 for next 39 Weeks thereafter', 'OFFERMAKER', SYSDATE);
INSERT INTO OFFER_CHAIN_META_DATA (ID, OFFER_CHAIN_ID, NAME, VALUE, CREATED_BY, CREATE_DATE) VALUES (OCMD_ID_SEQ.NEXTVAL, 305291293, 'OFFER_PRICE_DETAIL', '($2.50 / week thereafter)', 'OFFERMAKER', SYSDATE);
INSERT INTO OFFER_CHAIN_META_DATA (ID, OFFER_CHAIN_ID, NAME, VALUE, CREATED_BY, CREATE_DATE) VALUES (OCMD_ID_SEQ.NEXTVAL, 305291293, 'PROMO_PRICE_FOOTER_LABEL', 'First 39 Weeks', 'OFFERMAKER', SYSDATE);
INSERT INTO OFFER_CHAIN_META_DATA (ID, OFFER_CHAIN_ID, NAME, VALUE, CREATED_BY, CREATE_DATE) VALUES (OCMD_ID_SEQ.NEXTVAL, 305291293, 'ACTUAL_PRICE_FOOTER_LABEL', 'Thereafter', 'OFFERMAKER', SYSDATE);
INSERT INTO OFFER_CHAIN_META_DATA (ID, OFFER_CHAIN_ID, NAME, VALUE, CREATED_BY, CREATE_DATE) VALUES (OCMD_ID_SEQ.NEXTVAL, 305291293, 'BILLING_CYCLE', 'every 39 weeks', 'OFFERMAKER', SYSDATE);
INSERT INTO OFFER_CHAIN_META_DATA (ID, OFFER_CHAIN_ID, NAME, VALUE, CREATED_BY, CREATE_DATE) VALUES (OCMD_ID_SEQ.NEXTVAL, 305291293, 'SUBSCRIBER_TYPE', 'International Education', 'OFFERMAKER', SYSDATE);
INSERT INTO OFFER_CHAIN_META_DATA (ID, OFFER_CHAIN_ID, NAME, VALUE, CREATED_BY, CREATE_DATE) VALUES (OCMD_ID_SEQ.NEXTVAL, 305291293, 'REFUND_POLICY', 'Multi-week Billing: Full refund within first 30 days, No refund if cancelled in the last 30 days and access remains through the end of the period.  Otherwise, pro-rated refund and access removed within 6 hours.', 'OFFERMAKER', SYSDATE);
INSERT INTO OFFER_CHAIN_META_DATA (ID, OFFER_CHAIN_ID, NAME, VALUE, CREATED_BY, CREATE_DATE) VALUES (OCMD_ID_SEQ.NEXTVAL, 305291293, 'CANCELABLE', '1', 'OFFERMAKER', SYSDATE);
INSERT INTO OFFER_CHAIN_META_DATA (ID, OFFER_CHAIN_ID, NAME, VALUE, CREATED_BY, CREATE_DATE) VALUES (OCMD_ID_SEQ.NEXTVAL, 305291293, 'REFUNDABLE', '1', 'OFFERMAKER', SYSDATE);
INSERT INTO OFFER_CHAIN_META_DATA (ID, OFFER_CHAIN_ID, NAME, VALUE, CREATED_BY, CREATE_DATE) VALUES (OCMD_ID_SEQ.NEXTVAL, 305291293, 'FULL_REFUND_DAYS_LIMIT', '30', 'OFFERMAKER', SYSDATE);
INSERT INTO OFFER_CHAIN_META_DATA (ID, OFFER_CHAIN_ID, NAME, VALUE, CREATED_BY, CREATE_DATE) VALUES (OCMD_ID_SEQ.NEXTVAL, 305291293, 'PRORATED_REFUND_DAYS_LIMIT', '243', 'OFFERMAKER', SYSDATE);
INSERT INTO OFFER_CHAIN_META_DATA (ID, OFFER_CHAIN_ID, NAME, VALUE, CREATED_BY, CREATE_DATE) VALUES (OCMD_ID_SEQ.NEXTVAL, 305291293, 'OPEN_TO_ANONYMOUS', '1', 'OFFERMAKER', SYSDATE);
INSERT INTO OFFER_CHAIN_META_DATA (ID, OFFER_CHAIN_ID, NAME, VALUE, CREATED_BY, CREATE_DATE) VALUES (OCMD_ID_SEQ.NEXTVAL, 305291293, 'BUNDLE', 'Bundle B (Web+Tab)', 'OFFERMAKER', SYSDATE);
INSERT INTO OFFER_CHAIN_META_DATA (ID, OFFER_CHAIN_ID, NAME, VALUE, CREATED_BY, CREATE_DATE) VALUES (OCMD_ID_SEQ.NEXTVAL, 305291293, 'ADX_BUNDLE', 'MM_EDU', 'OFFERMAKER', SYSDATE);
INSERT INTO OFFER_CHAIN_META_DATA (ID, OFFER_CHAIN_ID, NAME, VALUE, CREATED_BY, CREATE_DATE) VALUES (OCMD_ID_SEQ.NEXTVAL, 305291293, 'SIEBEL_CAMPAIGN_CODE', '3KJYQ', 'OFFERMAKER', SYSDATE);
INSERT INTO OFFER_CHAIN_META_DATA (ID, OFFER_CHAIN_ID, NAME, VALUE, CREATED_BY, CREATE_DATE) VALUES (OCMD_ID_SEQ.NEXTVAL, 305291293, 'ANNUAL_PRICE', '130.00', 'OFFERMAKER', SYSDATE);
INSERT INTO OFFER_CHAIN_META_DATA (ID, OFFER_CHAIN_ID, NAME, VALUE, CREATED_BY, CREATE_DATE) VALUES (OCMD_ID_SEQ.NEXTVAL, 305291293, 'UID', '8211923dfeb4380534768665e2f62ba89c6ac27372beab7e111e8be8500792c7', 'OFFERMAKER', SYSDATE);
DELETE FROM OFFER_CHAIN_NOTIFICATION_TYPE WHERE offer_chain_id = 305291293;
BEGIN
  SELECT 1 INTO TMP_VAR FROM ACTION WHERE NAME = 'SUBSCRIBE_TO_OFFER_CHAIN';
EXCEPTION
  WHEN NO_DATA_FOUND THEN
    INSERT INTO ACTION (ID, NAME, CREATE_DATE, CREATED_BY) VALUES (ACTION_ID_SEQ.NEXTVAL, 'SUBSCRIBE_TO_OFFER_CHAIN', SYSDATE, 'OFFERMAKER');
END;
BEGIN
  SELECT 1 INTO TMP_VAR FROM CORE_OWNER.NOTIFICATION_TYPE WHERE VALUE = 'sartre-digital-purchase-international-education';
EXCEPTION
  WHEN NO_DATA_FOUND THEN NULL;
    INSERT INTO CORE_OWNER.NOTIFICATION_TYPE (ID, VALUE, TEMPLATE_URL) VALUES (CORE_OWNER.NOTTID_SEQ.NEXTVAL, 'sartre-digital-purchase-international-education', 'N/A');
END;
BEGIN
  SELECT 1 INTO TMP_VAR FROM ACTION WHERE NAME = 'UPGRADE_SUBSCRIPTION';
EXCEPTION
  WHEN NO_DATA_FOUND THEN
    INSERT INTO ACTION (ID, NAME, CREATE_DATE, CREATED_BY) VALUES (ACTION_ID_SEQ.NEXTVAL, 'UPGRADE_SUBSCRIPTION', SYSDATE, 'OFFERMAKER');
END;
BEGIN
  SELECT 1 INTO TMP_VAR FROM CORE_OWNER.NOTIFICATION_TYPE WHERE VALUE = 'sartre-digital-purchase-international-education';
EXCEPTION
  WHEN NO_DATA_FOUND THEN NULL;
    INSERT INTO CORE_OWNER.NOTIFICATION_TYPE (ID, VALUE, TEMPLATE_URL) VALUES (CORE_OWNER.NOTTID_SEQ.NEXTVAL, 'sartre-digital-purchase-international-education', 'N/A');
END;
BEGIN
  SELECT 1 INTO TMP_VAR FROM ACTION WHERE NAME = 'CANCEL_SUBSCRIPTION';
EXCEPTION
  WHEN NO_DATA_FOUND THEN
    INSERT INTO ACTION (ID, NAME, CREATE_DATE, CREATED_BY) VALUES (ACTION_ID_SEQ.NEXTVAL, 'CANCEL_SUBSCRIPTION', SYSDATE, 'OFFERMAKER');
END;
BEGIN
  SELECT 1 INTO TMP_VAR FROM CORE_OWNER.NOTIFICATION_TYPE WHERE VALUE = 'sartre-cancel';
EXCEPTION
  WHEN NO_DATA_FOUND THEN NULL;
    INSERT INTO CORE_OWNER.NOTIFICATION_TYPE (ID, VALUE, TEMPLATE_URL) VALUES (CORE_OWNER.NOTTID_SEQ.NEXTVAL, 'sartre-cancel', 'N/A');
END;
BEGIN
  SELECT 1 INTO TMP_VAR FROM ACTION WHERE NAME = 'SYSTEM_CANCEL';
EXCEPTION
  WHEN NO_DATA_FOUND THEN
    INSERT INTO ACTION (ID, NAME, CREATE_DATE, CREATED_BY) VALUES (ACTION_ID_SEQ.NEXTVAL, 'SYSTEM_CANCEL', SYSDATE, 'OFFERMAKER');
END;
BEGIN
  SELECT 1 INTO TMP_VAR FROM CORE_OWNER.NOTIFICATION_TYPE WHERE VALUE = 'sartre-decline-international-education';
EXCEPTION
  WHEN NO_DATA_FOUND THEN NULL;
    INSERT INTO CORE_OWNER.NOTIFICATION_TYPE (ID, VALUE, TEMPLATE_URL) VALUES (CORE_OWNER.NOTTID_SEQ.NEXTVAL, 'sartre-decline-international-education', 'N/A');
END;
BEGIN
  SELECT 1 INTO TMP_VAR FROM ACTION WHERE NAME = 'CREDIT_CARD_EXP';
EXCEPTION
  WHEN NO_DATA_FOUND THEN
    INSERT INTO ACTION (ID, NAME, CREATE_DATE, CREATED_BY) VALUES (ACTION_ID_SEQ.NEXTVAL, 'CREDIT_CARD_EXP', SYSDATE, 'OFFERMAKER');
END;
BEGIN
  SELECT 1 INTO TMP_VAR FROM CORE_OWNER.NOTIFICATION_TYPE WHERE VALUE = 'card_expiration';
EXCEPTION
  WHEN NO_DATA_FOUND THEN NULL;
    INSERT INTO CORE_OWNER.NOTIFICATION_TYPE (ID, VALUE, TEMPLATE_URL) VALUES (CORE_OWNER.NOTTID_SEQ.NEXTVAL, 'card_expiration', 'N/A');
END;
INSERT INTO OFFER_CHAIN_NOTIFICATION_TYPE (ID, OFFER_CHAIN_ID, NOTIFICATION_TYPE_ID, ACTION_ID, CREATED_BY, CREATE_DATE) VALUES (OCET_ID_SEQ.NEXTVAL, 305291293, (SELECT ID FROM CORE_OWNER.NOTIFICATION_TYPE WHERE VALUE = 'sartre-digital-purchase-international-education'), (SELECT ID FROM ACTION WHERE NAME = 'SUBSCRIBE_TO_OFFER_CHAIN'), 'OFFERMAKER', SYSDATE);
INSERT INTO OFFER_CHAIN_NOTIFICATION_TYPE (ID, OFFER_CHAIN_ID, NOTIFICATION_TYPE_ID, ACTION_ID, CREATED_BY, CREATE_DATE) VALUES (OCET_ID_SEQ.NEXTVAL, 305291293, (SELECT ID FROM CORE_OWNER.NOTIFICATION_TYPE WHERE VALUE = 'sartre-digital-purchase-international-education'), (SELECT ID FROM ACTION WHERE NAME = 'UPGRADE_SUBSCRIPTION'), 'OFFERMAKER', SYSDATE);
INSERT INTO OFFER_CHAIN_NOTIFICATION_TYPE (ID, OFFER_CHAIN_ID, NOTIFICATION_TYPE_ID, ACTION_ID, CREATED_BY, CREATE_DATE) VALUES (OCET_ID_SEQ.NEXTVAL, 305291293, (SELECT ID FROM CORE_OWNER.NOTIFICATION_TYPE WHERE VALUE = 'sartre-cancel'), (SELECT ID FROM ACTION WHERE NAME = 'CANCEL_SUBSCRIPTION'), 'OFFERMAKER', SYSDATE);
INSERT INTO OFFER_CHAIN_NOTIFICATION_TYPE (ID, OFFER_CHAIN_ID, NOTIFICATION_TYPE_ID, ACTION_ID, CREATED_BY, CREATE_DATE) VALUES (OCET_ID_SEQ.NEXTVAL, 305291293, (SELECT ID FROM CORE_OWNER.NOTIFICATION_TYPE WHERE VALUE = 'sartre-decline-international-education'), (SELECT ID FROM ACTION WHERE NAME = 'SYSTEM_CANCEL'), 'OFFERMAKER', SYSDATE);
INSERT INTO OFFER_CHAIN_NOTIFICATION_TYPE (ID, OFFER_CHAIN_ID, NOTIFICATION_TYPE_ID, ACTION_ID, CREATED_BY, CREATE_DATE) VALUES (OCET_ID_SEQ.NEXTVAL, 305291293, (SELECT ID FROM CORE_OWNER.NOTIFICATION_TYPE WHERE VALUE = 'card_expiration'), (SELECT ID FROM ACTION WHERE NAME = 'CREDIT_CARD_EXP'), 'OFFERMAKER', SYSDATE);
BEGIN
  SELECT 1 INTO TMP_VAR FROM OFFER_OFFER_CHAIN WHERE OFFER_CHAIN_ID = 305291293 AND INDEX_VALUE = 0 AND ROWNUM <= 1;
EXCEPTION
  WHEN NO_DATA_FOUND THEN
INSERT INTO OFFER (ID, OFFER_STATUS_ID, ENTITLEMENT_DURATION, CREATED_BY, CREATE_DATE, updated_by, update_date) VALUES (OFR_ID_SEQ.NEXTVAL, 1, 'P0Y0M273DT0H0M', 'OFFERMAKER', SYSDATE, 'OFFERMAKER', SYSDATE);
BEGIN
  SELECT ID INTO CUR_PRD_ID FROM PRODUCT WHERE NAME = 'Web' AND ROWNUM <= 1;
EXCEPTION
  WHEN NO_DATA_FOUND THEN
    INSERT INTO PRODUCT (ID, NAME, CREATED_BY, CREATE_DATE) VALUES (PRD_ID_SEQ.NEXTVAL, 'Web', 'OFFERMAKER', SYSDATE);
    SELECT ID INTO CUR_PRD_ID FROM PRODUCT WHERE NAME = 'Web' AND ROWNUM <= 1;
  WHEN OTHERS THEN
    RAISE;
END;
INSERT INTO PRODUCT_OFFERING (ID, PRODUCT_ID, TAX_POLICY_TYPE_ID, QUANTITY, UNIT_PRICE, CREATED_BY, CREATE_DATE) VALUES (PO_ID_SEQ.NEXTVAL, CUR_PRD_ID, '1', '273', '0.357143', 'OFFERMAKER', SYSDATE);
INSERT INTO OFFER_PRODUCT_OFFERING (OFFER_ID, PRODUCT_OFFERING_ID, CREATED_BY, CREATE_DATE) VALUES (OFR_ID_SEQ.CURRVAL, PO_ID_SEQ.CURRVAL, 'OFFERMAKER', SYSDATE);
INSERT INTO DISCOUNT (ID, NAME, DESCRIPTION, FIXED_AMOUNT, PERCENT_AMOUNT, DISCOUNT_TYPE_ID, CREATED_BY, CREATE_DATE) VALUES (DSC_ID_SEQ.NEXTVAL, 'Discount', 'Off: 88.49. P.Disc: 44.2500. P.Full: 97.5000', '53.2500', '0', 1, 'OFFERMAKER', SYSDATE);
INSERT INTO DISCOUNT_PRODUCT_OFFERING (DISCOUNT_ID, PRODUCT_OFFERING_ID, CREATED_BY, CREATE_DATE) VALUES (DSC_ID_SEQ.CURRVAL, PO_ID_SEQ.CURRVAL, 'OFFERMAKER', SYSDATE);
BEGIN
  SELECT ID INTO CUR_PRD_ID FROM PRODUCT WHERE NAME = 'Mobile' AND ROWNUM <= 1;
EXCEPTION
  WHEN NO_DATA_FOUND THEN
    INSERT INTO PRODUCT (ID, NAME, CREATED_BY, CREATE_DATE) VALUES (PRD_ID_SEQ.NEXTVAL, 'Mobile', 'OFFERMAKER', SYSDATE);
    SELECT ID INTO CUR_PRD_ID FROM PRODUCT WHERE NAME = 'Mobile' AND ROWNUM <= 1;
  WHEN OTHERS THEN
    RAISE;
END;
INSERT INTO PRODUCT_OFFERING (ID, PRODUCT_ID, TAX_POLICY_TYPE_ID, QUANTITY, UNIT_PRICE, CREATED_BY, CREATE_DATE) VALUES (PO_ID_SEQ.NEXTVAL, CUR_PRD_ID, '1', '273', '0', 'OFFERMAKER', SYSDATE);
INSERT INTO OFFER_PRODUCT_OFFERING (OFFER_ID, PRODUCT_OFFERING_ID, CREATED_BY, CREATE_DATE) VALUES (OFR_ID_SEQ.CURRVAL, PO_ID_SEQ.CURRVAL, 'OFFERMAKER', SYSDATE);
BEGIN
  SELECT ID INTO CUR_PRD_ID FROM PRODUCT WHERE NAME = 'Archive Article' AND ROWNUM <= 1;
EXCEPTION
  WHEN NO_DATA_FOUND THEN
    INSERT INTO PRODUCT (ID, NAME, CREATED_BY, CREATE_DATE) VALUES (PRD_ID_SEQ.NEXTVAL, 'Archive Article', 'OFFERMAKER', SYSDATE);
    SELECT ID INTO CUR_PRD_ID FROM PRODUCT WHERE NAME = 'Archive Article' AND ROWNUM <= 1;
  WHEN OTHERS THEN
    RAISE;
END;
INSERT INTO PRODUCT_OFFERING (ID, PRODUCT_ID, TAX_POLICY_TYPE_ID, QUANTITY, UNIT_PRICE, CREATED_BY, CREATE_DATE) VALUES (PO_ID_SEQ.NEXTVAL, CUR_PRD_ID, '1', '975', '0', 'OFFERMAKER', SYSDATE);
INSERT INTO OFFER_PRODUCT_OFFERING (OFFER_ID, PRODUCT_OFFERING_ID, CREATED_BY, CREATE_DATE) VALUES (OFR_ID_SEQ.CURRVAL, PO_ID_SEQ.CURRVAL, 'OFFERMAKER', SYSDATE);
BEGIN
  SELECT ID INTO CUR_PRD_ID FROM PRODUCT WHERE NAME = 'TimesMachine' AND ROWNUM <= 1;
EXCEPTION
  WHEN NO_DATA_FOUND THEN
    INSERT INTO PRODUCT (ID, NAME, CREATED_BY, CREATE_DATE) VALUES (PRD_ID_SEQ.NEXTVAL, 'TimesMachine', 'OFFERMAKER', SYSDATE);
    SELECT ID INTO CUR_PRD_ID FROM PRODUCT WHERE NAME = 'TimesMachine' AND ROWNUM <= 1;
  WHEN OTHERS THEN
    RAISE;
END;
INSERT INTO PRODUCT_OFFERING (ID, PRODUCT_ID, TAX_POLICY_TYPE_ID, QUANTITY, UNIT_PRICE, CREATED_BY, CREATE_DATE) VALUES (PO_ID_SEQ.NEXTVAL, CUR_PRD_ID, '1', '273', '0', 'OFFERMAKER', SYSDATE);
INSERT INTO OFFER_PRODUCT_OFFERING (OFFER_ID, PRODUCT_OFFERING_ID, CREATED_BY, CREATE_DATE) VALUES (OFR_ID_SEQ.CURRVAL, PO_ID_SEQ.CURRVAL, 'OFFERMAKER', SYSDATE);
BEGIN
  SELECT ID INTO CUR_PRD_ID FROM PRODUCT WHERE NAME = 'Tablet' AND ROWNUM <= 1;
EXCEPTION
  WHEN NO_DATA_FOUND THEN
    INSERT INTO PRODUCT (ID, NAME, CREATED_BY, CREATE_DATE) VALUES (PRD_ID_SEQ.NEXTVAL, 'Tablet', 'OFFERMAKER', SYSDATE);
    SELECT ID INTO CUR_PRD_ID FROM PRODUCT WHERE NAME = 'Tablet' AND ROWNUM <= 1;
  WHEN OTHERS THEN
    RAISE;
END;
INSERT INTO PRODUCT_OFFERING (ID, PRODUCT_ID, TAX_POLICY_TYPE_ID, QUANTITY, UNIT_PRICE, CREATED_BY, CREATE_DATE) VALUES (PO_ID_SEQ.NEXTVAL, CUR_PRD_ID, '1', '273', '0.357143', 'OFFERMAKER', SYSDATE);
INSERT INTO OFFER_PRODUCT_OFFERING (OFFER_ID, PRODUCT_OFFERING_ID, CREATED_BY, CREATE_DATE) VALUES (OFR_ID_SEQ.CURRVAL, PO_ID_SEQ.CURRVAL, 'OFFERMAKER', SYSDATE);
INSERT INTO DISCOUNT (ID, NAME, DESCRIPTION, FIXED_AMOUNT, PERCENT_AMOUNT, DISCOUNT_TYPE_ID, CREATED_BY, CREATE_DATE) VALUES (DSC_ID_SEQ.NEXTVAL, 'Discount', 'Off: 88.49. P.Disc: 44.2400. P.Full: 97.5000', '53.26', '0', 1, 'OFFERMAKER', SYSDATE);
INSERT INTO DISCOUNT_PRODUCT_OFFERING (DISCOUNT_ID, PRODUCT_OFFERING_ID, CREATED_BY, CREATE_DATE) VALUES (DSC_ID_SEQ.CURRVAL, PO_ID_SEQ.CURRVAL, 'OFFERMAKER', SYSDATE);
BEGIN
  SELECT ID INTO CUR_PRD_ID FROM PRODUCT WHERE NAME = 'TimesReader' AND ROWNUM <= 1;
EXCEPTION
  WHEN NO_DATA_FOUND THEN
    INSERT INTO PRODUCT (ID, NAME, CREATED_BY, CREATE_DATE) VALUES (PRD_ID_SEQ.NEXTVAL, 'TimesReader', 'OFFERMAKER', SYSDATE);
    SELECT ID INTO CUR_PRD_ID FROM PRODUCT WHERE NAME = 'TimesReader' AND ROWNUM <= 1;
  WHEN OTHERS THEN
    RAISE;
END;
INSERT INTO PRODUCT_OFFERING (ID, PRODUCT_ID, TAX_POLICY_TYPE_ID, QUANTITY, UNIT_PRICE, CREATED_BY, CREATE_DATE) VALUES (PO_ID_SEQ.NEXTVAL, CUR_PRD_ID, '1', '273', '0', 'OFFERMAKER', SYSDATE);
INSERT INTO OFFER_PRODUCT_OFFERING (OFFER_ID, PRODUCT_OFFERING_ID, CREATED_BY, CREATE_DATE) VALUES (OFR_ID_SEQ.CURRVAL, PO_ID_SEQ.CURRVAL, 'OFFERMAKER', SYSDATE);
INSERT INTO OFFER_OFFER_CHAIN (OFFER_ID, OFFER_CHAIN_ID, INDEX_VALUE, NUM_RECURRENCES, CREATED_BY, CREATE_DATE, updated_by, update_date) VALUES (OFR_ID_SEQ.CURRVAL, 305291293, '0', '1', 'OFFERMAKER', SYSDATE, 'OFFERMAKER', SYSDATE);
END;
BEGIN
  SELECT 1 INTO TMP_VAR FROM OFFER_OFFER_CHAIN WHERE OFFER_CHAIN_ID = 305291293 AND INDEX_VALUE = 1 AND ROWNUM <= 1;
EXCEPTION
  WHEN NO_DATA_FOUND THEN
INSERT INTO OFFER (ID, OFFER_STATUS_ID, ENTITLEMENT_DURATION, CREATED_BY, CREATE_DATE, updated_by, update_date) VALUES (OFR_ID_SEQ.NEXTVAL, 1, 'P0Y0M273DT0H0M', 'OFFERMAKER', SYSDATE, 'OFFERMAKER', SYSDATE);
BEGIN
  SELECT ID INTO CUR_PRD_ID FROM PRODUCT WHERE NAME = 'Web' AND ROWNUM <= 1;
EXCEPTION
  WHEN NO_DATA_FOUND THEN
    INSERT INTO PRODUCT (ID, NAME, CREATED_BY, CREATE_DATE) VALUES (PRD_ID_SEQ.NEXTVAL, 'Web', 'OFFERMAKER', SYSDATE);
    SELECT ID INTO CUR_PRD_ID FROM PRODUCT WHERE NAME = 'Web' AND ROWNUM <= 1;
  WHEN OTHERS THEN
    RAISE;
END;
INSERT INTO PRODUCT_OFFERING (ID, PRODUCT_ID, TAX_POLICY_TYPE_ID, QUANTITY, UNIT_PRICE, CREATED_BY, CREATE_DATE) VALUES (PO_ID_SEQ.NEXTVAL, CUR_PRD_ID, '1', '273', '0.357143', 'OFFERMAKER', SYSDATE);
INSERT INTO OFFER_PRODUCT_OFFERING (OFFER_ID, PRODUCT_OFFERING_ID, CREATED_BY, CREATE_DATE) VALUES (OFR_ID_SEQ.CURRVAL, PO_ID_SEQ.CURRVAL, 'OFFERMAKER', SYSDATE);
INSERT INTO DISCOUNT (ID, NAME, DESCRIPTION, FIXED_AMOUNT, PERCENT_AMOUNT, DISCOUNT_TYPE_ID, CREATED_BY, CREATE_DATE) VALUES (DSC_ID_SEQ.NEXTVAL, 'Discount', 'Off: 97.5. P.Disc: 48.7500. P.Full: 97.5000', '48.75', '0', 1, 'OFFERMAKER', SYSDATE);
INSERT INTO DISCOUNT_PRODUCT_OFFERING (DISCOUNT_ID, PRODUCT_OFFERING_ID, CREATED_BY, CREATE_DATE) VALUES (DSC_ID_SEQ.CURRVAL, PO_ID_SEQ.CURRVAL, 'OFFERMAKER', SYSDATE);
BEGIN
  SELECT ID INTO CUR_PRD_ID FROM PRODUCT WHERE NAME = 'Mobile' AND ROWNUM <= 1;
EXCEPTION
  WHEN NO_DATA_FOUND THEN
    INSERT INTO PRODUCT (ID, NAME, CREATED_BY, CREATE_DATE) VALUES (PRD_ID_SEQ.NEXTVAL, 'Mobile', 'OFFERMAKER', SYSDATE);
    SELECT ID INTO CUR_PRD_ID FROM PRODUCT WHERE NAME = 'Mobile' AND ROWNUM <= 1;
  WHEN OTHERS THEN
    RAISE;
END;
INSERT INTO PRODUCT_OFFERING (ID, PRODUCT_ID, TAX_POLICY_TYPE_ID, QUANTITY, UNIT_PRICE, CREATED_BY, CREATE_DATE) VALUES (PO_ID_SEQ.NEXTVAL, CUR_PRD_ID, '1', '273', '0', 'OFFERMAKER', SYSDATE);
INSERT INTO OFFER_PRODUCT_OFFERING (OFFER_ID, PRODUCT_OFFERING_ID, CREATED_BY, CREATE_DATE) VALUES (OFR_ID_SEQ.CURRVAL, PO_ID_SEQ.CURRVAL, 'OFFERMAKER', SYSDATE);
BEGIN
  SELECT ID INTO CUR_PRD_ID FROM PRODUCT WHERE NAME = 'Archive Article' AND ROWNUM <= 1;
EXCEPTION
  WHEN NO_DATA_FOUND THEN
    INSERT INTO PRODUCT (ID, NAME, CREATED_BY, CREATE_DATE) VALUES (PRD_ID_SEQ.NEXTVAL, 'Archive Article', 'OFFERMAKER', SYSDATE);
    SELECT ID INTO CUR_PRD_ID FROM PRODUCT WHERE NAME = 'Archive Article' AND ROWNUM <= 1;
  WHEN OTHERS THEN
    RAISE;
END;
INSERT INTO PRODUCT_OFFERING (ID, PRODUCT_ID, TAX_POLICY_TYPE_ID, QUANTITY, UNIT_PRICE, CREATED_BY, CREATE_DATE) VALUES (PO_ID_SEQ.NEXTVAL, CUR_PRD_ID, '1', '975', '0', 'OFFERMAKER', SYSDATE);
INSERT INTO OFFER_PRODUCT_OFFERING (OFFER_ID, PRODUCT_OFFERING_ID, CREATED_BY, CREATE_DATE) VALUES (OFR_ID_SEQ.CURRVAL, PO_ID_SEQ.CURRVAL, 'OFFERMAKER', SYSDATE);
BEGIN
  SELECT ID INTO CUR_PRD_ID FROM PRODUCT WHERE NAME = 'TimesMachine' AND ROWNUM <= 1;
EXCEPTION
  WHEN NO_DATA_FOUND THEN
    INSERT INTO PRODUCT (ID, NAME, CREATED_BY, CREATE_DATE) VALUES (PRD_ID_SEQ.NEXTVAL, 'TimesMachine', 'OFFERMAKER', SYSDATE);
    SELECT ID INTO CUR_PRD_ID FROM PRODUCT WHERE NAME = 'TimesMachine' AND ROWNUM <= 1;
  WHEN OTHERS THEN
    RAISE;
END;
INSERT INTO PRODUCT_OFFERING (ID, PRODUCT_ID, TAX_POLICY_TYPE_ID, QUANTITY, UNIT_PRICE, CREATED_BY, CREATE_DATE) VALUES (PO_ID_SEQ.NEXTVAL, CUR_PRD_ID, '1', '273', '0', 'OFFERMAKER', SYSDATE);
INSERT INTO OFFER_PRODUCT_OFFERING (OFFER_ID, PRODUCT_OFFERING_ID, CREATED_BY, CREATE_DATE) VALUES (OFR_ID_SEQ.CURRVAL, PO_ID_SEQ.CURRVAL, 'OFFERMAKER', SYSDATE);
BEGIN
  SELECT ID INTO CUR_PRD_ID FROM PRODUCT WHERE NAME = 'Tablet' AND ROWNUM <= 1;
EXCEPTION
  WHEN NO_DATA_FOUND THEN
    INSERT INTO PRODUCT (ID, NAME, CREATED_BY, CREATE_DATE) VALUES (PRD_ID_SEQ.NEXTVAL, 'Tablet', 'OFFERMAKER', SYSDATE);
    SELECT ID INTO CUR_PRD_ID FROM PRODUCT WHERE NAME = 'Tablet' AND ROWNUM <= 1;
  WHEN OTHERS THEN
    RAISE;
END;
INSERT INTO PRODUCT_OFFERING (ID, PRODUCT_ID, TAX_POLICY_TYPE_ID, QUANTITY, UNIT_PRICE, CREATED_BY, CREATE_DATE) VALUES (PO_ID_SEQ.NEXTVAL, CUR_PRD_ID, '1', '273', '0.357143', 'OFFERMAKER', SYSDATE);
INSERT INTO OFFER_PRODUCT_OFFERING (OFFER_ID, PRODUCT_OFFERING_ID, CREATED_BY, CREATE_DATE) VALUES (OFR_ID_SEQ.CURRVAL, PO_ID_SEQ.CURRVAL, 'OFFERMAKER', SYSDATE);
INSERT INTO DISCOUNT (ID, NAME, DESCRIPTION, FIXED_AMOUNT, PERCENT_AMOUNT, DISCOUNT_TYPE_ID, CREATED_BY, CREATE_DATE) VALUES (DSC_ID_SEQ.NEXTVAL, 'Discount', 'Off: 97.5. P.Disc: 48.7500. P.Full: 97.5000', '48.75', '0', 1, 'OFFERMAKER', SYSDATE);
INSERT INTO DISCOUNT_PRODUCT_OFFERING (DISCOUNT_ID, PRODUCT_OFFERING_ID, CREATED_BY, CREATE_DATE) VALUES (DSC_ID_SEQ.CURRVAL, PO_ID_SEQ.CURRVAL, 'OFFERMAKER', SYSDATE);
BEGIN
  SELECT ID INTO CUR_PRD_ID FROM PRODUCT WHERE NAME = 'TimesReader' AND ROWNUM <= 1;
EXCEPTION
  WHEN NO_DATA_FOUND THEN
    INSERT INTO PRODUCT (ID, NAME, CREATED_BY, CREATE_DATE) VALUES (PRD_ID_SEQ.NEXTVAL, 'TimesReader', 'OFFERMAKER', SYSDATE);
    SELECT ID INTO CUR_PRD_ID FROM PRODUCT WHERE NAME = 'TimesReader' AND ROWNUM <= 1;
  WHEN OTHERS THEN
    RAISE;
END;
INSERT INTO PRODUCT_OFFERING (ID, PRODUCT_ID, TAX_POLICY_TYPE_ID, QUANTITY, UNIT_PRICE, CREATED_BY, CREATE_DATE) VALUES (PO_ID_SEQ.NEXTVAL, CUR_PRD_ID, '1', '273', '0', 'OFFERMAKER', SYSDATE);
INSERT INTO OFFER_PRODUCT_OFFERING (OFFER_ID, PRODUCT_OFFERING_ID, CREATED_BY, CREATE_DATE) VALUES (OFR_ID_SEQ.CURRVAL, PO_ID_SEQ.CURRVAL, 'OFFERMAKER', SYSDATE);
INSERT INTO OFFER_OFFER_CHAIN (OFFER_ID, OFFER_CHAIN_ID, INDEX_VALUE, NUM_RECURRENCES, CREATED_BY, CREATE_DATE, updated_by, update_date) VALUES (OFR_ID_SEQ.CURRVAL, 305291293, '1', '-1', 'OFFERMAKER', SYSDATE, 'OFFERMAKER', SYSDATE);
END;
END;
/
COMMIT;
DECLARE
TMP_VAR NUMBER;
CUR_PRD_ID NUMBER;
CUR_CAPABILITY_ID NUMBER;
BEGIN
BEGIN
  SELECT 1 INTO TMP_VAR FROM OFFER_CHAIN WHERE ID = 372480893 AND ROWNUM <= 1;
  UPDATE OFFER_CHAIN SET NAME='NYTimes: All Digital Access', DESCRIPTION='Unlimited access to NYTimes.com, and the NYTimes smartphone and tablet apps.*', PRODUCT_URI='', VENDOR_SOURCE_ID='1', BILLING_SOURCE_ID=(SELECT ID FROM BILLING_SOURCE BS WHERE BS.NAME='Sartre'), IS_SEAT_LICENSE=0, GROUP_ACCOUNT_TYPE_ID='FL',IS_ADDRESS_REQUIRED=0, OFFER_CHAIN_STATUS_ID = 1, UPDATE_DATE = SYSDATE, UPDATED_BY = 'OFFERMAKER', IS_GIFT_CERTIFICATE='0', REVOKE_ENTITLEMENTS = '0', ADOPTABILITY_WINDOW_START_DATE = to_date('15-Jul-2013 00:00:00','DD-MON-YY HH24:MI:SS'), ADOPTABILITY_WINDOW_END_DATE = to_date('31-Dec-2069 00:00:00','DD-MON-YY HH24:MI:SS'), AMAZON_APPSTORE_SKU=NULL WHERE ID = 372480893;
EXCEPTION
  WHEN NO_DATA_FOUND THEN
    INSERT INTO OFFER_CHAIN (ID, NAME, DESCRIPTION, ADOPTABILITY_WINDOW_START_DATE, ADOPTABILITY_WINDOW_END_DATE, IS_GIFT_CERTIFICATE, PRODUCT_URI, OFFER_CHAIN_STATUS_ID, REVOKE_ENTITLEMENTS, VENDOR_SOURCE_ID, BILLING_SOURCE_ID, IS_SEAT_LICENSE, GROUP_ACCOUNT_TYPE_ID, IS_ADDRESS_REQUIRED, AMAZON_APPSTORE_SKU, CREATED_BY, CREATE_DATE, updated_by, update_date) VALUES (372480893, 'NYTimes: All Digital Access', 'Unlimited access to NYTimes.com, and the NYTimes smartphone and tablet apps.*', to_date('15-Jul-2013 00:00:00','DD-MON-YY HH24:MI:SS'), to_date('31-Dec-2069 00:00:00','DD-MON-YY HH24:MI:SS'), '0', NULL, '1', '0', '1', (SELECT ID FROM BILLING_SOURCE BS WHERE BS.NAME='Sartre'), decode('FL','IL',1,0), 'FL', '0', '', 'OFFERMAKER', SYSDATE, 'OFFERMAKER', SYSDATE);
END;
DELETE FROM OFFER_CHAIN_ELIGIBILITY WHERE offer_chain_id = 372480893;
INSERT INTO OFFER_CHAIN_ELIGIBILITY (ID, OFFER_CHAIN_ID, NAME, VALUE, CREATED_BY, CREATE_DATE) VALUES (ELG_ID_SEQ.NEXTVAL, 372480893, 'IS_COMP', '0', 'OFFERMAKER', SYSDATE);
INSERT INTO OFFER_CHAIN_ELIGIBILITY (ID, OFFER_CHAIN_ID, NAME, VALUE, CREATED_BY, CREATE_DATE) VALUES (ELG_ID_SEQ.NEXTVAL, 372480893, 'MAX_CONCURRENT_SUBS', '1', 'OFFERMAKER', SYSDATE);
INSERT INTO OFFER_CHAIN_ELIGIBILITY (ID, OFFER_CHAIN_ID, NAME, VALUE, CREATED_BY, CREATE_DATE) VALUES (ELG_ID_SEQ.NEXTVAL, 372480893, 'INTERNAL_ONLY', '0', 'OFFERMAKER', SYSDATE);
INSERT INTO OFFER_CHAIN_ELIGIBILITY (ID, OFFER_CHAIN_ID, NAME, VALUE, CREATED_BY, CREATE_DATE) VALUES (ELG_ID_SEQ.NEXTVAL, 372480893, 'REDEEMER_PROHIBITED_ENTITLEMENTS', '0', 'OFFERMAKER', SYSDATE);
DELETE FROM OFFER_CHAIN_META_DATA WHERE offer_chain_id = 372480893;
INSERT INTO OFFER_CHAIN_META_DATA (ID, OFFER_CHAIN_ID, NAME, VALUE, CREATED_BY, CREATE_DATE) VALUES (OCMD_ID_SEQ.NEXTVAL, 372480893, 'BUNDLE_EXPLANATION', 'W+SP+T Edu Intl $154.12 for first 39 weeks and 50% off regular price thereafter - no email verify', 'OFFERMAKER', SYSDATE);
INSERT INTO OFFER_CHAIN_META_DATA (ID, OFFER_CHAIN_ID, NAME, VALUE, CREATED_BY, CREATE_DATE) VALUES (OCMD_ID_SEQ.NEXTVAL, 372480893, 'PRICE_DESCRIPTION', 'All Digital Access $154.12 EDU Offer First 39 Weeks: $3.95/week Thereafter:$170.63 every 39 weeks', 'OFFERMAKER', SYSDATE);
INSERT INTO OFFER_CHAIN_META_DATA (ID, OFFER_CHAIN_ID, NAME, VALUE, CREATED_BY, CREATE_DATE) VALUES (OCMD_ID_SEQ.NEXTVAL, 372480893, 'PRICE_SHORT_DESCRIPTION', 'W+SP+T Edu Intl/ $154.12 First 39 wks / $170.63 every 39 wks thereafter', 'OFFERMAKER', SYSDATE);
INSERT INTO OFFER_CHAIN_META_DATA (ID, OFFER_CHAIN_ID, NAME, VALUE, CREATED_BY, CREATE_DATE) VALUES (OCMD_ID_SEQ.NEXTVAL, 372480893, 'OFFER_TYPE', '$ 154.12 for first 39 Weeks', 'OFFERMAKER', SYSDATE);
INSERT INTO OFFER_CHAIN_META_DATA (ID, OFFER_CHAIN_ID, NAME, VALUE, CREATED_BY, CREATE_DATE) VALUES (OCMD_ID_SEQ.NEXTVAL, 372480893, 'OFFER_PRICE_DESCRIPTOR', 'EDU INTL RATE- 9 MNTH SUB- 50% off', 'OFFERMAKER', SYSDATE);
INSERT INTO OFFER_CHAIN_META_DATA (ID, OFFER_CHAIN_ID, NAME, VALUE, CREATED_BY, CREATE_DATE) VALUES (OCMD_ID_SEQ.NEXTVAL, 372480893, 'OFFER_PRICE', '$154.12 for first 39 Weeks and $170.63 for next 39 Weeks thereafter', 'OFFERMAKER', SYSDATE);
INSERT INTO OFFER_CHAIN_META_DATA (ID, OFFER_CHAIN_ID, NAME, VALUE, CREATED_BY, CREATE_DATE) VALUES (OCMD_ID_SEQ.NEXTVAL, 372480893, 'OFFER_PRICE_DETAIL', '($4.38 / week thereafter)', 'OFFERMAKER', SYSDATE);
INSERT INTO OFFER_CHAIN_META_DATA (ID, OFFER_CHAIN_ID, NAME, VALUE, CREATED_BY, CREATE_DATE) VALUES (OCMD_ID_SEQ.NEXTVAL, 372480893, 'PROMO_PRICE_FOOTER_LABEL', 'First 39 Weeks', 'OFFERMAKER', SYSDATE);
INSERT INTO OFFER_CHAIN_META_DATA (ID, OFFER_CHAIN_ID, NAME, VALUE, CREATED_BY, CREATE_DATE) VALUES (OCMD_ID_SEQ.NEXTVAL, 372480893, 'ACTUAL_PRICE_FOOTER_LABEL', 'Thereafter', 'OFFERMAKER', SYSDATE);
INSERT INTO OFFER_CHAIN_META_DATA (ID, OFFER_CHAIN_ID, NAME, VALUE, CREATED_BY, CREATE_DATE) VALUES (OCMD_ID_SEQ.NEXTVAL, 372480893, 'BILLING_CYCLE', 'every 39 weeks', 'OFFERMAKER', SYSDATE);
INSERT INTO OFFER_CHAIN_META_DATA (ID, OFFER_CHAIN_ID, NAME, VALUE, CREATED_BY, CREATE_DATE) VALUES (OCMD_ID_SEQ.NEXTVAL, 372480893, 'SUBSCRIBER_TYPE', 'International Education', 'OFFERMAKER', SYSDATE);
INSERT INTO OFFER_CHAIN_META_DATA (ID, OFFER_CHAIN_ID, NAME, VALUE, CREATED_BY, CREATE_DATE) VALUES (OCMD_ID_SEQ.NEXTVAL, 372480893, 'REFUND_POLICY', 'Multi-week Billing: Full refund within first 30 days, No refund if cancelled in the last 30 days and access remains through the end of the period.  Otherwise, pro-rated refund and access removed within 6 hours.', 'OFFERMAKER', SYSDATE);
INSERT INTO OFFER_CHAIN_META_DATA (ID, OFFER_CHAIN_ID, NAME, VALUE, CREATED_BY, CREATE_DATE) VALUES (OCMD_ID_SEQ.NEXTVAL, 372480893, 'CANCELABLE', '1', 'OFFERMAKER', SYSDATE);
INSERT INTO OFFER_CHAIN_META_DATA (ID, OFFER_CHAIN_ID, NAME, VALUE, CREATED_BY, CREATE_DATE) VALUES (OCMD_ID_SEQ.NEXTVAL, 372480893, 'REFUNDABLE', '1', 'OFFERMAKER', SYSDATE);
INSERT INTO OFFER_CHAIN_META_DATA (ID, OFFER_CHAIN_ID, NAME, VALUE, CREATED_BY, CREATE_DATE) VALUES (OCMD_ID_SEQ.NEXTVAL, 372480893, 'FULL_REFUND_DAYS_LIMIT', '30', 'OFFERMAKER', SYSDATE);
INSERT INTO OFFER_CHAIN_META_DATA (ID, OFFER_CHAIN_ID, NAME, VALUE, CREATED_BY, CREATE_DATE) VALUES (OCMD_ID_SEQ.NEXTVAL, 372480893, 'PRORATED_REFUND_DAYS_LIMIT', '243', 'OFFERMAKER', SYSDATE);
INSERT INTO OFFER_CHAIN_META_DATA (ID, OFFER_CHAIN_ID, NAME, VALUE, CREATED_BY, CREATE_DATE) VALUES (OCMD_ID_SEQ.NEXTVAL, 372480893, 'OPEN_TO_ANONYMOUS', '1', 'OFFERMAKER', SYSDATE);
INSERT INTO OFFER_CHAIN_META_DATA (ID, OFFER_CHAIN_ID, NAME, VALUE, CREATED_BY, CREATE_DATE) VALUES (OCMD_ID_SEQ.NEXTVAL, 372480893, 'BUNDLE', 'Bundle D (Digital All Access)', 'OFFERMAKER', SYSDATE);
INSERT INTO OFFER_CHAIN_META_DATA (ID, OFFER_CHAIN_ID, NAME, VALUE, CREATED_BY, CREATE_DATE) VALUES (OCMD_ID_SEQ.NEXTVAL, 372480893, 'ADX_BUNDLE', 'MM_EDU', 'OFFERMAKER', SYSDATE);
INSERT INTO OFFER_CHAIN_META_DATA (ID, OFFER_CHAIN_ID, NAME, VALUE, CREATED_BY, CREATE_DATE) VALUES (OCMD_ID_SEQ.NEXTVAL, 372480893, 'SIEBEL_CAMPAIGN_CODE', '3KJYR', 'OFFERMAKER', SYSDATE);
INSERT INTO OFFER_CHAIN_META_DATA (ID, OFFER_CHAIN_ID, NAME, VALUE, CREATED_BY, CREATE_DATE) VALUES (OCMD_ID_SEQ.NEXTVAL, 372480893, 'ANNUAL_PRICE', '227.50', 'OFFERMAKER', SYSDATE);
INSERT INTO OFFER_CHAIN_META_DATA (ID, OFFER_CHAIN_ID, NAME, VALUE, CREATED_BY, CREATE_DATE) VALUES (OCMD_ID_SEQ.NEXTVAL, 372480893, 'UID', '2d63717a9af660e9b45142767583b8d5d44c015d152ede7b89034812fd3aaedd', 'OFFERMAKER', SYSDATE);
DELETE FROM OFFER_CHAIN_NOTIFICATION_TYPE WHERE offer_chain_id = 372480893;
BEGIN
  SELECT 1 INTO TMP_VAR FROM ACTION WHERE NAME = 'SUBSCRIBE_TO_OFFER_CHAIN';
EXCEPTION
  WHEN NO_DATA_FOUND THEN
    INSERT INTO ACTION (ID, NAME, CREATE_DATE, CREATED_BY) VALUES (ACTION_ID_SEQ.NEXTVAL, 'SUBSCRIBE_TO_OFFER_CHAIN', SYSDATE, 'OFFERMAKER');
END;
BEGIN
  SELECT 1 INTO TMP_VAR FROM CORE_OWNER.NOTIFICATION_TYPE WHERE VALUE = 'sartre-digital-purchase-international-education';
EXCEPTION
  WHEN NO_DATA_FOUND THEN NULL;
    INSERT INTO CORE_OWNER.NOTIFICATION_TYPE (ID, VALUE, TEMPLATE_URL) VALUES (CORE_OWNER.NOTTID_SEQ.NEXTVAL, 'sartre-digital-purchase-international-education', 'N/A');
END;
BEGIN
  SELECT 1 INTO TMP_VAR FROM ACTION WHERE NAME = 'UPGRADE_SUBSCRIPTION';
EXCEPTION
  WHEN NO_DATA_FOUND THEN
    INSERT INTO ACTION (ID, NAME, CREATE_DATE, CREATED_BY) VALUES (ACTION_ID_SEQ.NEXTVAL, 'UPGRADE_SUBSCRIPTION', SYSDATE, 'OFFERMAKER');
END;
BEGIN
  SELECT 1 INTO TMP_VAR FROM CORE_OWNER.NOTIFICATION_TYPE WHERE VALUE = 'sartre-digital-purchase-international-education';
EXCEPTION
  WHEN NO_DATA_FOUND THEN NULL;
    INSERT INTO CORE_OWNER.NOTIFICATION_TYPE (ID, VALUE, TEMPLATE_URL) VALUES (CORE_OWNER.NOTTID_SEQ.NEXTVAL, 'sartre-digital-purchase-international-education', 'N/A');
END;
BEGIN
  SELECT 1 INTO TMP_VAR FROM ACTION WHERE NAME = 'CANCEL_SUBSCRIPTION';
EXCEPTION
  WHEN NO_DATA_FOUND THEN
    INSERT INTO ACTION (ID, NAME, CREATE_DATE, CREATED_BY) VALUES (ACTION_ID_SEQ.NEXTVAL, 'CANCEL_SUBSCRIPTION', SYSDATE, 'OFFERMAKER');
END;
BEGIN
  SELECT 1 INTO TMP_VAR FROM CORE_OWNER.NOTIFICATION_TYPE WHERE VALUE = 'sartre-cancel';
EXCEPTION
  WHEN NO_DATA_FOUND THEN NULL;
    INSERT INTO CORE_OWNER.NOTIFICATION_TYPE (ID, VALUE, TEMPLATE_URL) VALUES (CORE_OWNER.NOTTID_SEQ.NEXTVAL, 'sartre-cancel', 'N/A');
END;
BEGIN
  SELECT 1 INTO TMP_VAR FROM ACTION WHERE NAME = 'SYSTEM_CANCEL';
EXCEPTION
  WHEN NO_DATA_FOUND THEN
    INSERT INTO ACTION (ID, NAME, CREATE_DATE, CREATED_BY) VALUES (ACTION_ID_SEQ.NEXTVAL, 'SYSTEM_CANCEL', SYSDATE, 'OFFERMAKER');
END;
BEGIN
  SELECT 1 INTO TMP_VAR FROM CORE_OWNER.NOTIFICATION_TYPE WHERE VALUE = 'sartre-decline-international-education';
EXCEPTION
  WHEN NO_DATA_FOUND THEN NULL;
    INSERT INTO CORE_OWNER.NOTIFICATION_TYPE (ID, VALUE, TEMPLATE_URL) VALUES (CORE_OWNER.NOTTID_SEQ.NEXTVAL, 'sartre-decline-international-education', 'N/A');
END;
BEGIN
  SELECT 1 INTO TMP_VAR FROM ACTION WHERE NAME = 'CREDIT_CARD_EXP';
EXCEPTION
  WHEN NO_DATA_FOUND THEN
    INSERT INTO ACTION (ID, NAME, CREATE_DATE, CREATED_BY) VALUES (ACTION_ID_SEQ.NEXTVAL, 'CREDIT_CARD_EXP', SYSDATE, 'OFFERMAKER');
END;
BEGIN
  SELECT 1 INTO TMP_VAR FROM CORE_OWNER.NOTIFICATION_TYPE WHERE VALUE = 'card_expiration';
EXCEPTION
  WHEN NO_DATA_FOUND THEN NULL;
    INSERT INTO CORE_OWNER.NOTIFICATION_TYPE (ID, VALUE, TEMPLATE_URL) VALUES (CORE_OWNER.NOTTID_SEQ.NEXTVAL, 'card_expiration', 'N/A');
END;
INSERT INTO OFFER_CHAIN_NOTIFICATION_TYPE (ID, OFFER_CHAIN_ID, NOTIFICATION_TYPE_ID, ACTION_ID, CREATED_BY, CREATE_DATE) VALUES (OCET_ID_SEQ.NEXTVAL, 372480893, (SELECT ID FROM CORE_OWNER.NOTIFICATION_TYPE WHERE VALUE = 'sartre-digital-purchase-international-education'), (SELECT ID FROM ACTION WHERE NAME = 'SUBSCRIBE_TO_OFFER_CHAIN'), 'OFFERMAKER', SYSDATE);
INSERT INTO OFFER_CHAIN_NOTIFICATION_TYPE (ID, OFFER_CHAIN_ID, NOTIFICATION_TYPE_ID, ACTION_ID, CREATED_BY, CREATE_DATE) VALUES (OCET_ID_SEQ.NEXTVAL, 372480893, (SELECT ID FROM CORE_OWNER.NOTIFICATION_TYPE WHERE VALUE = 'sartre-digital-purchase-international-education'), (SELECT ID FROM ACTION WHERE NAME = 'UPGRADE_SUBSCRIPTION'), 'OFFERMAKER', SYSDATE);
INSERT INTO OFFER_CHAIN_NOTIFICATION_TYPE (ID, OFFER_CHAIN_ID, NOTIFICATION_TYPE_ID, ACTION_ID, CREATED_BY, CREATE_DATE) VALUES (OCET_ID_SEQ.NEXTVAL, 372480893, (SELECT ID FROM CORE_OWNER.NOTIFICATION_TYPE WHERE VALUE = 'sartre-cancel'), (SELECT ID FROM ACTION WHERE NAME = 'CANCEL_SUBSCRIPTION'), 'OFFERMAKER', SYSDATE);
INSERT INTO OFFER_CHAIN_NOTIFICATION_TYPE (ID, OFFER_CHAIN_ID, NOTIFICATION_TYPE_ID, ACTION_ID, CREATED_BY, CREATE_DATE) VALUES (OCET_ID_SEQ.NEXTVAL, 372480893, (SELECT ID FROM CORE_OWNER.NOTIFICATION_TYPE WHERE VALUE = 'sartre-decline-international-education'), (SELECT ID FROM ACTION WHERE NAME = 'SYSTEM_CANCEL'), 'OFFERMAKER', SYSDATE);
INSERT INTO OFFER_CHAIN_NOTIFICATION_TYPE (ID, OFFER_CHAIN_ID, NOTIFICATION_TYPE_ID, ACTION_ID, CREATED_BY, CREATE_DATE) VALUES (OCET_ID_SEQ.NEXTVAL, 372480893, (SELECT ID FROM CORE_OWNER.NOTIFICATION_TYPE WHERE VALUE = 'card_expiration'), (SELECT ID FROM ACTION WHERE NAME = 'CREDIT_CARD_EXP'), 'OFFERMAKER', SYSDATE);
BEGIN
  SELECT 1 INTO TMP_VAR FROM OFFER_OFFER_CHAIN WHERE OFFER_CHAIN_ID = 372480893 AND INDEX_VALUE = 0 AND ROWNUM <= 1;
EXCEPTION
  WHEN NO_DATA_FOUND THEN
INSERT INTO OFFER (ID, OFFER_STATUS_ID, ENTITLEMENT_DURATION, CREATED_BY, CREATE_DATE, updated_by, update_date) VALUES (OFR_ID_SEQ.NEXTVAL, 1, 'P0Y0M273DT0H0M', 'OFFERMAKER', SYSDATE, 'OFFERMAKER', SYSDATE);
BEGIN
  SELECT ID INTO CUR_PRD_ID FROM PRODUCT WHERE NAME = 'Web' AND ROWNUM <= 1;
EXCEPTION
  WHEN NO_DATA_FOUND THEN
    INSERT INTO PRODUCT (ID, NAME, CREATED_BY, CREATE_DATE) VALUES (PRD_ID_SEQ.NEXTVAL, 'Web', 'OFFERMAKER', SYSDATE);
    SELECT ID INTO CUR_PRD_ID FROM PRODUCT WHERE NAME = 'Web' AND ROWNUM <= 1;
  WHEN OTHERS THEN
    RAISE;
END;
INSERT INTO PRODUCT_OFFERING (ID, PRODUCT_ID, TAX_POLICY_TYPE_ID, QUANTITY, UNIT_PRICE, CREATED_BY, CREATE_DATE) VALUES (PO_ID_SEQ.NEXTVAL, CUR_PRD_ID, '1', '273', '0.357143', 'OFFERMAKER', SYSDATE);
INSERT INTO OFFER_PRODUCT_OFFERING (OFFER_ID, PRODUCT_OFFERING_ID, CREATED_BY, CREATE_DATE) VALUES (OFR_ID_SEQ.CURRVAL, PO_ID_SEQ.CURRVAL, 'OFFERMAKER', SYSDATE);
INSERT INTO DISCOUNT (ID, NAME, DESCRIPTION, FIXED_AMOUNT, PERCENT_AMOUNT, DISCOUNT_TYPE_ID, CREATED_BY, CREATE_DATE) VALUES (DSC_ID_SEQ.NEXTVAL, 'Discount', 'Off: 154.12. P.Disc: 44.0300. P.Full: 97.5000', '53.47', '0', 1, 'OFFERMAKER', SYSDATE);
INSERT INTO DISCOUNT_PRODUCT_OFFERING (DISCOUNT_ID, PRODUCT_OFFERING_ID, CREATED_BY, CREATE_DATE) VALUES (DSC_ID_SEQ.CURRVAL, PO_ID_SEQ.CURRVAL, 'OFFERMAKER', SYSDATE);
BEGIN
  SELECT ID INTO CUR_PRD_ID FROM PRODUCT WHERE NAME = 'Mobile' AND ROWNUM <= 1;
EXCEPTION
  WHEN NO_DATA_FOUND THEN
    INSERT INTO PRODUCT (ID, NAME, CREATED_BY, CREATE_DATE) VALUES (PRD_ID_SEQ.NEXTVAL, 'Mobile', 'OFFERMAKER', SYSDATE);
    SELECT ID INTO CUR_PRD_ID FROM PRODUCT WHERE NAME = 'Mobile' AND ROWNUM <= 1;
  WHEN OTHERS THEN
    RAISE;
END;
INSERT INTO PRODUCT_OFFERING (ID, PRODUCT_ID, TAX_POLICY_TYPE_ID, QUANTITY, UNIT_PRICE, CREATED_BY, CREATE_DATE) VALUES (PO_ID_SEQ.NEXTVAL, CUR_PRD_ID, '1', '273', '0', 'OFFERMAKER', SYSDATE);
INSERT INTO OFFER_PRODUCT_OFFERING (OFFER_ID, PRODUCT_OFFERING_ID, CREATED_BY, CREATE_DATE) VALUES (OFR_ID_SEQ.CURRVAL, PO_ID_SEQ.CURRVAL, 'OFFERMAKER', SYSDATE);
BEGIN
  SELECT ID INTO CUR_PRD_ID FROM PRODUCT WHERE NAME = 'Archive Article' AND ROWNUM <= 1;
EXCEPTION
  WHEN NO_DATA_FOUND THEN
    INSERT INTO PRODUCT (ID, NAME, CREATED_BY, CREATE_DATE) VALUES (PRD_ID_SEQ.NEXTVAL, 'Archive Article', 'OFFERMAKER', SYSDATE);
    SELECT ID INTO CUR_PRD_ID FROM PRODUCT WHERE NAME = 'Archive Article' AND ROWNUM <= 1;
  WHEN OTHERS THEN
    RAISE;
END;
INSERT INTO PRODUCT_OFFERING (ID, PRODUCT_ID, TAX_POLICY_TYPE_ID, QUANTITY, UNIT_PRICE, CREATED_BY, CREATE_DATE) VALUES (PO_ID_SEQ.NEXTVAL, CUR_PRD_ID, '1', '975', '0', 'OFFERMAKER', SYSDATE);
INSERT INTO OFFER_PRODUCT_OFFERING (OFFER_ID, PRODUCT_OFFERING_ID, CREATED_BY, CREATE_DATE) VALUES (OFR_ID_SEQ.CURRVAL, PO_ID_SEQ.CURRVAL, 'OFFERMAKER', SYSDATE);
BEGIN
  SELECT ID INTO CUR_PRD_ID FROM PRODUCT WHERE NAME = 'TimesMachine' AND ROWNUM <= 1;
EXCEPTION
  WHEN NO_DATA_FOUND THEN
    INSERT INTO PRODUCT (ID, NAME, CREATED_BY, CREATE_DATE) VALUES (PRD_ID_SEQ.NEXTVAL, 'TimesMachine', 'OFFERMAKER', SYSDATE);
    SELECT ID INTO CUR_PRD_ID FROM PRODUCT WHERE NAME = 'TimesMachine' AND ROWNUM <= 1;
  WHEN OTHERS THEN
    RAISE;
END;
INSERT INTO PRODUCT_OFFERING (ID, PRODUCT_ID, TAX_POLICY_TYPE_ID, QUANTITY, UNIT_PRICE, CREATED_BY, CREATE_DATE) VALUES (PO_ID_SEQ.NEXTVAL, CUR_PRD_ID, '1', '273', '0', 'OFFERMAKER', SYSDATE);
INSERT INTO OFFER_PRODUCT_OFFERING (OFFER_ID, PRODUCT_OFFERING_ID, CREATED_BY, CREATE_DATE) VALUES (OFR_ID_SEQ.CURRVAL, PO_ID_SEQ.CURRVAL, 'OFFERMAKER', SYSDATE);
BEGIN
  SELECT ID INTO CUR_PRD_ID FROM PRODUCT WHERE NAME = 'Smartphone' AND ROWNUM <= 1;
EXCEPTION
  WHEN NO_DATA_FOUND THEN
    INSERT INTO PRODUCT (ID, NAME, CREATED_BY, CREATE_DATE) VALUES (PRD_ID_SEQ.NEXTVAL, 'Smartphone', 'OFFERMAKER', SYSDATE);
    SELECT ID INTO CUR_PRD_ID FROM PRODUCT WHERE NAME = 'Smartphone' AND ROWNUM <= 1;
  WHEN OTHERS THEN
    RAISE;
END;
INSERT INTO PRODUCT_OFFERING (ID, PRODUCT_ID, TAX_POLICY_TYPE_ID, QUANTITY, UNIT_PRICE, CREATED_BY, CREATE_DATE) VALUES (PO_ID_SEQ.NEXTVAL, CUR_PRD_ID, '1', '273', '0.178571', 'OFFERMAKER', SYSDATE);
INSERT INTO OFFER_PRODUCT_OFFERING (OFFER_ID, PRODUCT_OFFERING_ID, CREATED_BY, CREATE_DATE) VALUES (OFR_ID_SEQ.CURRVAL, PO_ID_SEQ.CURRVAL, 'OFFERMAKER', SYSDATE);
INSERT INTO DISCOUNT (ID, NAME, DESCRIPTION, FIXED_AMOUNT, PERCENT_AMOUNT, DISCOUNT_TYPE_ID, CREATED_BY, CREATE_DATE) VALUES (DSC_ID_SEQ.NEXTVAL, 'Discount', 'Off: 154.12. P.Disc: 22.0199. P.Full: 48.7499', '26.73', '0', 1, 'OFFERMAKER', SYSDATE);
INSERT INTO DISCOUNT_PRODUCT_OFFERING (DISCOUNT_ID, PRODUCT_OFFERING_ID, CREATED_BY, CREATE_DATE) VALUES (DSC_ID_SEQ.CURRVAL, PO_ID_SEQ.CURRVAL, 'OFFERMAKER', SYSDATE);
BEGIN
  SELECT ID INTO CUR_PRD_ID FROM PRODUCT WHERE NAME = 'Tablet' AND ROWNUM <= 1;
EXCEPTION
  WHEN NO_DATA_FOUND THEN
    INSERT INTO PRODUCT (ID, NAME, CREATED_BY, CREATE_DATE) VALUES (PRD_ID_SEQ.NEXTVAL, 'Tablet', 'OFFERMAKER', SYSDATE);
    SELECT ID INTO CUR_PRD_ID FROM PRODUCT WHERE NAME = 'Tablet' AND ROWNUM <= 1;
  WHEN OTHERS THEN
    RAISE;
END;
INSERT INTO PRODUCT_OFFERING (ID, PRODUCT_ID, TAX_POLICY_TYPE_ID, QUANTITY, UNIT_PRICE, CREATED_BY, CREATE_DATE) VALUES (PO_ID_SEQ.NEXTVAL, CUR_PRD_ID, '1', '273', '0.714286', 'OFFERMAKER', SYSDATE);
INSERT INTO OFFER_PRODUCT_OFFERING (OFFER_ID, PRODUCT_OFFERING_ID, CREATED_BY, CREATE_DATE) VALUES (OFR_ID_SEQ.CURRVAL, PO_ID_SEQ.CURRVAL, 'OFFERMAKER', SYSDATE);
INSERT INTO DISCOUNT (ID, NAME, DESCRIPTION, FIXED_AMOUNT, PERCENT_AMOUNT, DISCOUNT_TYPE_ID, CREATED_BY, CREATE_DATE) VALUES (DSC_ID_SEQ.NEXTVAL, 'Discount', 'Off: 154.12. P.Disc: 88.070. P.Full: 195.000', '106.93', '0', 1, 'OFFERMAKER', SYSDATE);
INSERT INTO DISCOUNT_PRODUCT_OFFERING (DISCOUNT_ID, PRODUCT_OFFERING_ID, CREATED_BY, CREATE_DATE) VALUES (DSC_ID_SEQ.CURRVAL, PO_ID_SEQ.CURRVAL, 'OFFERMAKER', SYSDATE);
BEGIN
  SELECT ID INTO CUR_PRD_ID FROM PRODUCT WHERE NAME = 'TimesReader' AND ROWNUM <= 1;
EXCEPTION
  WHEN NO_DATA_FOUND THEN
    INSERT INTO PRODUCT (ID, NAME, CREATED_BY, CREATE_DATE) VALUES (PRD_ID_SEQ.NEXTVAL, 'TimesReader', 'OFFERMAKER', SYSDATE);
    SELECT ID INTO CUR_PRD_ID FROM PRODUCT WHERE NAME = 'TimesReader' AND ROWNUM <= 1;
  WHEN OTHERS THEN
    RAISE;
END;
INSERT INTO PRODUCT_OFFERING (ID, PRODUCT_ID, TAX_POLICY_TYPE_ID, QUANTITY, UNIT_PRICE, CREATED_BY, CREATE_DATE) VALUES (PO_ID_SEQ.NEXTVAL, CUR_PRD_ID, '1', '273', '0', 'OFFERMAKER', SYSDATE);
INSERT INTO OFFER_PRODUCT_OFFERING (OFFER_ID, PRODUCT_OFFERING_ID, CREATED_BY, CREATE_DATE) VALUES (OFR_ID_SEQ.CURRVAL, PO_ID_SEQ.CURRVAL, 'OFFERMAKER', SYSDATE);
INSERT INTO OFFER_OFFER_CHAIN (OFFER_ID, OFFER_CHAIN_ID, INDEX_VALUE, NUM_RECURRENCES, CREATED_BY, CREATE_DATE, updated_by, update_date) VALUES (OFR_ID_SEQ.CURRVAL, 372480893, '0', '1', 'OFFERMAKER', SYSDATE, 'OFFERMAKER', SYSDATE);
END;
BEGIN
  SELECT 1 INTO TMP_VAR FROM OFFER_OFFER_CHAIN WHERE OFFER_CHAIN_ID = 372480893 AND INDEX_VALUE = 1 AND ROWNUM <= 1;
EXCEPTION
  WHEN NO_DATA_FOUND THEN
INSERT INTO OFFER (ID, OFFER_STATUS_ID, ENTITLEMENT_DURATION, CREATED_BY, CREATE_DATE, updated_by, update_date) VALUES (OFR_ID_SEQ.NEXTVAL, 1, 'P0Y0M273DT0H0M', 'OFFERMAKER', SYSDATE, 'OFFERMAKER', SYSDATE);
BEGIN
  SELECT ID INTO CUR_PRD_ID FROM PRODUCT WHERE NAME = 'Web' AND ROWNUM <= 1;
EXCEPTION
  WHEN NO_DATA_FOUND THEN
    INSERT INTO PRODUCT (ID, NAME, CREATED_BY, CREATE_DATE) VALUES (PRD_ID_SEQ.NEXTVAL, 'Web', 'OFFERMAKER', SYSDATE);
    SELECT ID INTO CUR_PRD_ID FROM PRODUCT WHERE NAME = 'Web' AND ROWNUM <= 1;
  WHEN OTHERS THEN
    RAISE;
END;
INSERT INTO PRODUCT_OFFERING (ID, PRODUCT_ID, TAX_POLICY_TYPE_ID, QUANTITY, UNIT_PRICE, CREATED_BY, CREATE_DATE) VALUES (PO_ID_SEQ.NEXTVAL, CUR_PRD_ID, '1', '273', '0.357143', 'OFFERMAKER', SYSDATE);
INSERT INTO OFFER_PRODUCT_OFFERING (OFFER_ID, PRODUCT_OFFERING_ID, CREATED_BY, CREATE_DATE) VALUES (OFR_ID_SEQ.CURRVAL, PO_ID_SEQ.CURRVAL, 'OFFERMAKER', SYSDATE);
INSERT INTO DISCOUNT (ID, NAME, DESCRIPTION, FIXED_AMOUNT, PERCENT_AMOUNT, DISCOUNT_TYPE_ID, CREATED_BY, CREATE_DATE) VALUES (DSC_ID_SEQ.NEXTVAL, 'Discount', 'Off: 170.63. P.Disc: 48.7500. P.Full: 97.5000', '48.75', '0', 1, 'OFFERMAKER', SYSDATE);
INSERT INTO DISCOUNT_PRODUCT_OFFERING (DISCOUNT_ID, PRODUCT_OFFERING_ID, CREATED_BY, CREATE_DATE) VALUES (DSC_ID_SEQ.CURRVAL, PO_ID_SEQ.CURRVAL, 'OFFERMAKER', SYSDATE);
BEGIN
  SELECT ID INTO CUR_PRD_ID FROM PRODUCT WHERE NAME = 'Mobile' AND ROWNUM <= 1;
EXCEPTION
  WHEN NO_DATA_FOUND THEN
    INSERT INTO PRODUCT (ID, NAME, CREATED_BY, CREATE_DATE) VALUES (PRD_ID_SEQ.NEXTVAL, 'Mobile', 'OFFERMAKER', SYSDATE);
    SELECT ID INTO CUR_PRD_ID FROM PRODUCT WHERE NAME = 'Mobile' AND ROWNUM <= 1;
  WHEN OTHERS THEN
    RAISE;
END;
INSERT INTO PRODUCT_OFFERING (ID, PRODUCT_ID, TAX_POLICY_TYPE_ID, QUANTITY, UNIT_PRICE, CREATED_BY, CREATE_DATE) VALUES (PO_ID_SEQ.NEXTVAL, CUR_PRD_ID, '1', '273', '0', 'OFFERMAKER', SYSDATE);
INSERT INTO OFFER_PRODUCT_OFFERING (OFFER_ID, PRODUCT_OFFERING_ID, CREATED_BY, CREATE_DATE) VALUES (OFR_ID_SEQ.CURRVAL, PO_ID_SEQ.CURRVAL, 'OFFERMAKER', SYSDATE);
BEGIN
  SELECT ID INTO CUR_PRD_ID FROM PRODUCT WHERE NAME = 'Archive Article' AND ROWNUM <= 1;
EXCEPTION
  WHEN NO_DATA_FOUND THEN
    INSERT INTO PRODUCT (ID, NAME, CREATED_BY, CREATE_DATE) VALUES (PRD_ID_SEQ.NEXTVAL, 'Archive Article', 'OFFERMAKER', SYSDATE);
    SELECT ID INTO CUR_PRD_ID FROM PRODUCT WHERE NAME = 'Archive Article' AND ROWNUM <= 1;
  WHEN OTHERS THEN
    RAISE;
END;
INSERT INTO PRODUCT_OFFERING (ID, PRODUCT_ID, TAX_POLICY_TYPE_ID, QUANTITY, UNIT_PRICE, CREATED_BY, CREATE_DATE) VALUES (PO_ID_SEQ.NEXTVAL, CUR_PRD_ID, '1', '975', '0', 'OFFERMAKER', SYSDATE);
INSERT INTO OFFER_PRODUCT_OFFERING (OFFER_ID, PRODUCT_OFFERING_ID, CREATED_BY, CREATE_DATE) VALUES (OFR_ID_SEQ.CURRVAL, PO_ID_SEQ.CURRVAL, 'OFFERMAKER', SYSDATE);
BEGIN
  SELECT ID INTO CUR_PRD_ID FROM PRODUCT WHERE NAME = 'TimesMachine' AND ROWNUM <= 1;
EXCEPTION
  WHEN NO_DATA_FOUND THEN
    INSERT INTO PRODUCT (ID, NAME, CREATED_BY, CREATE_DATE) VALUES (PRD_ID_SEQ.NEXTVAL, 'TimesMachine', 'OFFERMAKER', SYSDATE);
    SELECT ID INTO CUR_PRD_ID FROM PRODUCT WHERE NAME = 'TimesMachine' AND ROWNUM <= 1;
  WHEN OTHERS THEN
    RAISE;
END;
INSERT INTO PRODUCT_OFFERING (ID, PRODUCT_ID, TAX_POLICY_TYPE_ID, QUANTITY, UNIT_PRICE, CREATED_BY, CREATE_DATE) VALUES (PO_ID_SEQ.NEXTVAL, CUR_PRD_ID, '1', '273', '0', 'OFFERMAKER', SYSDATE);
INSERT INTO OFFER_PRODUCT_OFFERING (OFFER_ID, PRODUCT_OFFERING_ID, CREATED_BY, CREATE_DATE) VALUES (OFR_ID_SEQ.CURRVAL, PO_ID_SEQ.CURRVAL, 'OFFERMAKER', SYSDATE);
BEGIN
  SELECT ID INTO CUR_PRD_ID FROM PRODUCT WHERE NAME = 'Smartphone' AND ROWNUM <= 1;
EXCEPTION
  WHEN NO_DATA_FOUND THEN
    INSERT INTO PRODUCT (ID, NAME, CREATED_BY, CREATE_DATE) VALUES (PRD_ID_SEQ.NEXTVAL, 'Smartphone', 'OFFERMAKER', SYSDATE);
    SELECT ID INTO CUR_PRD_ID FROM PRODUCT WHERE NAME = 'Smartphone' AND ROWNUM <= 1;
  WHEN OTHERS THEN
    RAISE;
END;
INSERT INTO PRODUCT_OFFERING (ID, PRODUCT_ID, TAX_POLICY_TYPE_ID, QUANTITY, UNIT_PRICE, CREATED_BY, CREATE_DATE) VALUES (PO_ID_SEQ.NEXTVAL, CUR_PRD_ID, '1', '273', '0.178571', 'OFFERMAKER', SYSDATE);
INSERT INTO OFFER_PRODUCT_OFFERING (OFFER_ID, PRODUCT_OFFERING_ID, CREATED_BY, CREATE_DATE) VALUES (OFR_ID_SEQ.CURRVAL, PO_ID_SEQ.CURRVAL, 'OFFERMAKER', SYSDATE);
INSERT INTO DISCOUNT (ID, NAME, DESCRIPTION, FIXED_AMOUNT, PERCENT_AMOUNT, DISCOUNT_TYPE_ID, CREATED_BY, CREATE_DATE) VALUES (DSC_ID_SEQ.NEXTVAL, 'Discount', 'Off: 170.63. P.Disc: 24.3799. P.Full: 48.7499', '24.37', '0', 1, 'OFFERMAKER', SYSDATE);
INSERT INTO DISCOUNT_PRODUCT_OFFERING (DISCOUNT_ID, PRODUCT_OFFERING_ID, CREATED_BY, CREATE_DATE) VALUES (DSC_ID_SEQ.CURRVAL, PO_ID_SEQ.CURRVAL, 'OFFERMAKER', SYSDATE);
BEGIN
  SELECT ID INTO CUR_PRD_ID FROM PRODUCT WHERE NAME = 'Tablet' AND ROWNUM <= 1;
EXCEPTION
  WHEN NO_DATA_FOUND THEN
    INSERT INTO PRODUCT (ID, NAME, CREATED_BY, CREATE_DATE) VALUES (PRD_ID_SEQ.NEXTVAL, 'Tablet', 'OFFERMAKER', SYSDATE);
    SELECT ID INTO CUR_PRD_ID FROM PRODUCT WHERE NAME = 'Tablet' AND ROWNUM <= 1;
  WHEN OTHERS THEN
    RAISE;
END;
INSERT INTO PRODUCT_OFFERING (ID, PRODUCT_ID, TAX_POLICY_TYPE_ID, QUANTITY, UNIT_PRICE, CREATED_BY, CREATE_DATE) VALUES (PO_ID_SEQ.NEXTVAL, CUR_PRD_ID, '1', '273', '0.714286', 'OFFERMAKER', SYSDATE);
INSERT INTO OFFER_PRODUCT_OFFERING (OFFER_ID, PRODUCT_OFFERING_ID, CREATED_BY, CREATE_DATE) VALUES (OFR_ID_SEQ.CURRVAL, PO_ID_SEQ.CURRVAL, 'OFFERMAKER', SYSDATE);
INSERT INTO DISCOUNT (ID, NAME, DESCRIPTION, FIXED_AMOUNT, PERCENT_AMOUNT, DISCOUNT_TYPE_ID, CREATED_BY, CREATE_DATE) VALUES (DSC_ID_SEQ.NEXTVAL, 'Discount', 'Off: 170.63. P.Disc: 97.500. P.Full: 195.000', '97.50', '0', 1, 'OFFERMAKER', SYSDATE);
INSERT INTO DISCOUNT_PRODUCT_OFFERING (DISCOUNT_ID, PRODUCT_OFFERING_ID, CREATED_BY, CREATE_DATE) VALUES (DSC_ID_SEQ.CURRVAL, PO_ID_SEQ.CURRVAL, 'OFFERMAKER', SYSDATE);
BEGIN
  SELECT ID INTO CUR_PRD_ID FROM PRODUCT WHERE NAME = 'TimesReader' AND ROWNUM <= 1;
EXCEPTION
  WHEN NO_DATA_FOUND THEN
    INSERT INTO PRODUCT (ID, NAME, CREATED_BY, CREATE_DATE) VALUES (PRD_ID_SEQ.NEXTVAL, 'TimesReader', 'OFFERMAKER', SYSDATE);
    SELECT ID INTO CUR_PRD_ID FROM PRODUCT WHERE NAME = 'TimesReader' AND ROWNUM <= 1;
  WHEN OTHERS THEN
    RAISE;
END;
INSERT INTO PRODUCT_OFFERING (ID, PRODUCT_ID, TAX_POLICY_TYPE_ID, QUANTITY, UNIT_PRICE, CREATED_BY, CREATE_DATE) VALUES (PO_ID_SEQ.NEXTVAL, CUR_PRD_ID, '1', '273', '0', 'OFFERMAKER', SYSDATE);
INSERT INTO OFFER_PRODUCT_OFFERING (OFFER_ID, PRODUCT_OFFERING_ID, CREATED_BY, CREATE_DATE) VALUES (OFR_ID_SEQ.CURRVAL, PO_ID_SEQ.CURRVAL, 'OFFERMAKER', SYSDATE);
INSERT INTO OFFER_OFFER_CHAIN (OFFER_ID, OFFER_CHAIN_ID, INDEX_VALUE, NUM_RECURRENCES, CREATED_BY, CREATE_DATE, updated_by, update_date) VALUES (OFR_ID_SEQ.CURRVAL, 372480893, '1', '-1', 'OFFERMAKER', SYSDATE, 'OFFERMAKER', SYSDATE);
END;
END;
/
COMMIT;
