WHENEVER SQLERROR EXIT SQL.SQLCODE ROLLBACK
SET SCAN OFF
SET DEFINE OFF


DECLARE
  TMP_VAR NUMBER;
  CUR_PRD_ID NUMBER;
  CUR_CAPABILITY_ID NUMBER;
BEGIN
  BEGIN
    SELECT 1 INTO TMP_VAR FROM OFFER_CHAIN WHERE ID = 1016780 AND ROWNUM <= 1;
    UPDATE OFFER_CHAIN SET NAME='NYTimes: Web + Smartphone App', DESCRIPTION='Unlimited access to NYTimes.com and the NYTimes smartphone app.*', PRODUCT_URI='', VENDOR_SOURCE_ID='1', BILLING_SOURCE_ID=(SELECT ID FROM BILLING_SOURCE BS WHERE BS.NAME='DD-FAB'), IS_SEAT_LICENSE=0, GROUP_ACCOUNT_TYPE_ID='NO',IS_ADDRESS_REQUIRED=1, OFFER_CHAIN_STATUS_ID = 1, UPDATE_DATE = SYSDATE, UPDATED_BY = 'OFFERMAKER', IS_GIFT_CERTIFICATE='1', REVOKE_ENTITLEMENTS = '0', ADOPTABILITY_WINDOW_START_DATE = to_date('04-Apr-2013 00:00:00','DD-MON-YY HH24:MI:SS'), ADOPTABILITY_WINDOW_END_DATE = to_date('17-Apr-2020 00:00:00','DD-MON-YY HH24:MI:SS') WHERE ID = 1016780;
  EXCEPTION
    WHEN NO_DATA_FOUND THEN
      INSERT INTO OFFER_CHAIN (ID, NAME, DESCRIPTION, ADOPTABILITY_WINDOW_START_DATE, ADOPTABILITY_WINDOW_END_DATE, IS_GIFT_CERTIFICATE, PRODUCT_URI, OFFER_CHAIN_STATUS_ID, REVOKE_ENTITLEMENTS, VENDOR_SOURCE_ID, BILLING_SOURCE_ID, IS_SEAT_LICENSE, GROUP_ACCOUNT_TYPE_ID, IS_ADDRESS_REQUIRED, CREATED_BY, CREATE_DATE, updated_by, update_date) VALUES (1016780, 'NYTimes: Web + Smartphone App', 'Unlimited access to NYTimes.com and the NYTimes smartphone app.*', to_date('04-Apr-2013 00:00:00','DD-MON-YY HH24:MI:SS'), to_date('17-Apr-2020 00:00:00','DD-MON-YY HH24:MI:SS'), '1', NULL, '1', '0', '1', (SELECT ID FROM BILLING_SOURCE BS WHERE BS.NAME='DD-FAB'), decode('NO','IL',1,0), 'NO', '1', 'OFFERMAKER', SYSDATE, 'OFFERMAKER', SYSDATE);
  END;
  DELETE FROM OFFER_CHAIN_ELIGIBILITY WHERE offer_chain_id = 1016780;
  INSERT INTO OFFER_CHAIN_ELIGIBILITY (ID, OFFER_CHAIN_ID, NAME, VALUE, CREATED_BY, CREATE_DATE) VALUES (ELG_ID_SEQ.NEXTVAL, 1016780, 'IS_COMP', '1', 'OFFERMAKER', SYSDATE);
  DELETE FROM OFFER_CHAIN_META_DATA WHERE offer_chain_id = 1016780;
  INSERT INTO OFFER_CHAIN_META_DATA (ID, OFFER_CHAIN_ID, NAME, VALUE, CREATED_BY, CREATE_DATE) VALUES (OCMD_ID_SEQ.NEXTVAL, 1016780, 'BUNDLE_EXPLANATION', 'Bundle A - FAB 16 Week Sub - Purchase OC', 'OFFERMAKER', SYSDATE);
  INSERT INTO OFFER_CHAIN_META_DATA (ID, OFFER_CHAIN_ID, NAME, VALUE, CREATED_BY, CREATE_DATE) VALUES (OCMD_ID_SEQ.NEXTVAL, 1016780, 'PRICE_DESCRIPTION', '16 Week Bundle A FAB Promotion Subscription for $30.00 - Paid to FAB - Purchase', 'OFFERMAKER', SYSDATE);
  INSERT INTO OFFER_CHAIN_META_DATA (ID, OFFER_CHAIN_ID, NAME, VALUE, CREATED_BY, CREATE_DATE) VALUES (OCMD_ID_SEQ.NEXTVAL, 1016780, 'PRICE_SHORT_DESCRIPTION', 'BNDL A / $0 16 wks FAB GC purch', 'OFFERMAKER', SYSDATE);
  INSERT INTO OFFER_CHAIN_META_DATA (ID, OFFER_CHAIN_ID, NAME, VALUE, CREATED_BY, CREATE_DATE) VALUES (OCMD_ID_SEQ.NEXTVAL, 1016780, 'OFFER_TYPE', 'FAB Subscription for 16 weeks', 'OFFERMAKER', SYSDATE);
  INSERT INTO OFFER_CHAIN_META_DATA (ID, OFFER_CHAIN_ID, NAME, VALUE, CREATED_BY, CREATE_DATE) VALUES (OCMD_ID_SEQ.NEXTVAL, 1016780, 'OFFER_PRICE', '$30 for 16 weeks', 'OFFERMAKER', SYSDATE);
  INSERT INTO OFFER_CHAIN_META_DATA (ID, OFFER_CHAIN_ID, NAME, VALUE, CREATED_BY, CREATE_DATE) VALUES (OCMD_ID_SEQ.NEXTVAL, 1016780, 'PROMO_PRICE_FOOTER_LABEL', '16 Weeks', 'OFFERMAKER', SYSDATE);
  INSERT INTO OFFER_CHAIN_META_DATA (ID, OFFER_CHAIN_ID, NAME, VALUE, CREATED_BY, CREATE_DATE) VALUES (OCMD_ID_SEQ.NEXTVAL, 1016780, 'BILLING_CYCLE', '16 week subscription', 'OFFERMAKER', SYSDATE);
  INSERT INTO OFFER_CHAIN_META_DATA (ID, OFFER_CHAIN_ID, NAME, VALUE, CREATED_BY, CREATE_DATE) VALUES (OCMD_ID_SEQ.NEXTVAL, 1016780, 'SUBSCRIBER_TYPE', 'Daily Deals', 'OFFERMAKER', SYSDATE);
  INSERT INTO OFFER_CHAIN_META_DATA (ID, OFFER_CHAIN_ID, NAME, VALUE, CREATED_BY, CREATE_DATE) VALUES (OCMD_ID_SEQ.NEXTVAL, 1016780, 'redemption offer chain id', '1016781, 1016782', 'OFFERMAKER', SYSDATE);
  INSERT INTO OFFER_CHAIN_META_DATA (ID, OFFER_CHAIN_ID, NAME, VALUE, CREATED_BY, CREATE_DATE) VALUES (OCMD_ID_SEQ.NEXTVAL, 1016780, 'BUNDLE', 'Bundle A (Web+SP)', 'OFFERMAKER', SYSDATE);
  INSERT INTO OFFER_CHAIN_META_DATA (ID, OFFER_CHAIN_ID, NAME, VALUE, CREATED_BY, CREATE_DATE) VALUES (OCMD_ID_SEQ.NEXTVAL, 1016780, 'ADX_BUNDLE', 'MM_PROMO', 'OFFERMAKER', SYSDATE);
  INSERT INTO OFFER_CHAIN_META_DATA (ID, OFFER_CHAIN_ID, NAME, VALUE, CREATED_BY, CREATE_DATE) VALUES (OCMD_ID_SEQ.NEXTVAL, 1016780, 'SIEBEL_CAMPAIGN_CODE', '3JQLW', 'OFFERMAKER', SYSDATE);
  INSERT INTO OFFER_CHAIN_META_DATA (ID, OFFER_CHAIN_ID, NAME, VALUE, CREATED_BY, CREATE_DATE) VALUES (OCMD_ID_SEQ.NEXTVAL, 1016780, 'IS_COMP', '1', 'OFFERMAKER', SYSDATE);
  INSERT INTO OFFER_CHAIN_META_DATA (ID, OFFER_CHAIN_ID, NAME, VALUE, CREATED_BY, CREATE_DATE) VALUES (OCMD_ID_SEQ.NEXTVAL, 1016780, 'ANNUAL_PRICE', '195.00', 'OFFERMAKER', SYSDATE);
  INSERT INTO OFFER_CHAIN_META_DATA (ID, OFFER_CHAIN_ID, NAME, VALUE, CREATED_BY, CREATE_DATE) VALUES (OCMD_ID_SEQ.NEXTVAL, 1016780, 'UID', 'ab97002759e39818abf08865d92aabc142be07a88e00b3202b9ccc89f13f626b', 'OFFERMAKER', SYSDATE);
  DELETE FROM OFFER_CHAIN_NOTIFICATION_TYPE WHERE offer_chain_id = 1016780;
  BEGIN
    SELECT 1 INTO TMP_VAR FROM OFFER_OFFER_CHAIN WHERE OFFER_CHAIN_ID = 1016780 AND INDEX_VALUE = 0 AND ROWNUM <= 1;
  EXCEPTION
    WHEN NO_DATA_FOUND THEN
  INSERT INTO OFFER (ID, OFFER_STATUS_ID, ENTITLEMENT_DURATION, CREATED_BY, CREATE_DATE, updated_by, update_date) VALUES (OFR_ID_SEQ.NEXTVAL, 1, 'P0Y0M112DT0H0M', 'OFFERMAKER', SYSDATE, 'OFFERMAKER', SYSDATE);
  BEGIN
    SELECT ID INTO CUR_PRD_ID FROM PRODUCT WHERE NAME = 'Web' AND PRODUCT_STATUS_ID = 1 AND ROWNUM <= 1;
  EXCEPTION
    WHEN NO_DATA_FOUND THEN
      INSERT INTO PRODUCT (ID, NAME, PRODUCTION_COST, PRODUCT_STATUS_ID, PRODUCT_URI, UNIT_PRICE, CREATED_BY, CREATE_DATE) VALUES (PRD_ID_SEQ.NEXTVAL, 'Web', '0', 1, NULL, '0', 'OFFERMAKER', SYSDATE);
      SELECT ID INTO CUR_PRD_ID FROM PRODUCT WHERE NAME = 'Web' AND PRODUCT_STATUS_ID = 1 AND ROWNUM <= 1;
    WHEN OTHERS THEN
      RAISE;
  END;
  SELECT ID INTO CUR_CAPABILITY_ID FROM CAPABILITY WHERE CODE IN LTRIM(RTRIM((UPPER('MM')))) AND ROWNUM <= 1;
  INSERT INTO PRODUCT_OFFERING (ID, PRODUCT_ID, TAX_POLICY_TYPE_ID, QUANTITY, UNIT_PRICE, TAX_CATEGORY_ID, CAPABILITY_ID, CREATED_BY, CREATE_DATE) VALUES (PO_ID_SEQ.NEXTVAL, CUR_PRD_ID, '1', '112', '0', '2', CUR_CAPABILITY_ID, 'OFFERMAKER', SYSDATE);
  INSERT INTO PRODUCT_OFFERING_META_DATA (ID, PRODUCT_OFFERING_ID, NAME, VALUE, CREATED_BY, CREATE_DATE) VALUES (PROMD_ID_SEQ.NEXTVAL, PO_ID_SEQ.CURRVAL, 'entitlement_uri', 'http://:hostname:/svc/user/entitlements/mm/:id:.json', 'OFFERMAKER', SYSDATE);
  INSERT INTO PRODUCT_OFFERING_META_DATA (ID, PRODUCT_OFFERING_ID, NAME, VALUE, CREATED_BY, CREATE_DATE) VALUES (PROMD_ID_SEQ.NEXTVAL, PO_ID_SEQ.CURRVAL, 'DEFAULT_VAT_RATE', '{"*": 0.0}', 'OFFERMAKER', SYSDATE);
  INSERT INTO PRODUCT_OFFERING_META_DATA (ID, PRODUCT_OFFERING_ID, NAME, VALUE, CREATED_BY, CREATE_DATE) VALUES (PROMD_ID_SEQ.NEXTVAL, PO_ID_SEQ.CURRVAL, 'capability', 'MM', 'OFFERMAKER', SYSDATE);
  INSERT INTO OFFER_PRODUCT_OFFERING (OFFER_ID, PRODUCT_OFFERING_ID, CREATED_BY, CREATE_DATE) VALUES (OFR_ID_SEQ.CURRVAL, PO_ID_SEQ.CURRVAL, 'OFFERMAKER', SYSDATE);
  BEGIN
    SELECT ID INTO CUR_PRD_ID FROM PRODUCT WHERE NAME = 'Mobile' AND PRODUCT_STATUS_ID = 1 AND ROWNUM <= 1;
  EXCEPTION
    WHEN NO_DATA_FOUND THEN
      INSERT INTO PRODUCT (ID, NAME, PRODUCTION_COST, PRODUCT_STATUS_ID, PRODUCT_URI, UNIT_PRICE, CREATED_BY, CREATE_DATE) VALUES (PRD_ID_SEQ.NEXTVAL, 'Mobile', '0', 1, NULL, '0', 'OFFERMAKER', SYSDATE);
      SELECT ID INTO CUR_PRD_ID FROM PRODUCT WHERE NAME = 'Mobile' AND PRODUCT_STATUS_ID = 1 AND ROWNUM <= 1;
    WHEN OTHERS THEN
      RAISE;
  END;
  SELECT ID INTO CUR_CAPABILITY_ID FROM CAPABILITY WHERE CODE IN LTRIM(RTRIM((UPPER('MOW')))) AND ROWNUM <= 1;
  INSERT INTO PRODUCT_OFFERING (ID, PRODUCT_ID, TAX_POLICY_TYPE_ID, QUANTITY, UNIT_PRICE, TAX_CATEGORY_ID, CAPABILITY_ID, CREATED_BY, CREATE_DATE) VALUES (PO_ID_SEQ.NEXTVAL, CUR_PRD_ID, '1', '112', '0', '2', CUR_CAPABILITY_ID, 'OFFERMAKER', SYSDATE);
  INSERT INTO PRODUCT_OFFERING_META_DATA (ID, PRODUCT_OFFERING_ID, NAME, VALUE, CREATED_BY, CREATE_DATE) VALUES (PROMD_ID_SEQ.NEXTVAL, PO_ID_SEQ.CURRVAL, 'entitlement_uri', 'http://:hostname:/svc/user/entitlements/mow/:id:.json', 'OFFERMAKER', SYSDATE);
  INSERT INTO PRODUCT_OFFERING_META_DATA (ID, PRODUCT_OFFERING_ID, NAME, VALUE, CREATED_BY, CREATE_DATE) VALUES (PROMD_ID_SEQ.NEXTVAL, PO_ID_SEQ.CURRVAL, 'DEFAULT_VAT_RATE', '{"*": 0.0}', 'OFFERMAKER', SYSDATE);
  INSERT INTO PRODUCT_OFFERING_META_DATA (ID, PRODUCT_OFFERING_ID, NAME, VALUE, CREATED_BY, CREATE_DATE) VALUES (PROMD_ID_SEQ.NEXTVAL, PO_ID_SEQ.CURRVAL, 'capability', 'MOW', 'OFFERMAKER', SYSDATE);
  INSERT INTO OFFER_PRODUCT_OFFERING (OFFER_ID, PRODUCT_OFFERING_ID, CREATED_BY, CREATE_DATE) VALUES (OFR_ID_SEQ.CURRVAL, PO_ID_SEQ.CURRVAL, 'OFFERMAKER', SYSDATE);
  BEGIN
    SELECT ID INTO CUR_PRD_ID FROM PRODUCT WHERE NAME = 'Archive Article' AND PRODUCT_STATUS_ID = 1 AND ROWNUM <= 1;
  EXCEPTION
    WHEN NO_DATA_FOUND THEN
      INSERT INTO PRODUCT (ID, NAME, PRODUCTION_COST, PRODUCT_STATUS_ID, PRODUCT_URI, UNIT_PRICE, CREATED_BY, CREATE_DATE) VALUES (PRD_ID_SEQ.NEXTVAL, 'Archive Article', '0', 1, NULL, '0', 'OFFERMAKER', SYSDATE);
      SELECT ID INTO CUR_PRD_ID FROM PRODUCT WHERE NAME = 'Archive Article' AND PRODUCT_STATUS_ID = 1 AND ROWNUM <= 1;
    WHEN OTHERS THEN
      RAISE;
  END;
  SELECT ID INTO CUR_CAPABILITY_ID FROM CAPABILITY WHERE CODE IN LTRIM(RTRIM((UPPER('AAA')))) AND ROWNUM <= 1;
  INSERT INTO PRODUCT_OFFERING (ID, PRODUCT_ID, TAX_POLICY_TYPE_ID, QUANTITY, UNIT_PRICE, TAX_CATEGORY_ID, CAPABILITY_ID, CREATED_BY, CREATE_DATE) VALUES (PO_ID_SEQ.NEXTVAL, CUR_PRD_ID, '1', '400', '0', '2', CUR_CAPABILITY_ID, 'OFFERMAKER', SYSDATE);
  INSERT INTO PRODUCT_OFFERING_META_DATA (ID, PRODUCT_OFFERING_ID, NAME, VALUE, CREATED_BY, CREATE_DATE) VALUES (PROMD_ID_SEQ.NEXTVAL, PO_ID_SEQ.CURRVAL, 'entitlement_uri', 'http://:hostname:/svc/user/entitlements/archive/size/400/:id:.json', 'OFFERMAKER', SYSDATE);
  INSERT INTO PRODUCT_OFFERING_META_DATA (ID, PRODUCT_OFFERING_ID, NAME, VALUE, CREATED_BY, CREATE_DATE) VALUES (PROMD_ID_SEQ.NEXTVAL, PO_ID_SEQ.CURRVAL, 'DEFAULT_VAT_RATE', '{"*": 0.0}', 'OFFERMAKER', SYSDATE);
  INSERT INTO OFFER_PRODUCT_OFFERING (OFFER_ID, PRODUCT_OFFERING_ID, CREATED_BY, CREATE_DATE) VALUES (OFR_ID_SEQ.CURRVAL, PO_ID_SEQ.CURRVAL, 'OFFERMAKER', SYSDATE);
  BEGIN
    SELECT ID INTO CUR_PRD_ID FROM PRODUCT WHERE NAME = 'TimesMachine' AND PRODUCT_STATUS_ID = 1 AND ROWNUM <= 1;
  EXCEPTION
    WHEN NO_DATA_FOUND THEN
      INSERT INTO PRODUCT (ID, NAME, PRODUCTION_COST, PRODUCT_STATUS_ID, PRODUCT_URI, UNIT_PRICE, CREATED_BY, CREATE_DATE) VALUES (PRD_ID_SEQ.NEXTVAL, 'TimesMachine', '0', 1, NULL, '0', 'OFFERMAKER', SYSDATE);
      SELECT ID INTO CUR_PRD_ID FROM PRODUCT WHERE NAME = 'TimesMachine' AND PRODUCT_STATUS_ID = 1 AND ROWNUM <= 1;
    WHEN OTHERS THEN
      RAISE;
  END;
  SELECT ID INTO CUR_CAPABILITY_ID FROM CAPABILITY WHERE CODE IN LTRIM(RTRIM((UPPER('NONE')))) AND ROWNUM <= 1;
  INSERT INTO PRODUCT_OFFERING (ID, PRODUCT_ID, TAX_POLICY_TYPE_ID, QUANTITY, UNIT_PRICE, TAX_CATEGORY_ID, CAPABILITY_ID, CREATED_BY, CREATE_DATE) VALUES (PO_ID_SEQ.NEXTVAL, CUR_PRD_ID, '1', '112', '0', '2', CUR_CAPABILITY_ID, 'OFFERMAKER', SYSDATE);
  INSERT INTO PRODUCT_OFFERING_META_DATA (ID, PRODUCT_OFFERING_ID, NAME, VALUE, CREATED_BY, CREATE_DATE) VALUES (PROMD_ID_SEQ.NEXTVAL, PO_ID_SEQ.CURRVAL, 'DEFAULT_VAT_RATE', '{"*": 0.0}', 'OFFERMAKER', SYSDATE);
  INSERT INTO OFFER_PRODUCT_OFFERING (OFFER_ID, PRODUCT_OFFERING_ID, CREATED_BY, CREATE_DATE) VALUES (OFR_ID_SEQ.CURRVAL, PO_ID_SEQ.CURRVAL, 'OFFERMAKER', SYSDATE);
  BEGIN
    SELECT ID INTO CUR_PRD_ID FROM PRODUCT WHERE NAME = 'Smartphone' AND PRODUCT_STATUS_ID = 1 AND ROWNUM <= 1;
  EXCEPTION
    WHEN NO_DATA_FOUND THEN
      INSERT INTO PRODUCT (ID, NAME, PRODUCTION_COST, PRODUCT_STATUS_ID, PRODUCT_URI, UNIT_PRICE, CREATED_BY, CREATE_DATE) VALUES (PRD_ID_SEQ.NEXTVAL, 'Smartphone', '0', 1, NULL, '0', 'OFFERMAKER', SYSDATE);
      SELECT ID INTO CUR_PRD_ID FROM PRODUCT WHERE NAME = 'Smartphone' AND PRODUCT_STATUS_ID = 1 AND ROWNUM <= 1;
    WHEN OTHERS THEN
      RAISE;
  END;
  SELECT ID INTO CUR_CAPABILITY_ID FROM CAPABILITY WHERE CODE IN LTRIM(RTRIM((UPPER('MSD')))) AND ROWNUM <= 1;
  INSERT INTO PRODUCT_OFFERING (ID, PRODUCT_ID, TAX_POLICY_TYPE_ID, QUANTITY, UNIT_PRICE, TAX_CATEGORY_ID, CAPABILITY_ID, CREATED_BY, CREATE_DATE) VALUES (PO_ID_SEQ.NEXTVAL, CUR_PRD_ID, '1', '112', '0', '2', CUR_CAPABILITY_ID, 'OFFERMAKER', SYSDATE);
  INSERT INTO PRODUCT_OFFERING_META_DATA (ID, PRODUCT_OFFERING_ID, NAME, VALUE, CREATED_BY, CREATE_DATE) VALUES (PROMD_ID_SEQ.NEXTVAL, PO_ID_SEQ.CURRVAL, 'entitlement_uri', 'http://:hostname:/svc/user/entitlements/msd/:id:.json', 'OFFERMAKER', SYSDATE);
  INSERT INTO PRODUCT_OFFERING_META_DATA (ID, PRODUCT_OFFERING_ID, NAME, VALUE, CREATED_BY, CREATE_DATE) VALUES (PROMD_ID_SEQ.NEXTVAL, PO_ID_SEQ.CURRVAL, 'DEFAULT_VAT_RATE', '{"*": 0.0}', 'OFFERMAKER', SYSDATE);
  INSERT INTO PRODUCT_OFFERING_META_DATA (ID, PRODUCT_OFFERING_ID, NAME, VALUE, CREATED_BY, CREATE_DATE) VALUES (PROMD_ID_SEQ.NEXTVAL, PO_ID_SEQ.CURRVAL, 'capability', 'MSD', 'OFFERMAKER', SYSDATE);
  INSERT INTO OFFER_PRODUCT_OFFERING (OFFER_ID, PRODUCT_OFFERING_ID, CREATED_BY, CREATE_DATE) VALUES (OFR_ID_SEQ.CURRVAL, PO_ID_SEQ.CURRVAL, 'OFFERMAKER', SYSDATE);
  INSERT INTO OFFER_OFFER_CHAIN (OFFER_ID, OFFER_CHAIN_ID, INDEX_VALUE, NUM_RECURRENCES, CREATED_BY, CREATE_DATE, updated_by, update_date) VALUES (OFR_ID_SEQ.CURRVAL, 1016780, '0', '1', 'OFFERMAKER', SYSDATE, 'OFFERMAKER', SYSDATE);
  END;
END;
/

DECLARE
  TMP_VAR NUMBER;
  CUR_PRD_ID NUMBER;
  CUR_CAPABILITY_ID NUMBER;
BEGIN
  BEGIN
    SELECT 1 INTO TMP_VAR FROM OFFER_CHAIN WHERE ID = 1016781 AND ROWNUM <= 1;
    UPDATE OFFER_CHAIN SET NAME='NYTimes: Web + Smartphone App', DESCRIPTION='Unlimited access to NYTimes.com and the NYTimes smartphone app.*', PRODUCT_URI='', VENDOR_SOURCE_ID='1', BILLING_SOURCE_ID=(SELECT ID FROM BILLING_SOURCE BS WHERE BS.NAME='DD-FAB'), IS_SEAT_LICENSE=0, GROUP_ACCOUNT_TYPE_ID='NO',IS_ADDRESS_REQUIRED=1, OFFER_CHAIN_STATUS_ID = 1, UPDATE_DATE = SYSDATE, UPDATED_BY = 'OFFERMAKER', IS_GIFT_CERTIFICATE='0', REVOKE_ENTITLEMENTS = '0', ADOPTABILITY_WINDOW_START_DATE = to_date('04-Apr-2013 00:00:00','DD-MON-YY HH24:MI:SS'), ADOPTABILITY_WINDOW_END_DATE = to_date('17-Apr-2020 00:00:00','DD-MON-YY HH24:MI:SS') WHERE ID = 1016781;
  EXCEPTION
    WHEN NO_DATA_FOUND THEN
      INSERT INTO OFFER_CHAIN (ID, NAME, DESCRIPTION, ADOPTABILITY_WINDOW_START_DATE, ADOPTABILITY_WINDOW_END_DATE, IS_GIFT_CERTIFICATE, PRODUCT_URI, OFFER_CHAIN_STATUS_ID, REVOKE_ENTITLEMENTS, VENDOR_SOURCE_ID, BILLING_SOURCE_ID, IS_SEAT_LICENSE, GROUP_ACCOUNT_TYPE_ID, IS_ADDRESS_REQUIRED, CREATED_BY, CREATE_DATE, updated_by, update_date) VALUES (1016781, 'NYTimes: Web + Smartphone App', 'Unlimited access to NYTimes.com and the NYTimes smartphone app.*', to_date('04-Apr-2013 00:00:00','DD-MON-YY HH24:MI:SS'), to_date('17-Apr-2020 00:00:00','DD-MON-YY HH24:MI:SS'), '0', NULL, '1', '0', '1', (SELECT ID FROM BILLING_SOURCE BS WHERE BS.NAME='DD-FAB'), decode('NO','IL',1,0), 'NO', '1', 'OFFERMAKER', SYSDATE, 'OFFERMAKER', SYSDATE);
  END;
  DELETE FROM OFFER_CHAIN_ELIGIBILITY WHERE offer_chain_id = 1016781;
  INSERT INTO OFFER_CHAIN_ELIGIBILITY (ID, OFFER_CHAIN_ID, NAME, VALUE, CREATED_BY, CREATE_DATE) VALUES (ELG_ID_SEQ.NEXTVAL, 1016781, 'GIFT CERTIFICATE REQUIRED', '1', 'OFFERMAKER', SYSDATE);
  INSERT INTO OFFER_CHAIN_ELIGIBILITY (ID, OFFER_CHAIN_ID, NAME, VALUE, CREATED_BY, CREATE_DATE) VALUES (ELG_ID_SEQ.NEXTVAL, 1016781, 'IS_COMP', '1', 'OFFERMAKER', SYSDATE);
  INSERT INTO OFFER_CHAIN_ELIGIBILITY (ID, OFFER_CHAIN_ID, NAME, VALUE, CREATED_BY, CREATE_DATE) VALUES (ELG_ID_SEQ.NEXTVAL, 1016781, 'MAX_CONCURRENT_SUBS', '1', 'OFFERMAKER', SYSDATE);
  DELETE FROM OFFER_CHAIN_META_DATA WHERE offer_chain_id = 1016781;
  INSERT INTO OFFER_CHAIN_META_DATA (ID, OFFER_CHAIN_ID, NAME, VALUE, CREATED_BY, CREATE_DATE) VALUES (OCMD_ID_SEQ.NEXTVAL, 1016781, 'BUNDLE_EXPLANATION', 'Bundle A - FAB 16 Week Sub - Redeem OC', 'OFFERMAKER', SYSDATE);
  INSERT INTO OFFER_CHAIN_META_DATA (ID, OFFER_CHAIN_ID, NAME, VALUE, CREATED_BY, CREATE_DATE) VALUES (OCMD_ID_SEQ.NEXTVAL, 1016781, 'PRICE_DESCRIPTION', '16 Week Bundle A FAB Promotion Subscription for $30.00 - Paid to FAB - Redemption', 'OFFERMAKER', SYSDATE);
  INSERT INTO OFFER_CHAIN_META_DATA (ID, OFFER_CHAIN_ID, NAME, VALUE, CREATED_BY, CREATE_DATE) VALUES (OCMD_ID_SEQ.NEXTVAL, 1016781, 'PRICE_SHORT_DESCRIPTION', 'BNDL A / $0 16 wks FAB GC redemp', 'OFFERMAKER', SYSDATE);
  INSERT INTO OFFER_CHAIN_META_DATA (ID, OFFER_CHAIN_ID, NAME, VALUE, CREATED_BY, CREATE_DATE) VALUES (OCMD_ID_SEQ.NEXTVAL, 1016781, 'OFFER_TYPE', 'FAB Subscription for 16 weeks', 'OFFERMAKER', SYSDATE);
  INSERT INTO OFFER_CHAIN_META_DATA (ID, OFFER_CHAIN_ID, NAME, VALUE, CREATED_BY, CREATE_DATE) VALUES (OCMD_ID_SEQ.NEXTVAL, 1016781, 'OFFER_PRICE', '$30 for 16 weeks', 'OFFERMAKER', SYSDATE);
  INSERT INTO OFFER_CHAIN_META_DATA (ID, OFFER_CHAIN_ID, NAME, VALUE, CREATED_BY, CREATE_DATE) VALUES (OCMD_ID_SEQ.NEXTVAL, 1016781, 'PROMO_PRICE_FOOTER_LABEL', '16 Weeks', 'OFFERMAKER', SYSDATE);
  INSERT INTO OFFER_CHAIN_META_DATA (ID, OFFER_CHAIN_ID, NAME, VALUE, CREATED_BY, CREATE_DATE) VALUES (OCMD_ID_SEQ.NEXTVAL, 1016781, 'BILLING_CYCLE', '16 week subscription', 'OFFERMAKER', SYSDATE);
  INSERT INTO OFFER_CHAIN_META_DATA (ID, OFFER_CHAIN_ID, NAME, VALUE, CREATED_BY, CREATE_DATE) VALUES (OCMD_ID_SEQ.NEXTVAL, 1016781, 'SUBSCRIBER_TYPE', 'Daily Deals', 'OFFERMAKER', SYSDATE);
  INSERT INTO OFFER_CHAIN_META_DATA (ID, OFFER_CHAIN_ID, NAME, VALUE, CREATED_BY, CREATE_DATE) VALUES (OCMD_ID_SEQ.NEXTVAL, 1016781, 'BUNDLE', 'Bundle A (Web+SP)', 'OFFERMAKER', SYSDATE);
  INSERT INTO OFFER_CHAIN_META_DATA (ID, OFFER_CHAIN_ID, NAME, VALUE, CREATED_BY, CREATE_DATE) VALUES (OCMD_ID_SEQ.NEXTVAL, 1016781, 'ADX_BUNDLE', 'MM_PROMO', 'OFFERMAKER', SYSDATE);
  INSERT INTO OFFER_CHAIN_META_DATA (ID, OFFER_CHAIN_ID, NAME, VALUE, CREATED_BY, CREATE_DATE) VALUES (OCMD_ID_SEQ.NEXTVAL, 1016781, 'SIEBEL_CAMPAIGN_CODE', '3JQLX', 'OFFERMAKER', SYSDATE);
  INSERT INTO OFFER_CHAIN_META_DATA (ID, OFFER_CHAIN_ID, NAME, VALUE, CREATED_BY, CREATE_DATE) VALUES (OCMD_ID_SEQ.NEXTVAL, 1016781, 'IS_COMP', '1', 'OFFERMAKER', SYSDATE);
  INSERT INTO OFFER_CHAIN_META_DATA (ID, OFFER_CHAIN_ID, NAME, VALUE, CREATED_BY, CREATE_DATE) VALUES (OCMD_ID_SEQ.NEXTVAL, 1016781, 'ANNUAL_PRICE', '195.00', 'OFFERMAKER', SYSDATE);
  INSERT INTO OFFER_CHAIN_META_DATA (ID, OFFER_CHAIN_ID, NAME, VALUE, CREATED_BY, CREATE_DATE) VALUES (OCMD_ID_SEQ.NEXTVAL, 1016781, 'UID', 'f215f29abc86b201744ffeb5e21f8cd3616e0c3a99a1450c0d8d0f5f4d9bb899', 'OFFERMAKER', SYSDATE);
  DELETE FROM OFFER_CHAIN_NOTIFICATION_TYPE WHERE offer_chain_id = 1016781;
  BEGIN
    SELECT 1 INTO TMP_VAR FROM ACTION WHERE NAME = 'GC_REDEEMER_ON_REDEEM';
  EXCEPTION
    WHEN NO_DATA_FOUND THEN
      INSERT INTO ACTION (ID, NAME, CREATE_DATE, CREATED_BY) VALUES (ACTION_ID_SEQ.NEXTVAL, 'GC_REDEEMER_ON_REDEEM', SYSDATE, 'OFFERMAKER');
  END;
  BEGIN
    SELECT 1 INTO TMP_VAR FROM CORE_OWNER.NOTIFICATION_TYPE WHERE VALUE = 'redeemer-access-fab-A';
  EXCEPTION
    WHEN NO_DATA_FOUND THEN NULL;
      INSERT INTO CORE_OWNER.NOTIFICATION_TYPE (ID, VALUE, TEMPLATE_URL) VALUES (CORE_OWNER.NOTTID_SEQ.NEXTVAL, 'redeemer-access-fab-A', 'N/A');
  END;
  BEGIN
    SELECT 1 INTO TMP_VAR FROM ACTION WHERE NAME = 'CLOSE_SUBSCRIPTION';
  EXCEPTION
    WHEN NO_DATA_FOUND THEN
      INSERT INTO ACTION (ID, NAME, CREATE_DATE, CREATED_BY) VALUES (ACTION_ID_SEQ.NEXTVAL, 'CLOSE_SUBSCRIPTION', SYSDATE, 'OFFERMAKER');
  END;
  BEGIN
    SELECT 1 INTO TMP_VAR FROM CORE_OWNER.NOTIFICATION_TYPE WHERE VALUE = 'sartre-sub-expired';
  EXCEPTION
    WHEN NO_DATA_FOUND THEN NULL;
      INSERT INTO CORE_OWNER.NOTIFICATION_TYPE (ID, VALUE, TEMPLATE_URL) VALUES (CORE_OWNER.NOTTID_SEQ.NEXTVAL, 'sartre-sub-expired', 'N/A');
  END;
  INSERT INTO OFFER_CHAIN_NOTIFICATION_TYPE (ID, OFFER_CHAIN_ID, NOTIFICATION_TYPE_ID, ACTION_ID, CREATED_BY, CREATE_DATE) VALUES (OCET_ID_SEQ.NEXTVAL, 1016781, (SELECT ID FROM CORE_OWNER.NOTIFICATION_TYPE WHERE VALUE = 'redeemer-access-fab-A'), (SELECT ID FROM ACTION WHERE NAME = 'GC_REDEEMER_ON_REDEEM'), 'OFFERMAKER', SYSDATE);
  INSERT INTO OFFER_CHAIN_NOTIFICATION_TYPE (ID, OFFER_CHAIN_ID, NOTIFICATION_TYPE_ID, ACTION_ID, CREATED_BY, CREATE_DATE) VALUES (OCET_ID_SEQ.NEXTVAL, 1016781, (SELECT ID FROM CORE_OWNER.NOTIFICATION_TYPE WHERE VALUE = 'sartre-sub-expired'), (SELECT ID FROM ACTION WHERE NAME = 'CLOSE_SUBSCRIPTION'), 'OFFERMAKER', SYSDATE);
  BEGIN
    SELECT 1 INTO TMP_VAR FROM OFFER_OFFER_CHAIN WHERE OFFER_CHAIN_ID = 1016781 AND INDEX_VALUE = 0 AND ROWNUM <= 1;
  EXCEPTION
    WHEN NO_DATA_FOUND THEN
  INSERT INTO OFFER (ID, OFFER_STATUS_ID, ENTITLEMENT_DURATION, CREATED_BY, CREATE_DATE, updated_by, update_date) VALUES (OFR_ID_SEQ.NEXTVAL, 1, 'P0Y0M112DT0H0M', 'OFFERMAKER', SYSDATE, 'OFFERMAKER', SYSDATE);
  BEGIN
    SELECT ID INTO CUR_PRD_ID FROM PRODUCT WHERE NAME = 'Web' AND PRODUCT_STATUS_ID = 1 AND ROWNUM <= 1;
  EXCEPTION
    WHEN NO_DATA_FOUND THEN
      INSERT INTO PRODUCT (ID, NAME, PRODUCTION_COST, PRODUCT_STATUS_ID, PRODUCT_URI, UNIT_PRICE, CREATED_BY, CREATE_DATE) VALUES (PRD_ID_SEQ.NEXTVAL, 'Web', '0', 1, NULL, '0', 'OFFERMAKER', SYSDATE);
      SELECT ID INTO CUR_PRD_ID FROM PRODUCT WHERE NAME = 'Web' AND PRODUCT_STATUS_ID = 1 AND ROWNUM <= 1;
    WHEN OTHERS THEN
      RAISE;
  END;
  SELECT ID INTO CUR_CAPABILITY_ID FROM CAPABILITY WHERE CODE IN LTRIM(RTRIM((UPPER('MM')))) AND ROWNUM <= 1;
  INSERT INTO PRODUCT_OFFERING (ID, PRODUCT_ID, TAX_POLICY_TYPE_ID, QUANTITY, UNIT_PRICE, TAX_CATEGORY_ID, CAPABILITY_ID, CREATED_BY, CREATE_DATE) VALUES (PO_ID_SEQ.NEXTVAL, CUR_PRD_ID, '1', '112', '0', '2', CUR_CAPABILITY_ID, 'OFFERMAKER', SYSDATE);
  INSERT INTO PRODUCT_OFFERING_META_DATA (ID, PRODUCT_OFFERING_ID, NAME, VALUE, CREATED_BY, CREATE_DATE) VALUES (PROMD_ID_SEQ.NEXTVAL, PO_ID_SEQ.CURRVAL, 'entitlement_uri', 'http://:hostname:/svc/user/entitlements/mm/:id:.json', 'OFFERMAKER', SYSDATE);
  INSERT INTO PRODUCT_OFFERING_META_DATA (ID, PRODUCT_OFFERING_ID, NAME, VALUE, CREATED_BY, CREATE_DATE) VALUES (PROMD_ID_SEQ.NEXTVAL, PO_ID_SEQ.CURRVAL, 'DEFAULT_VAT_RATE', '{"*": 0.0}', 'OFFERMAKER', SYSDATE);
  INSERT INTO PRODUCT_OFFERING_META_DATA (ID, PRODUCT_OFFERING_ID, NAME, VALUE, CREATED_BY, CREATE_DATE) VALUES (PROMD_ID_SEQ.NEXTVAL, PO_ID_SEQ.CURRVAL, 'capability', 'MM', 'OFFERMAKER', SYSDATE);
  INSERT INTO OFFER_PRODUCT_OFFERING (OFFER_ID, PRODUCT_OFFERING_ID, CREATED_BY, CREATE_DATE) VALUES (OFR_ID_SEQ.CURRVAL, PO_ID_SEQ.CURRVAL, 'OFFERMAKER', SYSDATE);
  BEGIN
    SELECT ID INTO CUR_PRD_ID FROM PRODUCT WHERE NAME = 'Mobile' AND PRODUCT_STATUS_ID = 1 AND ROWNUM <= 1;
  EXCEPTION
    WHEN NO_DATA_FOUND THEN
      INSERT INTO PRODUCT (ID, NAME, PRODUCTION_COST, PRODUCT_STATUS_ID, PRODUCT_URI, UNIT_PRICE, CREATED_BY, CREATE_DATE) VALUES (PRD_ID_SEQ.NEXTVAL, 'Mobile', '0', 1, NULL, '0', 'OFFERMAKER', SYSDATE);
      SELECT ID INTO CUR_PRD_ID FROM PRODUCT WHERE NAME = 'Mobile' AND PRODUCT_STATUS_ID = 1 AND ROWNUM <= 1;
    WHEN OTHERS THEN
      RAISE;
  END;
  SELECT ID INTO CUR_CAPABILITY_ID FROM CAPABILITY WHERE CODE IN LTRIM(RTRIM((UPPER('MOW')))) AND ROWNUM <= 1;
  INSERT INTO PRODUCT_OFFERING (ID, PRODUCT_ID, TAX_POLICY_TYPE_ID, QUANTITY, UNIT_PRICE, TAX_CATEGORY_ID, CAPABILITY_ID, CREATED_BY, CREATE_DATE) VALUES (PO_ID_SEQ.NEXTVAL, CUR_PRD_ID, '1', '112', '0', '2', CUR_CAPABILITY_ID, 'OFFERMAKER', SYSDATE);
  INSERT INTO PRODUCT_OFFERING_META_DATA (ID, PRODUCT_OFFERING_ID, NAME, VALUE, CREATED_BY, CREATE_DATE) VALUES (PROMD_ID_SEQ.NEXTVAL, PO_ID_SEQ.CURRVAL, 'entitlement_uri', 'http://:hostname:/svc/user/entitlements/mow/:id:.json', 'OFFERMAKER', SYSDATE);
  INSERT INTO PRODUCT_OFFERING_META_DATA (ID, PRODUCT_OFFERING_ID, NAME, VALUE, CREATED_BY, CREATE_DATE) VALUES (PROMD_ID_SEQ.NEXTVAL, PO_ID_SEQ.CURRVAL, 'DEFAULT_VAT_RATE', '{"*": 0.0}', 'OFFERMAKER', SYSDATE);
  INSERT INTO PRODUCT_OFFERING_META_DATA (ID, PRODUCT_OFFERING_ID, NAME, VALUE, CREATED_BY, CREATE_DATE) VALUES (PROMD_ID_SEQ.NEXTVAL, PO_ID_SEQ.CURRVAL, 'capability', 'MOW', 'OFFERMAKER', SYSDATE);
  INSERT INTO OFFER_PRODUCT_OFFERING (OFFER_ID, PRODUCT_OFFERING_ID, CREATED_BY, CREATE_DATE) VALUES (OFR_ID_SEQ.CURRVAL, PO_ID_SEQ.CURRVAL, 'OFFERMAKER', SYSDATE);
  BEGIN
    SELECT ID INTO CUR_PRD_ID FROM PRODUCT WHERE NAME = 'Archive Article' AND PRODUCT_STATUS_ID = 1 AND ROWNUM <= 1;
  EXCEPTION
    WHEN NO_DATA_FOUND THEN
      INSERT INTO PRODUCT (ID, NAME, PRODUCTION_COST, PRODUCT_STATUS_ID, PRODUCT_URI, UNIT_PRICE, CREATED_BY, CREATE_DATE) VALUES (PRD_ID_SEQ.NEXTVAL, 'Archive Article', '0', 1, NULL, '0', 'OFFERMAKER', SYSDATE);
      SELECT ID INTO CUR_PRD_ID FROM PRODUCT WHERE NAME = 'Archive Article' AND PRODUCT_STATUS_ID = 1 AND ROWNUM <= 1;
    WHEN OTHERS THEN
      RAISE;
  END;
  SELECT ID INTO CUR_CAPABILITY_ID FROM CAPABILITY WHERE CODE IN LTRIM(RTRIM((UPPER('AAA')))) AND ROWNUM <= 1;
  INSERT INTO PRODUCT_OFFERING (ID, PRODUCT_ID, TAX_POLICY_TYPE_ID, QUANTITY, UNIT_PRICE, TAX_CATEGORY_ID, CAPABILITY_ID, CREATED_BY, CREATE_DATE) VALUES (PO_ID_SEQ.NEXTVAL, CUR_PRD_ID, '1', '400', '0', '2', CUR_CAPABILITY_ID, 'OFFERMAKER', SYSDATE);
  INSERT INTO PRODUCT_OFFERING_META_DATA (ID, PRODUCT_OFFERING_ID, NAME, VALUE, CREATED_BY, CREATE_DATE) VALUES (PROMD_ID_SEQ.NEXTVAL, PO_ID_SEQ.CURRVAL, 'entitlement_uri', 'http://:hostname:/svc/user/entitlements/archive/size/400/:id:.json', 'OFFERMAKER', SYSDATE);
  INSERT INTO PRODUCT_OFFERING_META_DATA (ID, PRODUCT_OFFERING_ID, NAME, VALUE, CREATED_BY, CREATE_DATE) VALUES (PROMD_ID_SEQ.NEXTVAL, PO_ID_SEQ.CURRVAL, 'DEFAULT_VAT_RATE', '{"*": 0.0}', 'OFFERMAKER', SYSDATE);
  INSERT INTO OFFER_PRODUCT_OFFERING (OFFER_ID, PRODUCT_OFFERING_ID, CREATED_BY, CREATE_DATE) VALUES (OFR_ID_SEQ.CURRVAL, PO_ID_SEQ.CURRVAL, 'OFFERMAKER', SYSDATE);
  BEGIN
    SELECT ID INTO CUR_PRD_ID FROM PRODUCT WHERE NAME = 'TimesMachine' AND PRODUCT_STATUS_ID = 1 AND ROWNUM <= 1;
  EXCEPTION
    WHEN NO_DATA_FOUND THEN
      INSERT INTO PRODUCT (ID, NAME, PRODUCTION_COST, PRODUCT_STATUS_ID, PRODUCT_URI, UNIT_PRICE, CREATED_BY, CREATE_DATE) VALUES (PRD_ID_SEQ.NEXTVAL, 'TimesMachine', '0', 1, NULL, '0', 'OFFERMAKER', SYSDATE);
      SELECT ID INTO CUR_PRD_ID FROM PRODUCT WHERE NAME = 'TimesMachine' AND PRODUCT_STATUS_ID = 1 AND ROWNUM <= 1;
    WHEN OTHERS THEN
      RAISE;
  END;
  SELECT ID INTO CUR_CAPABILITY_ID FROM CAPABILITY WHERE CODE IN LTRIM(RTRIM((UPPER('NONE')))) AND ROWNUM <= 1;
  INSERT INTO PRODUCT_OFFERING (ID, PRODUCT_ID, TAX_POLICY_TYPE_ID, QUANTITY, UNIT_PRICE, TAX_CATEGORY_ID, CAPABILITY_ID, CREATED_BY, CREATE_DATE) VALUES (PO_ID_SEQ.NEXTVAL, CUR_PRD_ID, '1', '112', '0', '2', CUR_CAPABILITY_ID, 'OFFERMAKER', SYSDATE);
  INSERT INTO PRODUCT_OFFERING_META_DATA (ID, PRODUCT_OFFERING_ID, NAME, VALUE, CREATED_BY, CREATE_DATE) VALUES (PROMD_ID_SEQ.NEXTVAL, PO_ID_SEQ.CURRVAL, 'DEFAULT_VAT_RATE', '{"*": 0.0}', 'OFFERMAKER', SYSDATE);
  INSERT INTO OFFER_PRODUCT_OFFERING (OFFER_ID, PRODUCT_OFFERING_ID, CREATED_BY, CREATE_DATE) VALUES (OFR_ID_SEQ.CURRVAL, PO_ID_SEQ.CURRVAL, 'OFFERMAKER', SYSDATE);
  BEGIN
    SELECT ID INTO CUR_PRD_ID FROM PRODUCT WHERE NAME = 'Smartphone' AND PRODUCT_STATUS_ID = 1 AND ROWNUM <= 1;
  EXCEPTION
    WHEN NO_DATA_FOUND THEN
      INSERT INTO PRODUCT (ID, NAME, PRODUCTION_COST, PRODUCT_STATUS_ID, PRODUCT_URI, UNIT_PRICE, CREATED_BY, CREATE_DATE) VALUES (PRD_ID_SEQ.NEXTVAL, 'Smartphone', '0', 1, NULL, '0', 'OFFERMAKER', SYSDATE);
      SELECT ID INTO CUR_PRD_ID FROM PRODUCT WHERE NAME = 'Smartphone' AND PRODUCT_STATUS_ID = 1 AND ROWNUM <= 1;
    WHEN OTHERS THEN
      RAISE;
  END;
  SELECT ID INTO CUR_CAPABILITY_ID FROM CAPABILITY WHERE CODE IN LTRIM(RTRIM((UPPER('MSD')))) AND ROWNUM <= 1;
  INSERT INTO PRODUCT_OFFERING (ID, PRODUCT_ID, TAX_POLICY_TYPE_ID, QUANTITY, UNIT_PRICE, TAX_CATEGORY_ID, CAPABILITY_ID, CREATED_BY, CREATE_DATE) VALUES (PO_ID_SEQ.NEXTVAL, CUR_PRD_ID, '1', '112', '0', '2', CUR_CAPABILITY_ID, 'OFFERMAKER', SYSDATE);
  INSERT INTO PRODUCT_OFFERING_META_DATA (ID, PRODUCT_OFFERING_ID, NAME, VALUE, CREATED_BY, CREATE_DATE) VALUES (PROMD_ID_SEQ.NEXTVAL, PO_ID_SEQ.CURRVAL, 'entitlement_uri', 'http://:hostname:/svc/user/entitlements/msd/:id:.json', 'OFFERMAKER', SYSDATE);
  INSERT INTO PRODUCT_OFFERING_META_DATA (ID, PRODUCT_OFFERING_ID, NAME, VALUE, CREATED_BY, CREATE_DATE) VALUES (PROMD_ID_SEQ.NEXTVAL, PO_ID_SEQ.CURRVAL, 'DEFAULT_VAT_RATE', '{"*": 0.0}', 'OFFERMAKER', SYSDATE);
  INSERT INTO PRODUCT_OFFERING_META_DATA (ID, PRODUCT_OFFERING_ID, NAME, VALUE, CREATED_BY, CREATE_DATE) VALUES (PROMD_ID_SEQ.NEXTVAL, PO_ID_SEQ.CURRVAL, 'capability', 'MSD', 'OFFERMAKER', SYSDATE);
  INSERT INTO OFFER_PRODUCT_OFFERING (OFFER_ID, PRODUCT_OFFERING_ID, CREATED_BY, CREATE_DATE) VALUES (OFR_ID_SEQ.CURRVAL, PO_ID_SEQ.CURRVAL, 'OFFERMAKER', SYSDATE);
  INSERT INTO OFFER_OFFER_CHAIN (OFFER_ID, OFFER_CHAIN_ID, INDEX_VALUE, NUM_RECURRENCES, CREATED_BY, CREATE_DATE, updated_by, update_date) VALUES (OFR_ID_SEQ.CURRVAL, 1016781, '0', '1', 'OFFERMAKER', SYSDATE, 'OFFERMAKER', SYSDATE);
  END;
END;
/

DECLARE
  TMP_VAR NUMBER;
  CUR_PRD_ID NUMBER;
  CUR_CAPABILITY_ID NUMBER;
BEGIN
  BEGIN
    SELECT 1 INTO TMP_VAR FROM OFFER_CHAIN WHERE ID = 1016782 AND ROWNUM <= 1;
    UPDATE OFFER_CHAIN SET NAME='NYTimes: Web + Smartphone App', DESCRIPTION='Unlimited access to NYTimes.com and the NYTimes smartphone app.*', PRODUCT_URI='', VENDOR_SOURCE_ID='1', BILLING_SOURCE_ID=(SELECT ID FROM BILLING_SOURCE BS WHERE BS.NAME='Sartre'), IS_SEAT_LICENSE=0, GROUP_ACCOUNT_TYPE_ID='NO',IS_ADDRESS_REQUIRED=0, OFFER_CHAIN_STATUS_ID = 1, UPDATE_DATE = SYSDATE, UPDATED_BY = 'OFFERMAKER', IS_GIFT_CERTIFICATE='0', REVOKE_ENTITLEMENTS = '0', ADOPTABILITY_WINDOW_START_DATE = to_date('04-Apr-2013 00:00:00','DD-MON-YY HH24:MI:SS'), ADOPTABILITY_WINDOW_END_DATE = to_date('17-Apr-2020 00:00:00','DD-MON-YY HH24:MI:SS') WHERE ID = 1016782;
  EXCEPTION
    WHEN NO_DATA_FOUND THEN
      INSERT INTO OFFER_CHAIN (ID, NAME, DESCRIPTION, ADOPTABILITY_WINDOW_START_DATE, ADOPTABILITY_WINDOW_END_DATE, IS_GIFT_CERTIFICATE, PRODUCT_URI, OFFER_CHAIN_STATUS_ID, REVOKE_ENTITLEMENTS, VENDOR_SOURCE_ID, BILLING_SOURCE_ID, IS_SEAT_LICENSE, GROUP_ACCOUNT_TYPE_ID, IS_ADDRESS_REQUIRED, CREATED_BY, CREATE_DATE, updated_by, update_date) VALUES (1016782, 'NYTimes: Web + Smartphone App', 'Unlimited access to NYTimes.com and the NYTimes smartphone app.*', to_date('04-Apr-2013 00:00:00','DD-MON-YY HH24:MI:SS'), to_date('17-Apr-2020 00:00:00','DD-MON-YY HH24:MI:SS'), '0', NULL, '1', '0', '1', (SELECT ID FROM BILLING_SOURCE BS WHERE BS.NAME='Sartre'), decode('NO','IL',1,0), 'NO', '0', 'OFFERMAKER', SYSDATE, 'OFFERMAKER', SYSDATE);
  END;
  DELETE FROM OFFER_CHAIN_ELIGIBILITY WHERE offer_chain_id = 1016782;
  INSERT INTO OFFER_CHAIN_ELIGIBILITY (ID, OFFER_CHAIN_ID, NAME, VALUE, CREATED_BY, CREATE_DATE) VALUES (ELG_ID_SEQ.NEXTVAL, 1016782, 'GIFT CERTIFICATE REQUIRED', '1', 'OFFERMAKER', SYSDATE);
  INSERT INTO OFFER_CHAIN_ELIGIBILITY (ID, OFFER_CHAIN_ID, NAME, VALUE, CREATED_BY, CREATE_DATE) VALUES (ELG_ID_SEQ.NEXTVAL, 1016782, 'IS_COMP', '0', 'OFFERMAKER', SYSDATE);
  INSERT INTO OFFER_CHAIN_ELIGIBILITY (ID, OFFER_CHAIN_ID, NAME, VALUE, CREATED_BY, CREATE_DATE) VALUES (ELG_ID_SEQ.NEXTVAL, 1016782, 'MAX_CONCURRENT_SUBS', '1', 'OFFERMAKER', SYSDATE);
  DELETE FROM OFFER_CHAIN_META_DATA WHERE offer_chain_id = 1016782;
  INSERT INTO OFFER_CHAIN_META_DATA (ID, OFFER_CHAIN_ID, NAME, VALUE, CREATED_BY, CREATE_DATE) VALUES (OCMD_ID_SEQ.NEXTVAL, 1016782, 'BUNDLE_EXPLANATION', 'Bundle A - FAB 16 Week Sub - Upsell OC', 'OFFERMAKER', SYSDATE);
  INSERT INTO OFFER_CHAIN_META_DATA (ID, OFFER_CHAIN_ID, NAME, VALUE, CREATED_BY, CREATE_DATE) VALUES (OCMD_ID_SEQ.NEXTVAL, 1016782, 'PRICE_DESCRIPTION', '16 Week Bundle A FAB Promotion Subscription upsell - $30.00 for 16 weeks. Then $0.99 for next 8 weeks ($3.75 / week thereafter)', 'OFFERMAKER', SYSDATE);
  INSERT INTO OFFER_CHAIN_META_DATA (ID, OFFER_CHAIN_ID, NAME, VALUE, CREATED_BY, CREATE_DATE) VALUES (OCMD_ID_SEQ.NEXTVAL, 1016782, 'PRICE_SHORT_DESCRIPTION', 'BNDL A / $0 16 wks FAB GC upsell', 'OFFERMAKER', SYSDATE);
  INSERT INTO OFFER_CHAIN_META_DATA (ID, OFFER_CHAIN_ID, NAME, VALUE, CREATED_BY, CREATE_DATE) VALUES (OCMD_ID_SEQ.NEXTVAL, 1016782, 'OFFER_TYPE', '$0.99 for first 8 Weeks after redeemed period', 'OFFERMAKER', SYSDATE);
  INSERT INTO OFFER_CHAIN_META_DATA (ID, OFFER_CHAIN_ID, NAME, VALUE, CREATED_BY, CREATE_DATE) VALUES (OCMD_ID_SEQ.NEXTVAL, 1016782, 'OFFER_PRICE_DESCRIPTOR', 'First 16 Weeks: FAB Purchase', 'OFFERMAKER', SYSDATE);
  INSERT INTO OFFER_CHAIN_META_DATA (ID, OFFER_CHAIN_ID, NAME, VALUE, CREATED_BY, CREATE_DATE) VALUES (OCMD_ID_SEQ.NEXTVAL, 1016782, 'OFFER_PRICE', '$0.99 for subsequent 8 weeks', 'OFFERMAKER', SYSDATE);
  INSERT INTO OFFER_CHAIN_META_DATA (ID, OFFER_CHAIN_ID, NAME, VALUE, CREATED_BY, CREATE_DATE) VALUES (OCMD_ID_SEQ.NEXTVAL, 1016782, 'OFFER_PRICE_DETAIL', '($3.75 /  week thereafter)', 'OFFERMAKER', SYSDATE);
  INSERT INTO OFFER_CHAIN_META_DATA (ID, OFFER_CHAIN_ID, NAME, VALUE, CREATED_BY, CREATE_DATE) VALUES (OCMD_ID_SEQ.NEXTVAL, 1016782, 'PROMO_PRICE_FOOTER_LABEL', 'First 16 weeks', 'OFFERMAKER', SYSDATE);
  INSERT INTO OFFER_CHAIN_META_DATA (ID, OFFER_CHAIN_ID, NAME, VALUE, CREATED_BY, CREATE_DATE) VALUES (OCMD_ID_SEQ.NEXTVAL, 1016782, 'ACTUAL_PRICE_FOOTER_LABEL', 'Subsequent 8 weeks $0.99', 'OFFERMAKER', SYSDATE);
  INSERT INTO OFFER_CHAIN_META_DATA (ID, OFFER_CHAIN_ID, NAME, VALUE, CREATED_BY, CREATE_DATE) VALUES (OCMD_ID_SEQ.NEXTVAL, 1016782, 'UPSELL_OFFER_HEADER', 'WANT TO ADD 8 WEEKS FOR ONLY 99&cent;?', 'OFFERMAKER', SYSDATE);
  INSERT INTO OFFER_CHAIN_META_DATA (ID, OFFER_CHAIN_ID, NAME, VALUE, CREATED_BY, CREATE_DATE) VALUES (OCMD_ID_SEQ.NEXTVAL, 1016782, 'UPSELL_OFFER_TRAILER', 'Sign up now to get 8 additional weeks for just 99&cent;.', 'OFFERMAKER', SYSDATE);
  INSERT INTO OFFER_CHAIN_META_DATA (ID, OFFER_CHAIN_ID, NAME, VALUE, CREATED_BY, CREATE_DATE) VALUES (OCMD_ID_SEQ.NEXTVAL, 1016782, 'BILLING_CYCLE', 'every 4 weeks thereafter', 'OFFERMAKER', SYSDATE);
  INSERT INTO OFFER_CHAIN_META_DATA (ID, OFFER_CHAIN_ID, NAME, VALUE, CREATED_BY, CREATE_DATE) VALUES (OCMD_ID_SEQ.NEXTVAL, 1016782, 'SUBSCRIBER_TYPE', 'Daily Deals', 'OFFERMAKER', SYSDATE);
  INSERT INTO OFFER_CHAIN_META_DATA (ID, OFFER_CHAIN_ID, NAME, VALUE, CREATED_BY, CREATE_DATE) VALUES (OCMD_ID_SEQ.NEXTVAL, 1016782, 'PRORATED_REFUND_DAYS_LIMIT', '28', 'OFFERMAKER', SYSDATE);
  INSERT INTO OFFER_CHAIN_META_DATA (ID, OFFER_CHAIN_ID, NAME, VALUE, CREATED_BY, CREATE_DATE) VALUES (OCMD_ID_SEQ.NEXTVAL, 1016782, 'OPEN_TO_ANONYMOUS', '1', 'OFFERMAKER', SYSDATE);
  INSERT INTO OFFER_CHAIN_META_DATA (ID, OFFER_CHAIN_ID, NAME, VALUE, CREATED_BY, CREATE_DATE) VALUES (OCMD_ID_SEQ.NEXTVAL, 1016782, 'BUNDLE', 'Bundle A (Web+SP)', 'OFFERMAKER', SYSDATE);
  INSERT INTO OFFER_CHAIN_META_DATA (ID, OFFER_CHAIN_ID, NAME, VALUE, CREATED_BY, CREATE_DATE) VALUES (OCMD_ID_SEQ.NEXTVAL, 1016782, 'ADX_BUNDLE', 'MM_PROMO', 'OFFERMAKER', SYSDATE);
  INSERT INTO OFFER_CHAIN_META_DATA (ID, OFFER_CHAIN_ID, NAME, VALUE, CREATED_BY, CREATE_DATE) VALUES (OCMD_ID_SEQ.NEXTVAL, 1016782, 'SIEBEL_CAMPAIGN_CODE', '3JQLX', 'OFFERMAKER', SYSDATE);
  INSERT INTO OFFER_CHAIN_META_DATA (ID, OFFER_CHAIN_ID, NAME, VALUE, CREATED_BY, CREATE_DATE) VALUES (OCMD_ID_SEQ.NEXTVAL, 1016782, 'ANNUAL_PRICE', '195.00', 'OFFERMAKER', SYSDATE);
  INSERT INTO OFFER_CHAIN_META_DATA (ID, OFFER_CHAIN_ID, NAME, VALUE, CREATED_BY, CREATE_DATE) VALUES (OCMD_ID_SEQ.NEXTVAL, 1016782, 'UID', '73867b82c3757e1c109f8732391ded95fe01c13fa1c256aa0187cdf31fe4478b', 'OFFERMAKER', SYSDATE);
  DELETE FROM OFFER_CHAIN_NOTIFICATION_TYPE WHERE offer_chain_id = 1016782;
  BEGIN
    SELECT 1 INTO TMP_VAR FROM ACTION WHERE NAME = 'SUBSCRIBE_TO_OFFER_CHAIN';
  EXCEPTION
    WHEN NO_DATA_FOUND THEN
      INSERT INTO ACTION (ID, NAME, CREATE_DATE, CREATED_BY) VALUES (ACTION_ID_SEQ.NEXTVAL, 'SUBSCRIBE_TO_OFFER_CHAIN', SYSDATE, 'OFFERMAKER');
  END;
  BEGIN
    SELECT 1 INTO TMP_VAR FROM CORE_OWNER.NOTIFICATION_TYPE WHERE VALUE = 'sartre-purchase';
  EXCEPTION
    WHEN NO_DATA_FOUND THEN NULL;
      INSERT INTO CORE_OWNER.NOTIFICATION_TYPE (ID, VALUE, TEMPLATE_URL) VALUES (CORE_OWNER.NOTTID_SEQ.NEXTVAL, 'sartre-purchase', 'N/A');
  END;
  BEGIN
    SELECT 1 INTO TMP_VAR FROM ACTION WHERE NAME = 'UPGRADE_SUBSCRIPTION';
  EXCEPTION
    WHEN NO_DATA_FOUND THEN
      INSERT INTO ACTION (ID, NAME, CREATE_DATE, CREATED_BY) VALUES (ACTION_ID_SEQ.NEXTVAL, 'UPGRADE_SUBSCRIPTION', SYSDATE, 'OFFERMAKER');
  END;
  BEGIN
    SELECT 1 INTO TMP_VAR FROM CORE_OWNER.NOTIFICATION_TYPE WHERE VALUE = 'sartre-purchase';
  EXCEPTION
    WHEN NO_DATA_FOUND THEN NULL;
      INSERT INTO CORE_OWNER.NOTIFICATION_TYPE (ID, VALUE, TEMPLATE_URL) VALUES (CORE_OWNER.NOTTID_SEQ.NEXTVAL, 'sartre-purchase', 'N/A');
  END;
  BEGIN
    SELECT 1 INTO TMP_VAR FROM ACTION WHERE NAME = 'CANCEL_SUBSCRIPTION';
  EXCEPTION
    WHEN NO_DATA_FOUND THEN
      INSERT INTO ACTION (ID, NAME, CREATE_DATE, CREATED_BY) VALUES (ACTION_ID_SEQ.NEXTVAL, 'CANCEL_SUBSCRIPTION', SYSDATE, 'OFFERMAKER');
  END;
  BEGIN
    SELECT 1 INTO TMP_VAR FROM CORE_OWNER.NOTIFICATION_TYPE WHERE VALUE = 'sartre-cancel';
  EXCEPTION
    WHEN NO_DATA_FOUND THEN NULL;
      INSERT INTO CORE_OWNER.NOTIFICATION_TYPE (ID, VALUE, TEMPLATE_URL) VALUES (CORE_OWNER.NOTTID_SEQ.NEXTVAL, 'sartre-cancel', 'N/A');
  END;
  BEGIN
    SELECT 1 INTO TMP_VAR FROM ACTION WHERE NAME = 'SYSTEM_CANCEL';
  EXCEPTION
    WHEN NO_DATA_FOUND THEN
      INSERT INTO ACTION (ID, NAME, CREATE_DATE, CREATED_BY) VALUES (ACTION_ID_SEQ.NEXTVAL, 'SYSTEM_CANCEL', SYSDATE, 'OFFERMAKER');
  END;
  BEGIN
    SELECT 1 INTO TMP_VAR FROM CORE_OWNER.NOTIFICATION_TYPE WHERE VALUE = 'sartre-decline';
  EXCEPTION
    WHEN NO_DATA_FOUND THEN NULL;
      INSERT INTO CORE_OWNER.NOTIFICATION_TYPE (ID, VALUE, TEMPLATE_URL) VALUES (CORE_OWNER.NOTTID_SEQ.NEXTVAL, 'sartre-decline', 'N/A');
  END;
  BEGIN
    SELECT 1 INTO TMP_VAR FROM ACTION WHERE NAME = 'CREDIT_CARD_EXP';
  EXCEPTION
    WHEN NO_DATA_FOUND THEN
      INSERT INTO ACTION (ID, NAME, CREATE_DATE, CREATED_BY) VALUES (ACTION_ID_SEQ.NEXTVAL, 'CREDIT_CARD_EXP', SYSDATE, 'OFFERMAKER');
  END;
  BEGIN
    SELECT 1 INTO TMP_VAR FROM CORE_OWNER.NOTIFICATION_TYPE WHERE VALUE = 'card_expiration';
  EXCEPTION
    WHEN NO_DATA_FOUND THEN NULL;
      INSERT INTO CORE_OWNER.NOTIFICATION_TYPE (ID, VALUE, TEMPLATE_URL) VALUES (CORE_OWNER.NOTTID_SEQ.NEXTVAL, 'card_expiration', 'N/A');
  END;
  BEGIN
    SELECT 1 INTO TMP_VAR FROM ACTION WHERE NAME = 'GC_REDEEMER_ON_REDEEM';
  EXCEPTION
    WHEN NO_DATA_FOUND THEN
      INSERT INTO ACTION (ID, NAME, CREATE_DATE, CREATED_BY) VALUES (ACTION_ID_SEQ.NEXTVAL, 'GC_REDEEMER_ON_REDEEM', SYSDATE, 'OFFERMAKER');
  END;
  BEGIN
    SELECT 1 INTO TMP_VAR FROM CORE_OWNER.NOTIFICATION_TYPE WHERE VALUE = 'sartre-upsell-sub-activation-fab';
  EXCEPTION
    WHEN NO_DATA_FOUND THEN NULL;
      INSERT INTO CORE_OWNER.NOTIFICATION_TYPE (ID, VALUE, TEMPLATE_URL) VALUES (CORE_OWNER.NOTTID_SEQ.NEXTVAL, 'sartre-upsell-sub-activation-fab', 'N/A');
  END;
  INSERT INTO OFFER_CHAIN_NOTIFICATION_TYPE (ID, OFFER_CHAIN_ID, NOTIFICATION_TYPE_ID, ACTION_ID, CREATED_BY, CREATE_DATE) VALUES (OCET_ID_SEQ.NEXTVAL, 1016782, (SELECT ID FROM CORE_OWNER.NOTIFICATION_TYPE WHERE VALUE = 'sartre-purchase'), (SELECT ID FROM ACTION WHERE NAME = 'SUBSCRIBE_TO_OFFER_CHAIN'), 'OFFERMAKER', SYSDATE);
  INSERT INTO OFFER_CHAIN_NOTIFICATION_TYPE (ID, OFFER_CHAIN_ID, NOTIFICATION_TYPE_ID, ACTION_ID, CREATED_BY, CREATE_DATE) VALUES (OCET_ID_SEQ.NEXTVAL, 1016782, (SELECT ID FROM CORE_OWNER.NOTIFICATION_TYPE WHERE VALUE = 'sartre-purchase'), (SELECT ID FROM ACTION WHERE NAME = 'UPGRADE_SUBSCRIPTION'), 'OFFERMAKER', SYSDATE);
  INSERT INTO OFFER_CHAIN_NOTIFICATION_TYPE (ID, OFFER_CHAIN_ID, NOTIFICATION_TYPE_ID, ACTION_ID, CREATED_BY, CREATE_DATE) VALUES (OCET_ID_SEQ.NEXTVAL, 1016782, (SELECT ID FROM CORE_OWNER.NOTIFICATION_TYPE WHERE VALUE = 'sartre-cancel'), (SELECT ID FROM ACTION WHERE NAME = 'CANCEL_SUBSCRIPTION'), 'OFFERMAKER', SYSDATE);
  INSERT INTO OFFER_CHAIN_NOTIFICATION_TYPE (ID, OFFER_CHAIN_ID, NOTIFICATION_TYPE_ID, ACTION_ID, CREATED_BY, CREATE_DATE) VALUES (OCET_ID_SEQ.NEXTVAL, 1016782, (SELECT ID FROM CORE_OWNER.NOTIFICATION_TYPE WHERE VALUE = 'sartre-decline'), (SELECT ID FROM ACTION WHERE NAME = 'SYSTEM_CANCEL'), 'OFFERMAKER', SYSDATE);
  INSERT INTO OFFER_CHAIN_NOTIFICATION_TYPE (ID, OFFER_CHAIN_ID, NOTIFICATION_TYPE_ID, ACTION_ID, CREATED_BY, CREATE_DATE) VALUES (OCET_ID_SEQ.NEXTVAL, 1016782, (SELECT ID FROM CORE_OWNER.NOTIFICATION_TYPE WHERE VALUE = 'card_expiration'), (SELECT ID FROM ACTION WHERE NAME = 'CREDIT_CARD_EXP'), 'OFFERMAKER', SYSDATE);
  INSERT INTO OFFER_CHAIN_NOTIFICATION_TYPE (ID, OFFER_CHAIN_ID, NOTIFICATION_TYPE_ID, ACTION_ID, CREATED_BY, CREATE_DATE) VALUES (OCET_ID_SEQ.NEXTVAL, 1016782, (SELECT ID FROM CORE_OWNER.NOTIFICATION_TYPE WHERE VALUE = 'sartre-upsell-sub-activation-fab'), (SELECT ID FROM ACTION WHERE NAME = 'GC_REDEEMER_ON_REDEEM'), 'OFFERMAKER', SYSDATE);
  BEGIN
    SELECT 1 INTO TMP_VAR FROM OFFER_OFFER_CHAIN WHERE OFFER_CHAIN_ID = 1016782 AND INDEX_VALUE = 0 AND ROWNUM <= 1;
  EXCEPTION
    WHEN NO_DATA_FOUND THEN
  INSERT INTO OFFER (ID, OFFER_STATUS_ID, ENTITLEMENT_DURATION, CREATED_BY, CREATE_DATE, updated_by, update_date) VALUES (OFR_ID_SEQ.NEXTVAL, 1, 'P0Y0M112DT0H0M', 'OFFERMAKER', SYSDATE, 'OFFERMAKER', SYSDATE);
  BEGIN
    SELECT ID INTO CUR_PRD_ID FROM PRODUCT WHERE NAME = 'Web' AND PRODUCT_STATUS_ID = 1 AND ROWNUM <= 1;
  EXCEPTION
    WHEN NO_DATA_FOUND THEN
      INSERT INTO PRODUCT (ID, NAME, PRODUCTION_COST, PRODUCT_STATUS_ID, PRODUCT_URI, UNIT_PRICE, CREATED_BY, CREATE_DATE) VALUES (PRD_ID_SEQ.NEXTVAL, 'Web', '0', 1, NULL, '0.357143', 'OFFERMAKER', SYSDATE);
      SELECT ID INTO CUR_PRD_ID FROM PRODUCT WHERE NAME = 'Web' AND PRODUCT_STATUS_ID = 1 AND ROWNUM <= 1;
    WHEN OTHERS THEN
      RAISE;
  END;
  SELECT ID INTO CUR_CAPABILITY_ID FROM CAPABILITY WHERE CODE IN LTRIM(RTRIM((UPPER('MM')))) AND ROWNUM <= 1;
  INSERT INTO PRODUCT_OFFERING (ID, PRODUCT_ID, TAX_POLICY_TYPE_ID, QUANTITY, UNIT_PRICE, TAX_CATEGORY_ID, CAPABILITY_ID, CREATED_BY, CREATE_DATE) VALUES (PO_ID_SEQ.NEXTVAL, CUR_PRD_ID, '1', '112', '0.357143', '2', CUR_CAPABILITY_ID, 'OFFERMAKER', SYSDATE);
  INSERT INTO PRODUCT_OFFERING_META_DATA (ID, PRODUCT_OFFERING_ID, NAME, VALUE, CREATED_BY, CREATE_DATE) VALUES (PROMD_ID_SEQ.NEXTVAL, PO_ID_SEQ.CURRVAL, 'entitlement_uri', 'http://:hostname:/svc/user/entitlements/mm/:id:.json', 'OFFERMAKER', SYSDATE);
  INSERT INTO PRODUCT_OFFERING_META_DATA (ID, PRODUCT_OFFERING_ID, NAME, VALUE, CREATED_BY, CREATE_DATE) VALUES (PROMD_ID_SEQ.NEXTVAL, PO_ID_SEQ.CURRVAL, 'DEFAULT_VAT_RATE', '{"*": 0.0}', 'OFFERMAKER', SYSDATE);
  INSERT INTO PRODUCT_OFFERING_META_DATA (ID, PRODUCT_OFFERING_ID, NAME, VALUE, CREATED_BY, CREATE_DATE) VALUES (PROMD_ID_SEQ.NEXTVAL, PO_ID_SEQ.CURRVAL, 'capability', 'MM', 'OFFERMAKER', SYSDATE);
  INSERT INTO OFFER_PRODUCT_OFFERING (OFFER_ID, PRODUCT_OFFERING_ID, CREATED_BY, CREATE_DATE) VALUES (OFR_ID_SEQ.CURRVAL, PO_ID_SEQ.CURRVAL, 'OFFERMAKER', SYSDATE);
  INSERT INTO DISCOUNT (ID, NAME, DESCRIPTION, FIXED_AMOUNT, PERCENT_AMOUNT, DISCOUNT_TYPE_ID, CREATED_BY, CREATE_DATE) VALUES (DSC_ID_SEQ.NEXTVAL, 'Discount', 'Target offer price 0.0 given offer total price 59.999968 and product price 40.000016', '40.000016', '0', 1, 'OFFERMAKER', SYSDATE);
  INSERT INTO DISCOUNT_PRODUCT_OFFERING (DISCOUNT_ID, PRODUCT_OFFERING_ID, CREATED_BY, CREATE_DATE) VALUES (DSC_ID_SEQ.CURRVAL, PO_ID_SEQ.CURRVAL, 'OFFERMAKER', SYSDATE);
  BEGIN
    SELECT ID INTO CUR_PRD_ID FROM PRODUCT WHERE NAME = 'Mobile' AND PRODUCT_STATUS_ID = 1 AND ROWNUM <= 1;
  EXCEPTION
    WHEN NO_DATA_FOUND THEN
      INSERT INTO PRODUCT (ID, NAME, PRODUCTION_COST, PRODUCT_STATUS_ID, PRODUCT_URI, UNIT_PRICE, CREATED_BY, CREATE_DATE) VALUES (PRD_ID_SEQ.NEXTVAL, 'Mobile', '0', 1, NULL, '0', 'OFFERMAKER', SYSDATE);
      SELECT ID INTO CUR_PRD_ID FROM PRODUCT WHERE NAME = 'Mobile' AND PRODUCT_STATUS_ID = 1 AND ROWNUM <= 1;
    WHEN OTHERS THEN
      RAISE;
  END;
  SELECT ID INTO CUR_CAPABILITY_ID FROM CAPABILITY WHERE CODE IN LTRIM(RTRIM((UPPER('MOW')))) AND ROWNUM <= 1;
  INSERT INTO PRODUCT_OFFERING (ID, PRODUCT_ID, TAX_POLICY_TYPE_ID, QUANTITY, UNIT_PRICE, TAX_CATEGORY_ID, CAPABILITY_ID, CREATED_BY, CREATE_DATE) VALUES (PO_ID_SEQ.NEXTVAL, CUR_PRD_ID, '1', '112', '0', '2', CUR_CAPABILITY_ID, 'OFFERMAKER', SYSDATE);
  INSERT INTO PRODUCT_OFFERING_META_DATA (ID, PRODUCT_OFFERING_ID, NAME, VALUE, CREATED_BY, CREATE_DATE) VALUES (PROMD_ID_SEQ.NEXTVAL, PO_ID_SEQ.CURRVAL, 'entitlement_uri', 'http://:hostname:/svc/user/entitlements/mow/:id:.json', 'OFFERMAKER', SYSDATE);
  INSERT INTO PRODUCT_OFFERING_META_DATA (ID, PRODUCT_OFFERING_ID, NAME, VALUE, CREATED_BY, CREATE_DATE) VALUES (PROMD_ID_SEQ.NEXTVAL, PO_ID_SEQ.CURRVAL, 'DEFAULT_VAT_RATE', '{"*": 0.0}', 'OFFERMAKER', SYSDATE);
  INSERT INTO PRODUCT_OFFERING_META_DATA (ID, PRODUCT_OFFERING_ID, NAME, VALUE, CREATED_BY, CREATE_DATE) VALUES (PROMD_ID_SEQ.NEXTVAL, PO_ID_SEQ.CURRVAL, 'capability', 'MOW', 'OFFERMAKER', SYSDATE);
  INSERT INTO OFFER_PRODUCT_OFFERING (OFFER_ID, PRODUCT_OFFERING_ID, CREATED_BY, CREATE_DATE) VALUES (OFR_ID_SEQ.CURRVAL, PO_ID_SEQ.CURRVAL, 'OFFERMAKER', SYSDATE);
  BEGIN
    SELECT ID INTO CUR_PRD_ID FROM PRODUCT WHERE NAME = 'Archive Article' AND PRODUCT_STATUS_ID = 1 AND ROWNUM <= 1;
  EXCEPTION
    WHEN NO_DATA_FOUND THEN
      INSERT INTO PRODUCT (ID, NAME, PRODUCTION_COST, PRODUCT_STATUS_ID, PRODUCT_URI, UNIT_PRICE, CREATED_BY, CREATE_DATE) VALUES (PRD_ID_SEQ.NEXTVAL, 'Archive Article', '0', 1, NULL, '0', 'OFFERMAKER', SYSDATE);
      SELECT ID INTO CUR_PRD_ID FROM PRODUCT WHERE NAME = 'Archive Article' AND PRODUCT_STATUS_ID = 1 AND ROWNUM <= 1;
    WHEN OTHERS THEN
      RAISE;
  END;
  SELECT ID INTO CUR_CAPABILITY_ID FROM CAPABILITY WHERE CODE IN LTRIM(RTRIM((UPPER('AAA')))) AND ROWNUM <= 1;
  INSERT INTO PRODUCT_OFFERING (ID, PRODUCT_ID, TAX_POLICY_TYPE_ID, QUANTITY, UNIT_PRICE, TAX_CATEGORY_ID, CAPABILITY_ID, CREATED_BY, CREATE_DATE) VALUES (PO_ID_SEQ.NEXTVAL, CUR_PRD_ID, '1', '400', '0', '2', CUR_CAPABILITY_ID, 'OFFERMAKER', SYSDATE);
  INSERT INTO PRODUCT_OFFERING_META_DATA (ID, PRODUCT_OFFERING_ID, NAME, VALUE, CREATED_BY, CREATE_DATE) VALUES (PROMD_ID_SEQ.NEXTVAL, PO_ID_SEQ.CURRVAL, 'entitlement_uri', 'http://:hostname:/svc/user/entitlements/archive/size/400/:id:.json', 'OFFERMAKER', SYSDATE);
  INSERT INTO PRODUCT_OFFERING_META_DATA (ID, PRODUCT_OFFERING_ID, NAME, VALUE, CREATED_BY, CREATE_DATE) VALUES (PROMD_ID_SEQ.NEXTVAL, PO_ID_SEQ.CURRVAL, 'DEFAULT_VAT_RATE', '{"*": 0.0}', 'OFFERMAKER', SYSDATE);
  INSERT INTO OFFER_PRODUCT_OFFERING (OFFER_ID, PRODUCT_OFFERING_ID, CREATED_BY, CREATE_DATE) VALUES (OFR_ID_SEQ.CURRVAL, PO_ID_SEQ.CURRVAL, 'OFFERMAKER', SYSDATE);
  BEGIN
    SELECT ID INTO CUR_PRD_ID FROM PRODUCT WHERE NAME = 'TimesMachine' AND PRODUCT_STATUS_ID = 1 AND ROWNUM <= 1;
  EXCEPTION
    WHEN NO_DATA_FOUND THEN
      INSERT INTO PRODUCT (ID, NAME, PRODUCTION_COST, PRODUCT_STATUS_ID, PRODUCT_URI, UNIT_PRICE, CREATED_BY, CREATE_DATE) VALUES (PRD_ID_SEQ.NEXTVAL, 'TimesMachine', '0', 1, NULL, '0', 'OFFERMAKER', SYSDATE);
      SELECT ID INTO CUR_PRD_ID FROM PRODUCT WHERE NAME = 'TimesMachine' AND PRODUCT_STATUS_ID = 1 AND ROWNUM <= 1;
    WHEN OTHERS THEN
      RAISE;
  END;
  SELECT ID INTO CUR_CAPABILITY_ID FROM CAPABILITY WHERE CODE IN LTRIM(RTRIM((UPPER('NONE')))) AND ROWNUM <= 1;
  INSERT INTO PRODUCT_OFFERING (ID, PRODUCT_ID, TAX_POLICY_TYPE_ID, QUANTITY, UNIT_PRICE, TAX_CATEGORY_ID, CAPABILITY_ID, CREATED_BY, CREATE_DATE) VALUES (PO_ID_SEQ.NEXTVAL, CUR_PRD_ID, '1', '112', '0', '2', CUR_CAPABILITY_ID, 'OFFERMAKER', SYSDATE);
  INSERT INTO PRODUCT_OFFERING_META_DATA (ID, PRODUCT_OFFERING_ID, NAME, VALUE, CREATED_BY, CREATE_DATE) VALUES (PROMD_ID_SEQ.NEXTVAL, PO_ID_SEQ.CURRVAL, 'DEFAULT_VAT_RATE', '{"*": 0.0}', 'OFFERMAKER', SYSDATE);
  INSERT INTO OFFER_PRODUCT_OFFERING (OFFER_ID, PRODUCT_OFFERING_ID, CREATED_BY, CREATE_DATE) VALUES (OFR_ID_SEQ.CURRVAL, PO_ID_SEQ.CURRVAL, 'OFFERMAKER', SYSDATE);
  BEGIN
    SELECT ID INTO CUR_PRD_ID FROM PRODUCT WHERE NAME = 'Smartphone' AND PRODUCT_STATUS_ID = 1 AND ROWNUM <= 1;
  EXCEPTION
    WHEN NO_DATA_FOUND THEN
      INSERT INTO PRODUCT (ID, NAME, PRODUCTION_COST, PRODUCT_STATUS_ID, PRODUCT_URI, UNIT_PRICE, CREATED_BY, CREATE_DATE) VALUES (PRD_ID_SEQ.NEXTVAL, 'Smartphone', '0', 1, NULL, '0.178571', 'OFFERMAKER', SYSDATE);
      SELECT ID INTO CUR_PRD_ID FROM PRODUCT WHERE NAME = 'Smartphone' AND PRODUCT_STATUS_ID = 1 AND ROWNUM <= 1;
    WHEN OTHERS THEN
      RAISE;
  END;
  SELECT ID INTO CUR_CAPABILITY_ID FROM CAPABILITY WHERE CODE IN LTRIM(RTRIM((UPPER('MSD')))) AND ROWNUM <= 1;
  INSERT INTO PRODUCT_OFFERING (ID, PRODUCT_ID, TAX_POLICY_TYPE_ID, QUANTITY, UNIT_PRICE, TAX_CATEGORY_ID, CAPABILITY_ID, CREATED_BY, CREATE_DATE) VALUES (PO_ID_SEQ.NEXTVAL, CUR_PRD_ID, '1', '112', '0.178571', '2', CUR_CAPABILITY_ID, 'OFFERMAKER', SYSDATE);
  INSERT INTO PRODUCT_OFFERING_META_DATA (ID, PRODUCT_OFFERING_ID, NAME, VALUE, CREATED_BY, CREATE_DATE) VALUES (PROMD_ID_SEQ.NEXTVAL, PO_ID_SEQ.CURRVAL, 'entitlement_uri', 'http://:hostname:/svc/user/entitlements/msd/:id:.json', 'OFFERMAKER', SYSDATE);
  INSERT INTO PRODUCT_OFFERING_META_DATA (ID, PRODUCT_OFFERING_ID, NAME, VALUE, CREATED_BY, CREATE_DATE) VALUES (PROMD_ID_SEQ.NEXTVAL, PO_ID_SEQ.CURRVAL, 'DEFAULT_VAT_RATE', '{"*": 0.0}', 'OFFERMAKER', SYSDATE);
  INSERT INTO PRODUCT_OFFERING_META_DATA (ID, PRODUCT_OFFERING_ID, NAME, VALUE, CREATED_BY, CREATE_DATE) VALUES (PROMD_ID_SEQ.NEXTVAL, PO_ID_SEQ.CURRVAL, 'capability', 'MSD', 'OFFERMAKER', SYSDATE);
  INSERT INTO OFFER_PRODUCT_OFFERING (OFFER_ID, PRODUCT_OFFERING_ID, CREATED_BY, CREATE_DATE) VALUES (OFR_ID_SEQ.CURRVAL, PO_ID_SEQ.CURRVAL, 'OFFERMAKER', SYSDATE);
  INSERT INTO DISCOUNT (ID, NAME, DESCRIPTION, FIXED_AMOUNT, PERCENT_AMOUNT, DISCOUNT_TYPE_ID, CREATED_BY, CREATE_DATE) VALUES (DSC_ID_SEQ.NEXTVAL, 'Discount', 'Target offer price 0.0 given offer total price 59.999968 and product price 19.999952', '19.999952', '0', 1, 'OFFERMAKER', SYSDATE);
  INSERT INTO DISCOUNT_PRODUCT_OFFERING (DISCOUNT_ID, PRODUCT_OFFERING_ID, CREATED_BY, CREATE_DATE) VALUES (DSC_ID_SEQ.CURRVAL, PO_ID_SEQ.CURRVAL, 'OFFERMAKER', SYSDATE);
  INSERT INTO OFFER_OFFER_CHAIN (OFFER_ID, OFFER_CHAIN_ID, INDEX_VALUE, NUM_RECURRENCES, CREATED_BY, CREATE_DATE, updated_by, update_date) VALUES (OFR_ID_SEQ.CURRVAL, 1016782, '0', '1', 'OFFERMAKER', SYSDATE, 'OFFERMAKER', SYSDATE);
  END;
  BEGIN
    SELECT 1 INTO TMP_VAR FROM OFFER_OFFER_CHAIN WHERE OFFER_CHAIN_ID = 1016782 AND INDEX_VALUE = 1 AND ROWNUM <= 1;
  EXCEPTION
    WHEN NO_DATA_FOUND THEN
  INSERT INTO OFFER (ID, OFFER_STATUS_ID, ENTITLEMENT_DURATION, CREATED_BY, CREATE_DATE, updated_by, update_date) VALUES (OFR_ID_SEQ.NEXTVAL, 1, 'P0Y0M56DT0H0M', 'OFFERMAKER', SYSDATE, 'OFFERMAKER', SYSDATE);
  BEGIN
    SELECT ID INTO CUR_PRD_ID FROM PRODUCT WHERE NAME = 'Web' AND PRODUCT_STATUS_ID = 1 AND ROWNUM <= 1;
  EXCEPTION
    WHEN NO_DATA_FOUND THEN
      INSERT INTO PRODUCT (ID, NAME, PRODUCTION_COST, PRODUCT_STATUS_ID, PRODUCT_URI, UNIT_PRICE, CREATED_BY, CREATE_DATE) VALUES (PRD_ID_SEQ.NEXTVAL, 'Web', '0', 1, NULL, '0.357143', 'OFFERMAKER', SYSDATE);
      SELECT ID INTO CUR_PRD_ID FROM PRODUCT WHERE NAME = 'Web' AND PRODUCT_STATUS_ID = 1 AND ROWNUM <= 1;
    WHEN OTHERS THEN
      RAISE;
  END;
  SELECT ID INTO CUR_CAPABILITY_ID FROM CAPABILITY WHERE CODE IN LTRIM(RTRIM((UPPER('MM')))) AND ROWNUM <= 1;
  INSERT INTO PRODUCT_OFFERING (ID, PRODUCT_ID, TAX_POLICY_TYPE_ID, QUANTITY, UNIT_PRICE, TAX_CATEGORY_ID, CAPABILITY_ID, CREATED_BY, CREATE_DATE) VALUES (PO_ID_SEQ.NEXTVAL, CUR_PRD_ID, '1', '56', '0.357143', '2', CUR_CAPABILITY_ID, 'OFFERMAKER', SYSDATE);
  INSERT INTO PRODUCT_OFFERING_META_DATA (ID, PRODUCT_OFFERING_ID, NAME, VALUE, CREATED_BY, CREATE_DATE) VALUES (PROMD_ID_SEQ.NEXTVAL, PO_ID_SEQ.CURRVAL, 'entitlement_uri', 'http://:hostname:/svc/user/entitlements/mm/:id:.json', 'OFFERMAKER', SYSDATE);
  INSERT INTO PRODUCT_OFFERING_META_DATA (ID, PRODUCT_OFFERING_ID, NAME, VALUE, CREATED_BY, CREATE_DATE) VALUES (PROMD_ID_SEQ.NEXTVAL, PO_ID_SEQ.CURRVAL, 'DEFAULT_VAT_RATE', '{"*": 0.0}', 'OFFERMAKER', SYSDATE);
  INSERT INTO PRODUCT_OFFERING_META_DATA (ID, PRODUCT_OFFERING_ID, NAME, VALUE, CREATED_BY, CREATE_DATE) VALUES (PROMD_ID_SEQ.NEXTVAL, PO_ID_SEQ.CURRVAL, 'capability', 'MM', 'OFFERMAKER', SYSDATE);
  INSERT INTO OFFER_PRODUCT_OFFERING (OFFER_ID, PRODUCT_OFFERING_ID, CREATED_BY, CREATE_DATE) VALUES (OFR_ID_SEQ.CURRVAL, PO_ID_SEQ.CURRVAL, 'OFFERMAKER', SYSDATE);
  INSERT INTO DISCOUNT (ID, NAME, DESCRIPTION, FIXED_AMOUNT, PERCENT_AMOUNT, DISCOUNT_TYPE_ID, CREATED_BY, CREATE_DATE) VALUES (DSC_ID_SEQ.NEXTVAL, 'Discount', 'Target offer price 0.99 given offer total price 29.999984 and product price 19.340007384', '19.340007384', '0', 1, 'OFFERMAKER', SYSDATE);
  INSERT INTO DISCOUNT_PRODUCT_OFFERING (DISCOUNT_ID, PRODUCT_OFFERING_ID, CREATED_BY, CREATE_DATE) VALUES (DSC_ID_SEQ.CURRVAL, PO_ID_SEQ.CURRVAL, 'OFFERMAKER', SYSDATE);
  BEGIN
    SELECT ID INTO CUR_PRD_ID FROM PRODUCT WHERE NAME = 'Mobile' AND PRODUCT_STATUS_ID = 1 AND ROWNUM <= 1;
  EXCEPTION
    WHEN NO_DATA_FOUND THEN
      INSERT INTO PRODUCT (ID, NAME, PRODUCTION_COST, PRODUCT_STATUS_ID, PRODUCT_URI, UNIT_PRICE, CREATED_BY, CREATE_DATE) VALUES (PRD_ID_SEQ.NEXTVAL, 'Mobile', '0', 1, NULL, '0', 'OFFERMAKER', SYSDATE);
      SELECT ID INTO CUR_PRD_ID FROM PRODUCT WHERE NAME = 'Mobile' AND PRODUCT_STATUS_ID = 1 AND ROWNUM <= 1;
    WHEN OTHERS THEN
      RAISE;
  END;
  SELECT ID INTO CUR_CAPABILITY_ID FROM CAPABILITY WHERE CODE IN LTRIM(RTRIM((UPPER('MOW')))) AND ROWNUM <= 1;
  INSERT INTO PRODUCT_OFFERING (ID, PRODUCT_ID, TAX_POLICY_TYPE_ID, QUANTITY, UNIT_PRICE, TAX_CATEGORY_ID, CAPABILITY_ID, CREATED_BY, CREATE_DATE) VALUES (PO_ID_SEQ.NEXTVAL, CUR_PRD_ID, '1', '56', '0', '2', CUR_CAPABILITY_ID, 'OFFERMAKER', SYSDATE);
  INSERT INTO PRODUCT_OFFERING_META_DATA (ID, PRODUCT_OFFERING_ID, NAME, VALUE, CREATED_BY, CREATE_DATE) VALUES (PROMD_ID_SEQ.NEXTVAL, PO_ID_SEQ.CURRVAL, 'entitlement_uri', 'http://:hostname:/svc/user/entitlements/mow/:id:.json', 'OFFERMAKER', SYSDATE);
  INSERT INTO PRODUCT_OFFERING_META_DATA (ID, PRODUCT_OFFERING_ID, NAME, VALUE, CREATED_BY, CREATE_DATE) VALUES (PROMD_ID_SEQ.NEXTVAL, PO_ID_SEQ.CURRVAL, 'DEFAULT_VAT_RATE', '{"*": 0.0}', 'OFFERMAKER', SYSDATE);
  INSERT INTO PRODUCT_OFFERING_META_DATA (ID, PRODUCT_OFFERING_ID, NAME, VALUE, CREATED_BY, CREATE_DATE) VALUES (PROMD_ID_SEQ.NEXTVAL, PO_ID_SEQ.CURRVAL, 'capability', 'MOW', 'OFFERMAKER', SYSDATE);
  INSERT INTO OFFER_PRODUCT_OFFERING (OFFER_ID, PRODUCT_OFFERING_ID, CREATED_BY, CREATE_DATE) VALUES (OFR_ID_SEQ.CURRVAL, PO_ID_SEQ.CURRVAL, 'OFFERMAKER', SYSDATE);
  BEGIN
    SELECT ID INTO CUR_PRD_ID FROM PRODUCT WHERE NAME = 'Archive Article' AND PRODUCT_STATUS_ID = 1 AND ROWNUM <= 1;
  EXCEPTION
    WHEN NO_DATA_FOUND THEN
      INSERT INTO PRODUCT (ID, NAME, PRODUCTION_COST, PRODUCT_STATUS_ID, PRODUCT_URI, UNIT_PRICE, CREATED_BY, CREATE_DATE) VALUES (PRD_ID_SEQ.NEXTVAL, 'Archive Article', '0', 1, NULL, '0', 'OFFERMAKER', SYSDATE);
      SELECT ID INTO CUR_PRD_ID FROM PRODUCT WHERE NAME = 'Archive Article' AND PRODUCT_STATUS_ID = 1 AND ROWNUM <= 1;
    WHEN OTHERS THEN
      RAISE;
  END;
  SELECT ID INTO CUR_CAPABILITY_ID FROM CAPABILITY WHERE CODE IN LTRIM(RTRIM((UPPER('AAA')))) AND ROWNUM <= 1;
  INSERT INTO PRODUCT_OFFERING (ID, PRODUCT_ID, TAX_POLICY_TYPE_ID, QUANTITY, UNIT_PRICE, TAX_CATEGORY_ID, CAPABILITY_ID, CREATED_BY, CREATE_DATE) VALUES (PO_ID_SEQ.NEXTVAL, CUR_PRD_ID, '1', '200', '0', '2', CUR_CAPABILITY_ID, 'OFFERMAKER', SYSDATE);
  INSERT INTO PRODUCT_OFFERING_META_DATA (ID, PRODUCT_OFFERING_ID, NAME, VALUE, CREATED_BY, CREATE_DATE) VALUES (PROMD_ID_SEQ.NEXTVAL, PO_ID_SEQ.CURRVAL, 'entitlement_uri', 'http://:hostname:/svc/user/entitlements/archive/size/200/:id:.json', 'OFFERMAKER', SYSDATE);
  INSERT INTO PRODUCT_OFFERING_META_DATA (ID, PRODUCT_OFFERING_ID, NAME, VALUE, CREATED_BY, CREATE_DATE) VALUES (PROMD_ID_SEQ.NEXTVAL, PO_ID_SEQ.CURRVAL, 'DEFAULT_VAT_RATE', '{"*": 0.0}', 'OFFERMAKER', SYSDATE);
  INSERT INTO OFFER_PRODUCT_OFFERING (OFFER_ID, PRODUCT_OFFERING_ID, CREATED_BY, CREATE_DATE) VALUES (OFR_ID_SEQ.CURRVAL, PO_ID_SEQ.CURRVAL, 'OFFERMAKER', SYSDATE);
  BEGIN
    SELECT ID INTO CUR_PRD_ID FROM PRODUCT WHERE NAME = 'TimesMachine' AND PRODUCT_STATUS_ID = 1 AND ROWNUM <= 1;
  EXCEPTION
    WHEN NO_DATA_FOUND THEN
      INSERT INTO PRODUCT (ID, NAME, PRODUCTION_COST, PRODUCT_STATUS_ID, PRODUCT_URI, UNIT_PRICE, CREATED_BY, CREATE_DATE) VALUES (PRD_ID_SEQ.NEXTVAL, 'TimesMachine', '0', 1, NULL, '0', 'OFFERMAKER', SYSDATE);
      SELECT ID INTO CUR_PRD_ID FROM PRODUCT WHERE NAME = 'TimesMachine' AND PRODUCT_STATUS_ID = 1 AND ROWNUM <= 1;
    WHEN OTHERS THEN
      RAISE;
  END;
  SELECT ID INTO CUR_CAPABILITY_ID FROM CAPABILITY WHERE CODE IN LTRIM(RTRIM((UPPER('NONE')))) AND ROWNUM <= 1;
  INSERT INTO PRODUCT_OFFERING (ID, PRODUCT_ID, TAX_POLICY_TYPE_ID, QUANTITY, UNIT_PRICE, TAX_CATEGORY_ID, CAPABILITY_ID, CREATED_BY, CREATE_DATE) VALUES (PO_ID_SEQ.NEXTVAL, CUR_PRD_ID, '1', '56', '0', '2', CUR_CAPABILITY_ID, 'OFFERMAKER', SYSDATE);
  INSERT INTO PRODUCT_OFFERING_META_DATA (ID, PRODUCT_OFFERING_ID, NAME, VALUE, CREATED_BY, CREATE_DATE) VALUES (PROMD_ID_SEQ.NEXTVAL, PO_ID_SEQ.CURRVAL, 'DEFAULT_VAT_RATE', '{"*": 0.0}', 'OFFERMAKER', SYSDATE);
  INSERT INTO OFFER_PRODUCT_OFFERING (OFFER_ID, PRODUCT_OFFERING_ID, CREATED_BY, CREATE_DATE) VALUES (OFR_ID_SEQ.CURRVAL, PO_ID_SEQ.CURRVAL, 'OFFERMAKER', SYSDATE);
  BEGIN
    SELECT ID INTO CUR_PRD_ID FROM PRODUCT WHERE NAME = 'Smartphone' AND PRODUCT_STATUS_ID = 1 AND ROWNUM <= 1;
  EXCEPTION
    WHEN NO_DATA_FOUND THEN
      INSERT INTO PRODUCT (ID, NAME, PRODUCTION_COST, PRODUCT_STATUS_ID, PRODUCT_URI, UNIT_PRICE, CREATED_BY, CREATE_DATE) VALUES (PRD_ID_SEQ.NEXTVAL, 'Smartphone', '0', 1, NULL, '0.178571', 'OFFERMAKER', SYSDATE);
      SELECT ID INTO CUR_PRD_ID FROM PRODUCT WHERE NAME = 'Smartphone' AND PRODUCT_STATUS_ID = 1 AND ROWNUM <= 1;
    WHEN OTHERS THEN
      RAISE;
  END;
  SELECT ID INTO CUR_CAPABILITY_ID FROM CAPABILITY WHERE CODE IN LTRIM(RTRIM((UPPER('MSD')))) AND ROWNUM <= 1;
  INSERT INTO PRODUCT_OFFERING (ID, PRODUCT_ID, TAX_POLICY_TYPE_ID, QUANTITY, UNIT_PRICE, TAX_CATEGORY_ID, CAPABILITY_ID, CREATED_BY, CREATE_DATE) VALUES (PO_ID_SEQ.NEXTVAL, CUR_PRD_ID, '1', '56', '0.178571', '2', CUR_CAPABILITY_ID, 'OFFERMAKER', SYSDATE);
  INSERT INTO PRODUCT_OFFERING_META_DATA (ID, PRODUCT_OFFERING_ID, NAME, VALUE, CREATED_BY, CREATE_DATE) VALUES (PROMD_ID_SEQ.NEXTVAL, PO_ID_SEQ.CURRVAL, 'entitlement_uri', 'http://:hostname:/svc/user/entitlements/msd/:id:.json', 'OFFERMAKER', SYSDATE);
  INSERT INTO PRODUCT_OFFERING_META_DATA (ID, PRODUCT_OFFERING_ID, NAME, VALUE, CREATED_BY, CREATE_DATE) VALUES (PROMD_ID_SEQ.NEXTVAL, PO_ID_SEQ.CURRVAL, 'DEFAULT_VAT_RATE', '{"*": 0.0}', 'OFFERMAKER', SYSDATE);
  INSERT INTO PRODUCT_OFFERING_META_DATA (ID, PRODUCT_OFFERING_ID, NAME, VALUE, CREATED_BY, CREATE_DATE) VALUES (PROMD_ID_SEQ.NEXTVAL, PO_ID_SEQ.CURRVAL, 'capability', 'MSD', 'OFFERMAKER', SYSDATE);
  INSERT INTO OFFER_PRODUCT_OFFERING (OFFER_ID, PRODUCT_OFFERING_ID, CREATED_BY, CREATE_DATE) VALUES (OFR_ID_SEQ.CURRVAL, PO_ID_SEQ.CURRVAL, 'OFFERMAKER', SYSDATE);
  INSERT INTO DISCOUNT (ID, NAME, DESCRIPTION, FIXED_AMOUNT, PERCENT_AMOUNT, DISCOUNT_TYPE_ID, CREATED_BY, CREATE_DATE) VALUES (DSC_ID_SEQ.NEXTVAL, 'Discount', 'Target offer price 0.99 given offer total price 29.999984 and product price 9.669976616', '9.669976616', '0', 1, 'OFFERMAKER', SYSDATE);
  INSERT INTO DISCOUNT_PRODUCT_OFFERING (DISCOUNT_ID, PRODUCT_OFFERING_ID, CREATED_BY, CREATE_DATE) VALUES (DSC_ID_SEQ.CURRVAL, PO_ID_SEQ.CURRVAL, 'OFFERMAKER', SYSDATE);
  INSERT INTO OFFER_OFFER_CHAIN (OFFER_ID, OFFER_CHAIN_ID, INDEX_VALUE, NUM_RECURRENCES, CREATED_BY, CREATE_DATE, updated_by, update_date) VALUES (OFR_ID_SEQ.CURRVAL, 1016782, '1', '1', 'OFFERMAKER', SYSDATE, 'OFFERMAKER', SYSDATE);
  END;
  BEGIN
    SELECT 1 INTO TMP_VAR FROM OFFER_OFFER_CHAIN WHERE OFFER_CHAIN_ID = 1016782 AND INDEX_VALUE = 2 AND ROWNUM <= 1;
  EXCEPTION
    WHEN NO_DATA_FOUND THEN
  INSERT INTO OFFER (ID, OFFER_STATUS_ID, ENTITLEMENT_DURATION, CREATED_BY, CREATE_DATE, updated_by, update_date) VALUES (OFR_ID_SEQ.NEXTVAL, 1, 'P0Y0M28DT0H0M', 'OFFERMAKER', SYSDATE, 'OFFERMAKER', SYSDATE);
  BEGIN
    SELECT ID INTO CUR_PRD_ID FROM PRODUCT WHERE NAME = 'Web' AND PRODUCT_STATUS_ID = 1 AND ROWNUM <= 1;
  EXCEPTION
    WHEN NO_DATA_FOUND THEN
      INSERT INTO PRODUCT (ID, NAME, PRODUCTION_COST, PRODUCT_STATUS_ID, PRODUCT_URI, UNIT_PRICE, CREATED_BY, CREATE_DATE) VALUES (PRD_ID_SEQ.NEXTVAL, 'Web', '0', 1, NULL, '0.357143', 'OFFERMAKER', SYSDATE);
      SELECT ID INTO CUR_PRD_ID FROM PRODUCT WHERE NAME = 'Web' AND PRODUCT_STATUS_ID = 1 AND ROWNUM <= 1;
    WHEN OTHERS THEN
      RAISE;
  END;
  SELECT ID INTO CUR_CAPABILITY_ID FROM CAPABILITY WHERE CODE IN LTRIM(RTRIM((UPPER('MM')))) AND ROWNUM <= 1;
  INSERT INTO PRODUCT_OFFERING (ID, PRODUCT_ID, TAX_POLICY_TYPE_ID, QUANTITY, UNIT_PRICE, TAX_CATEGORY_ID, CAPABILITY_ID, CREATED_BY, CREATE_DATE) VALUES (PO_ID_SEQ.NEXTVAL, CUR_PRD_ID, '1', '28', '0.357143', '2', CUR_CAPABILITY_ID, 'OFFERMAKER', SYSDATE);
  INSERT INTO PRODUCT_OFFERING_META_DATA (ID, PRODUCT_OFFERING_ID, NAME, VALUE, CREATED_BY, CREATE_DATE) VALUES (PROMD_ID_SEQ.NEXTVAL, PO_ID_SEQ.CURRVAL, 'entitlement_uri', 'http://:hostname:/svc/user/entitlements/mm/:id:.json', 'OFFERMAKER', SYSDATE);
  INSERT INTO PRODUCT_OFFERING_META_DATA (ID, PRODUCT_OFFERING_ID, NAME, VALUE, CREATED_BY, CREATE_DATE) VALUES (PROMD_ID_SEQ.NEXTVAL, PO_ID_SEQ.CURRVAL, 'DEFAULT_VAT_RATE', '{"*": 0.0}', 'OFFERMAKER', SYSDATE);
  INSERT INTO PRODUCT_OFFERING_META_DATA (ID, PRODUCT_OFFERING_ID, NAME, VALUE, CREATED_BY, CREATE_DATE) VALUES (PROMD_ID_SEQ.NEXTVAL, PO_ID_SEQ.CURRVAL, 'capability', 'MM', 'OFFERMAKER', SYSDATE);
  INSERT INTO OFFER_PRODUCT_OFFERING (OFFER_ID, PRODUCT_OFFERING_ID, CREATED_BY, CREATE_DATE) VALUES (OFR_ID_SEQ.CURRVAL, PO_ID_SEQ.CURRVAL, 'OFFERMAKER', SYSDATE);
  INSERT INTO DISCOUNT (ID, NAME, DESCRIPTION, FIXED_AMOUNT, PERCENT_AMOUNT, DISCOUNT_TYPE_ID, CREATED_BY, CREATE_DATE) VALUES (DSC_ID_SEQ.NEXTVAL, 'Discount', 'Target offer price 15.0 given offer total price 14.999992 and product price -5.33333831111e-06', '-5.33333831111e-06', '0', 1, 'OFFERMAKER', SYSDATE);
  INSERT INTO DISCOUNT_PRODUCT_OFFERING (DISCOUNT_ID, PRODUCT_OFFERING_ID, CREATED_BY, CREATE_DATE) VALUES (DSC_ID_SEQ.CURRVAL, PO_ID_SEQ.CURRVAL, 'OFFERMAKER', SYSDATE);
  BEGIN
    SELECT ID INTO CUR_PRD_ID FROM PRODUCT WHERE NAME = 'Mobile' AND PRODUCT_STATUS_ID = 1 AND ROWNUM <= 1;
  EXCEPTION
    WHEN NO_DATA_FOUND THEN
      INSERT INTO PRODUCT (ID, NAME, PRODUCTION_COST, PRODUCT_STATUS_ID, PRODUCT_URI, UNIT_PRICE, CREATED_BY, CREATE_DATE) VALUES (PRD_ID_SEQ.NEXTVAL, 'Mobile', '0', 1, NULL, '0', 'OFFERMAKER', SYSDATE);
      SELECT ID INTO CUR_PRD_ID FROM PRODUCT WHERE NAME = 'Mobile' AND PRODUCT_STATUS_ID = 1 AND ROWNUM <= 1;
    WHEN OTHERS THEN
      RAISE;
  END;
  SELECT ID INTO CUR_CAPABILITY_ID FROM CAPABILITY WHERE CODE IN LTRIM(RTRIM((UPPER('MOW')))) AND ROWNUM <= 1;
  INSERT INTO PRODUCT_OFFERING (ID, PRODUCT_ID, TAX_POLICY_TYPE_ID, QUANTITY, UNIT_PRICE, TAX_CATEGORY_ID, CAPABILITY_ID, CREATED_BY, CREATE_DATE) VALUES (PO_ID_SEQ.NEXTVAL, CUR_PRD_ID, '1', '28', '0', '2', CUR_CAPABILITY_ID, 'OFFERMAKER', SYSDATE);
  INSERT INTO PRODUCT_OFFERING_META_DATA (ID, PRODUCT_OFFERING_ID, NAME, VALUE, CREATED_BY, CREATE_DATE) VALUES (PROMD_ID_SEQ.NEXTVAL, PO_ID_SEQ.CURRVAL, 'entitlement_uri', 'http://:hostname:/svc/user/entitlements/mow/:id:.json', 'OFFERMAKER', SYSDATE);
  INSERT INTO PRODUCT_OFFERING_META_DATA (ID, PRODUCT_OFFERING_ID, NAME, VALUE, CREATED_BY, CREATE_DATE) VALUES (PROMD_ID_SEQ.NEXTVAL, PO_ID_SEQ.CURRVAL, 'DEFAULT_VAT_RATE', '{"*": 0.0}', 'OFFERMAKER', SYSDATE);
  INSERT INTO PRODUCT_OFFERING_META_DATA (ID, PRODUCT_OFFERING_ID, NAME, VALUE, CREATED_BY, CREATE_DATE) VALUES (PROMD_ID_SEQ.NEXTVAL, PO_ID_SEQ.CURRVAL, 'capability', 'MOW', 'OFFERMAKER', SYSDATE);
  INSERT INTO OFFER_PRODUCT_OFFERING (OFFER_ID, PRODUCT_OFFERING_ID, CREATED_BY, CREATE_DATE) VALUES (OFR_ID_SEQ.CURRVAL, PO_ID_SEQ.CURRVAL, 'OFFERMAKER', SYSDATE);
  BEGIN
    SELECT ID INTO CUR_PRD_ID FROM PRODUCT WHERE NAME = 'Archive Article' AND PRODUCT_STATUS_ID = 1 AND ROWNUM <= 1;
  EXCEPTION
    WHEN NO_DATA_FOUND THEN
      INSERT INTO PRODUCT (ID, NAME, PRODUCTION_COST, PRODUCT_STATUS_ID, PRODUCT_URI, UNIT_PRICE, CREATED_BY, CREATE_DATE) VALUES (PRD_ID_SEQ.NEXTVAL, 'Archive Article', '0', 1, NULL, '0', 'OFFERMAKER', SYSDATE);
      SELECT ID INTO CUR_PRD_ID FROM PRODUCT WHERE NAME = 'Archive Article' AND PRODUCT_STATUS_ID = 1 AND ROWNUM <= 1;
    WHEN OTHERS THEN
      RAISE;
  END;
  SELECT ID INTO CUR_CAPABILITY_ID FROM CAPABILITY WHERE CODE IN LTRIM(RTRIM((UPPER('AAA')))) AND ROWNUM <= 1;
  INSERT INTO PRODUCT_OFFERING (ID, PRODUCT_ID, TAX_POLICY_TYPE_ID, QUANTITY, UNIT_PRICE, TAX_CATEGORY_ID, CAPABILITY_ID, CREATED_BY, CREATE_DATE) VALUES (PO_ID_SEQ.NEXTVAL, CUR_PRD_ID, '1', '100', '0', '2', CUR_CAPABILITY_ID, 'OFFERMAKER', SYSDATE);
  INSERT INTO PRODUCT_OFFERING_META_DATA (ID, PRODUCT_OFFERING_ID, NAME, VALUE, CREATED_BY, CREATE_DATE) VALUES (PROMD_ID_SEQ.NEXTVAL, PO_ID_SEQ.CURRVAL, 'entitlement_uri', 'http://:hostname:/svc/user/entitlements/archive/size/100/:id:.json', 'OFFERMAKER', SYSDATE);
  INSERT INTO PRODUCT_OFFERING_META_DATA (ID, PRODUCT_OFFERING_ID, NAME, VALUE, CREATED_BY, CREATE_DATE) VALUES (PROMD_ID_SEQ.NEXTVAL, PO_ID_SEQ.CURRVAL, 'DEFAULT_VAT_RATE', '{"*": 0.0}', 'OFFERMAKER', SYSDATE);
  INSERT INTO OFFER_PRODUCT_OFFERING (OFFER_ID, PRODUCT_OFFERING_ID, CREATED_BY, CREATE_DATE) VALUES (OFR_ID_SEQ.CURRVAL, PO_ID_SEQ.CURRVAL, 'OFFERMAKER', SYSDATE);
  BEGIN
    SELECT ID INTO CUR_PRD_ID FROM PRODUCT WHERE NAME = 'TimesMachine' AND PRODUCT_STATUS_ID = 1 AND ROWNUM <= 1;
  EXCEPTION
    WHEN NO_DATA_FOUND THEN
      INSERT INTO PRODUCT (ID, NAME, PRODUCTION_COST, PRODUCT_STATUS_ID, PRODUCT_URI, UNIT_PRICE, CREATED_BY, CREATE_DATE) VALUES (PRD_ID_SEQ.NEXTVAL, 'TimesMachine', '0', 1, NULL, '0', 'OFFERMAKER', SYSDATE);
      SELECT ID INTO CUR_PRD_ID FROM PRODUCT WHERE NAME = 'TimesMachine' AND PRODUCT_STATUS_ID = 1 AND ROWNUM <= 1;
    WHEN OTHERS THEN
      RAISE;
  END;
  SELECT ID INTO CUR_CAPABILITY_ID FROM CAPABILITY WHERE CODE IN LTRIM(RTRIM((UPPER('NONE')))) AND ROWNUM <= 1;
  INSERT INTO PRODUCT_OFFERING (ID, PRODUCT_ID, TAX_POLICY_TYPE_ID, QUANTITY, UNIT_PRICE, TAX_CATEGORY_ID, CAPABILITY_ID, CREATED_BY, CREATE_DATE) VALUES (PO_ID_SEQ.NEXTVAL, CUR_PRD_ID, '1', '28', '0', '2', CUR_CAPABILITY_ID, 'OFFERMAKER', SYSDATE);
  INSERT INTO PRODUCT_OFFERING_META_DATA (ID, PRODUCT_OFFERING_ID, NAME, VALUE, CREATED_BY, CREATE_DATE) VALUES (PROMD_ID_SEQ.NEXTVAL, PO_ID_SEQ.CURRVAL, 'DEFAULT_VAT_RATE', '{"*": 0.0}', 'OFFERMAKER', SYSDATE);
  INSERT INTO OFFER_PRODUCT_OFFERING (OFFER_ID, PRODUCT_OFFERING_ID, CREATED_BY, CREATE_DATE) VALUES (OFR_ID_SEQ.CURRVAL, PO_ID_SEQ.CURRVAL, 'OFFERMAKER', SYSDATE);
  BEGIN
    SELECT ID INTO CUR_PRD_ID FROM PRODUCT WHERE NAME = 'Smartphone' AND PRODUCT_STATUS_ID = 1 AND ROWNUM <= 1;
  EXCEPTION
    WHEN NO_DATA_FOUND THEN
      INSERT INTO PRODUCT (ID, NAME, PRODUCTION_COST, PRODUCT_STATUS_ID, PRODUCT_URI, UNIT_PRICE, CREATED_BY, CREATE_DATE) VALUES (PRD_ID_SEQ.NEXTVAL, 'Smartphone', '0', 1, NULL, '0.178571', 'OFFERMAKER', SYSDATE);
      SELECT ID INTO CUR_PRD_ID FROM PRODUCT WHERE NAME = 'Smartphone' AND PRODUCT_STATUS_ID = 1 AND ROWNUM <= 1;
    WHEN OTHERS THEN
      RAISE;
  END;
  SELECT ID INTO CUR_CAPABILITY_ID FROM CAPABILITY WHERE CODE IN LTRIM(RTRIM((UPPER('MSD')))) AND ROWNUM <= 1;
  INSERT INTO PRODUCT_OFFERING (ID, PRODUCT_ID, TAX_POLICY_TYPE_ID, QUANTITY, UNIT_PRICE, TAX_CATEGORY_ID, CAPABILITY_ID, CREATED_BY, CREATE_DATE) VALUES (PO_ID_SEQ.NEXTVAL, CUR_PRD_ID, '1', '28', '0.178571', '2', CUR_CAPABILITY_ID, 'OFFERMAKER', SYSDATE);
  INSERT INTO PRODUCT_OFFERING_META_DATA (ID, PRODUCT_OFFERING_ID, NAME, VALUE, CREATED_BY, CREATE_DATE) VALUES (PROMD_ID_SEQ.NEXTVAL, PO_ID_SEQ.CURRVAL, 'entitlement_uri', 'http://:hostname:/svc/user/entitlements/msd/:id:.json', 'OFFERMAKER', SYSDATE);
  INSERT INTO PRODUCT_OFFERING_META_DATA (ID, PRODUCT_OFFERING_ID, NAME, VALUE, CREATED_BY, CREATE_DATE) VALUES (PROMD_ID_SEQ.NEXTVAL, PO_ID_SEQ.CURRVAL, 'DEFAULT_VAT_RATE', '{"*": 0.0}', 'OFFERMAKER', SYSDATE);
  INSERT INTO PRODUCT_OFFERING_META_DATA (ID, PRODUCT_OFFERING_ID, NAME, VALUE, CREATED_BY, CREATE_DATE) VALUES (PROMD_ID_SEQ.NEXTVAL, PO_ID_SEQ.CURRVAL, 'capability', 'MSD', 'OFFERMAKER', SYSDATE);
  INSERT INTO OFFER_PRODUCT_OFFERING (OFFER_ID, PRODUCT_OFFERING_ID, CREATED_BY, CREATE_DATE) VALUES (OFR_ID_SEQ.CURRVAL, PO_ID_SEQ.CURRVAL, 'OFFERMAKER', SYSDATE);
  INSERT INTO DISCOUNT (ID, NAME, DESCRIPTION, FIXED_AMOUNT, PERCENT_AMOUNT, DISCOUNT_TYPE_ID, CREATED_BY, CREATE_DATE) VALUES (DSC_ID_SEQ.NEXTVAL, 'Discount', 'Target offer price 15.0 given offer total price 14.999992 and product price -2.66666168889e-06', '-2.66666168889e-06', '0', 1, 'OFFERMAKER', SYSDATE);
  INSERT INTO DISCOUNT_PRODUCT_OFFERING (DISCOUNT_ID, PRODUCT_OFFERING_ID, CREATED_BY, CREATE_DATE) VALUES (DSC_ID_SEQ.CURRVAL, PO_ID_SEQ.CURRVAL, 'OFFERMAKER', SYSDATE);
  INSERT INTO OFFER_OFFER_CHAIN (OFFER_ID, OFFER_CHAIN_ID, INDEX_VALUE, NUM_RECURRENCES, CREATED_BY, CREATE_DATE, updated_by, update_date) VALUES (OFR_ID_SEQ.CURRVAL, 1016782, '2', '-1', 'OFFERMAKER', SYSDATE, 'OFFERMAKER', SYSDATE);
  END;
END;
/

DECLARE
  TMP_VAR NUMBER;
  CUR_PRD_ID NUMBER;
  CUR_CAPABILITY_ID NUMBER;
BEGIN
  BEGIN
    SELECT 1 INTO TMP_VAR FROM OFFER_CHAIN WHERE ID = 1026780 AND ROWNUM <= 1;
    UPDATE OFFER_CHAIN SET NAME='NYTimes: Web + Tablet App', DESCRIPTION='Unlimited access to NYTimes.com and the NYTimes tablet app.*', PRODUCT_URI='', VENDOR_SOURCE_ID='1', BILLING_SOURCE_ID=(SELECT ID FROM BILLING_SOURCE BS WHERE BS.NAME='DD-FAB'), IS_SEAT_LICENSE=0, GROUP_ACCOUNT_TYPE_ID='NO',IS_ADDRESS_REQUIRED=1, OFFER_CHAIN_STATUS_ID = 1, UPDATE_DATE = SYSDATE, UPDATED_BY = 'OFFERMAKER', IS_GIFT_CERTIFICATE='1', REVOKE_ENTITLEMENTS = '0', ADOPTABILITY_WINDOW_START_DATE = to_date('04-Apr-2013 00:00:00','DD-MON-YY HH24:MI:SS'), ADOPTABILITY_WINDOW_END_DATE = to_date('17-Apr-2020 00:00:00','DD-MON-YY HH24:MI:SS') WHERE ID = 1026780;
  EXCEPTION
    WHEN NO_DATA_FOUND THEN
      INSERT INTO OFFER_CHAIN (ID, NAME, DESCRIPTION, ADOPTABILITY_WINDOW_START_DATE, ADOPTABILITY_WINDOW_END_DATE, IS_GIFT_CERTIFICATE, PRODUCT_URI, OFFER_CHAIN_STATUS_ID, REVOKE_ENTITLEMENTS, VENDOR_SOURCE_ID, BILLING_SOURCE_ID, IS_SEAT_LICENSE, GROUP_ACCOUNT_TYPE_ID, IS_ADDRESS_REQUIRED, CREATED_BY, CREATE_DATE, updated_by, update_date) VALUES (1026780, 'NYTimes: Web + Tablet App', 'Unlimited access to NYTimes.com and the NYTimes tablet app.*', to_date('04-Apr-2013 00:00:00','DD-MON-YY HH24:MI:SS'), to_date('17-Apr-2020 00:00:00','DD-MON-YY HH24:MI:SS'), '1', NULL, '1', '0', '1', (SELECT ID FROM BILLING_SOURCE BS WHERE BS.NAME='DD-FAB'), decode('NO','IL',1,0), 'NO', '1', 'OFFERMAKER', SYSDATE, 'OFFERMAKER', SYSDATE);
  END;
  DELETE FROM OFFER_CHAIN_ELIGIBILITY WHERE offer_chain_id = 1026780;
  INSERT INTO OFFER_CHAIN_ELIGIBILITY (ID, OFFER_CHAIN_ID, NAME, VALUE, CREATED_BY, CREATE_DATE) VALUES (ELG_ID_SEQ.NEXTVAL, 1026780, 'IS_COMP', '1', 'OFFERMAKER', SYSDATE);
  DELETE FROM OFFER_CHAIN_META_DATA WHERE offer_chain_id = 1026780;
  INSERT INTO OFFER_CHAIN_META_DATA (ID, OFFER_CHAIN_ID, NAME, VALUE, CREATED_BY, CREATE_DATE) VALUES (OCMD_ID_SEQ.NEXTVAL, 1026780, 'BUNDLE_EXPLANATION', 'Bundle B - FAB 16 Week Sub - Purchase OC', 'OFFERMAKER', SYSDATE);
  INSERT INTO OFFER_CHAIN_META_DATA (ID, OFFER_CHAIN_ID, NAME, VALUE, CREATED_BY, CREATE_DATE) VALUES (OCMD_ID_SEQ.NEXTVAL, 1026780, 'PRICE_DESCRIPTION', '16 Week Bundle B FAB Promotion Subscription for $40.00 - Paid to FAB - Purchase', 'OFFERMAKER', SYSDATE);
  INSERT INTO OFFER_CHAIN_META_DATA (ID, OFFER_CHAIN_ID, NAME, VALUE, CREATED_BY, CREATE_DATE) VALUES (OCMD_ID_SEQ.NEXTVAL, 1026780, 'PRICE_SHORT_DESCRIPTION', 'BNDL B / $0 16 wks FAB GC purch', 'OFFERMAKER', SYSDATE);
  INSERT INTO OFFER_CHAIN_META_DATA (ID, OFFER_CHAIN_ID, NAME, VALUE, CREATED_BY, CREATE_DATE) VALUES (OCMD_ID_SEQ.NEXTVAL, 1026780, 'OFFER_TYPE', 'FAB Subscription for 16 weeks', 'OFFERMAKER', SYSDATE);
  INSERT INTO OFFER_CHAIN_META_DATA (ID, OFFER_CHAIN_ID, NAME, VALUE, CREATED_BY, CREATE_DATE) VALUES (OCMD_ID_SEQ.NEXTVAL, 1026780, 'OFFER_PRICE', '$40 for 16 weeks', 'OFFERMAKER', SYSDATE);
  INSERT INTO OFFER_CHAIN_META_DATA (ID, OFFER_CHAIN_ID, NAME, VALUE, CREATED_BY, CREATE_DATE) VALUES (OCMD_ID_SEQ.NEXTVAL, 1026780, 'PROMO_PRICE_FOOTER_LABEL', '16 Weeks', 'OFFERMAKER', SYSDATE);
  INSERT INTO OFFER_CHAIN_META_DATA (ID, OFFER_CHAIN_ID, NAME, VALUE, CREATED_BY, CREATE_DATE) VALUES (OCMD_ID_SEQ.NEXTVAL, 1026780, 'BILLING_CYCLE', '16 week subscription', 'OFFERMAKER', SYSDATE);
  INSERT INTO OFFER_CHAIN_META_DATA (ID, OFFER_CHAIN_ID, NAME, VALUE, CREATED_BY, CREATE_DATE) VALUES (OCMD_ID_SEQ.NEXTVAL, 1026780, 'SUBSCRIBER_TYPE', 'Daily Deals', 'OFFERMAKER', SYSDATE);
  INSERT INTO OFFER_CHAIN_META_DATA (ID, OFFER_CHAIN_ID, NAME, VALUE, CREATED_BY, CREATE_DATE) VALUES (OCMD_ID_SEQ.NEXTVAL, 1026780, 'redemption offer chain id', '1026781, 1026782', 'OFFERMAKER', SYSDATE);
  INSERT INTO OFFER_CHAIN_META_DATA (ID, OFFER_CHAIN_ID, NAME, VALUE, CREATED_BY, CREATE_DATE) VALUES (OCMD_ID_SEQ.NEXTVAL, 1026780, 'BUNDLE', 'Bundle B (Web+Tab)', 'OFFERMAKER', SYSDATE);
  INSERT INTO OFFER_CHAIN_META_DATA (ID, OFFER_CHAIN_ID, NAME, VALUE, CREATED_BY, CREATE_DATE) VALUES (OCMD_ID_SEQ.NEXTVAL, 1026780, 'ADX_BUNDLE', 'MM_PROMO', 'OFFERMAKER', SYSDATE);
  INSERT INTO OFFER_CHAIN_META_DATA (ID, OFFER_CHAIN_ID, NAME, VALUE, CREATED_BY, CREATE_DATE) VALUES (OCMD_ID_SEQ.NEXTVAL, 1026780, 'SIEBEL_CAMPAIGN_CODE', '3JQLY', 'OFFERMAKER', SYSDATE);
  INSERT INTO OFFER_CHAIN_META_DATA (ID, OFFER_CHAIN_ID, NAME, VALUE, CREATED_BY, CREATE_DATE) VALUES (OCMD_ID_SEQ.NEXTVAL, 1026780, 'IS_COMP', '1', 'OFFERMAKER', SYSDATE);
  INSERT INTO OFFER_CHAIN_META_DATA (ID, OFFER_CHAIN_ID, NAME, VALUE, CREATED_BY, CREATE_DATE) VALUES (OCMD_ID_SEQ.NEXTVAL, 1026780, 'ANNUAL_PRICE', '260.00', 'OFFERMAKER', SYSDATE);
  INSERT INTO OFFER_CHAIN_META_DATA (ID, OFFER_CHAIN_ID, NAME, VALUE, CREATED_BY, CREATE_DATE) VALUES (OCMD_ID_SEQ.NEXTVAL, 1026780, 'UID', '1d09483a395061ebb17f60e3d41560dc990812f62080dccd8e7358ed2b07d717', 'OFFERMAKER', SYSDATE);
  DELETE FROM OFFER_CHAIN_NOTIFICATION_TYPE WHERE offer_chain_id = 1026780;
  BEGIN
    SELECT 1 INTO TMP_VAR FROM OFFER_OFFER_CHAIN WHERE OFFER_CHAIN_ID = 1026780 AND INDEX_VALUE = 0 AND ROWNUM <= 1;
  EXCEPTION
    WHEN NO_DATA_FOUND THEN
  INSERT INTO OFFER (ID, OFFER_STATUS_ID, ENTITLEMENT_DURATION, CREATED_BY, CREATE_DATE, updated_by, update_date) VALUES (OFR_ID_SEQ.NEXTVAL, 1, 'P0Y0M112DT0H0M', 'OFFERMAKER', SYSDATE, 'OFFERMAKER', SYSDATE);
  BEGIN
    SELECT ID INTO CUR_PRD_ID FROM PRODUCT WHERE NAME = 'Web' AND PRODUCT_STATUS_ID = 1 AND ROWNUM <= 1;
  EXCEPTION
    WHEN NO_DATA_FOUND THEN
      INSERT INTO PRODUCT (ID, NAME, PRODUCTION_COST, PRODUCT_STATUS_ID, PRODUCT_URI, UNIT_PRICE, CREATED_BY, CREATE_DATE) VALUES (PRD_ID_SEQ.NEXTVAL, 'Web', '0', 1, NULL, '0', 'OFFERMAKER', SYSDATE);
      SELECT ID INTO CUR_PRD_ID FROM PRODUCT WHERE NAME = 'Web' AND PRODUCT_STATUS_ID = 1 AND ROWNUM <= 1;
    WHEN OTHERS THEN
      RAISE;
  END;
  SELECT ID INTO CUR_CAPABILITY_ID FROM CAPABILITY WHERE CODE IN LTRIM(RTRIM((UPPER('MM')))) AND ROWNUM <= 1;
  INSERT INTO PRODUCT_OFFERING (ID, PRODUCT_ID, TAX_POLICY_TYPE_ID, QUANTITY, UNIT_PRICE, TAX_CATEGORY_ID, CAPABILITY_ID, CREATED_BY, CREATE_DATE) VALUES (PO_ID_SEQ.NEXTVAL, CUR_PRD_ID, '1', '112', '0', '2', CUR_CAPABILITY_ID, 'OFFERMAKER', SYSDATE);
  INSERT INTO PRODUCT_OFFERING_META_DATA (ID, PRODUCT_OFFERING_ID, NAME, VALUE, CREATED_BY, CREATE_DATE) VALUES (PROMD_ID_SEQ.NEXTVAL, PO_ID_SEQ.CURRVAL, 'entitlement_uri', 'http://:hostname:/svc/user/entitlements/mm/:id:.json', 'OFFERMAKER', SYSDATE);
  INSERT INTO PRODUCT_OFFERING_META_DATA (ID, PRODUCT_OFFERING_ID, NAME, VALUE, CREATED_BY, CREATE_DATE) VALUES (PROMD_ID_SEQ.NEXTVAL, PO_ID_SEQ.CURRVAL, 'DEFAULT_VAT_RATE', '{"*": 0.0}', 'OFFERMAKER', SYSDATE);
  INSERT INTO PRODUCT_OFFERING_META_DATA (ID, PRODUCT_OFFERING_ID, NAME, VALUE, CREATED_BY, CREATE_DATE) VALUES (PROMD_ID_SEQ.NEXTVAL, PO_ID_SEQ.CURRVAL, 'capability', 'MM', 'OFFERMAKER', SYSDATE);
  INSERT INTO OFFER_PRODUCT_OFFERING (OFFER_ID, PRODUCT_OFFERING_ID, CREATED_BY, CREATE_DATE) VALUES (OFR_ID_SEQ.CURRVAL, PO_ID_SEQ.CURRVAL, 'OFFERMAKER', SYSDATE);
  BEGIN
    SELECT ID INTO CUR_PRD_ID FROM PRODUCT WHERE NAME = 'Mobile' AND PRODUCT_STATUS_ID = 1 AND ROWNUM <= 1;
  EXCEPTION
    WHEN NO_DATA_FOUND THEN
      INSERT INTO PRODUCT (ID, NAME, PRODUCTION_COST, PRODUCT_STATUS_ID, PRODUCT_URI, UNIT_PRICE, CREATED_BY, CREATE_DATE) VALUES (PRD_ID_SEQ.NEXTVAL, 'Mobile', '0', 1, NULL, '0', 'OFFERMAKER', SYSDATE);
      SELECT ID INTO CUR_PRD_ID FROM PRODUCT WHERE NAME = 'Mobile' AND PRODUCT_STATUS_ID = 1 AND ROWNUM <= 1;
    WHEN OTHERS THEN
      RAISE;
  END;
  SELECT ID INTO CUR_CAPABILITY_ID FROM CAPABILITY WHERE CODE IN LTRIM(RTRIM((UPPER('MOW')))) AND ROWNUM <= 1;
  INSERT INTO PRODUCT_OFFERING (ID, PRODUCT_ID, TAX_POLICY_TYPE_ID, QUANTITY, UNIT_PRICE, TAX_CATEGORY_ID, CAPABILITY_ID, CREATED_BY, CREATE_DATE) VALUES (PO_ID_SEQ.NEXTVAL, CUR_PRD_ID, '1', '112', '0', '2', CUR_CAPABILITY_ID, 'OFFERMAKER', SYSDATE);
  INSERT INTO PRODUCT_OFFERING_META_DATA (ID, PRODUCT_OFFERING_ID, NAME, VALUE, CREATED_BY, CREATE_DATE) VALUES (PROMD_ID_SEQ.NEXTVAL, PO_ID_SEQ.CURRVAL, 'entitlement_uri', 'http://:hostname:/svc/user/entitlements/mow/:id:.json', 'OFFERMAKER', SYSDATE);
  INSERT INTO PRODUCT_OFFERING_META_DATA (ID, PRODUCT_OFFERING_ID, NAME, VALUE, CREATED_BY, CREATE_DATE) VALUES (PROMD_ID_SEQ.NEXTVAL, PO_ID_SEQ.CURRVAL, 'DEFAULT_VAT_RATE', '{"*": 0.0}', 'OFFERMAKER', SYSDATE);
  INSERT INTO PRODUCT_OFFERING_META_DATA (ID, PRODUCT_OFFERING_ID, NAME, VALUE, CREATED_BY, CREATE_DATE) VALUES (PROMD_ID_SEQ.NEXTVAL, PO_ID_SEQ.CURRVAL, 'capability', 'MOW', 'OFFERMAKER', SYSDATE);
  INSERT INTO OFFER_PRODUCT_OFFERING (OFFER_ID, PRODUCT_OFFERING_ID, CREATED_BY, CREATE_DATE) VALUES (OFR_ID_SEQ.CURRVAL, PO_ID_SEQ.CURRVAL, 'OFFERMAKER', SYSDATE);
  BEGIN
    SELECT ID INTO CUR_PRD_ID FROM PRODUCT WHERE NAME = 'Archive Article' AND PRODUCT_STATUS_ID = 1 AND ROWNUM <= 1;
  EXCEPTION
    WHEN NO_DATA_FOUND THEN
      INSERT INTO PRODUCT (ID, NAME, PRODUCTION_COST, PRODUCT_STATUS_ID, PRODUCT_URI, UNIT_PRICE, CREATED_BY, CREATE_DATE) VALUES (PRD_ID_SEQ.NEXTVAL, 'Archive Article', '0', 1, NULL, '0', 'OFFERMAKER', SYSDATE);
      SELECT ID INTO CUR_PRD_ID FROM PRODUCT WHERE NAME = 'Archive Article' AND PRODUCT_STATUS_ID = 1 AND ROWNUM <= 1;
    WHEN OTHERS THEN
      RAISE;
  END;
  SELECT ID INTO CUR_CAPABILITY_ID FROM CAPABILITY WHERE CODE IN LTRIM(RTRIM((UPPER('AAA')))) AND ROWNUM <= 1;
  INSERT INTO PRODUCT_OFFERING (ID, PRODUCT_ID, TAX_POLICY_TYPE_ID, QUANTITY, UNIT_PRICE, TAX_CATEGORY_ID, CAPABILITY_ID, CREATED_BY, CREATE_DATE) VALUES (PO_ID_SEQ.NEXTVAL, CUR_PRD_ID, '1', '400', '0', '2', CUR_CAPABILITY_ID, 'OFFERMAKER', SYSDATE);
  INSERT INTO PRODUCT_OFFERING_META_DATA (ID, PRODUCT_OFFERING_ID, NAME, VALUE, CREATED_BY, CREATE_DATE) VALUES (PROMD_ID_SEQ.NEXTVAL, PO_ID_SEQ.CURRVAL, 'entitlement_uri', 'http://:hostname:/svc/user/entitlements/archive/size/400/:id:.json', 'OFFERMAKER', SYSDATE);
  INSERT INTO PRODUCT_OFFERING_META_DATA (ID, PRODUCT_OFFERING_ID, NAME, VALUE, CREATED_BY, CREATE_DATE) VALUES (PROMD_ID_SEQ.NEXTVAL, PO_ID_SEQ.CURRVAL, 'DEFAULT_VAT_RATE', '{"*": 0.0}', 'OFFERMAKER', SYSDATE);
  INSERT INTO OFFER_PRODUCT_OFFERING (OFFER_ID, PRODUCT_OFFERING_ID, CREATED_BY, CREATE_DATE) VALUES (OFR_ID_SEQ.CURRVAL, PO_ID_SEQ.CURRVAL, 'OFFERMAKER', SYSDATE);
  BEGIN
    SELECT ID INTO CUR_PRD_ID FROM PRODUCT WHERE NAME = 'TimesMachine' AND PRODUCT_STATUS_ID = 1 AND ROWNUM <= 1;
  EXCEPTION
    WHEN NO_DATA_FOUND THEN
      INSERT INTO PRODUCT (ID, NAME, PRODUCTION_COST, PRODUCT_STATUS_ID, PRODUCT_URI, UNIT_PRICE, CREATED_BY, CREATE_DATE) VALUES (PRD_ID_SEQ.NEXTVAL, 'TimesMachine', '0', 1, NULL, '0', 'OFFERMAKER', SYSDATE);
      SELECT ID INTO CUR_PRD_ID FROM PRODUCT WHERE NAME = 'TimesMachine' AND PRODUCT_STATUS_ID = 1 AND ROWNUM <= 1;
    WHEN OTHERS THEN
      RAISE;
  END;
  SELECT ID INTO CUR_CAPABILITY_ID FROM CAPABILITY WHERE CODE IN LTRIM(RTRIM((UPPER('NONE')))) AND ROWNUM <= 1;
  INSERT INTO PRODUCT_OFFERING (ID, PRODUCT_ID, TAX_POLICY_TYPE_ID, QUANTITY, UNIT_PRICE, TAX_CATEGORY_ID, CAPABILITY_ID, CREATED_BY, CREATE_DATE) VALUES (PO_ID_SEQ.NEXTVAL, CUR_PRD_ID, '1', '112', '0', '2', CUR_CAPABILITY_ID, 'OFFERMAKER', SYSDATE);
  INSERT INTO PRODUCT_OFFERING_META_DATA (ID, PRODUCT_OFFERING_ID, NAME, VALUE, CREATED_BY, CREATE_DATE) VALUES (PROMD_ID_SEQ.NEXTVAL, PO_ID_SEQ.CURRVAL, 'DEFAULT_VAT_RATE', '{"*": 0.0}', 'OFFERMAKER', SYSDATE);
  INSERT INTO OFFER_PRODUCT_OFFERING (OFFER_ID, PRODUCT_OFFERING_ID, CREATED_BY, CREATE_DATE) VALUES (OFR_ID_SEQ.CURRVAL, PO_ID_SEQ.CURRVAL, 'OFFERMAKER', SYSDATE);
  BEGIN
    SELECT ID INTO CUR_PRD_ID FROM PRODUCT WHERE NAME = 'Tablet' AND PRODUCT_STATUS_ID = 1 AND ROWNUM <= 1;
  EXCEPTION
    WHEN NO_DATA_FOUND THEN
      INSERT INTO PRODUCT (ID, NAME, PRODUCTION_COST, PRODUCT_STATUS_ID, PRODUCT_URI, UNIT_PRICE, CREATED_BY, CREATE_DATE) VALUES (PRD_ID_SEQ.NEXTVAL, 'Tablet', '0', 1, NULL, '0', 'OFFERMAKER', SYSDATE);
      SELECT ID INTO CUR_PRD_ID FROM PRODUCT WHERE NAME = 'Tablet' AND PRODUCT_STATUS_ID = 1 AND ROWNUM <= 1;
    WHEN OTHERS THEN
      RAISE;
  END;
  SELECT ID INTO CUR_CAPABILITY_ID FROM CAPABILITY WHERE CODE IN LTRIM(RTRIM((UPPER('MTD')))) AND ROWNUM <= 1;
  INSERT INTO PRODUCT_OFFERING (ID, PRODUCT_ID, TAX_POLICY_TYPE_ID, QUANTITY, UNIT_PRICE, TAX_CATEGORY_ID, CAPABILITY_ID, CREATED_BY, CREATE_DATE) VALUES (PO_ID_SEQ.NEXTVAL, CUR_PRD_ID, '1', '112', '0', '2', CUR_CAPABILITY_ID, 'OFFERMAKER', SYSDATE);
  INSERT INTO PRODUCT_OFFERING_META_DATA (ID, PRODUCT_OFFERING_ID, NAME, VALUE, CREATED_BY, CREATE_DATE) VALUES (PROMD_ID_SEQ.NEXTVAL, PO_ID_SEQ.CURRVAL, 'entitlement_uri', 'http://:hostname:/svc/user/entitlements/mtd/:id:.json', 'OFFERMAKER', SYSDATE);
  INSERT INTO PRODUCT_OFFERING_META_DATA (ID, PRODUCT_OFFERING_ID, NAME, VALUE, CREATED_BY, CREATE_DATE) VALUES (PROMD_ID_SEQ.NEXTVAL, PO_ID_SEQ.CURRVAL, 'DEFAULT_VAT_RATE', '{"*": 0.0}', 'OFFERMAKER', SYSDATE);
  INSERT INTO PRODUCT_OFFERING_META_DATA (ID, PRODUCT_OFFERING_ID, NAME, VALUE, CREATED_BY, CREATE_DATE) VALUES (PROMD_ID_SEQ.NEXTVAL, PO_ID_SEQ.CURRVAL, 'capability', 'MTD', 'OFFERMAKER', SYSDATE);
  INSERT INTO OFFER_PRODUCT_OFFERING (OFFER_ID, PRODUCT_OFFERING_ID, CREATED_BY, CREATE_DATE) VALUES (OFR_ID_SEQ.CURRVAL, PO_ID_SEQ.CURRVAL, 'OFFERMAKER', SYSDATE);
  BEGIN
    SELECT ID INTO CUR_PRD_ID FROM PRODUCT WHERE NAME = 'TimesReader' AND PRODUCT_STATUS_ID = 1 AND ROWNUM <= 1;
  EXCEPTION
    WHEN NO_DATA_FOUND THEN
      INSERT INTO PRODUCT (ID, NAME, PRODUCTION_COST, PRODUCT_STATUS_ID, PRODUCT_URI, UNIT_PRICE, CREATED_BY, CREATE_DATE) VALUES (PRD_ID_SEQ.NEXTVAL, 'TimesReader', '0', 1, NULL, '0', 'OFFERMAKER', SYSDATE);
      SELECT ID INTO CUR_PRD_ID FROM PRODUCT WHERE NAME = 'TimesReader' AND PRODUCT_STATUS_ID = 1 AND ROWNUM <= 1;
    WHEN OTHERS THEN
      RAISE;
  END;
  SELECT ID INTO CUR_CAPABILITY_ID FROM CAPABILITY WHERE CODE IN LTRIM(RTRIM((UPPER('TNR')))) AND ROWNUM <= 1;
  INSERT INTO PRODUCT_OFFERING (ID, PRODUCT_ID, TAX_POLICY_TYPE_ID, QUANTITY, UNIT_PRICE, TAX_CATEGORY_ID, CAPABILITY_ID, CREATED_BY, CREATE_DATE) VALUES (PO_ID_SEQ.NEXTVAL, CUR_PRD_ID, '1', '112', '0', '2', CUR_CAPABILITY_ID, 'OFFERMAKER', SYSDATE);
  INSERT INTO PRODUCT_OFFERING_META_DATA (ID, PRODUCT_OFFERING_ID, NAME, VALUE, CREATED_BY, CREATE_DATE) VALUES (PROMD_ID_SEQ.NEXTVAL, PO_ID_SEQ.CURRVAL, 'entitlement_uri', 'http://:hostname:/svc/user/entitlements/timesreader/:id:.json', 'OFFERMAKER', SYSDATE);
  INSERT INTO PRODUCT_OFFERING_META_DATA (ID, PRODUCT_OFFERING_ID, NAME, VALUE, CREATED_BY, CREATE_DATE) VALUES (PROMD_ID_SEQ.NEXTVAL, PO_ID_SEQ.CURRVAL, 'capability', 'TNR', 'OFFERMAKER', SYSDATE);
  INSERT INTO PRODUCT_OFFERING_META_DATA (ID, PRODUCT_OFFERING_ID, NAME, VALUE, CREATED_BY, CREATE_DATE) VALUES (PROMD_ID_SEQ.NEXTVAL, PO_ID_SEQ.CURRVAL, 'DEFAULT_VAT_RATE', '{"*": 0.0}', 'OFFERMAKER', SYSDATE);
  INSERT INTO OFFER_PRODUCT_OFFERING (OFFER_ID, PRODUCT_OFFERING_ID, CREATED_BY, CREATE_DATE) VALUES (OFR_ID_SEQ.CURRVAL, PO_ID_SEQ.CURRVAL, 'OFFERMAKER', SYSDATE);
  INSERT INTO OFFER_OFFER_CHAIN (OFFER_ID, OFFER_CHAIN_ID, INDEX_VALUE, NUM_RECURRENCES, CREATED_BY, CREATE_DATE, updated_by, update_date) VALUES (OFR_ID_SEQ.CURRVAL, 1026780, '0', '1', 'OFFERMAKER', SYSDATE, 'OFFERMAKER', SYSDATE);
  END;
END;
/

DECLARE
  TMP_VAR NUMBER;
  CUR_PRD_ID NUMBER;
  CUR_CAPABILITY_ID NUMBER;
BEGIN
  BEGIN
    SELECT 1 INTO TMP_VAR FROM OFFER_CHAIN WHERE ID = 1026781 AND ROWNUM <= 1;
    UPDATE OFFER_CHAIN SET NAME='NYTimes: Web + Tablet App', DESCRIPTION='Unlimited access to NYTimes.com and the NYTimes tablet app.*', PRODUCT_URI='', VENDOR_SOURCE_ID='1', BILLING_SOURCE_ID=(SELECT ID FROM BILLING_SOURCE BS WHERE BS.NAME='DD-FAB'), IS_SEAT_LICENSE=0, GROUP_ACCOUNT_TYPE_ID='NO',IS_ADDRESS_REQUIRED=1, OFFER_CHAIN_STATUS_ID = 1, UPDATE_DATE = SYSDATE, UPDATED_BY = 'OFFERMAKER', IS_GIFT_CERTIFICATE='0', REVOKE_ENTITLEMENTS = '0', ADOPTABILITY_WINDOW_START_DATE = to_date('04-Apr-2013 00:00:00','DD-MON-YY HH24:MI:SS'), ADOPTABILITY_WINDOW_END_DATE = to_date('17-Apr-2020 00:00:00','DD-MON-YY HH24:MI:SS') WHERE ID = 1026781;
  EXCEPTION
    WHEN NO_DATA_FOUND THEN
      INSERT INTO OFFER_CHAIN (ID, NAME, DESCRIPTION, ADOPTABILITY_WINDOW_START_DATE, ADOPTABILITY_WINDOW_END_DATE, IS_GIFT_CERTIFICATE, PRODUCT_URI, OFFER_CHAIN_STATUS_ID, REVOKE_ENTITLEMENTS, VENDOR_SOURCE_ID, BILLING_SOURCE_ID, IS_SEAT_LICENSE, GROUP_ACCOUNT_TYPE_ID, IS_ADDRESS_REQUIRED, CREATED_BY, CREATE_DATE, updated_by, update_date) VALUES (1026781, 'NYTimes: Web + Tablet App', 'Unlimited access to NYTimes.com and the NYTimes tablet app.*', to_date('04-Apr-2013 00:00:00','DD-MON-YY HH24:MI:SS'), to_date('17-Apr-2020 00:00:00','DD-MON-YY HH24:MI:SS'), '0', NULL, '1', '0', '1', (SELECT ID FROM BILLING_SOURCE BS WHERE BS.NAME='DD-FAB'), decode('NO','IL',1,0), 'NO', '1', 'OFFERMAKER', SYSDATE, 'OFFERMAKER', SYSDATE);
  END;
  DELETE FROM OFFER_CHAIN_ELIGIBILITY WHERE offer_chain_id = 1026781;
  INSERT INTO OFFER_CHAIN_ELIGIBILITY (ID, OFFER_CHAIN_ID, NAME, VALUE, CREATED_BY, CREATE_DATE) VALUES (ELG_ID_SEQ.NEXTVAL, 1026781, 'GIFT CERTIFICATE REQUIRED', '1', 'OFFERMAKER', SYSDATE);
  INSERT INTO OFFER_CHAIN_ELIGIBILITY (ID, OFFER_CHAIN_ID, NAME, VALUE, CREATED_BY, CREATE_DATE) VALUES (ELG_ID_SEQ.NEXTVAL, 1026781, 'IS_COMP', '1', 'OFFERMAKER', SYSDATE);
  INSERT INTO OFFER_CHAIN_ELIGIBILITY (ID, OFFER_CHAIN_ID, NAME, VALUE, CREATED_BY, CREATE_DATE) VALUES (ELG_ID_SEQ.NEXTVAL, 1026781, 'MAX_CONCURRENT_SUBS', '1', 'OFFERMAKER', SYSDATE);
  DELETE FROM OFFER_CHAIN_META_DATA WHERE offer_chain_id = 1026781;
  INSERT INTO OFFER_CHAIN_META_DATA (ID, OFFER_CHAIN_ID, NAME, VALUE, CREATED_BY, CREATE_DATE) VALUES (OCMD_ID_SEQ.NEXTVAL, 1026781, 'BUNDLE_EXPLANATION', 'Bundle B - FAB 16 Week Sub - Redeem OC', 'OFFERMAKER', SYSDATE);
  INSERT INTO OFFER_CHAIN_META_DATA (ID, OFFER_CHAIN_ID, NAME, VALUE, CREATED_BY, CREATE_DATE) VALUES (OCMD_ID_SEQ.NEXTVAL, 1026781, 'PRICE_DESCRIPTION', '16 Week Bundle B FAB Promotion Subscription for $40.00 - Paid to FAB - Redemption', 'OFFERMAKER', SYSDATE);
  INSERT INTO OFFER_CHAIN_META_DATA (ID, OFFER_CHAIN_ID, NAME, VALUE, CREATED_BY, CREATE_DATE) VALUES (OCMD_ID_SEQ.NEXTVAL, 1026781, 'PRICE_SHORT_DESCRIPTION', 'BNDL B / $0 16 wks FAB GC redemp', 'OFFERMAKER', SYSDATE);
  INSERT INTO OFFER_CHAIN_META_DATA (ID, OFFER_CHAIN_ID, NAME, VALUE, CREATED_BY, CREATE_DATE) VALUES (OCMD_ID_SEQ.NEXTVAL, 1026781, 'OFFER_TYPE', 'FAB Subscription for 16 weeks', 'OFFERMAKER', SYSDATE);
  INSERT INTO OFFER_CHAIN_META_DATA (ID, OFFER_CHAIN_ID, NAME, VALUE, CREATED_BY, CREATE_DATE) VALUES (OCMD_ID_SEQ.NEXTVAL, 1026781, 'OFFER_PRICE', '$40 for 16 weeks', 'OFFERMAKER', SYSDATE);
  INSERT INTO OFFER_CHAIN_META_DATA (ID, OFFER_CHAIN_ID, NAME, VALUE, CREATED_BY, CREATE_DATE) VALUES (OCMD_ID_SEQ.NEXTVAL, 1026781, 'PROMO_PRICE_FOOTER_LABEL', '16 Weeks', 'OFFERMAKER', SYSDATE);
  INSERT INTO OFFER_CHAIN_META_DATA (ID, OFFER_CHAIN_ID, NAME, VALUE, CREATED_BY, CREATE_DATE) VALUES (OCMD_ID_SEQ.NEXTVAL, 1026781, 'BILLING_CYCLE', '16 week subscription', 'OFFERMAKER', SYSDATE);
  INSERT INTO OFFER_CHAIN_META_DATA (ID, OFFER_CHAIN_ID, NAME, VALUE, CREATED_BY, CREATE_DATE) VALUES (OCMD_ID_SEQ.NEXTVAL, 1026781, 'SUBSCRIBER_TYPE', 'Daily Deals', 'OFFERMAKER', SYSDATE);
  INSERT INTO OFFER_CHAIN_META_DATA (ID, OFFER_CHAIN_ID, NAME, VALUE, CREATED_BY, CREATE_DATE) VALUES (OCMD_ID_SEQ.NEXTVAL, 1026781, 'BUNDLE', 'Bundle B (Web+Tab)', 'OFFERMAKER', SYSDATE);
  INSERT INTO OFFER_CHAIN_META_DATA (ID, OFFER_CHAIN_ID, NAME, VALUE, CREATED_BY, CREATE_DATE) VALUES (OCMD_ID_SEQ.NEXTVAL, 1026781, 'ADX_BUNDLE', 'MM_PROMO', 'OFFERMAKER', SYSDATE);
  INSERT INTO OFFER_CHAIN_META_DATA (ID, OFFER_CHAIN_ID, NAME, VALUE, CREATED_BY, CREATE_DATE) VALUES (OCMD_ID_SEQ.NEXTVAL, 1026781, 'SIEBEL_CAMPAIGN_CODE', '3JQQ3', 'OFFERMAKER', SYSDATE);
  INSERT INTO OFFER_CHAIN_META_DATA (ID, OFFER_CHAIN_ID, NAME, VALUE, CREATED_BY, CREATE_DATE) VALUES (OCMD_ID_SEQ.NEXTVAL, 1026781, 'IS_COMP', '1', 'OFFERMAKER', SYSDATE);
  INSERT INTO OFFER_CHAIN_META_DATA (ID, OFFER_CHAIN_ID, NAME, VALUE, CREATED_BY, CREATE_DATE) VALUES (OCMD_ID_SEQ.NEXTVAL, 1026781, 'ANNUAL_PRICE', '260.00', 'OFFERMAKER', SYSDATE);
  INSERT INTO OFFER_CHAIN_META_DATA (ID, OFFER_CHAIN_ID, NAME, VALUE, CREATED_BY, CREATE_DATE) VALUES (OCMD_ID_SEQ.NEXTVAL, 1026781, 'UID', 'b96f8d4bb6db28c0b778b53989e6f378c66c1967a30ea8a616d633fef7507cbe', 'OFFERMAKER', SYSDATE);
  DELETE FROM OFFER_CHAIN_NOTIFICATION_TYPE WHERE offer_chain_id = 1026781;
  BEGIN
    SELECT 1 INTO TMP_VAR FROM ACTION WHERE NAME = 'GC_REDEEMER_ON_REDEEM';
  EXCEPTION
    WHEN NO_DATA_FOUND THEN
      INSERT INTO ACTION (ID, NAME, CREATE_DATE, CREATED_BY) VALUES (ACTION_ID_SEQ.NEXTVAL, 'GC_REDEEMER_ON_REDEEM', SYSDATE, 'OFFERMAKER');
  END;
  BEGIN
    SELECT 1 INTO TMP_VAR FROM CORE_OWNER.NOTIFICATION_TYPE WHERE VALUE = 'redeemer-access-fab-B';
  EXCEPTION
    WHEN NO_DATA_FOUND THEN NULL;
      INSERT INTO CORE_OWNER.NOTIFICATION_TYPE (ID, VALUE, TEMPLATE_URL) VALUES (CORE_OWNER.NOTTID_SEQ.NEXTVAL, 'redeemer-access-fab-B', 'N/A');
  END;
  BEGIN
    SELECT 1 INTO TMP_VAR FROM ACTION WHERE NAME = 'CLOSE_SUBSCRIPTION';
  EXCEPTION
    WHEN NO_DATA_FOUND THEN
      INSERT INTO ACTION (ID, NAME, CREATE_DATE, CREATED_BY) VALUES (ACTION_ID_SEQ.NEXTVAL, 'CLOSE_SUBSCRIPTION', SYSDATE, 'OFFERMAKER');
  END;
  BEGIN
    SELECT 1 INTO TMP_VAR FROM CORE_OWNER.NOTIFICATION_TYPE WHERE VALUE = 'sartre-sub-expired';
  EXCEPTION
    WHEN NO_DATA_FOUND THEN NULL;
      INSERT INTO CORE_OWNER.NOTIFICATION_TYPE (ID, VALUE, TEMPLATE_URL) VALUES (CORE_OWNER.NOTTID_SEQ.NEXTVAL, 'sartre-sub-expired', 'N/A');
  END;
  INSERT INTO OFFER_CHAIN_NOTIFICATION_TYPE (ID, OFFER_CHAIN_ID, NOTIFICATION_TYPE_ID, ACTION_ID, CREATED_BY, CREATE_DATE) VALUES (OCET_ID_SEQ.NEXTVAL, 1026781, (SELECT ID FROM CORE_OWNER.NOTIFICATION_TYPE WHERE VALUE = 'redeemer-access-fab-B'), (SELECT ID FROM ACTION WHERE NAME = 'GC_REDEEMER_ON_REDEEM'), 'OFFERMAKER', SYSDATE);
  INSERT INTO OFFER_CHAIN_NOTIFICATION_TYPE (ID, OFFER_CHAIN_ID, NOTIFICATION_TYPE_ID, ACTION_ID, CREATED_BY, CREATE_DATE) VALUES (OCET_ID_SEQ.NEXTVAL, 1026781, (SELECT ID FROM CORE_OWNER.NOTIFICATION_TYPE WHERE VALUE = 'sartre-sub-expired'), (SELECT ID FROM ACTION WHERE NAME = 'CLOSE_SUBSCRIPTION'), 'OFFERMAKER', SYSDATE);
  BEGIN
    SELECT 1 INTO TMP_VAR FROM OFFER_OFFER_CHAIN WHERE OFFER_CHAIN_ID = 1026781 AND INDEX_VALUE = 0 AND ROWNUM <= 1;
  EXCEPTION
    WHEN NO_DATA_FOUND THEN
  INSERT INTO OFFER (ID, OFFER_STATUS_ID, ENTITLEMENT_DURATION, CREATED_BY, CREATE_DATE, updated_by, update_date) VALUES (OFR_ID_SEQ.NEXTVAL, 1, 'P0Y0M112DT0H0M', 'OFFERMAKER', SYSDATE, 'OFFERMAKER', SYSDATE);
  BEGIN
    SELECT ID INTO CUR_PRD_ID FROM PRODUCT WHERE NAME = 'Web' AND PRODUCT_STATUS_ID = 1 AND ROWNUM <= 1;
  EXCEPTION
    WHEN NO_DATA_FOUND THEN
      INSERT INTO PRODUCT (ID, NAME, PRODUCTION_COST, PRODUCT_STATUS_ID, PRODUCT_URI, UNIT_PRICE, CREATED_BY, CREATE_DATE) VALUES (PRD_ID_SEQ.NEXTVAL, 'Web', '0', 1, NULL, '0', 'OFFERMAKER', SYSDATE);
      SELECT ID INTO CUR_PRD_ID FROM PRODUCT WHERE NAME = 'Web' AND PRODUCT_STATUS_ID = 1 AND ROWNUM <= 1;
    WHEN OTHERS THEN
      RAISE;
  END;
  SELECT ID INTO CUR_CAPABILITY_ID FROM CAPABILITY WHERE CODE IN LTRIM(RTRIM((UPPER('MM')))) AND ROWNUM <= 1;
  INSERT INTO PRODUCT_OFFERING (ID, PRODUCT_ID, TAX_POLICY_TYPE_ID, QUANTITY, UNIT_PRICE, TAX_CATEGORY_ID, CAPABILITY_ID, CREATED_BY, CREATE_DATE) VALUES (PO_ID_SEQ.NEXTVAL, CUR_PRD_ID, '1', '112', '0', '2', CUR_CAPABILITY_ID, 'OFFERMAKER', SYSDATE);
  INSERT INTO PRODUCT_OFFERING_META_DATA (ID, PRODUCT_OFFERING_ID, NAME, VALUE, CREATED_BY, CREATE_DATE) VALUES (PROMD_ID_SEQ.NEXTVAL, PO_ID_SEQ.CURRVAL, 'entitlement_uri', 'http://:hostname:/svc/user/entitlements/mm/:id:.json', 'OFFERMAKER', SYSDATE);
  INSERT INTO PRODUCT_OFFERING_META_DATA (ID, PRODUCT_OFFERING_ID, NAME, VALUE, CREATED_BY, CREATE_DATE) VALUES (PROMD_ID_SEQ.NEXTVAL, PO_ID_SEQ.CURRVAL, 'DEFAULT_VAT_RATE', '{"*": 0.0}', 'OFFERMAKER', SYSDATE);
  INSERT INTO PRODUCT_OFFERING_META_DATA (ID, PRODUCT_OFFERING_ID, NAME, VALUE, CREATED_BY, CREATE_DATE) VALUES (PROMD_ID_SEQ.NEXTVAL, PO_ID_SEQ.CURRVAL, 'capability', 'MM', 'OFFERMAKER', SYSDATE);
  INSERT INTO OFFER_PRODUCT_OFFERING (OFFER_ID, PRODUCT_OFFERING_ID, CREATED_BY, CREATE_DATE) VALUES (OFR_ID_SEQ.CURRVAL, PO_ID_SEQ.CURRVAL, 'OFFERMAKER', SYSDATE);
  BEGIN
    SELECT ID INTO CUR_PRD_ID FROM PRODUCT WHERE NAME = 'Mobile' AND PRODUCT_STATUS_ID = 1 AND ROWNUM <= 1;
  EXCEPTION
    WHEN NO_DATA_FOUND THEN
      INSERT INTO PRODUCT (ID, NAME, PRODUCTION_COST, PRODUCT_STATUS_ID, PRODUCT_URI, UNIT_PRICE, CREATED_BY, CREATE_DATE) VALUES (PRD_ID_SEQ.NEXTVAL, 'Mobile', '0', 1, NULL, '0', 'OFFERMAKER', SYSDATE);
      SELECT ID INTO CUR_PRD_ID FROM PRODUCT WHERE NAME = 'Mobile' AND PRODUCT_STATUS_ID = 1 AND ROWNUM <= 1;
    WHEN OTHERS THEN
      RAISE;
  END;
  SELECT ID INTO CUR_CAPABILITY_ID FROM CAPABILITY WHERE CODE IN LTRIM(RTRIM((UPPER('MOW')))) AND ROWNUM <= 1;
  INSERT INTO PRODUCT_OFFERING (ID, PRODUCT_ID, TAX_POLICY_TYPE_ID, QUANTITY, UNIT_PRICE, TAX_CATEGORY_ID, CAPABILITY_ID, CREATED_BY, CREATE_DATE) VALUES (PO_ID_SEQ.NEXTVAL, CUR_PRD_ID, '1', '112', '0', '2', CUR_CAPABILITY_ID, 'OFFERMAKER', SYSDATE);
  INSERT INTO PRODUCT_OFFERING_META_DATA (ID, PRODUCT_OFFERING_ID, NAME, VALUE, CREATED_BY, CREATE_DATE) VALUES (PROMD_ID_SEQ.NEXTVAL, PO_ID_SEQ.CURRVAL, 'entitlement_uri', 'http://:hostname:/svc/user/entitlements/mow/:id:.json', 'OFFERMAKER', SYSDATE);
  INSERT INTO PRODUCT_OFFERING_META_DATA (ID, PRODUCT_OFFERING_ID, NAME, VALUE, CREATED_BY, CREATE_DATE) VALUES (PROMD_ID_SEQ.NEXTVAL, PO_ID_SEQ.CURRVAL, 'DEFAULT_VAT_RATE', '{"*": 0.0}', 'OFFERMAKER', SYSDATE);
  INSERT INTO PRODUCT_OFFERING_META_DATA (ID, PRODUCT_OFFERING_ID, NAME, VALUE, CREATED_BY, CREATE_DATE) VALUES (PROMD_ID_SEQ.NEXTVAL, PO_ID_SEQ.CURRVAL, 'capability', 'MOW', 'OFFERMAKER', SYSDATE);
  INSERT INTO OFFER_PRODUCT_OFFERING (OFFER_ID, PRODUCT_OFFERING_ID, CREATED_BY, CREATE_DATE) VALUES (OFR_ID_SEQ.CURRVAL, PO_ID_SEQ.CURRVAL, 'OFFERMAKER', SYSDATE);
  BEGIN
    SELECT ID INTO CUR_PRD_ID FROM PRODUCT WHERE NAME = 'Archive Article' AND PRODUCT_STATUS_ID = 1 AND ROWNUM <= 1;
  EXCEPTION
    WHEN NO_DATA_FOUND THEN
      INSERT INTO PRODUCT (ID, NAME, PRODUCTION_COST, PRODUCT_STATUS_ID, PRODUCT_URI, UNIT_PRICE, CREATED_BY, CREATE_DATE) VALUES (PRD_ID_SEQ.NEXTVAL, 'Archive Article', '0', 1, NULL, '0', 'OFFERMAKER', SYSDATE);
      SELECT ID INTO CUR_PRD_ID FROM PRODUCT WHERE NAME = 'Archive Article' AND PRODUCT_STATUS_ID = 1 AND ROWNUM <= 1;
    WHEN OTHERS THEN
      RAISE;
  END;
  SELECT ID INTO CUR_CAPABILITY_ID FROM CAPABILITY WHERE CODE IN LTRIM(RTRIM((UPPER('AAA')))) AND ROWNUM <= 1;
  INSERT INTO PRODUCT_OFFERING (ID, PRODUCT_ID, TAX_POLICY_TYPE_ID, QUANTITY, UNIT_PRICE, TAX_CATEGORY_ID, CAPABILITY_ID, CREATED_BY, CREATE_DATE) VALUES (PO_ID_SEQ.NEXTVAL, CUR_PRD_ID, '1', '400', '0', '2', CUR_CAPABILITY_ID, 'OFFERMAKER', SYSDATE);
  INSERT INTO PRODUCT_OFFERING_META_DATA (ID, PRODUCT_OFFERING_ID, NAME, VALUE, CREATED_BY, CREATE_DATE) VALUES (PROMD_ID_SEQ.NEXTVAL, PO_ID_SEQ.CURRVAL, 'entitlement_uri', 'http://:hostname:/svc/user/entitlements/archive/size/400/:id:.json', 'OFFERMAKER', SYSDATE);
  INSERT INTO PRODUCT_OFFERING_META_DATA (ID, PRODUCT_OFFERING_ID, NAME, VALUE, CREATED_BY, CREATE_DATE) VALUES (PROMD_ID_SEQ.NEXTVAL, PO_ID_SEQ.CURRVAL, 'DEFAULT_VAT_RATE', '{"*": 0.0}', 'OFFERMAKER', SYSDATE);
  INSERT INTO OFFER_PRODUCT_OFFERING (OFFER_ID, PRODUCT_OFFERING_ID, CREATED_BY, CREATE_DATE) VALUES (OFR_ID_SEQ.CURRVAL, PO_ID_SEQ.CURRVAL, 'OFFERMAKER', SYSDATE);
  BEGIN
    SELECT ID INTO CUR_PRD_ID FROM PRODUCT WHERE NAME = 'TimesMachine' AND PRODUCT_STATUS_ID = 1 AND ROWNUM <= 1;
  EXCEPTION
    WHEN NO_DATA_FOUND THEN
      INSERT INTO PRODUCT (ID, NAME, PRODUCTION_COST, PRODUCT_STATUS_ID, PRODUCT_URI, UNIT_PRICE, CREATED_BY, CREATE_DATE) VALUES (PRD_ID_SEQ.NEXTVAL, 'TimesMachine', '0', 1, NULL, '0', 'OFFERMAKER', SYSDATE);
      SELECT ID INTO CUR_PRD_ID FROM PRODUCT WHERE NAME = 'TimesMachine' AND PRODUCT_STATUS_ID = 1 AND ROWNUM <= 1;
    WHEN OTHERS THEN
      RAISE;
  END;
  SELECT ID INTO CUR_CAPABILITY_ID FROM CAPABILITY WHERE CODE IN LTRIM(RTRIM((UPPER('NONE')))) AND ROWNUM <= 1;
  INSERT INTO PRODUCT_OFFERING (ID, PRODUCT_ID, TAX_POLICY_TYPE_ID, QUANTITY, UNIT_PRICE, TAX_CATEGORY_ID, CAPABILITY_ID, CREATED_BY, CREATE_DATE) VALUES (PO_ID_SEQ.NEXTVAL, CUR_PRD_ID, '1', '112', '0', '2', CUR_CAPABILITY_ID, 'OFFERMAKER', SYSDATE);
  INSERT INTO PRODUCT_OFFERING_META_DATA (ID, PRODUCT_OFFERING_ID, NAME, VALUE, CREATED_BY, CREATE_DATE) VALUES (PROMD_ID_SEQ.NEXTVAL, PO_ID_SEQ.CURRVAL, 'DEFAULT_VAT_RATE', '{"*": 0.0}', 'OFFERMAKER', SYSDATE);
  INSERT INTO OFFER_PRODUCT_OFFERING (OFFER_ID, PRODUCT_OFFERING_ID, CREATED_BY, CREATE_DATE) VALUES (OFR_ID_SEQ.CURRVAL, PO_ID_SEQ.CURRVAL, 'OFFERMAKER', SYSDATE);
  BEGIN
    SELECT ID INTO CUR_PRD_ID FROM PRODUCT WHERE NAME = 'Tablet' AND PRODUCT_STATUS_ID = 1 AND ROWNUM <= 1;
  EXCEPTION
    WHEN NO_DATA_FOUND THEN
      INSERT INTO PRODUCT (ID, NAME, PRODUCTION_COST, PRODUCT_STATUS_ID, PRODUCT_URI, UNIT_PRICE, CREATED_BY, CREATE_DATE) VALUES (PRD_ID_SEQ.NEXTVAL, 'Tablet', '0', 1, NULL, '0', 'OFFERMAKER', SYSDATE);
      SELECT ID INTO CUR_PRD_ID FROM PRODUCT WHERE NAME = 'Tablet' AND PRODUCT_STATUS_ID = 1 AND ROWNUM <= 1;
    WHEN OTHERS THEN
      RAISE;
  END;
  SELECT ID INTO CUR_CAPABILITY_ID FROM CAPABILITY WHERE CODE IN LTRIM(RTRIM((UPPER('MTD')))) AND ROWNUM <= 1;
  INSERT INTO PRODUCT_OFFERING (ID, PRODUCT_ID, TAX_POLICY_TYPE_ID, QUANTITY, UNIT_PRICE, TAX_CATEGORY_ID, CAPABILITY_ID, CREATED_BY, CREATE_DATE) VALUES (PO_ID_SEQ.NEXTVAL, CUR_PRD_ID, '1', '112', '0', '2', CUR_CAPABILITY_ID, 'OFFERMAKER', SYSDATE);
  INSERT INTO PRODUCT_OFFERING_META_DATA (ID, PRODUCT_OFFERING_ID, NAME, VALUE, CREATED_BY, CREATE_DATE) VALUES (PROMD_ID_SEQ.NEXTVAL, PO_ID_SEQ.CURRVAL, 'entitlement_uri', 'http://:hostname:/svc/user/entitlements/mtd/:id:.json', 'OFFERMAKER', SYSDATE);
  INSERT INTO PRODUCT_OFFERING_META_DATA (ID, PRODUCT_OFFERING_ID, NAME, VALUE, CREATED_BY, CREATE_DATE) VALUES (PROMD_ID_SEQ.NEXTVAL, PO_ID_SEQ.CURRVAL, 'DEFAULT_VAT_RATE', '{"*": 0.0}', 'OFFERMAKER', SYSDATE);
  INSERT INTO PRODUCT_OFFERING_META_DATA (ID, PRODUCT_OFFERING_ID, NAME, VALUE, CREATED_BY, CREATE_DATE) VALUES (PROMD_ID_SEQ.NEXTVAL, PO_ID_SEQ.CURRVAL, 'capability', 'MTD', 'OFFERMAKER', SYSDATE);
  INSERT INTO OFFER_PRODUCT_OFFERING (OFFER_ID, PRODUCT_OFFERING_ID, CREATED_BY, CREATE_DATE) VALUES (OFR_ID_SEQ.CURRVAL, PO_ID_SEQ.CURRVAL, 'OFFERMAKER', SYSDATE);
  BEGIN
    SELECT ID INTO CUR_PRD_ID FROM PRODUCT WHERE NAME = 'TimesReader' AND PRODUCT_STATUS_ID = 1 AND ROWNUM <= 1;
  EXCEPTION
    WHEN NO_DATA_FOUND THEN
      INSERT INTO PRODUCT (ID, NAME, PRODUCTION_COST, PRODUCT_STATUS_ID, PRODUCT_URI, UNIT_PRICE, CREATED_BY, CREATE_DATE) VALUES (PRD_ID_SEQ.NEXTVAL, 'TimesReader', '0', 1, NULL, '0', 'OFFERMAKER', SYSDATE);
      SELECT ID INTO CUR_PRD_ID FROM PRODUCT WHERE NAME = 'TimesReader' AND PRODUCT_STATUS_ID = 1 AND ROWNUM <= 1;
    WHEN OTHERS THEN
      RAISE;
  END;
  SELECT ID INTO CUR_CAPABILITY_ID FROM CAPABILITY WHERE CODE IN LTRIM(RTRIM((UPPER('TNR')))) AND ROWNUM <= 1;
  INSERT INTO PRODUCT_OFFERING (ID, PRODUCT_ID, TAX_POLICY_TYPE_ID, QUANTITY, UNIT_PRICE, TAX_CATEGORY_ID, CAPABILITY_ID, CREATED_BY, CREATE_DATE) VALUES (PO_ID_SEQ.NEXTVAL, CUR_PRD_ID, '1', '112', '0', '2', CUR_CAPABILITY_ID, 'OFFERMAKER', SYSDATE);
  INSERT INTO PRODUCT_OFFERING_META_DATA (ID, PRODUCT_OFFERING_ID, NAME, VALUE, CREATED_BY, CREATE_DATE) VALUES (PROMD_ID_SEQ.NEXTVAL, PO_ID_SEQ.CURRVAL, 'entitlement_uri', 'http://:hostname:/svc/user/entitlements/timesreader/:id:.json', 'OFFERMAKER', SYSDATE);
  INSERT INTO PRODUCT_OFFERING_META_DATA (ID, PRODUCT_OFFERING_ID, NAME, VALUE, CREATED_BY, CREATE_DATE) VALUES (PROMD_ID_SEQ.NEXTVAL, PO_ID_SEQ.CURRVAL, 'capability', 'TNR', 'OFFERMAKER', SYSDATE);
  INSERT INTO PRODUCT_OFFERING_META_DATA (ID, PRODUCT_OFFERING_ID, NAME, VALUE, CREATED_BY, CREATE_DATE) VALUES (PROMD_ID_SEQ.NEXTVAL, PO_ID_SEQ.CURRVAL, 'DEFAULT_VAT_RATE', '{"*": 0.0}', 'OFFERMAKER', SYSDATE);
  INSERT INTO OFFER_PRODUCT_OFFERING (OFFER_ID, PRODUCT_OFFERING_ID, CREATED_BY, CREATE_DATE) VALUES (OFR_ID_SEQ.CURRVAL, PO_ID_SEQ.CURRVAL, 'OFFERMAKER', SYSDATE);
  INSERT INTO OFFER_OFFER_CHAIN (OFFER_ID, OFFER_CHAIN_ID, INDEX_VALUE, NUM_RECURRENCES, CREATED_BY, CREATE_DATE, updated_by, update_date) VALUES (OFR_ID_SEQ.CURRVAL, 1026781, '0', '1', 'OFFERMAKER', SYSDATE, 'OFFERMAKER', SYSDATE);
  END;
END;
/

DECLARE
  TMP_VAR NUMBER;
  CUR_PRD_ID NUMBER;
  CUR_CAPABILITY_ID NUMBER;
BEGIN
  BEGIN
    SELECT 1 INTO TMP_VAR FROM OFFER_CHAIN WHERE ID = 1026782 AND ROWNUM <= 1;
    UPDATE OFFER_CHAIN SET NAME='NYTimes: Web + Tablet App', DESCRIPTION='Unlimited access to NYTimes.com and the NYTimes tablet app.*', PRODUCT_URI='', VENDOR_SOURCE_ID='1', BILLING_SOURCE_ID=(SELECT ID FROM BILLING_SOURCE BS WHERE BS.NAME='Sartre'), IS_SEAT_LICENSE=0, GROUP_ACCOUNT_TYPE_ID='NO',IS_ADDRESS_REQUIRED=0, OFFER_CHAIN_STATUS_ID = 1, UPDATE_DATE = SYSDATE, UPDATED_BY = 'OFFERMAKER', IS_GIFT_CERTIFICATE='0', REVOKE_ENTITLEMENTS = '0', ADOPTABILITY_WINDOW_START_DATE = to_date('04-Apr-2013 00:00:00','DD-MON-YY HH24:MI:SS'), ADOPTABILITY_WINDOW_END_DATE = to_date('17-Apr-2020 00:00:00','DD-MON-YY HH24:MI:SS') WHERE ID = 1026782;
  EXCEPTION
    WHEN NO_DATA_FOUND THEN
      INSERT INTO OFFER_CHAIN (ID, NAME, DESCRIPTION, ADOPTABILITY_WINDOW_START_DATE, ADOPTABILITY_WINDOW_END_DATE, IS_GIFT_CERTIFICATE, PRODUCT_URI, OFFER_CHAIN_STATUS_ID, REVOKE_ENTITLEMENTS, VENDOR_SOURCE_ID, BILLING_SOURCE_ID, IS_SEAT_LICENSE, GROUP_ACCOUNT_TYPE_ID, IS_ADDRESS_REQUIRED, CREATED_BY, CREATE_DATE, updated_by, update_date) VALUES (1026782, 'NYTimes: Web + Tablet App', 'Unlimited access to NYTimes.com and the NYTimes tablet app.*', to_date('04-Apr-2013 00:00:00','DD-MON-YY HH24:MI:SS'), to_date('17-Apr-2020 00:00:00','DD-MON-YY HH24:MI:SS'), '0', NULL, '1', '0', '1', (SELECT ID FROM BILLING_SOURCE BS WHERE BS.NAME='Sartre'), decode('NO','IL',1,0), 'NO', '0', 'OFFERMAKER', SYSDATE, 'OFFERMAKER', SYSDATE);
  END;
  DELETE FROM OFFER_CHAIN_ELIGIBILITY WHERE offer_chain_id = 1026782;
  INSERT INTO OFFER_CHAIN_ELIGIBILITY (ID, OFFER_CHAIN_ID, NAME, VALUE, CREATED_BY, CREATE_DATE) VALUES (ELG_ID_SEQ.NEXTVAL, 1026782, 'GIFT CERTIFICATE REQUIRED', '1', 'OFFERMAKER', SYSDATE);
  INSERT INTO OFFER_CHAIN_ELIGIBILITY (ID, OFFER_CHAIN_ID, NAME, VALUE, CREATED_BY, CREATE_DATE) VALUES (ELG_ID_SEQ.NEXTVAL, 1026782, 'IS_COMP', '0', 'OFFERMAKER', SYSDATE);
  INSERT INTO OFFER_CHAIN_ELIGIBILITY (ID, OFFER_CHAIN_ID, NAME, VALUE, CREATED_BY, CREATE_DATE) VALUES (ELG_ID_SEQ.NEXTVAL, 1026782, 'MAX_CONCURRENT_SUBS', '1', 'OFFERMAKER', SYSDATE);
  DELETE FROM OFFER_CHAIN_META_DATA WHERE offer_chain_id = 1026782;
  INSERT INTO OFFER_CHAIN_META_DATA (ID, OFFER_CHAIN_ID, NAME, VALUE, CREATED_BY, CREATE_DATE) VALUES (OCMD_ID_SEQ.NEXTVAL, 1026782, 'BUNDLE_EXPLANATION', 'Bundle B - FAB 16 Week Sub - Upsell OC', 'OFFERMAKER', SYSDATE);
  INSERT INTO OFFER_CHAIN_META_DATA (ID, OFFER_CHAIN_ID, NAME, VALUE, CREATED_BY, CREATE_DATE) VALUES (OCMD_ID_SEQ.NEXTVAL, 1026782, 'PRICE_DESCRIPTION', '16 Week Bundle B FAB Promotion Subscription upsell - $40.00 for 16 weeks. Then $0.99 for next 8 weeks ($5.00 / week thereafter)', 'OFFERMAKER', SYSDATE);
  INSERT INTO OFFER_CHAIN_META_DATA (ID, OFFER_CHAIN_ID, NAME, VALUE, CREATED_BY, CREATE_DATE) VALUES (OCMD_ID_SEQ.NEXTVAL, 1026782, 'PRICE_SHORT_DESCRIPTION', 'BNDL B / $0 16 wks FAB GC upsell', 'OFFERMAKER', SYSDATE);
  INSERT INTO OFFER_CHAIN_META_DATA (ID, OFFER_CHAIN_ID, NAME, VALUE, CREATED_BY, CREATE_DATE) VALUES (OCMD_ID_SEQ.NEXTVAL, 1026782, 'OFFER_TYPE', '$0.99 for first 8 Weeks after redeemed period', 'OFFERMAKER', SYSDATE);
  INSERT INTO OFFER_CHAIN_META_DATA (ID, OFFER_CHAIN_ID, NAME, VALUE, CREATED_BY, CREATE_DATE) VALUES (OCMD_ID_SEQ.NEXTVAL, 1026782, 'OFFER_PRICE_DESCRIPTOR', 'First 16 Weeks: FAB Purchase', 'OFFERMAKER', SYSDATE);
  INSERT INTO OFFER_CHAIN_META_DATA (ID, OFFER_CHAIN_ID, NAME, VALUE, CREATED_BY, CREATE_DATE) VALUES (OCMD_ID_SEQ.NEXTVAL, 1026782, 'OFFER_PRICE', '$0.99 for subsequent 8 weeks', 'OFFERMAKER', SYSDATE);
  INSERT INTO OFFER_CHAIN_META_DATA (ID, OFFER_CHAIN_ID, NAME, VALUE, CREATED_BY, CREATE_DATE) VALUES (OCMD_ID_SEQ.NEXTVAL, 1026782, 'OFFER_PRICE_DETAIL', '($5.00 /  week thereafter)', 'OFFERMAKER', SYSDATE);
  INSERT INTO OFFER_CHAIN_META_DATA (ID, OFFER_CHAIN_ID, NAME, VALUE, CREATED_BY, CREATE_DATE) VALUES (OCMD_ID_SEQ.NEXTVAL, 1026782, 'PROMO_PRICE_FOOTER_LABEL', 'First 16 weeks', 'OFFERMAKER', SYSDATE);
  INSERT INTO OFFER_CHAIN_META_DATA (ID, OFFER_CHAIN_ID, NAME, VALUE, CREATED_BY, CREATE_DATE) VALUES (OCMD_ID_SEQ.NEXTVAL, 1026782, 'ACTUAL_PRICE_FOOTER_LABEL', 'Subsequent 8 weeks $0.99', 'OFFERMAKER', SYSDATE);
  INSERT INTO OFFER_CHAIN_META_DATA (ID, OFFER_CHAIN_ID, NAME, VALUE, CREATED_BY, CREATE_DATE) VALUES (OCMD_ID_SEQ.NEXTVAL, 1026782, 'UPSELL_OFFER_HEADER', 'WANT TO ADD 8 WEEKS FOR ONLY 99&cent;?', 'OFFERMAKER', SYSDATE);
  INSERT INTO OFFER_CHAIN_META_DATA (ID, OFFER_CHAIN_ID, NAME, VALUE, CREATED_BY, CREATE_DATE) VALUES (OCMD_ID_SEQ.NEXTVAL, 1026782, 'UPSELL_OFFER_TRAILER', 'Sign up now to get 8 additional weeks for just 99&cent;.', 'OFFERMAKER', SYSDATE);
  INSERT INTO OFFER_CHAIN_META_DATA (ID, OFFER_CHAIN_ID, NAME, VALUE, CREATED_BY, CREATE_DATE) VALUES (OCMD_ID_SEQ.NEXTVAL, 1026782, 'BILLING_CYCLE', 'every 4 weeks thereafter', 'OFFERMAKER', SYSDATE);
  INSERT INTO OFFER_CHAIN_META_DATA (ID, OFFER_CHAIN_ID, NAME, VALUE, CREATED_BY, CREATE_DATE) VALUES (OCMD_ID_SEQ.NEXTVAL, 1026782, 'SUBSCRIBER_TYPE', 'Daily Deals', 'OFFERMAKER', SYSDATE);
  INSERT INTO OFFER_CHAIN_META_DATA (ID, OFFER_CHAIN_ID, NAME, VALUE, CREATED_BY, CREATE_DATE) VALUES (OCMD_ID_SEQ.NEXTVAL, 1026782, 'PRORATED_REFUND_DAYS_LIMIT', '28', 'OFFERMAKER', SYSDATE);
  INSERT INTO OFFER_CHAIN_META_DATA (ID, OFFER_CHAIN_ID, NAME, VALUE, CREATED_BY, CREATE_DATE) VALUES (OCMD_ID_SEQ.NEXTVAL, 1026782, 'OPEN_TO_ANONYMOUS', '1', 'OFFERMAKER', SYSDATE);
  INSERT INTO OFFER_CHAIN_META_DATA (ID, OFFER_CHAIN_ID, NAME, VALUE, CREATED_BY, CREATE_DATE) VALUES (OCMD_ID_SEQ.NEXTVAL, 1026782, 'BUNDLE', 'Bundle B (Web+Tab)', 'OFFERMAKER', SYSDATE);
  INSERT INTO OFFER_CHAIN_META_DATA (ID, OFFER_CHAIN_ID, NAME, VALUE, CREATED_BY, CREATE_DATE) VALUES (OCMD_ID_SEQ.NEXTVAL, 1026782, 'ADX_BUNDLE', 'MM_PROMO', 'OFFERMAKER', SYSDATE);
  INSERT INTO OFFER_CHAIN_META_DATA (ID, OFFER_CHAIN_ID, NAME, VALUE, CREATED_BY, CREATE_DATE) VALUES (OCMD_ID_SEQ.NEXTVAL, 1026782, 'SIEBEL_CAMPAIGN_CODE', '3JQQ3', 'OFFERMAKER', SYSDATE);
  INSERT INTO OFFER_CHAIN_META_DATA (ID, OFFER_CHAIN_ID, NAME, VALUE, CREATED_BY, CREATE_DATE) VALUES (OCMD_ID_SEQ.NEXTVAL, 1026782, 'ANNUAL_PRICE', '260.00', 'OFFERMAKER', SYSDATE);
  INSERT INTO OFFER_CHAIN_META_DATA (ID, OFFER_CHAIN_ID, NAME, VALUE, CREATED_BY, CREATE_DATE) VALUES (OCMD_ID_SEQ.NEXTVAL, 1026782, 'UID', 'a3fcb7e2acc5c1d69f20135f5c6fb0a4318486d82b1d0a0532adae22050c771c', 'OFFERMAKER', SYSDATE);
  DELETE FROM OFFER_CHAIN_NOTIFICATION_TYPE WHERE offer_chain_id = 1026782;
  BEGIN
    SELECT 1 INTO TMP_VAR FROM ACTION WHERE NAME = 'SUBSCRIBE_TO_OFFER_CHAIN';
  EXCEPTION
    WHEN NO_DATA_FOUND THEN
      INSERT INTO ACTION (ID, NAME, CREATE_DATE, CREATED_BY) VALUES (ACTION_ID_SEQ.NEXTVAL, 'SUBSCRIBE_TO_OFFER_CHAIN', SYSDATE, 'OFFERMAKER');
  END;
  BEGIN
    SELECT 1 INTO TMP_VAR FROM CORE_OWNER.NOTIFICATION_TYPE WHERE VALUE = 'sartre-purchase';
  EXCEPTION
    WHEN NO_DATA_FOUND THEN NULL;
      INSERT INTO CORE_OWNER.NOTIFICATION_TYPE (ID, VALUE, TEMPLATE_URL) VALUES (CORE_OWNER.NOTTID_SEQ.NEXTVAL, 'sartre-purchase', 'N/A');
  END;
  BEGIN
    SELECT 1 INTO TMP_VAR FROM ACTION WHERE NAME = 'UPGRADE_SUBSCRIPTION';
  EXCEPTION
    WHEN NO_DATA_FOUND THEN
      INSERT INTO ACTION (ID, NAME, CREATE_DATE, CREATED_BY) VALUES (ACTION_ID_SEQ.NEXTVAL, 'UPGRADE_SUBSCRIPTION', SYSDATE, 'OFFERMAKER');
  END;
  BEGIN
    SELECT 1 INTO TMP_VAR FROM CORE_OWNER.NOTIFICATION_TYPE WHERE VALUE = 'sartre-purchase';
  EXCEPTION
    WHEN NO_DATA_FOUND THEN NULL;
      INSERT INTO CORE_OWNER.NOTIFICATION_TYPE (ID, VALUE, TEMPLATE_URL) VALUES (CORE_OWNER.NOTTID_SEQ.NEXTVAL, 'sartre-purchase', 'N/A');
  END;
  BEGIN
    SELECT 1 INTO TMP_VAR FROM ACTION WHERE NAME = 'CANCEL_SUBSCRIPTION';
  EXCEPTION
    WHEN NO_DATA_FOUND THEN
      INSERT INTO ACTION (ID, NAME, CREATE_DATE, CREATED_BY) VALUES (ACTION_ID_SEQ.NEXTVAL, 'CANCEL_SUBSCRIPTION', SYSDATE, 'OFFERMAKER');
  END;
  BEGIN
    SELECT 1 INTO TMP_VAR FROM CORE_OWNER.NOTIFICATION_TYPE WHERE VALUE = 'sartre-cancel';
  EXCEPTION
    WHEN NO_DATA_FOUND THEN NULL;
      INSERT INTO CORE_OWNER.NOTIFICATION_TYPE (ID, VALUE, TEMPLATE_URL) VALUES (CORE_OWNER.NOTTID_SEQ.NEXTVAL, 'sartre-cancel', 'N/A');
  END;
  BEGIN
    SELECT 1 INTO TMP_VAR FROM ACTION WHERE NAME = 'SYSTEM_CANCEL';
  EXCEPTION
    WHEN NO_DATA_FOUND THEN
      INSERT INTO ACTION (ID, NAME, CREATE_DATE, CREATED_BY) VALUES (ACTION_ID_SEQ.NEXTVAL, 'SYSTEM_CANCEL', SYSDATE, 'OFFERMAKER');
  END;
  BEGIN
    SELECT 1 INTO TMP_VAR FROM CORE_OWNER.NOTIFICATION_TYPE WHERE VALUE = 'sartre-decline';
  EXCEPTION
    WHEN NO_DATA_FOUND THEN NULL;
      INSERT INTO CORE_OWNER.NOTIFICATION_TYPE (ID, VALUE, TEMPLATE_URL) VALUES (CORE_OWNER.NOTTID_SEQ.NEXTVAL, 'sartre-decline', 'N/A');
  END;
  BEGIN
    SELECT 1 INTO TMP_VAR FROM ACTION WHERE NAME = 'CREDIT_CARD_EXP';
  EXCEPTION
    WHEN NO_DATA_FOUND THEN
      INSERT INTO ACTION (ID, NAME, CREATE_DATE, CREATED_BY) VALUES (ACTION_ID_SEQ.NEXTVAL, 'CREDIT_CARD_EXP', SYSDATE, 'OFFERMAKER');
  END;
  BEGIN
    SELECT 1 INTO TMP_VAR FROM CORE_OWNER.NOTIFICATION_TYPE WHERE VALUE = 'card_expiration';
  EXCEPTION
    WHEN NO_DATA_FOUND THEN NULL;
      INSERT INTO CORE_OWNER.NOTIFICATION_TYPE (ID, VALUE, TEMPLATE_URL) VALUES (CORE_OWNER.NOTTID_SEQ.NEXTVAL, 'card_expiration', 'N/A');
  END;
  BEGIN
    SELECT 1 INTO TMP_VAR FROM ACTION WHERE NAME = 'GC_REDEEMER_ON_REDEEM';
  EXCEPTION
    WHEN NO_DATA_FOUND THEN
      INSERT INTO ACTION (ID, NAME, CREATE_DATE, CREATED_BY) VALUES (ACTION_ID_SEQ.NEXTVAL, 'GC_REDEEMER_ON_REDEEM', SYSDATE, 'OFFERMAKER');
  END;
  BEGIN
    SELECT 1 INTO TMP_VAR FROM CORE_OWNER.NOTIFICATION_TYPE WHERE VALUE = 'sartre-upsell-sub-activation-fab';
  EXCEPTION
    WHEN NO_DATA_FOUND THEN NULL;
      INSERT INTO CORE_OWNER.NOTIFICATION_TYPE (ID, VALUE, TEMPLATE_URL) VALUES (CORE_OWNER.NOTTID_SEQ.NEXTVAL, 'sartre-upsell-sub-activation-fab', 'N/A');
  END;
  INSERT INTO OFFER_CHAIN_NOTIFICATION_TYPE (ID, OFFER_CHAIN_ID, NOTIFICATION_TYPE_ID, ACTION_ID, CREATED_BY, CREATE_DATE) VALUES (OCET_ID_SEQ.NEXTVAL, 1026782, (SELECT ID FROM CORE_OWNER.NOTIFICATION_TYPE WHERE VALUE = 'sartre-purchase'), (SELECT ID FROM ACTION WHERE NAME = 'SUBSCRIBE_TO_OFFER_CHAIN'), 'OFFERMAKER', SYSDATE);
  INSERT INTO OFFER_CHAIN_NOTIFICATION_TYPE (ID, OFFER_CHAIN_ID, NOTIFICATION_TYPE_ID, ACTION_ID, CREATED_BY, CREATE_DATE) VALUES (OCET_ID_SEQ.NEXTVAL, 1026782, (SELECT ID FROM CORE_OWNER.NOTIFICATION_TYPE WHERE VALUE = 'sartre-purchase'), (SELECT ID FROM ACTION WHERE NAME = 'UPGRADE_SUBSCRIPTION'), 'OFFERMAKER', SYSDATE);
  INSERT INTO OFFER_CHAIN_NOTIFICATION_TYPE (ID, OFFER_CHAIN_ID, NOTIFICATION_TYPE_ID, ACTION_ID, CREATED_BY, CREATE_DATE) VALUES (OCET_ID_SEQ.NEXTVAL, 1026782, (SELECT ID FROM CORE_OWNER.NOTIFICATION_TYPE WHERE VALUE = 'sartre-cancel'), (SELECT ID FROM ACTION WHERE NAME = 'CANCEL_SUBSCRIPTION'), 'OFFERMAKER', SYSDATE);
  INSERT INTO OFFER_CHAIN_NOTIFICATION_TYPE (ID, OFFER_CHAIN_ID, NOTIFICATION_TYPE_ID, ACTION_ID, CREATED_BY, CREATE_DATE) VALUES (OCET_ID_SEQ.NEXTVAL, 1026782, (SELECT ID FROM CORE_OWNER.NOTIFICATION_TYPE WHERE VALUE = 'sartre-decline'), (SELECT ID FROM ACTION WHERE NAME = 'SYSTEM_CANCEL'), 'OFFERMAKER', SYSDATE);
  INSERT INTO OFFER_CHAIN_NOTIFICATION_TYPE (ID, OFFER_CHAIN_ID, NOTIFICATION_TYPE_ID, ACTION_ID, CREATED_BY, CREATE_DATE) VALUES (OCET_ID_SEQ.NEXTVAL, 1026782, (SELECT ID FROM CORE_OWNER.NOTIFICATION_TYPE WHERE VALUE = 'card_expiration'), (SELECT ID FROM ACTION WHERE NAME = 'CREDIT_CARD_EXP'), 'OFFERMAKER', SYSDATE);
  INSERT INTO OFFER_CHAIN_NOTIFICATION_TYPE (ID, OFFER_CHAIN_ID, NOTIFICATION_TYPE_ID, ACTION_ID, CREATED_BY, CREATE_DATE) VALUES (OCET_ID_SEQ.NEXTVAL, 1026782, (SELECT ID FROM CORE_OWNER.NOTIFICATION_TYPE WHERE VALUE = 'sartre-upsell-sub-activation-fab'), (SELECT ID FROM ACTION WHERE NAME = 'GC_REDEEMER_ON_REDEEM'), 'OFFERMAKER', SYSDATE);
  BEGIN
    SELECT 1 INTO TMP_VAR FROM OFFER_OFFER_CHAIN WHERE OFFER_CHAIN_ID = 1026782 AND INDEX_VALUE = 0 AND ROWNUM <= 1;
  EXCEPTION
    WHEN NO_DATA_FOUND THEN
  INSERT INTO OFFER (ID, OFFER_STATUS_ID, ENTITLEMENT_DURATION, CREATED_BY, CREATE_DATE, updated_by, update_date) VALUES (OFR_ID_SEQ.NEXTVAL, 1, 'P0Y0M112DT0H0M', 'OFFERMAKER', SYSDATE, 'OFFERMAKER', SYSDATE);
  BEGIN
    SELECT ID INTO CUR_PRD_ID FROM PRODUCT WHERE NAME = 'Web' AND PRODUCT_STATUS_ID = 1 AND ROWNUM <= 1;
  EXCEPTION
    WHEN NO_DATA_FOUND THEN
      INSERT INTO PRODUCT (ID, NAME, PRODUCTION_COST, PRODUCT_STATUS_ID, PRODUCT_URI, UNIT_PRICE, CREATED_BY, CREATE_DATE) VALUES (PRD_ID_SEQ.NEXTVAL, 'Web', '0', 1, NULL, '0.357143', 'OFFERMAKER', SYSDATE);
      SELECT ID INTO CUR_PRD_ID FROM PRODUCT WHERE NAME = 'Web' AND PRODUCT_STATUS_ID = 1 AND ROWNUM <= 1;
    WHEN OTHERS THEN
      RAISE;
  END;
  SELECT ID INTO CUR_CAPABILITY_ID FROM CAPABILITY WHERE CODE IN LTRIM(RTRIM((UPPER('MM')))) AND ROWNUM <= 1;
  INSERT INTO PRODUCT_OFFERING (ID, PRODUCT_ID, TAX_POLICY_TYPE_ID, QUANTITY, UNIT_PRICE, TAX_CATEGORY_ID, CAPABILITY_ID, CREATED_BY, CREATE_DATE) VALUES (PO_ID_SEQ.NEXTVAL, CUR_PRD_ID, '1', '112', '0.357143', '2', CUR_CAPABILITY_ID, 'OFFERMAKER', SYSDATE);
  INSERT INTO PRODUCT_OFFERING_META_DATA (ID, PRODUCT_OFFERING_ID, NAME, VALUE, CREATED_BY, CREATE_DATE) VALUES (PROMD_ID_SEQ.NEXTVAL, PO_ID_SEQ.CURRVAL, 'entitlement_uri', 'http://:hostname:/svc/user/entitlements/mm/:id:.json', 'OFFERMAKER', SYSDATE);
  INSERT INTO PRODUCT_OFFERING_META_DATA (ID, PRODUCT_OFFERING_ID, NAME, VALUE, CREATED_BY, CREATE_DATE) VALUES (PROMD_ID_SEQ.NEXTVAL, PO_ID_SEQ.CURRVAL, 'DEFAULT_VAT_RATE', '{"*": 0.0}', 'OFFERMAKER', SYSDATE);
  INSERT INTO PRODUCT_OFFERING_META_DATA (ID, PRODUCT_OFFERING_ID, NAME, VALUE, CREATED_BY, CREATE_DATE) VALUES (PROMD_ID_SEQ.NEXTVAL, PO_ID_SEQ.CURRVAL, 'capability', 'MM', 'OFFERMAKER', SYSDATE);
  INSERT INTO OFFER_PRODUCT_OFFERING (OFFER_ID, PRODUCT_OFFERING_ID, CREATED_BY, CREATE_DATE) VALUES (OFR_ID_SEQ.CURRVAL, PO_ID_SEQ.CURRVAL, 'OFFERMAKER', SYSDATE);
  INSERT INTO DISCOUNT (ID, NAME, DESCRIPTION, FIXED_AMOUNT, PERCENT_AMOUNT, DISCOUNT_TYPE_ID, CREATED_BY, CREATE_DATE) VALUES (DSC_ID_SEQ.NEXTVAL, 'Discount', 'Target offer price 0.0 given offer total price 80.000032 and product price 40.000016', '40.000016', '0', 1, 'OFFERMAKER', SYSDATE);
  INSERT INTO DISCOUNT_PRODUCT_OFFERING (DISCOUNT_ID, PRODUCT_OFFERING_ID, CREATED_BY, CREATE_DATE) VALUES (DSC_ID_SEQ.CURRVAL, PO_ID_SEQ.CURRVAL, 'OFFERMAKER', SYSDATE);
  BEGIN
    SELECT ID INTO CUR_PRD_ID FROM PRODUCT WHERE NAME = 'Mobile' AND PRODUCT_STATUS_ID = 1 AND ROWNUM <= 1;
  EXCEPTION
    WHEN NO_DATA_FOUND THEN
      INSERT INTO PRODUCT (ID, NAME, PRODUCTION_COST, PRODUCT_STATUS_ID, PRODUCT_URI, UNIT_PRICE, CREATED_BY, CREATE_DATE) VALUES (PRD_ID_SEQ.NEXTVAL, 'Mobile', '0', 1, NULL, '0', 'OFFERMAKER', SYSDATE);
      SELECT ID INTO CUR_PRD_ID FROM PRODUCT WHERE NAME = 'Mobile' AND PRODUCT_STATUS_ID = 1 AND ROWNUM <= 1;
    WHEN OTHERS THEN
      RAISE;
  END;
  SELECT ID INTO CUR_CAPABILITY_ID FROM CAPABILITY WHERE CODE IN LTRIM(RTRIM((UPPER('MOW')))) AND ROWNUM <= 1;
  INSERT INTO PRODUCT_OFFERING (ID, PRODUCT_ID, TAX_POLICY_TYPE_ID, QUANTITY, UNIT_PRICE, TAX_CATEGORY_ID, CAPABILITY_ID, CREATED_BY, CREATE_DATE) VALUES (PO_ID_SEQ.NEXTVAL, CUR_PRD_ID, '1', '112', '0', '2', CUR_CAPABILITY_ID, 'OFFERMAKER', SYSDATE);
  INSERT INTO PRODUCT_OFFERING_META_DATA (ID, PRODUCT_OFFERING_ID, NAME, VALUE, CREATED_BY, CREATE_DATE) VALUES (PROMD_ID_SEQ.NEXTVAL, PO_ID_SEQ.CURRVAL, 'entitlement_uri', 'http://:hostname:/svc/user/entitlements/mow/:id:.json', 'OFFERMAKER', SYSDATE);
  INSERT INTO PRODUCT_OFFERING_META_DATA (ID, PRODUCT_OFFERING_ID, NAME, VALUE, CREATED_BY, CREATE_DATE) VALUES (PROMD_ID_SEQ.NEXTVAL, PO_ID_SEQ.CURRVAL, 'DEFAULT_VAT_RATE', '{"*": 0.0}', 'OFFERMAKER', SYSDATE);
  INSERT INTO PRODUCT_OFFERING_META_DATA (ID, PRODUCT_OFFERING_ID, NAME, VALUE, CREATED_BY, CREATE_DATE) VALUES (PROMD_ID_SEQ.NEXTVAL, PO_ID_SEQ.CURRVAL, 'capability', 'MOW', 'OFFERMAKER', SYSDATE);
  INSERT INTO OFFER_PRODUCT_OFFERING (OFFER_ID, PRODUCT_OFFERING_ID, CREATED_BY, CREATE_DATE) VALUES (OFR_ID_SEQ.CURRVAL, PO_ID_SEQ.CURRVAL, 'OFFERMAKER', SYSDATE);
  BEGIN
    SELECT ID INTO CUR_PRD_ID FROM PRODUCT WHERE NAME = 'Archive Article' AND PRODUCT_STATUS_ID = 1 AND ROWNUM <= 1;
  EXCEPTION
    WHEN NO_DATA_FOUND THEN
      INSERT INTO PRODUCT (ID, NAME, PRODUCTION_COST, PRODUCT_STATUS_ID, PRODUCT_URI, UNIT_PRICE, CREATED_BY, CREATE_DATE) VALUES (PRD_ID_SEQ.NEXTVAL, 'Archive Article', '0', 1, NULL, '0', 'OFFERMAKER', SYSDATE);
      SELECT ID INTO CUR_PRD_ID FROM PRODUCT WHERE NAME = 'Archive Article' AND PRODUCT_STATUS_ID = 1 AND ROWNUM <= 1;
    WHEN OTHERS THEN
      RAISE;
  END;
  SELECT ID INTO CUR_CAPABILITY_ID FROM CAPABILITY WHERE CODE IN LTRIM(RTRIM((UPPER('AAA')))) AND ROWNUM <= 1;
  INSERT INTO PRODUCT_OFFERING (ID, PRODUCT_ID, TAX_POLICY_TYPE_ID, QUANTITY, UNIT_PRICE, TAX_CATEGORY_ID, CAPABILITY_ID, CREATED_BY, CREATE_DATE) VALUES (PO_ID_SEQ.NEXTVAL, CUR_PRD_ID, '1', '400', '0', '2', CUR_CAPABILITY_ID, 'OFFERMAKER', SYSDATE);
  INSERT INTO PRODUCT_OFFERING_META_DATA (ID, PRODUCT_OFFERING_ID, NAME, VALUE, CREATED_BY, CREATE_DATE) VALUES (PROMD_ID_SEQ.NEXTVAL, PO_ID_SEQ.CURRVAL, 'entitlement_uri', 'http://:hostname:/svc/user/entitlements/archive/size/400/:id:.json', 'OFFERMAKER', SYSDATE);
  INSERT INTO PRODUCT_OFFERING_META_DATA (ID, PRODUCT_OFFERING_ID, NAME, VALUE, CREATED_BY, CREATE_DATE) VALUES (PROMD_ID_SEQ.NEXTVAL, PO_ID_SEQ.CURRVAL, 'DEFAULT_VAT_RATE', '{"*": 0.0}', 'OFFERMAKER', SYSDATE);
  INSERT INTO OFFER_PRODUCT_OFFERING (OFFER_ID, PRODUCT_OFFERING_ID, CREATED_BY, CREATE_DATE) VALUES (OFR_ID_SEQ.CURRVAL, PO_ID_SEQ.CURRVAL, 'OFFERMAKER', SYSDATE);
  BEGIN
    SELECT ID INTO CUR_PRD_ID FROM PRODUCT WHERE NAME = 'TimesMachine' AND PRODUCT_STATUS_ID = 1 AND ROWNUM <= 1;
  EXCEPTION
    WHEN NO_DATA_FOUND THEN
      INSERT INTO PRODUCT (ID, NAME, PRODUCTION_COST, PRODUCT_STATUS_ID, PRODUCT_URI, UNIT_PRICE, CREATED_BY, CREATE_DATE) VALUES (PRD_ID_SEQ.NEXTVAL, 'TimesMachine', '0', 1, NULL, '0', 'OFFERMAKER', SYSDATE);
      SELECT ID INTO CUR_PRD_ID FROM PRODUCT WHERE NAME = 'TimesMachine' AND PRODUCT_STATUS_ID = 1 AND ROWNUM <= 1;
    WHEN OTHERS THEN
      RAISE;
  END;
  SELECT ID INTO CUR_CAPABILITY_ID FROM CAPABILITY WHERE CODE IN LTRIM(RTRIM((UPPER('NONE')))) AND ROWNUM <= 1;
  INSERT INTO PRODUCT_OFFERING (ID, PRODUCT_ID, TAX_POLICY_TYPE_ID, QUANTITY, UNIT_PRICE, TAX_CATEGORY_ID, CAPABILITY_ID, CREATED_BY, CREATE_DATE) VALUES (PO_ID_SEQ.NEXTVAL, CUR_PRD_ID, '1', '112', '0', '2', CUR_CAPABILITY_ID, 'OFFERMAKER', SYSDATE);
  INSERT INTO PRODUCT_OFFERING_META_DATA (ID, PRODUCT_OFFERING_ID, NAME, VALUE, CREATED_BY, CREATE_DATE) VALUES (PROMD_ID_SEQ.NEXTVAL, PO_ID_SEQ.CURRVAL, 'DEFAULT_VAT_RATE', '{"*": 0.0}', 'OFFERMAKER', SYSDATE);
  INSERT INTO OFFER_PRODUCT_OFFERING (OFFER_ID, PRODUCT_OFFERING_ID, CREATED_BY, CREATE_DATE) VALUES (OFR_ID_SEQ.CURRVAL, PO_ID_SEQ.CURRVAL, 'OFFERMAKER', SYSDATE);
  BEGIN
    SELECT ID INTO CUR_PRD_ID FROM PRODUCT WHERE NAME = 'Tablet' AND PRODUCT_STATUS_ID = 1 AND ROWNUM <= 1;
  EXCEPTION
    WHEN NO_DATA_FOUND THEN
      INSERT INTO PRODUCT (ID, NAME, PRODUCTION_COST, PRODUCT_STATUS_ID, PRODUCT_URI, UNIT_PRICE, CREATED_BY, CREATE_DATE) VALUES (PRD_ID_SEQ.NEXTVAL, 'Tablet', '0', 1, NULL, '0.357143', 'OFFERMAKER', SYSDATE);
      SELECT ID INTO CUR_PRD_ID FROM PRODUCT WHERE NAME = 'Tablet' AND PRODUCT_STATUS_ID = 1 AND ROWNUM <= 1;
    WHEN OTHERS THEN
      RAISE;
  END;
  SELECT ID INTO CUR_CAPABILITY_ID FROM CAPABILITY WHERE CODE IN LTRIM(RTRIM((UPPER('MTD')))) AND ROWNUM <= 1;
  INSERT INTO PRODUCT_OFFERING (ID, PRODUCT_ID, TAX_POLICY_TYPE_ID, QUANTITY, UNIT_PRICE, TAX_CATEGORY_ID, CAPABILITY_ID, CREATED_BY, CREATE_DATE) VALUES (PO_ID_SEQ.NEXTVAL, CUR_PRD_ID, '1', '112', '0.357143', '2', CUR_CAPABILITY_ID, 'OFFERMAKER', SYSDATE);
  INSERT INTO PRODUCT_OFFERING_META_DATA (ID, PRODUCT_OFFERING_ID, NAME, VALUE, CREATED_BY, CREATE_DATE) VALUES (PROMD_ID_SEQ.NEXTVAL, PO_ID_SEQ.CURRVAL, 'entitlement_uri', 'http://:hostname:/svc/user/entitlements/mtd/:id:.json', 'OFFERMAKER', SYSDATE);
  INSERT INTO PRODUCT_OFFERING_META_DATA (ID, PRODUCT_OFFERING_ID, NAME, VALUE, CREATED_BY, CREATE_DATE) VALUES (PROMD_ID_SEQ.NEXTVAL, PO_ID_SEQ.CURRVAL, 'DEFAULT_VAT_RATE', '{"*": 0.0}', 'OFFERMAKER', SYSDATE);
  INSERT INTO PRODUCT_OFFERING_META_DATA (ID, PRODUCT_OFFERING_ID, NAME, VALUE, CREATED_BY, CREATE_DATE) VALUES (PROMD_ID_SEQ.NEXTVAL, PO_ID_SEQ.CURRVAL, 'capability', 'MTD', 'OFFERMAKER', SYSDATE);
  INSERT INTO OFFER_PRODUCT_OFFERING (OFFER_ID, PRODUCT_OFFERING_ID, CREATED_BY, CREATE_DATE) VALUES (OFR_ID_SEQ.CURRVAL, PO_ID_SEQ.CURRVAL, 'OFFERMAKER', SYSDATE);
  INSERT INTO DISCOUNT (ID, NAME, DESCRIPTION, FIXED_AMOUNT, PERCENT_AMOUNT, DISCOUNT_TYPE_ID, CREATED_BY, CREATE_DATE) VALUES (DSC_ID_SEQ.NEXTVAL, 'Discount', 'Target offer price 0.0 given offer total price 80.000032 and product price 40.000016', '40.000016', '0', 1, 'OFFERMAKER', SYSDATE);
  INSERT INTO DISCOUNT_PRODUCT_OFFERING (DISCOUNT_ID, PRODUCT_OFFERING_ID, CREATED_BY, CREATE_DATE) VALUES (DSC_ID_SEQ.CURRVAL, PO_ID_SEQ.CURRVAL, 'OFFERMAKER', SYSDATE);
  BEGIN
    SELECT ID INTO CUR_PRD_ID FROM PRODUCT WHERE NAME = 'TimesReader' AND PRODUCT_STATUS_ID = 1 AND ROWNUM <= 1;
  EXCEPTION
    WHEN NO_DATA_FOUND THEN
      INSERT INTO PRODUCT (ID, NAME, PRODUCTION_COST, PRODUCT_STATUS_ID, PRODUCT_URI, UNIT_PRICE, CREATED_BY, CREATE_DATE) VALUES (PRD_ID_SEQ.NEXTVAL, 'TimesReader', '0', 1, NULL, '0', 'OFFERMAKER', SYSDATE);
      SELECT ID INTO CUR_PRD_ID FROM PRODUCT WHERE NAME = 'TimesReader' AND PRODUCT_STATUS_ID = 1 AND ROWNUM <= 1;
    WHEN OTHERS THEN
      RAISE;
  END;
  SELECT ID INTO CUR_CAPABILITY_ID FROM CAPABILITY WHERE CODE IN LTRIM(RTRIM((UPPER('TNR')))) AND ROWNUM <= 1;
  INSERT INTO PRODUCT_OFFERING (ID, PRODUCT_ID, TAX_POLICY_TYPE_ID, QUANTITY, UNIT_PRICE, TAX_CATEGORY_ID, CAPABILITY_ID, CREATED_BY, CREATE_DATE) VALUES (PO_ID_SEQ.NEXTVAL, CUR_PRD_ID, '1', '112', '0', '2', CUR_CAPABILITY_ID, 'OFFERMAKER', SYSDATE);
  INSERT INTO PRODUCT_OFFERING_META_DATA (ID, PRODUCT_OFFERING_ID, NAME, VALUE, CREATED_BY, CREATE_DATE) VALUES (PROMD_ID_SEQ.NEXTVAL, PO_ID_SEQ.CURRVAL, 'entitlement_uri', 'http://:hostname:/svc/user/entitlements/timesreader/:id:.json', 'OFFERMAKER', SYSDATE);
  INSERT INTO PRODUCT_OFFERING_META_DATA (ID, PRODUCT_OFFERING_ID, NAME, VALUE, CREATED_BY, CREATE_DATE) VALUES (PROMD_ID_SEQ.NEXTVAL, PO_ID_SEQ.CURRVAL, 'capability', 'TNR', 'OFFERMAKER', SYSDATE);
  INSERT INTO PRODUCT_OFFERING_META_DATA (ID, PRODUCT_OFFERING_ID, NAME, VALUE, CREATED_BY, CREATE_DATE) VALUES (PROMD_ID_SEQ.NEXTVAL, PO_ID_SEQ.CURRVAL, 'DEFAULT_VAT_RATE', '{"*": 0.0}', 'OFFERMAKER', SYSDATE);
  INSERT INTO OFFER_PRODUCT_OFFERING (OFFER_ID, PRODUCT_OFFERING_ID, CREATED_BY, CREATE_DATE) VALUES (OFR_ID_SEQ.CURRVAL, PO_ID_SEQ.CURRVAL, 'OFFERMAKER', SYSDATE);
  INSERT INTO OFFER_OFFER_CHAIN (OFFER_ID, OFFER_CHAIN_ID, INDEX_VALUE, NUM_RECURRENCES, CREATED_BY, CREATE_DATE, updated_by, update_date) VALUES (OFR_ID_SEQ.CURRVAL, 1026782, '0', '1', 'OFFERMAKER', SYSDATE, 'OFFERMAKER', SYSDATE);
  END;
  BEGIN
    SELECT 1 INTO TMP_VAR FROM OFFER_OFFER_CHAIN WHERE OFFER_CHAIN_ID = 1026782 AND INDEX_VALUE = 1 AND ROWNUM <= 1;
  EXCEPTION
    WHEN NO_DATA_FOUND THEN
  INSERT INTO OFFER (ID, OFFER_STATUS_ID, ENTITLEMENT_DURATION, CREATED_BY, CREATE_DATE, updated_by, update_date) VALUES (OFR_ID_SEQ.NEXTVAL, 1, 'P0Y0M56DT0H0M', 'OFFERMAKER', SYSDATE, 'OFFERMAKER', SYSDATE);
  BEGIN
    SELECT ID INTO CUR_PRD_ID FROM PRODUCT WHERE NAME = 'Web' AND PRODUCT_STATUS_ID = 1 AND ROWNUM <= 1;
  EXCEPTION
    WHEN NO_DATA_FOUND THEN
      INSERT INTO PRODUCT (ID, NAME, PRODUCTION_COST, PRODUCT_STATUS_ID, PRODUCT_URI, UNIT_PRICE, CREATED_BY, CREATE_DATE) VALUES (PRD_ID_SEQ.NEXTVAL, 'Web', '0', 1, NULL, '0.357143', 'OFFERMAKER', SYSDATE);
      SELECT ID INTO CUR_PRD_ID FROM PRODUCT WHERE NAME = 'Web' AND PRODUCT_STATUS_ID = 1 AND ROWNUM <= 1;
    WHEN OTHERS THEN
      RAISE;
  END;
  SELECT ID INTO CUR_CAPABILITY_ID FROM CAPABILITY WHERE CODE IN LTRIM(RTRIM((UPPER('MM')))) AND ROWNUM <= 1;
  INSERT INTO PRODUCT_OFFERING (ID, PRODUCT_ID, TAX_POLICY_TYPE_ID, QUANTITY, UNIT_PRICE, TAX_CATEGORY_ID, CAPABILITY_ID, CREATED_BY, CREATE_DATE) VALUES (PO_ID_SEQ.NEXTVAL, CUR_PRD_ID, '1', '56', '0.357143', '2', CUR_CAPABILITY_ID, 'OFFERMAKER', SYSDATE);
  INSERT INTO PRODUCT_OFFERING_META_DATA (ID, PRODUCT_OFFERING_ID, NAME, VALUE, CREATED_BY, CREATE_DATE) VALUES (PROMD_ID_SEQ.NEXTVAL, PO_ID_SEQ.CURRVAL, 'entitlement_uri', 'http://:hostname:/svc/user/entitlements/mm/:id:.json', 'OFFERMAKER', SYSDATE);
  INSERT INTO PRODUCT_OFFERING_META_DATA (ID, PRODUCT_OFFERING_ID, NAME, VALUE, CREATED_BY, CREATE_DATE) VALUES (PROMD_ID_SEQ.NEXTVAL, PO_ID_SEQ.CURRVAL, 'DEFAULT_VAT_RATE', '{"*": 0.0}', 'OFFERMAKER', SYSDATE);
  INSERT INTO PRODUCT_OFFERING_META_DATA (ID, PRODUCT_OFFERING_ID, NAME, VALUE, CREATED_BY, CREATE_DATE) VALUES (PROMD_ID_SEQ.NEXTVAL, PO_ID_SEQ.CURRVAL, 'capability', 'MM', 'OFFERMAKER', SYSDATE);
  INSERT INTO OFFER_PRODUCT_OFFERING (OFFER_ID, PRODUCT_OFFERING_ID, CREATED_BY, CREATE_DATE) VALUES (OFR_ID_SEQ.CURRVAL, PO_ID_SEQ.CURRVAL, 'OFFERMAKER', SYSDATE);
  INSERT INTO DISCOUNT (ID, NAME, DESCRIPTION, FIXED_AMOUNT, PERCENT_AMOUNT, DISCOUNT_TYPE_ID, CREATED_BY, CREATE_DATE) VALUES (DSC_ID_SEQ.NEXTVAL, 'Discount', 'Target offer price 0.99 given offer total price 40.000016 and product price 19.505008', '19.505008', '0', 1, 'OFFERMAKER', SYSDATE);
  INSERT INTO DISCOUNT_PRODUCT_OFFERING (DISCOUNT_ID, PRODUCT_OFFERING_ID, CREATED_BY, CREATE_DATE) VALUES (DSC_ID_SEQ.CURRVAL, PO_ID_SEQ.CURRVAL, 'OFFERMAKER', SYSDATE);
  BEGIN
    SELECT ID INTO CUR_PRD_ID FROM PRODUCT WHERE NAME = 'Mobile' AND PRODUCT_STATUS_ID = 1 AND ROWNUM <= 1;
  EXCEPTION
    WHEN NO_DATA_FOUND THEN
      INSERT INTO PRODUCT (ID, NAME, PRODUCTION_COST, PRODUCT_STATUS_ID, PRODUCT_URI, UNIT_PRICE, CREATED_BY, CREATE_DATE) VALUES (PRD_ID_SEQ.NEXTVAL, 'Mobile', '0', 1, NULL, '0', 'OFFERMAKER', SYSDATE);
      SELECT ID INTO CUR_PRD_ID FROM PRODUCT WHERE NAME = 'Mobile' AND PRODUCT_STATUS_ID = 1 AND ROWNUM <= 1;
    WHEN OTHERS THEN
      RAISE;
  END;
  SELECT ID INTO CUR_CAPABILITY_ID FROM CAPABILITY WHERE CODE IN LTRIM(RTRIM((UPPER('MOW')))) AND ROWNUM <= 1;
  INSERT INTO PRODUCT_OFFERING (ID, PRODUCT_ID, TAX_POLICY_TYPE_ID, QUANTITY, UNIT_PRICE, TAX_CATEGORY_ID, CAPABILITY_ID, CREATED_BY, CREATE_DATE) VALUES (PO_ID_SEQ.NEXTVAL, CUR_PRD_ID, '1', '56', '0', '2', CUR_CAPABILITY_ID, 'OFFERMAKER', SYSDATE);
  INSERT INTO PRODUCT_OFFERING_META_DATA (ID, PRODUCT_OFFERING_ID, NAME, VALUE, CREATED_BY, CREATE_DATE) VALUES (PROMD_ID_SEQ.NEXTVAL, PO_ID_SEQ.CURRVAL, 'entitlement_uri', 'http://:hostname:/svc/user/entitlements/mow/:id:.json', 'OFFERMAKER', SYSDATE);
  INSERT INTO PRODUCT_OFFERING_META_DATA (ID, PRODUCT_OFFERING_ID, NAME, VALUE, CREATED_BY, CREATE_DATE) VALUES (PROMD_ID_SEQ.NEXTVAL, PO_ID_SEQ.CURRVAL, 'DEFAULT_VAT_RATE', '{"*": 0.0}', 'OFFERMAKER', SYSDATE);
  INSERT INTO PRODUCT_OFFERING_META_DATA (ID, PRODUCT_OFFERING_ID, NAME, VALUE, CREATED_BY, CREATE_DATE) VALUES (PROMD_ID_SEQ.NEXTVAL, PO_ID_SEQ.CURRVAL, 'capability', 'MOW', 'OFFERMAKER', SYSDATE);
  INSERT INTO OFFER_PRODUCT_OFFERING (OFFER_ID, PRODUCT_OFFERING_ID, CREATED_BY, CREATE_DATE) VALUES (OFR_ID_SEQ.CURRVAL, PO_ID_SEQ.CURRVAL, 'OFFERMAKER', SYSDATE);
  BEGIN
    SELECT ID INTO CUR_PRD_ID FROM PRODUCT WHERE NAME = 'Archive Article' AND PRODUCT_STATUS_ID = 1 AND ROWNUM <= 1;
  EXCEPTION
    WHEN NO_DATA_FOUND THEN
      INSERT INTO PRODUCT (ID, NAME, PRODUCTION_COST, PRODUCT_STATUS_ID, PRODUCT_URI, UNIT_PRICE, CREATED_BY, CREATE_DATE) VALUES (PRD_ID_SEQ.NEXTVAL, 'Archive Article', '0', 1, NULL, '0', 'OFFERMAKER', SYSDATE);
      SELECT ID INTO CUR_PRD_ID FROM PRODUCT WHERE NAME = 'Archive Article' AND PRODUCT_STATUS_ID = 1 AND ROWNUM <= 1;
    WHEN OTHERS THEN
      RAISE;
  END;
  SELECT ID INTO CUR_CAPABILITY_ID FROM CAPABILITY WHERE CODE IN LTRIM(RTRIM((UPPER('AAA')))) AND ROWNUM <= 1;
  INSERT INTO PRODUCT_OFFERING (ID, PRODUCT_ID, TAX_POLICY_TYPE_ID, QUANTITY, UNIT_PRICE, TAX_CATEGORY_ID, CAPABILITY_ID, CREATED_BY, CREATE_DATE) VALUES (PO_ID_SEQ.NEXTVAL, CUR_PRD_ID, '1', '200', '0', '2', CUR_CAPABILITY_ID, 'OFFERMAKER', SYSDATE);
  INSERT INTO PRODUCT_OFFERING_META_DATA (ID, PRODUCT_OFFERING_ID, NAME, VALUE, CREATED_BY, CREATE_DATE) VALUES (PROMD_ID_SEQ.NEXTVAL, PO_ID_SEQ.CURRVAL, 'entitlement_uri', 'http://:hostname:/svc/user/entitlements/archive/size/200/:id:.json', 'OFFERMAKER', SYSDATE);
  INSERT INTO PRODUCT_OFFERING_META_DATA (ID, PRODUCT_OFFERING_ID, NAME, VALUE, CREATED_BY, CREATE_DATE) VALUES (PROMD_ID_SEQ.NEXTVAL, PO_ID_SEQ.CURRVAL, 'DEFAULT_VAT_RATE', '{"*": 0.0}', 'OFFERMAKER', SYSDATE);
  INSERT INTO OFFER_PRODUCT_OFFERING (OFFER_ID, PRODUCT_OFFERING_ID, CREATED_BY, CREATE_DATE) VALUES (OFR_ID_SEQ.CURRVAL, PO_ID_SEQ.CURRVAL, 'OFFERMAKER', SYSDATE);
  BEGIN
    SELECT ID INTO CUR_PRD_ID FROM PRODUCT WHERE NAME = 'TimesMachine' AND PRODUCT_STATUS_ID = 1 AND ROWNUM <= 1;
  EXCEPTION
    WHEN NO_DATA_FOUND THEN
      INSERT INTO PRODUCT (ID, NAME, PRODUCTION_COST, PRODUCT_STATUS_ID, PRODUCT_URI, UNIT_PRICE, CREATED_BY, CREATE_DATE) VALUES (PRD_ID_SEQ.NEXTVAL, 'TimesMachine', '0', 1, NULL, '0', 'OFFERMAKER', SYSDATE);
      SELECT ID INTO CUR_PRD_ID FROM PRODUCT WHERE NAME = 'TimesMachine' AND PRODUCT_STATUS_ID = 1 AND ROWNUM <= 1;
    WHEN OTHERS THEN
      RAISE;
  END;
  SELECT ID INTO CUR_CAPABILITY_ID FROM CAPABILITY WHERE CODE IN LTRIM(RTRIM((UPPER('NONE')))) AND ROWNUM <= 1;
  INSERT INTO PRODUCT_OFFERING (ID, PRODUCT_ID, TAX_POLICY_TYPE_ID, QUANTITY, UNIT_PRICE, TAX_CATEGORY_ID, CAPABILITY_ID, CREATED_BY, CREATE_DATE) VALUES (PO_ID_SEQ.NEXTVAL, CUR_PRD_ID, '1', '56', '0', '2', CUR_CAPABILITY_ID, 'OFFERMAKER', SYSDATE);
  INSERT INTO PRODUCT_OFFERING_META_DATA (ID, PRODUCT_OFFERING_ID, NAME, VALUE, CREATED_BY, CREATE_DATE) VALUES (PROMD_ID_SEQ.NEXTVAL, PO_ID_SEQ.CURRVAL, 'DEFAULT_VAT_RATE', '{"*": 0.0}', 'OFFERMAKER', SYSDATE);
  INSERT INTO OFFER_PRODUCT_OFFERING (OFFER_ID, PRODUCT_OFFERING_ID, CREATED_BY, CREATE_DATE) VALUES (OFR_ID_SEQ.CURRVAL, PO_ID_SEQ.CURRVAL, 'OFFERMAKER', SYSDATE);
  BEGIN
    SELECT ID INTO CUR_PRD_ID FROM PRODUCT WHERE NAME = 'Tablet' AND PRODUCT_STATUS_ID = 1 AND ROWNUM <= 1;
  EXCEPTION
    WHEN NO_DATA_FOUND THEN
      INSERT INTO PRODUCT (ID, NAME, PRODUCTION_COST, PRODUCT_STATUS_ID, PRODUCT_URI, UNIT_PRICE, CREATED_BY, CREATE_DATE) VALUES (PRD_ID_SEQ.NEXTVAL, 'Tablet', '0', 1, NULL, '0.357143', 'OFFERMAKER', SYSDATE);
      SELECT ID INTO CUR_PRD_ID FROM PRODUCT WHERE NAME = 'Tablet' AND PRODUCT_STATUS_ID = 1 AND ROWNUM <= 1;
    WHEN OTHERS THEN
      RAISE;
  END;
  SELECT ID INTO CUR_CAPABILITY_ID FROM CAPABILITY WHERE CODE IN LTRIM(RTRIM((UPPER('MTD')))) AND ROWNUM <= 1;
  INSERT INTO PRODUCT_OFFERING (ID, PRODUCT_ID, TAX_POLICY_TYPE_ID, QUANTITY, UNIT_PRICE, TAX_CATEGORY_ID, CAPABILITY_ID, CREATED_BY, CREATE_DATE) VALUES (PO_ID_SEQ.NEXTVAL, CUR_PRD_ID, '1', '56', '0.357143', '2', CUR_CAPABILITY_ID, 'OFFERMAKER', SYSDATE);
  INSERT INTO PRODUCT_OFFERING_META_DATA (ID, PRODUCT_OFFERING_ID, NAME, VALUE, CREATED_BY, CREATE_DATE) VALUES (PROMD_ID_SEQ.NEXTVAL, PO_ID_SEQ.CURRVAL, 'entitlement_uri', 'http://:hostname:/svc/user/entitlements/mtd/:id:.json', 'OFFERMAKER', SYSDATE);
  INSERT INTO PRODUCT_OFFERING_META_DATA (ID, PRODUCT_OFFERING_ID, NAME, VALUE, CREATED_BY, CREATE_DATE) VALUES (PROMD_ID_SEQ.NEXTVAL, PO_ID_SEQ.CURRVAL, 'DEFAULT_VAT_RATE', '{"*": 0.0}', 'OFFERMAKER', SYSDATE);
  INSERT INTO PRODUCT_OFFERING_META_DATA (ID, PRODUCT_OFFERING_ID, NAME, VALUE, CREATED_BY, CREATE_DATE) VALUES (PROMD_ID_SEQ.NEXTVAL, PO_ID_SEQ.CURRVAL, 'capability', 'MTD', 'OFFERMAKER', SYSDATE);
  INSERT INTO OFFER_PRODUCT_OFFERING (OFFER_ID, PRODUCT_OFFERING_ID, CREATED_BY, CREATE_DATE) VALUES (OFR_ID_SEQ.CURRVAL, PO_ID_SEQ.CURRVAL, 'OFFERMAKER', SYSDATE);
  INSERT INTO DISCOUNT (ID, NAME, DESCRIPTION, FIXED_AMOUNT, PERCENT_AMOUNT, DISCOUNT_TYPE_ID, CREATED_BY, CREATE_DATE) VALUES (DSC_ID_SEQ.NEXTVAL, 'Discount', 'Target offer price 0.99 given offer total price 40.000016 and product price 19.505008', '19.505008', '0', 1, 'OFFERMAKER', SYSDATE);
  INSERT INTO DISCOUNT_PRODUCT_OFFERING (DISCOUNT_ID, PRODUCT_OFFERING_ID, CREATED_BY, CREATE_DATE) VALUES (DSC_ID_SEQ.CURRVAL, PO_ID_SEQ.CURRVAL, 'OFFERMAKER', SYSDATE);
  BEGIN
    SELECT ID INTO CUR_PRD_ID FROM PRODUCT WHERE NAME = 'TimesReader' AND PRODUCT_STATUS_ID = 1 AND ROWNUM <= 1;
  EXCEPTION
    WHEN NO_DATA_FOUND THEN
      INSERT INTO PRODUCT (ID, NAME, PRODUCTION_COST, PRODUCT_STATUS_ID, PRODUCT_URI, UNIT_PRICE, CREATED_BY, CREATE_DATE) VALUES (PRD_ID_SEQ.NEXTVAL, 'TimesReader', '0', 1, NULL, '0', 'OFFERMAKER', SYSDATE);
      SELECT ID INTO CUR_PRD_ID FROM PRODUCT WHERE NAME = 'TimesReader' AND PRODUCT_STATUS_ID = 1 AND ROWNUM <= 1;
    WHEN OTHERS THEN
      RAISE;
  END;
  SELECT ID INTO CUR_CAPABILITY_ID FROM CAPABILITY WHERE CODE IN LTRIM(RTRIM((UPPER('TNR')))) AND ROWNUM <= 1;
  INSERT INTO PRODUCT_OFFERING (ID, PRODUCT_ID, TAX_POLICY_TYPE_ID, QUANTITY, UNIT_PRICE, TAX_CATEGORY_ID, CAPABILITY_ID, CREATED_BY, CREATE_DATE) VALUES (PO_ID_SEQ.NEXTVAL, CUR_PRD_ID, '1', '56', '0', '2', CUR_CAPABILITY_ID, 'OFFERMAKER', SYSDATE);
  INSERT INTO PRODUCT_OFFERING_META_DATA (ID, PRODUCT_OFFERING_ID, NAME, VALUE, CREATED_BY, CREATE_DATE) VALUES (PROMD_ID_SEQ.NEXTVAL, PO_ID_SEQ.CURRVAL, 'entitlement_uri', 'http://:hostname:/svc/user/entitlements/timesreader/:id:.json', 'OFFERMAKER', SYSDATE);
  INSERT INTO PRODUCT_OFFERING_META_DATA (ID, PRODUCT_OFFERING_ID, NAME, VALUE, CREATED_BY, CREATE_DATE) VALUES (PROMD_ID_SEQ.NEXTVAL, PO_ID_SEQ.CURRVAL, 'capability', 'TNR', 'OFFERMAKER', SYSDATE);
  INSERT INTO PRODUCT_OFFERING_META_DATA (ID, PRODUCT_OFFERING_ID, NAME, VALUE, CREATED_BY, CREATE_DATE) VALUES (PROMD_ID_SEQ.NEXTVAL, PO_ID_SEQ.CURRVAL, 'DEFAULT_VAT_RATE', '{"*": 0.0}', 'OFFERMAKER', SYSDATE);
  INSERT INTO OFFER_PRODUCT_OFFERING (OFFER_ID, PRODUCT_OFFERING_ID, CREATED_BY, CREATE_DATE) VALUES (OFR_ID_SEQ.CURRVAL, PO_ID_SEQ.CURRVAL, 'OFFERMAKER', SYSDATE);
  INSERT INTO OFFER_OFFER_CHAIN (OFFER_ID, OFFER_CHAIN_ID, INDEX_VALUE, NUM_RECURRENCES, CREATED_BY, CREATE_DATE, updated_by, update_date) VALUES (OFR_ID_SEQ.CURRVAL, 1026782, '1', '1', 'OFFERMAKER', SYSDATE, 'OFFERMAKER', SYSDATE);
  END;
  BEGIN
    SELECT 1 INTO TMP_VAR FROM OFFER_OFFER_CHAIN WHERE OFFER_CHAIN_ID = 1026782 AND INDEX_VALUE = 2 AND ROWNUM <= 1;
  EXCEPTION
    WHEN NO_DATA_FOUND THEN
  INSERT INTO OFFER (ID, OFFER_STATUS_ID, ENTITLEMENT_DURATION, CREATED_BY, CREATE_DATE, updated_by, update_date) VALUES (OFR_ID_SEQ.NEXTVAL, 1, 'P0Y0M28DT0H0M', 'OFFERMAKER', SYSDATE, 'OFFERMAKER', SYSDATE);
  BEGIN
    SELECT ID INTO CUR_PRD_ID FROM PRODUCT WHERE NAME = 'Web' AND PRODUCT_STATUS_ID = 1 AND ROWNUM <= 1;
  EXCEPTION
    WHEN NO_DATA_FOUND THEN
      INSERT INTO PRODUCT (ID, NAME, PRODUCTION_COST, PRODUCT_STATUS_ID, PRODUCT_URI, UNIT_PRICE, CREATED_BY, CREATE_DATE) VALUES (PRD_ID_SEQ.NEXTVAL, 'Web', '0', 1, NULL, '0.357143', 'OFFERMAKER', SYSDATE);
      SELECT ID INTO CUR_PRD_ID FROM PRODUCT WHERE NAME = 'Web' AND PRODUCT_STATUS_ID = 1 AND ROWNUM <= 1;
    WHEN OTHERS THEN
      RAISE;
  END;
  SELECT ID INTO CUR_CAPABILITY_ID FROM CAPABILITY WHERE CODE IN LTRIM(RTRIM((UPPER('MM')))) AND ROWNUM <= 1;
  INSERT INTO PRODUCT_OFFERING (ID, PRODUCT_ID, TAX_POLICY_TYPE_ID, QUANTITY, UNIT_PRICE, TAX_CATEGORY_ID, CAPABILITY_ID, CREATED_BY, CREATE_DATE) VALUES (PO_ID_SEQ.NEXTVAL, CUR_PRD_ID, '1', '28', '0.357143', '2', CUR_CAPABILITY_ID, 'OFFERMAKER', SYSDATE);
  INSERT INTO PRODUCT_OFFERING_META_DATA (ID, PRODUCT_OFFERING_ID, NAME, VALUE, CREATED_BY, CREATE_DATE) VALUES (PROMD_ID_SEQ.NEXTVAL, PO_ID_SEQ.CURRVAL, 'entitlement_uri', 'http://:hostname:/svc/user/entitlements/mm/:id:.json', 'OFFERMAKER', SYSDATE);
  INSERT INTO PRODUCT_OFFERING_META_DATA (ID, PRODUCT_OFFERING_ID, NAME, VALUE, CREATED_BY, CREATE_DATE) VALUES (PROMD_ID_SEQ.NEXTVAL, PO_ID_SEQ.CURRVAL, 'DEFAULT_VAT_RATE', '{"*": 0.0}', 'OFFERMAKER', SYSDATE);
  INSERT INTO PRODUCT_OFFERING_META_DATA (ID, PRODUCT_OFFERING_ID, NAME, VALUE, CREATED_BY, CREATE_DATE) VALUES (PROMD_ID_SEQ.NEXTVAL, PO_ID_SEQ.CURRVAL, 'capability', 'MM', 'OFFERMAKER', SYSDATE);
  INSERT INTO OFFER_PRODUCT_OFFERING (OFFER_ID, PRODUCT_OFFERING_ID, CREATED_BY, CREATE_DATE) VALUES (OFR_ID_SEQ.CURRVAL, PO_ID_SEQ.CURRVAL, 'OFFERMAKER', SYSDATE);
  INSERT INTO DISCOUNT (ID, NAME, DESCRIPTION, FIXED_AMOUNT, PERCENT_AMOUNT, DISCOUNT_TYPE_ID, CREATED_BY, CREATE_DATE) VALUES (DSC_ID_SEQ.NEXTVAL, 'Discount', 'Target offer price 20.0 given offer total price 20.000008 and product price 4e-06', '4e-06', '0', 1, 'OFFERMAKER', SYSDATE);
  INSERT INTO DISCOUNT_PRODUCT_OFFERING (DISCOUNT_ID, PRODUCT_OFFERING_ID, CREATED_BY, CREATE_DATE) VALUES (DSC_ID_SEQ.CURRVAL, PO_ID_SEQ.CURRVAL, 'OFFERMAKER', SYSDATE);
  BEGIN
    SELECT ID INTO CUR_PRD_ID FROM PRODUCT WHERE NAME = 'Mobile' AND PRODUCT_STATUS_ID = 1 AND ROWNUM <= 1;
  EXCEPTION
    WHEN NO_DATA_FOUND THEN
      INSERT INTO PRODUCT (ID, NAME, PRODUCTION_COST, PRODUCT_STATUS_ID, PRODUCT_URI, UNIT_PRICE, CREATED_BY, CREATE_DATE) VALUES (PRD_ID_SEQ.NEXTVAL, 'Mobile', '0', 1, NULL, '0', 'OFFERMAKER', SYSDATE);
      SELECT ID INTO CUR_PRD_ID FROM PRODUCT WHERE NAME = 'Mobile' AND PRODUCT_STATUS_ID = 1 AND ROWNUM <= 1;
    WHEN OTHERS THEN
      RAISE;
  END;
  SELECT ID INTO CUR_CAPABILITY_ID FROM CAPABILITY WHERE CODE IN LTRIM(RTRIM((UPPER('MOW')))) AND ROWNUM <= 1;
  INSERT INTO PRODUCT_OFFERING (ID, PRODUCT_ID, TAX_POLICY_TYPE_ID, QUANTITY, UNIT_PRICE, TAX_CATEGORY_ID, CAPABILITY_ID, CREATED_BY, CREATE_DATE) VALUES (PO_ID_SEQ.NEXTVAL, CUR_PRD_ID, '1', '28', '0', '2', CUR_CAPABILITY_ID, 'OFFERMAKER', SYSDATE);
  INSERT INTO PRODUCT_OFFERING_META_DATA (ID, PRODUCT_OFFERING_ID, NAME, VALUE, CREATED_BY, CREATE_DATE) VALUES (PROMD_ID_SEQ.NEXTVAL, PO_ID_SEQ.CURRVAL, 'entitlement_uri', 'http://:hostname:/svc/user/entitlements/mow/:id:.json', 'OFFERMAKER', SYSDATE);
  INSERT INTO PRODUCT_OFFERING_META_DATA (ID, PRODUCT_OFFERING_ID, NAME, VALUE, CREATED_BY, CREATE_DATE) VALUES (PROMD_ID_SEQ.NEXTVAL, PO_ID_SEQ.CURRVAL, 'DEFAULT_VAT_RATE', '{"*": 0.0}', 'OFFERMAKER', SYSDATE);
  INSERT INTO PRODUCT_OFFERING_META_DATA (ID, PRODUCT_OFFERING_ID, NAME, VALUE, CREATED_BY, CREATE_DATE) VALUES (PROMD_ID_SEQ.NEXTVAL, PO_ID_SEQ.CURRVAL, 'capability', 'MOW', 'OFFERMAKER', SYSDATE);
  INSERT INTO OFFER_PRODUCT_OFFERING (OFFER_ID, PRODUCT_OFFERING_ID, CREATED_BY, CREATE_DATE) VALUES (OFR_ID_SEQ.CURRVAL, PO_ID_SEQ.CURRVAL, 'OFFERMAKER', SYSDATE);
  BEGIN
    SELECT ID INTO CUR_PRD_ID FROM PRODUCT WHERE NAME = 'Archive Article' AND PRODUCT_STATUS_ID = 1 AND ROWNUM <= 1;
  EXCEPTION
    WHEN NO_DATA_FOUND THEN
      INSERT INTO PRODUCT (ID, NAME, PRODUCTION_COST, PRODUCT_STATUS_ID, PRODUCT_URI, UNIT_PRICE, CREATED_BY, CREATE_DATE) VALUES (PRD_ID_SEQ.NEXTVAL, 'Archive Article', '0', 1, NULL, '0', 'OFFERMAKER', SYSDATE);
      SELECT ID INTO CUR_PRD_ID FROM PRODUCT WHERE NAME = 'Archive Article' AND PRODUCT_STATUS_ID = 1 AND ROWNUM <= 1;
    WHEN OTHERS THEN
      RAISE;
  END;
  SELECT ID INTO CUR_CAPABILITY_ID FROM CAPABILITY WHERE CODE IN LTRIM(RTRIM((UPPER('AAA')))) AND ROWNUM <= 1;
  INSERT INTO PRODUCT_OFFERING (ID, PRODUCT_ID, TAX_POLICY_TYPE_ID, QUANTITY, UNIT_PRICE, TAX_CATEGORY_ID, CAPABILITY_ID, CREATED_BY, CREATE_DATE) VALUES (PO_ID_SEQ.NEXTVAL, CUR_PRD_ID, '1', '100', '0', '2', CUR_CAPABILITY_ID, 'OFFERMAKER', SYSDATE);
  INSERT INTO PRODUCT_OFFERING_META_DATA (ID, PRODUCT_OFFERING_ID, NAME, VALUE, CREATED_BY, CREATE_DATE) VALUES (PROMD_ID_SEQ.NEXTVAL, PO_ID_SEQ.CURRVAL, 'entitlement_uri', 'http://:hostname:/svc/user/entitlements/archive/size/100/:id:.json', 'OFFERMAKER', SYSDATE);
  INSERT INTO PRODUCT_OFFERING_META_DATA (ID, PRODUCT_OFFERING_ID, NAME, VALUE, CREATED_BY, CREATE_DATE) VALUES (PROMD_ID_SEQ.NEXTVAL, PO_ID_SEQ.CURRVAL, 'DEFAULT_VAT_RATE', '{"*": 0.0}', 'OFFERMAKER', SYSDATE);
  INSERT INTO OFFER_PRODUCT_OFFERING (OFFER_ID, PRODUCT_OFFERING_ID, CREATED_BY, CREATE_DATE) VALUES (OFR_ID_SEQ.CURRVAL, PO_ID_SEQ.CURRVAL, 'OFFERMAKER', SYSDATE);
  BEGIN
    SELECT ID INTO CUR_PRD_ID FROM PRODUCT WHERE NAME = 'TimesMachine' AND PRODUCT_STATUS_ID = 1 AND ROWNUM <= 1;
  EXCEPTION
    WHEN NO_DATA_FOUND THEN
      INSERT INTO PRODUCT (ID, NAME, PRODUCTION_COST, PRODUCT_STATUS_ID, PRODUCT_URI, UNIT_PRICE, CREATED_BY, CREATE_DATE) VALUES (PRD_ID_SEQ.NEXTVAL, 'TimesMachine', '0', 1, NULL, '0', 'OFFERMAKER', SYSDATE);
      SELECT ID INTO CUR_PRD_ID FROM PRODUCT WHERE NAME = 'TimesMachine' AND PRODUCT_STATUS_ID = 1 AND ROWNUM <= 1;
    WHEN OTHERS THEN
      RAISE;
  END;
  SELECT ID INTO CUR_CAPABILITY_ID FROM CAPABILITY WHERE CODE IN LTRIM(RTRIM((UPPER('NONE')))) AND ROWNUM <= 1;
  INSERT INTO PRODUCT_OFFERING (ID, PRODUCT_ID, TAX_POLICY_TYPE_ID, QUANTITY, UNIT_PRICE, TAX_CATEGORY_ID, CAPABILITY_ID, CREATED_BY, CREATE_DATE) VALUES (PO_ID_SEQ.NEXTVAL, CUR_PRD_ID, '1', '28', '0', '2', CUR_CAPABILITY_ID, 'OFFERMAKER', SYSDATE);
  INSERT INTO PRODUCT_OFFERING_META_DATA (ID, PRODUCT_OFFERING_ID, NAME, VALUE, CREATED_BY, CREATE_DATE) VALUES (PROMD_ID_SEQ.NEXTVAL, PO_ID_SEQ.CURRVAL, 'DEFAULT_VAT_RATE', '{"*": 0.0}', 'OFFERMAKER', SYSDATE);
  INSERT INTO OFFER_PRODUCT_OFFERING (OFFER_ID, PRODUCT_OFFERING_ID, CREATED_BY, CREATE_DATE) VALUES (OFR_ID_SEQ.CURRVAL, PO_ID_SEQ.CURRVAL, 'OFFERMAKER', SYSDATE);
  BEGIN
    SELECT ID INTO CUR_PRD_ID FROM PRODUCT WHERE NAME = 'Tablet' AND PRODUCT_STATUS_ID = 1 AND ROWNUM <= 1;
  EXCEPTION
    WHEN NO_DATA_FOUND THEN
      INSERT INTO PRODUCT (ID, NAME, PRODUCTION_COST, PRODUCT_STATUS_ID, PRODUCT_URI, UNIT_PRICE, CREATED_BY, CREATE_DATE) VALUES (PRD_ID_SEQ.NEXTVAL, 'Tablet', '0', 1, NULL, '0.357143', 'OFFERMAKER', SYSDATE);
      SELECT ID INTO CUR_PRD_ID FROM PRODUCT WHERE NAME = 'Tablet' AND PRODUCT_STATUS_ID = 1 AND ROWNUM <= 1;
    WHEN OTHERS THEN
      RAISE;
  END;
  SELECT ID INTO CUR_CAPABILITY_ID FROM CAPABILITY WHERE CODE IN LTRIM(RTRIM((UPPER('MTD')))) AND ROWNUM <= 1;
  INSERT INTO PRODUCT_OFFERING (ID, PRODUCT_ID, TAX_POLICY_TYPE_ID, QUANTITY, UNIT_PRICE, TAX_CATEGORY_ID, CAPABILITY_ID, CREATED_BY, CREATE_DATE) VALUES (PO_ID_SEQ.NEXTVAL, CUR_PRD_ID, '1', '28', '0.357143', '2', CUR_CAPABILITY_ID, 'OFFERMAKER', SYSDATE);
  INSERT INTO PRODUCT_OFFERING_META_DATA (ID, PRODUCT_OFFERING_ID, NAME, VALUE, CREATED_BY, CREATE_DATE) VALUES (PROMD_ID_SEQ.NEXTVAL, PO_ID_SEQ.CURRVAL, 'entitlement_uri', 'http://:hostname:/svc/user/entitlements/mtd/:id:.json', 'OFFERMAKER', SYSDATE);
  INSERT INTO PRODUCT_OFFERING_META_DATA (ID, PRODUCT_OFFERING_ID, NAME, VALUE, CREATED_BY, CREATE_DATE) VALUES (PROMD_ID_SEQ.NEXTVAL, PO_ID_SEQ.CURRVAL, 'DEFAULT_VAT_RATE', '{"*": 0.0}', 'OFFERMAKER', SYSDATE);
  INSERT INTO PRODUCT_OFFERING_META_DATA (ID, PRODUCT_OFFERING_ID, NAME, VALUE, CREATED_BY, CREATE_DATE) VALUES (PROMD_ID_SEQ.NEXTVAL, PO_ID_SEQ.CURRVAL, 'capability', 'MTD', 'OFFERMAKER', SYSDATE);
  INSERT INTO OFFER_PRODUCT_OFFERING (OFFER_ID, PRODUCT_OFFERING_ID, CREATED_BY, CREATE_DATE) VALUES (OFR_ID_SEQ.CURRVAL, PO_ID_SEQ.CURRVAL, 'OFFERMAKER', SYSDATE);
  INSERT INTO DISCOUNT (ID, NAME, DESCRIPTION, FIXED_AMOUNT, PERCENT_AMOUNT, DISCOUNT_TYPE_ID, CREATED_BY, CREATE_DATE) VALUES (DSC_ID_SEQ.NEXTVAL, 'Discount', 'Target offer price 20.0 given offer total price 20.000008 and product price 4e-06', '4e-06', '0', 1, 'OFFERMAKER', SYSDATE);
  INSERT INTO DISCOUNT_PRODUCT_OFFERING (DISCOUNT_ID, PRODUCT_OFFERING_ID, CREATED_BY, CREATE_DATE) VALUES (DSC_ID_SEQ.CURRVAL, PO_ID_SEQ.CURRVAL, 'OFFERMAKER', SYSDATE);
  BEGIN
    SELECT ID INTO CUR_PRD_ID FROM PRODUCT WHERE NAME = 'TimesReader' AND PRODUCT_STATUS_ID = 1 AND ROWNUM <= 1;
  EXCEPTION
    WHEN NO_DATA_FOUND THEN
      INSERT INTO PRODUCT (ID, NAME, PRODUCTION_COST, PRODUCT_STATUS_ID, PRODUCT_URI, UNIT_PRICE, CREATED_BY, CREATE_DATE) VALUES (PRD_ID_SEQ.NEXTVAL, 'TimesReader', '0', 1, NULL, '0', 'OFFERMAKER', SYSDATE);
      SELECT ID INTO CUR_PRD_ID FROM PRODUCT WHERE NAME = 'TimesReader' AND PRODUCT_STATUS_ID = 1 AND ROWNUM <= 1;
    WHEN OTHERS THEN
      RAISE;
  END;
  SELECT ID INTO CUR_CAPABILITY_ID FROM CAPABILITY WHERE CODE IN LTRIM(RTRIM((UPPER('TNR')))) AND ROWNUM <= 1;
  INSERT INTO PRODUCT_OFFERING (ID, PRODUCT_ID, TAX_POLICY_TYPE_ID, QUANTITY, UNIT_PRICE, TAX_CATEGORY_ID, CAPABILITY_ID, CREATED_BY, CREATE_DATE) VALUES (PO_ID_SEQ.NEXTVAL, CUR_PRD_ID, '1', '28', '0', '2', CUR_CAPABILITY_ID, 'OFFERMAKER', SYSDATE);
  INSERT INTO PRODUCT_OFFERING_META_DATA (ID, PRODUCT_OFFERING_ID, NAME, VALUE, CREATED_BY, CREATE_DATE) VALUES (PROMD_ID_SEQ.NEXTVAL, PO_ID_SEQ.CURRVAL, 'entitlement_uri', 'http://:hostname:/svc/user/entitlements/timesreader/:id:.json', 'OFFERMAKER', SYSDATE);
  INSERT INTO PRODUCT_OFFERING_META_DATA (ID, PRODUCT_OFFERING_ID, NAME, VALUE, CREATED_BY, CREATE_DATE) VALUES (PROMD_ID_SEQ.NEXTVAL, PO_ID_SEQ.CURRVAL, 'capability', 'TNR', 'OFFERMAKER', SYSDATE);
  INSERT INTO PRODUCT_OFFERING_META_DATA (ID, PRODUCT_OFFERING_ID, NAME, VALUE, CREATED_BY, CREATE_DATE) VALUES (PROMD_ID_SEQ.NEXTVAL, PO_ID_SEQ.CURRVAL, 'DEFAULT_VAT_RATE', '{"*": 0.0}', 'OFFERMAKER', SYSDATE);
  INSERT INTO OFFER_PRODUCT_OFFERING (OFFER_ID, PRODUCT_OFFERING_ID, CREATED_BY, CREATE_DATE) VALUES (OFR_ID_SEQ.CURRVAL, PO_ID_SEQ.CURRVAL, 'OFFERMAKER', SYSDATE);
  INSERT INTO OFFER_OFFER_CHAIN (OFFER_ID, OFFER_CHAIN_ID, INDEX_VALUE, NUM_RECURRENCES, CREATED_BY, CREATE_DATE, updated_by, update_date) VALUES (OFR_ID_SEQ.CURRVAL, 1026782, '2', '-1', 'OFFERMAKER', SYSDATE, 'OFFERMAKER', SYSDATE);
  END;
END;
/

DECLARE
  TMP_VAR NUMBER;
  CUR_PRD_ID NUMBER;
  CUR_CAPABILITY_ID NUMBER;
BEGIN
  BEGIN
    SELECT 1 INTO TMP_VAR FROM OFFER_CHAIN WHERE ID = 1036780 AND ROWNUM <= 1;
    UPDATE OFFER_CHAIN SET NAME='NYTimes: All Digital Access', DESCRIPTION='Unlimited access to NYTimes.com, and the NYTimes smartphone and tablet apps.*', PRODUCT_URI='', VENDOR_SOURCE_ID='1', BILLING_SOURCE_ID=(SELECT ID FROM BILLING_SOURCE BS WHERE BS.NAME='DD-FAB'), IS_SEAT_LICENSE=0, GROUP_ACCOUNT_TYPE_ID='NO',IS_ADDRESS_REQUIRED=1, OFFER_CHAIN_STATUS_ID = 1, UPDATE_DATE = SYSDATE, UPDATED_BY = 'OFFERMAKER', IS_GIFT_CERTIFICATE='1', REVOKE_ENTITLEMENTS = '0', ADOPTABILITY_WINDOW_START_DATE = to_date('04-Apr-2013 00:00:00','DD-MON-YY HH24:MI:SS'), ADOPTABILITY_WINDOW_END_DATE = to_date('17-Apr-2020 00:00:00','DD-MON-YY HH24:MI:SS') WHERE ID = 1036780;
  EXCEPTION
    WHEN NO_DATA_FOUND THEN
      INSERT INTO OFFER_CHAIN (ID, NAME, DESCRIPTION, ADOPTABILITY_WINDOW_START_DATE, ADOPTABILITY_WINDOW_END_DATE, IS_GIFT_CERTIFICATE, PRODUCT_URI, OFFER_CHAIN_STATUS_ID, REVOKE_ENTITLEMENTS, VENDOR_SOURCE_ID, BILLING_SOURCE_ID, IS_SEAT_LICENSE, GROUP_ACCOUNT_TYPE_ID, IS_ADDRESS_REQUIRED, CREATED_BY, CREATE_DATE, updated_by, update_date) VALUES (1036780, 'NYTimes: All Digital Access', 'Unlimited access to NYTimes.com, and the NYTimes smartphone and tablet apps.*', to_date('04-Apr-2013 00:00:00','DD-MON-YY HH24:MI:SS'), to_date('17-Apr-2020 00:00:00','DD-MON-YY HH24:MI:SS'), '1', NULL, '1', '0', '1', (SELECT ID FROM BILLING_SOURCE BS WHERE BS.NAME='DD-FAB'), decode('NO','IL',1,0), 'NO', '1', 'OFFERMAKER', SYSDATE, 'OFFERMAKER', SYSDATE);
  END;
  DELETE FROM OFFER_CHAIN_ELIGIBILITY WHERE offer_chain_id = 1036780;
  INSERT INTO OFFER_CHAIN_ELIGIBILITY (ID, OFFER_CHAIN_ID, NAME, VALUE, CREATED_BY, CREATE_DATE) VALUES (ELG_ID_SEQ.NEXTVAL, 1036780, 'IS_COMP', '1', 'OFFERMAKER', SYSDATE);
  DELETE FROM OFFER_CHAIN_META_DATA WHERE offer_chain_id = 1036780;
  INSERT INTO OFFER_CHAIN_META_DATA (ID, OFFER_CHAIN_ID, NAME, VALUE, CREATED_BY, CREATE_DATE) VALUES (OCMD_ID_SEQ.NEXTVAL, 1036780, 'BUNDLE_EXPLANATION', 'Bundle D - FAB 16 Week Sub - Purchase OC', 'OFFERMAKER', SYSDATE);
  INSERT INTO OFFER_CHAIN_META_DATA (ID, OFFER_CHAIN_ID, NAME, VALUE, CREATED_BY, CREATE_DATE) VALUES (OCMD_ID_SEQ.NEXTVAL, 1036780, 'PRICE_DESCRIPTION', '16 Week Bundle D FAB Promotion Subscription for $70.00 - Paid to FAB - Purchase', 'OFFERMAKER', SYSDATE);
  INSERT INTO OFFER_CHAIN_META_DATA (ID, OFFER_CHAIN_ID, NAME, VALUE, CREATED_BY, CREATE_DATE) VALUES (OCMD_ID_SEQ.NEXTVAL, 1036780, 'PRICE_SHORT_DESCRIPTION', 'BNDL D / $0 16 wks FAB GC purch', 'OFFERMAKER', SYSDATE);
  INSERT INTO OFFER_CHAIN_META_DATA (ID, OFFER_CHAIN_ID, NAME, VALUE, CREATED_BY, CREATE_DATE) VALUES (OCMD_ID_SEQ.NEXTVAL, 1036780, 'OFFER_TYPE', 'FAB Subscription for 16 weeks', 'OFFERMAKER', SYSDATE);
  INSERT INTO OFFER_CHAIN_META_DATA (ID, OFFER_CHAIN_ID, NAME, VALUE, CREATED_BY, CREATE_DATE) VALUES (OCMD_ID_SEQ.NEXTVAL, 1036780, 'OFFER_PRICE', '$70 for 16 weeks', 'OFFERMAKER', SYSDATE);
  INSERT INTO OFFER_CHAIN_META_DATA (ID, OFFER_CHAIN_ID, NAME, VALUE, CREATED_BY, CREATE_DATE) VALUES (OCMD_ID_SEQ.NEXTVAL, 1036780, 'PROMO_PRICE_FOOTER_LABEL', '16 Weeks', 'OFFERMAKER', SYSDATE);
  INSERT INTO OFFER_CHAIN_META_DATA (ID, OFFER_CHAIN_ID, NAME, VALUE, CREATED_BY, CREATE_DATE) VALUES (OCMD_ID_SEQ.NEXTVAL, 1036780, 'BILLING_CYCLE', '16 week subscription', 'OFFERMAKER', SYSDATE);
  INSERT INTO OFFER_CHAIN_META_DATA (ID, OFFER_CHAIN_ID, NAME, VALUE, CREATED_BY, CREATE_DATE) VALUES (OCMD_ID_SEQ.NEXTVAL, 1036780, 'SUBSCRIBER_TYPE', 'Daily Deals', 'OFFERMAKER', SYSDATE);
  INSERT INTO OFFER_CHAIN_META_DATA (ID, OFFER_CHAIN_ID, NAME, VALUE, CREATED_BY, CREATE_DATE) VALUES (OCMD_ID_SEQ.NEXTVAL, 1036780, 'redemption offer chain id', '1036781, 1036782', 'OFFERMAKER', SYSDATE);
  INSERT INTO OFFER_CHAIN_META_DATA (ID, OFFER_CHAIN_ID, NAME, VALUE, CREATED_BY, CREATE_DATE) VALUES (OCMD_ID_SEQ.NEXTVAL, 1036780, 'BUNDLE', 'Bundle D (Digital All Access)', 'OFFERMAKER', SYSDATE);
  INSERT INTO OFFER_CHAIN_META_DATA (ID, OFFER_CHAIN_ID, NAME, VALUE, CREATED_BY, CREATE_DATE) VALUES (OCMD_ID_SEQ.NEXTVAL, 1036780, 'ADX_BUNDLE', 'MM_PROMO', 'OFFERMAKER', SYSDATE);
  INSERT INTO OFFER_CHAIN_META_DATA (ID, OFFER_CHAIN_ID, NAME, VALUE, CREATED_BY, CREATE_DATE) VALUES (OCMD_ID_SEQ.NEXTVAL, 1036780, 'SIEBEL_CAMPAIGN_CODE', '3JQQ4', 'OFFERMAKER', SYSDATE);
  INSERT INTO OFFER_CHAIN_META_DATA (ID, OFFER_CHAIN_ID, NAME, VALUE, CREATED_BY, CREATE_DATE) VALUES (OCMD_ID_SEQ.NEXTVAL, 1036780, 'IS_COMP', '1', 'OFFERMAKER', SYSDATE);
  INSERT INTO OFFER_CHAIN_META_DATA (ID, OFFER_CHAIN_ID, NAME, VALUE, CREATED_BY, CREATE_DATE) VALUES (OCMD_ID_SEQ.NEXTVAL, 1036780, 'ANNUAL_PRICE', '455.00', 'OFFERMAKER', SYSDATE);
  INSERT INTO OFFER_CHAIN_META_DATA (ID, OFFER_CHAIN_ID, NAME, VALUE, CREATED_BY, CREATE_DATE) VALUES (OCMD_ID_SEQ.NEXTVAL, 1036780, 'UID', '8f7b191fa00747e8c626458b339605501e5cd092d4a7a39f704a954496773c24', 'OFFERMAKER', SYSDATE);
  DELETE FROM OFFER_CHAIN_NOTIFICATION_TYPE WHERE offer_chain_id = 1036780;
  BEGIN
    SELECT 1 INTO TMP_VAR FROM OFFER_OFFER_CHAIN WHERE OFFER_CHAIN_ID = 1036780 AND INDEX_VALUE = 0 AND ROWNUM <= 1;
  EXCEPTION
    WHEN NO_DATA_FOUND THEN
  INSERT INTO OFFER (ID, OFFER_STATUS_ID, ENTITLEMENT_DURATION, CREATED_BY, CREATE_DATE, updated_by, update_date) VALUES (OFR_ID_SEQ.NEXTVAL, 1, 'P0Y0M112DT0H0M', 'OFFERMAKER', SYSDATE, 'OFFERMAKER', SYSDATE);
  BEGIN
    SELECT ID INTO CUR_PRD_ID FROM PRODUCT WHERE NAME = 'Web' AND PRODUCT_STATUS_ID = 1 AND ROWNUM <= 1;
  EXCEPTION
    WHEN NO_DATA_FOUND THEN
      INSERT INTO PRODUCT (ID, NAME, PRODUCTION_COST, PRODUCT_STATUS_ID, PRODUCT_URI, UNIT_PRICE, CREATED_BY, CREATE_DATE) VALUES (PRD_ID_SEQ.NEXTVAL, 'Web', '0', 1, NULL, '0', 'OFFERMAKER', SYSDATE);
      SELECT ID INTO CUR_PRD_ID FROM PRODUCT WHERE NAME = 'Web' AND PRODUCT_STATUS_ID = 1 AND ROWNUM <= 1;
    WHEN OTHERS THEN
      RAISE;
  END;
  SELECT ID INTO CUR_CAPABILITY_ID FROM CAPABILITY WHERE CODE IN LTRIM(RTRIM((UPPER('MM')))) AND ROWNUM <= 1;
  INSERT INTO PRODUCT_OFFERING (ID, PRODUCT_ID, TAX_POLICY_TYPE_ID, QUANTITY, UNIT_PRICE, TAX_CATEGORY_ID, CAPABILITY_ID, CREATED_BY, CREATE_DATE) VALUES (PO_ID_SEQ.NEXTVAL, CUR_PRD_ID, '1', '112', '0', '2', CUR_CAPABILITY_ID, 'OFFERMAKER', SYSDATE);
  INSERT INTO PRODUCT_OFFERING_META_DATA (ID, PRODUCT_OFFERING_ID, NAME, VALUE, CREATED_BY, CREATE_DATE) VALUES (PROMD_ID_SEQ.NEXTVAL, PO_ID_SEQ.CURRVAL, 'entitlement_uri', 'http://:hostname:/svc/user/entitlements/mm/:id:.json', 'OFFERMAKER', SYSDATE);
  INSERT INTO PRODUCT_OFFERING_META_DATA (ID, PRODUCT_OFFERING_ID, NAME, VALUE, CREATED_BY, CREATE_DATE) VALUES (PROMD_ID_SEQ.NEXTVAL, PO_ID_SEQ.CURRVAL, 'DEFAULT_VAT_RATE', '{"*": 0.0}', 'OFFERMAKER', SYSDATE);
  INSERT INTO PRODUCT_OFFERING_META_DATA (ID, PRODUCT_OFFERING_ID, NAME, VALUE, CREATED_BY, CREATE_DATE) VALUES (PROMD_ID_SEQ.NEXTVAL, PO_ID_SEQ.CURRVAL, 'capability', 'MM', 'OFFERMAKER', SYSDATE);
  INSERT INTO OFFER_PRODUCT_OFFERING (OFFER_ID, PRODUCT_OFFERING_ID, CREATED_BY, CREATE_DATE) VALUES (OFR_ID_SEQ.CURRVAL, PO_ID_SEQ.CURRVAL, 'OFFERMAKER', SYSDATE);
  BEGIN
    SELECT ID INTO CUR_PRD_ID FROM PRODUCT WHERE NAME = 'Mobile' AND PRODUCT_STATUS_ID = 1 AND ROWNUM <= 1;
  EXCEPTION
    WHEN NO_DATA_FOUND THEN
      INSERT INTO PRODUCT (ID, NAME, PRODUCTION_COST, PRODUCT_STATUS_ID, PRODUCT_URI, UNIT_PRICE, CREATED_BY, CREATE_DATE) VALUES (PRD_ID_SEQ.NEXTVAL, 'Mobile', '0', 1, NULL, '0', 'OFFERMAKER', SYSDATE);
      SELECT ID INTO CUR_PRD_ID FROM PRODUCT WHERE NAME = 'Mobile' AND PRODUCT_STATUS_ID = 1 AND ROWNUM <= 1;
    WHEN OTHERS THEN
      RAISE;
  END;
  SELECT ID INTO CUR_CAPABILITY_ID FROM CAPABILITY WHERE CODE IN LTRIM(RTRIM((UPPER('MOW')))) AND ROWNUM <= 1;
  INSERT INTO PRODUCT_OFFERING (ID, PRODUCT_ID, TAX_POLICY_TYPE_ID, QUANTITY, UNIT_PRICE, TAX_CATEGORY_ID, CAPABILITY_ID, CREATED_BY, CREATE_DATE) VALUES (PO_ID_SEQ.NEXTVAL, CUR_PRD_ID, '1', '112', '0', '2', CUR_CAPABILITY_ID, 'OFFERMAKER', SYSDATE);
  INSERT INTO PRODUCT_OFFERING_META_DATA (ID, PRODUCT_OFFERING_ID, NAME, VALUE, CREATED_BY, CREATE_DATE) VALUES (PROMD_ID_SEQ.NEXTVAL, PO_ID_SEQ.CURRVAL, 'entitlement_uri', 'http://:hostname:/svc/user/entitlements/mow/:id:.json', 'OFFERMAKER', SYSDATE);
  INSERT INTO PRODUCT_OFFERING_META_DATA (ID, PRODUCT_OFFERING_ID, NAME, VALUE, CREATED_BY, CREATE_DATE) VALUES (PROMD_ID_SEQ.NEXTVAL, PO_ID_SEQ.CURRVAL, 'DEFAULT_VAT_RATE', '{"*": 0.0}', 'OFFERMAKER', SYSDATE);
  INSERT INTO PRODUCT_OFFERING_META_DATA (ID, PRODUCT_OFFERING_ID, NAME, VALUE, CREATED_BY, CREATE_DATE) VALUES (PROMD_ID_SEQ.NEXTVAL, PO_ID_SEQ.CURRVAL, 'capability', 'MOW', 'OFFERMAKER', SYSDATE);
  INSERT INTO OFFER_PRODUCT_OFFERING (OFFER_ID, PRODUCT_OFFERING_ID, CREATED_BY, CREATE_DATE) VALUES (OFR_ID_SEQ.CURRVAL, PO_ID_SEQ.CURRVAL, 'OFFERMAKER', SYSDATE);
  BEGIN
    SELECT ID INTO CUR_PRD_ID FROM PRODUCT WHERE NAME = 'Archive Article' AND PRODUCT_STATUS_ID = 1 AND ROWNUM <= 1;
  EXCEPTION
    WHEN NO_DATA_FOUND THEN
      INSERT INTO PRODUCT (ID, NAME, PRODUCTION_COST, PRODUCT_STATUS_ID, PRODUCT_URI, UNIT_PRICE, CREATED_BY, CREATE_DATE) VALUES (PRD_ID_SEQ.NEXTVAL, 'Archive Article', '0', 1, NULL, '0', 'OFFERMAKER', SYSDATE);
      SELECT ID INTO CUR_PRD_ID FROM PRODUCT WHERE NAME = 'Archive Article' AND PRODUCT_STATUS_ID = 1 AND ROWNUM <= 1;
    WHEN OTHERS THEN
      RAISE;
  END;
  SELECT ID INTO CUR_CAPABILITY_ID FROM CAPABILITY WHERE CODE IN LTRIM(RTRIM((UPPER('AAA')))) AND ROWNUM <= 1;
  INSERT INTO PRODUCT_OFFERING (ID, PRODUCT_ID, TAX_POLICY_TYPE_ID, QUANTITY, UNIT_PRICE, TAX_CATEGORY_ID, CAPABILITY_ID, CREATED_BY, CREATE_DATE) VALUES (PO_ID_SEQ.NEXTVAL, CUR_PRD_ID, '1', '400', '0', '2', CUR_CAPABILITY_ID, 'OFFERMAKER', SYSDATE);
  INSERT INTO PRODUCT_OFFERING_META_DATA (ID, PRODUCT_OFFERING_ID, NAME, VALUE, CREATED_BY, CREATE_DATE) VALUES (PROMD_ID_SEQ.NEXTVAL, PO_ID_SEQ.CURRVAL, 'entitlement_uri', 'http://:hostname:/svc/user/entitlements/archive/size/400/:id:.json', 'OFFERMAKER', SYSDATE);
  INSERT INTO PRODUCT_OFFERING_META_DATA (ID, PRODUCT_OFFERING_ID, NAME, VALUE, CREATED_BY, CREATE_DATE) VALUES (PROMD_ID_SEQ.NEXTVAL, PO_ID_SEQ.CURRVAL, 'DEFAULT_VAT_RATE', '{"*": 0.0}', 'OFFERMAKER', SYSDATE);
  INSERT INTO OFFER_PRODUCT_OFFERING (OFFER_ID, PRODUCT_OFFERING_ID, CREATED_BY, CREATE_DATE) VALUES (OFR_ID_SEQ.CURRVAL, PO_ID_SEQ.CURRVAL, 'OFFERMAKER', SYSDATE);
  BEGIN
    SELECT ID INTO CUR_PRD_ID FROM PRODUCT WHERE NAME = 'TimesMachine' AND PRODUCT_STATUS_ID = 1 AND ROWNUM <= 1;
  EXCEPTION
    WHEN NO_DATA_FOUND THEN
      INSERT INTO PRODUCT (ID, NAME, PRODUCTION_COST, PRODUCT_STATUS_ID, PRODUCT_URI, UNIT_PRICE, CREATED_BY, CREATE_DATE) VALUES (PRD_ID_SEQ.NEXTVAL, 'TimesMachine', '0', 1, NULL, '0', 'OFFERMAKER', SYSDATE);
      SELECT ID INTO CUR_PRD_ID FROM PRODUCT WHERE NAME = 'TimesMachine' AND PRODUCT_STATUS_ID = 1 AND ROWNUM <= 1;
    WHEN OTHERS THEN
      RAISE;
  END;
  SELECT ID INTO CUR_CAPABILITY_ID FROM CAPABILITY WHERE CODE IN LTRIM(RTRIM((UPPER('NONE')))) AND ROWNUM <= 1;
  INSERT INTO PRODUCT_OFFERING (ID, PRODUCT_ID, TAX_POLICY_TYPE_ID, QUANTITY, UNIT_PRICE, TAX_CATEGORY_ID, CAPABILITY_ID, CREATED_BY, CREATE_DATE) VALUES (PO_ID_SEQ.NEXTVAL, CUR_PRD_ID, '1', '112', '0', '2', CUR_CAPABILITY_ID, 'OFFERMAKER', SYSDATE);
  INSERT INTO PRODUCT_OFFERING_META_DATA (ID, PRODUCT_OFFERING_ID, NAME, VALUE, CREATED_BY, CREATE_DATE) VALUES (PROMD_ID_SEQ.NEXTVAL, PO_ID_SEQ.CURRVAL, 'DEFAULT_VAT_RATE', '{"*": 0.0}', 'OFFERMAKER', SYSDATE);
  INSERT INTO OFFER_PRODUCT_OFFERING (OFFER_ID, PRODUCT_OFFERING_ID, CREATED_BY, CREATE_DATE) VALUES (OFR_ID_SEQ.CURRVAL, PO_ID_SEQ.CURRVAL, 'OFFERMAKER', SYSDATE);
  BEGIN
    SELECT ID INTO CUR_PRD_ID FROM PRODUCT WHERE NAME = 'Smartphone' AND PRODUCT_STATUS_ID = 1 AND ROWNUM <= 1;
  EXCEPTION
    WHEN NO_DATA_FOUND THEN
      INSERT INTO PRODUCT (ID, NAME, PRODUCTION_COST, PRODUCT_STATUS_ID, PRODUCT_URI, UNIT_PRICE, CREATED_BY, CREATE_DATE) VALUES (PRD_ID_SEQ.NEXTVAL, 'Smartphone', '0', 1, NULL, '0', 'OFFERMAKER', SYSDATE);
      SELECT ID INTO CUR_PRD_ID FROM PRODUCT WHERE NAME = 'Smartphone' AND PRODUCT_STATUS_ID = 1 AND ROWNUM <= 1;
    WHEN OTHERS THEN
      RAISE;
  END;
  SELECT ID INTO CUR_CAPABILITY_ID FROM CAPABILITY WHERE CODE IN LTRIM(RTRIM((UPPER('MSD')))) AND ROWNUM <= 1;
  INSERT INTO PRODUCT_OFFERING (ID, PRODUCT_ID, TAX_POLICY_TYPE_ID, QUANTITY, UNIT_PRICE, TAX_CATEGORY_ID, CAPABILITY_ID, CREATED_BY, CREATE_DATE) VALUES (PO_ID_SEQ.NEXTVAL, CUR_PRD_ID, '1', '112', '0', '2', CUR_CAPABILITY_ID, 'OFFERMAKER', SYSDATE);
  INSERT INTO PRODUCT_OFFERING_META_DATA (ID, PRODUCT_OFFERING_ID, NAME, VALUE, CREATED_BY, CREATE_DATE) VALUES (PROMD_ID_SEQ.NEXTVAL, PO_ID_SEQ.CURRVAL, 'entitlement_uri', 'http://:hostname:/svc/user/entitlements/msd/:id:.json', 'OFFERMAKER', SYSDATE);
  INSERT INTO PRODUCT_OFFERING_META_DATA (ID, PRODUCT_OFFERING_ID, NAME, VALUE, CREATED_BY, CREATE_DATE) VALUES (PROMD_ID_SEQ.NEXTVAL, PO_ID_SEQ.CURRVAL, 'DEFAULT_VAT_RATE', '{"*": 0.0}', 'OFFERMAKER', SYSDATE);
  INSERT INTO PRODUCT_OFFERING_META_DATA (ID, PRODUCT_OFFERING_ID, NAME, VALUE, CREATED_BY, CREATE_DATE) VALUES (PROMD_ID_SEQ.NEXTVAL, PO_ID_SEQ.CURRVAL, 'capability', 'MSD', 'OFFERMAKER', SYSDATE);
  INSERT INTO OFFER_PRODUCT_OFFERING (OFFER_ID, PRODUCT_OFFERING_ID, CREATED_BY, CREATE_DATE) VALUES (OFR_ID_SEQ.CURRVAL, PO_ID_SEQ.CURRVAL, 'OFFERMAKER', SYSDATE);
  BEGIN
    SELECT ID INTO CUR_PRD_ID FROM PRODUCT WHERE NAME = 'Tablet' AND PRODUCT_STATUS_ID = 1 AND ROWNUM <= 1;
  EXCEPTION
    WHEN NO_DATA_FOUND THEN
      INSERT INTO PRODUCT (ID, NAME, PRODUCTION_COST, PRODUCT_STATUS_ID, PRODUCT_URI, UNIT_PRICE, CREATED_BY, CREATE_DATE) VALUES (PRD_ID_SEQ.NEXTVAL, 'Tablet', '0', 1, NULL, '0', 'OFFERMAKER', SYSDATE);
      SELECT ID INTO CUR_PRD_ID FROM PRODUCT WHERE NAME = 'Tablet' AND PRODUCT_STATUS_ID = 1 AND ROWNUM <= 1;
    WHEN OTHERS THEN
      RAISE;
  END;
  SELECT ID INTO CUR_CAPABILITY_ID FROM CAPABILITY WHERE CODE IN LTRIM(RTRIM((UPPER('MTD')))) AND ROWNUM <= 1;
  INSERT INTO PRODUCT_OFFERING (ID, PRODUCT_ID, TAX_POLICY_TYPE_ID, QUANTITY, UNIT_PRICE, TAX_CATEGORY_ID, CAPABILITY_ID, CREATED_BY, CREATE_DATE) VALUES (PO_ID_SEQ.NEXTVAL, CUR_PRD_ID, '1', '112', '0', '2', CUR_CAPABILITY_ID, 'OFFERMAKER', SYSDATE);
  INSERT INTO PRODUCT_OFFERING_META_DATA (ID, PRODUCT_OFFERING_ID, NAME, VALUE, CREATED_BY, CREATE_DATE) VALUES (PROMD_ID_SEQ.NEXTVAL, PO_ID_SEQ.CURRVAL, 'entitlement_uri', 'http://:hostname:/svc/user/entitlements/mtd/:id:.json', 'OFFERMAKER', SYSDATE);
  INSERT INTO PRODUCT_OFFERING_META_DATA (ID, PRODUCT_OFFERING_ID, NAME, VALUE, CREATED_BY, CREATE_DATE) VALUES (PROMD_ID_SEQ.NEXTVAL, PO_ID_SEQ.CURRVAL, 'DEFAULT_VAT_RATE', '{"*": 0.0}', 'OFFERMAKER', SYSDATE);
  INSERT INTO PRODUCT_OFFERING_META_DATA (ID, PRODUCT_OFFERING_ID, NAME, VALUE, CREATED_BY, CREATE_DATE) VALUES (PROMD_ID_SEQ.NEXTVAL, PO_ID_SEQ.CURRVAL, 'capability', 'MTD', 'OFFERMAKER', SYSDATE);
  INSERT INTO OFFER_PRODUCT_OFFERING (OFFER_ID, PRODUCT_OFFERING_ID, CREATED_BY, CREATE_DATE) VALUES (OFR_ID_SEQ.CURRVAL, PO_ID_SEQ.CURRVAL, 'OFFERMAKER', SYSDATE);
  BEGIN
    SELECT ID INTO CUR_PRD_ID FROM PRODUCT WHERE NAME = 'TimesReader' AND PRODUCT_STATUS_ID = 1 AND ROWNUM <= 1;
  EXCEPTION
    WHEN NO_DATA_FOUND THEN
      INSERT INTO PRODUCT (ID, NAME, PRODUCTION_COST, PRODUCT_STATUS_ID, PRODUCT_URI, UNIT_PRICE, CREATED_BY, CREATE_DATE) VALUES (PRD_ID_SEQ.NEXTVAL, 'TimesReader', '0', 1, NULL, '0', 'OFFERMAKER', SYSDATE);
      SELECT ID INTO CUR_PRD_ID FROM PRODUCT WHERE NAME = 'TimesReader' AND PRODUCT_STATUS_ID = 1 AND ROWNUM <= 1;
    WHEN OTHERS THEN
      RAISE;
  END;
  SELECT ID INTO CUR_CAPABILITY_ID FROM CAPABILITY WHERE CODE IN LTRIM(RTRIM((UPPER('TNR')))) AND ROWNUM <= 1;
  INSERT INTO PRODUCT_OFFERING (ID, PRODUCT_ID, TAX_POLICY_TYPE_ID, QUANTITY, UNIT_PRICE, TAX_CATEGORY_ID, CAPABILITY_ID, CREATED_BY, CREATE_DATE) VALUES (PO_ID_SEQ.NEXTVAL, CUR_PRD_ID, '1', '112', '0', '2', CUR_CAPABILITY_ID, 'OFFERMAKER', SYSDATE);
  INSERT INTO PRODUCT_OFFERING_META_DATA (ID, PRODUCT_OFFERING_ID, NAME, VALUE, CREATED_BY, CREATE_DATE) VALUES (PROMD_ID_SEQ.NEXTVAL, PO_ID_SEQ.CURRVAL, 'entitlement_uri', 'http://:hostname:/svc/user/entitlements/timesreader/:id:.json', 'OFFERMAKER', SYSDATE);
  INSERT INTO PRODUCT_OFFERING_META_DATA (ID, PRODUCT_OFFERING_ID, NAME, VALUE, CREATED_BY, CREATE_DATE) VALUES (PROMD_ID_SEQ.NEXTVAL, PO_ID_SEQ.CURRVAL, 'capability', 'TNR', 'OFFERMAKER', SYSDATE);
  INSERT INTO PRODUCT_OFFERING_META_DATA (ID, PRODUCT_OFFERING_ID, NAME, VALUE, CREATED_BY, CREATE_DATE) VALUES (PROMD_ID_SEQ.NEXTVAL, PO_ID_SEQ.CURRVAL, 'DEFAULT_VAT_RATE', '{"*": 0.0}', 'OFFERMAKER', SYSDATE);
  INSERT INTO OFFER_PRODUCT_OFFERING (OFFER_ID, PRODUCT_OFFERING_ID, CREATED_BY, CREATE_DATE) VALUES (OFR_ID_SEQ.CURRVAL, PO_ID_SEQ.CURRVAL, 'OFFERMAKER', SYSDATE);
  INSERT INTO OFFER_OFFER_CHAIN (OFFER_ID, OFFER_CHAIN_ID, INDEX_VALUE, NUM_RECURRENCES, CREATED_BY, CREATE_DATE, updated_by, update_date) VALUES (OFR_ID_SEQ.CURRVAL, 1036780, '0', '1', 'OFFERMAKER', SYSDATE, 'OFFERMAKER', SYSDATE);
  END;
END;
/

DECLARE
  TMP_VAR NUMBER;
  CUR_PRD_ID NUMBER;
  CUR_CAPABILITY_ID NUMBER;
BEGIN
  BEGIN
    SELECT 1 INTO TMP_VAR FROM OFFER_CHAIN WHERE ID = 1036781 AND ROWNUM <= 1;
    UPDATE OFFER_CHAIN SET NAME='NYTimes: All Digital Access', DESCRIPTION='Unlimited access to NYTimes.com, and the NYTimes smartphone and tablet apps.*', PRODUCT_URI='', VENDOR_SOURCE_ID='1', BILLING_SOURCE_ID=(SELECT ID FROM BILLING_SOURCE BS WHERE BS.NAME='DD-FAB'), IS_SEAT_LICENSE=0, GROUP_ACCOUNT_TYPE_ID='NO',IS_ADDRESS_REQUIRED=1, OFFER_CHAIN_STATUS_ID = 1, UPDATE_DATE = SYSDATE, UPDATED_BY = 'OFFERMAKER', IS_GIFT_CERTIFICATE='0', REVOKE_ENTITLEMENTS = '0', ADOPTABILITY_WINDOW_START_DATE = to_date('04-Apr-2013 00:00:00','DD-MON-YY HH24:MI:SS'), ADOPTABILITY_WINDOW_END_DATE = to_date('17-Apr-2020 00:00:00','DD-MON-YY HH24:MI:SS') WHERE ID = 1036781;
  EXCEPTION
    WHEN NO_DATA_FOUND THEN
      INSERT INTO OFFER_CHAIN (ID, NAME, DESCRIPTION, ADOPTABILITY_WINDOW_START_DATE, ADOPTABILITY_WINDOW_END_DATE, IS_GIFT_CERTIFICATE, PRODUCT_URI, OFFER_CHAIN_STATUS_ID, REVOKE_ENTITLEMENTS, VENDOR_SOURCE_ID, BILLING_SOURCE_ID, IS_SEAT_LICENSE, GROUP_ACCOUNT_TYPE_ID, IS_ADDRESS_REQUIRED, CREATED_BY, CREATE_DATE, updated_by, update_date) VALUES (1036781, 'NYTimes: All Digital Access', 'Unlimited access to NYTimes.com, and the NYTimes smartphone and tablet apps.*', to_date('04-Apr-2013 00:00:00','DD-MON-YY HH24:MI:SS'), to_date('17-Apr-2020 00:00:00','DD-MON-YY HH24:MI:SS'), '0', NULL, '1', '0', '1', (SELECT ID FROM BILLING_SOURCE BS WHERE BS.NAME='DD-FAB'), decode('NO','IL',1,0), 'NO', '1', 'OFFERMAKER', SYSDATE, 'OFFERMAKER', SYSDATE);
  END;
  DELETE FROM OFFER_CHAIN_ELIGIBILITY WHERE offer_chain_id = 1036781;
  INSERT INTO OFFER_CHAIN_ELIGIBILITY (ID, OFFER_CHAIN_ID, NAME, VALUE, CREATED_BY, CREATE_DATE) VALUES (ELG_ID_SEQ.NEXTVAL, 1036781, 'GIFT CERTIFICATE REQUIRED', '1', 'OFFERMAKER', SYSDATE);
  INSERT INTO OFFER_CHAIN_ELIGIBILITY (ID, OFFER_CHAIN_ID, NAME, VALUE, CREATED_BY, CREATE_DATE) VALUES (ELG_ID_SEQ.NEXTVAL, 1036781, 'IS_COMP', '1', 'OFFERMAKER', SYSDATE);
  INSERT INTO OFFER_CHAIN_ELIGIBILITY (ID, OFFER_CHAIN_ID, NAME, VALUE, CREATED_BY, CREATE_DATE) VALUES (ELG_ID_SEQ.NEXTVAL, 1036781, 'MAX_CONCURRENT_SUBS', '1', 'OFFERMAKER', SYSDATE);
  DELETE FROM OFFER_CHAIN_META_DATA WHERE offer_chain_id = 1036781;
  INSERT INTO OFFER_CHAIN_META_DATA (ID, OFFER_CHAIN_ID, NAME, VALUE, CREATED_BY, CREATE_DATE) VALUES (OCMD_ID_SEQ.NEXTVAL, 1036781, 'BUNDLE_EXPLANATION', 'Bundle D - FAB 16 Week Sub - Redeem OC', 'OFFERMAKER', SYSDATE);
  INSERT INTO OFFER_CHAIN_META_DATA (ID, OFFER_CHAIN_ID, NAME, VALUE, CREATED_BY, CREATE_DATE) VALUES (OCMD_ID_SEQ.NEXTVAL, 1036781, 'PRICE_DESCRIPTION', '16 Week Bundle D FAB Promotion Subscription for $70.00 - Paid to FAB - Redemption', 'OFFERMAKER', SYSDATE);
  INSERT INTO OFFER_CHAIN_META_DATA (ID, OFFER_CHAIN_ID, NAME, VALUE, CREATED_BY, CREATE_DATE) VALUES (OCMD_ID_SEQ.NEXTVAL, 1036781, 'PRICE_SHORT_DESCRIPTION', 'BNDL D / $0 16 wks FAB GC redemp', 'OFFERMAKER', SYSDATE);
  INSERT INTO OFFER_CHAIN_META_DATA (ID, OFFER_CHAIN_ID, NAME, VALUE, CREATED_BY, CREATE_DATE) VALUES (OCMD_ID_SEQ.NEXTVAL, 1036781, 'OFFER_TYPE', 'FAB Subscription for 16 weeks', 'OFFERMAKER', SYSDATE);
  INSERT INTO OFFER_CHAIN_META_DATA (ID, OFFER_CHAIN_ID, NAME, VALUE, CREATED_BY, CREATE_DATE) VALUES (OCMD_ID_SEQ.NEXTVAL, 1036781, 'OFFER_PRICE', '$70 for 16 weeks', 'OFFERMAKER', SYSDATE);
  INSERT INTO OFFER_CHAIN_META_DATA (ID, OFFER_CHAIN_ID, NAME, VALUE, CREATED_BY, CREATE_DATE) VALUES (OCMD_ID_SEQ.NEXTVAL, 1036781, 'PROMO_PRICE_FOOTER_LABEL', '16 Weeks', 'OFFERMAKER', SYSDATE);
  INSERT INTO OFFER_CHAIN_META_DATA (ID, OFFER_CHAIN_ID, NAME, VALUE, CREATED_BY, CREATE_DATE) VALUES (OCMD_ID_SEQ.NEXTVAL, 1036781, 'BILLING_CYCLE', '16 week subscription', 'OFFERMAKER', SYSDATE);
  INSERT INTO OFFER_CHAIN_META_DATA (ID, OFFER_CHAIN_ID, NAME, VALUE, CREATED_BY, CREATE_DATE) VALUES (OCMD_ID_SEQ.NEXTVAL, 1036781, 'SUBSCRIBER_TYPE', 'Daily Deals', 'OFFERMAKER', SYSDATE);
  INSERT INTO OFFER_CHAIN_META_DATA (ID, OFFER_CHAIN_ID, NAME, VALUE, CREATED_BY, CREATE_DATE) VALUES (OCMD_ID_SEQ.NEXTVAL, 1036781, 'BUNDLE', 'Bundle D (Digital All Access)', 'OFFERMAKER', SYSDATE);
  INSERT INTO OFFER_CHAIN_META_DATA (ID, OFFER_CHAIN_ID, NAME, VALUE, CREATED_BY, CREATE_DATE) VALUES (OCMD_ID_SEQ.NEXTVAL, 1036781, 'ADX_BUNDLE', 'MM_PROMO', 'OFFERMAKER', SYSDATE);
  INSERT INTO OFFER_CHAIN_META_DATA (ID, OFFER_CHAIN_ID, NAME, VALUE, CREATED_BY, CREATE_DATE) VALUES (OCMD_ID_SEQ.NEXTVAL, 1036781, 'SIEBEL_CAMPAIGN_CODE', '3JQQ6', 'OFFERMAKER', SYSDATE);
  INSERT INTO OFFER_CHAIN_META_DATA (ID, OFFER_CHAIN_ID, NAME, VALUE, CREATED_BY, CREATE_DATE) VALUES (OCMD_ID_SEQ.NEXTVAL, 1036781, 'IS_COMP', '1', 'OFFERMAKER', SYSDATE);
  INSERT INTO OFFER_CHAIN_META_DATA (ID, OFFER_CHAIN_ID, NAME, VALUE, CREATED_BY, CREATE_DATE) VALUES (OCMD_ID_SEQ.NEXTVAL, 1036781, 'ANNUAL_PRICE', '455.00', 'OFFERMAKER', SYSDATE);
  INSERT INTO OFFER_CHAIN_META_DATA (ID, OFFER_CHAIN_ID, NAME, VALUE, CREATED_BY, CREATE_DATE) VALUES (OCMD_ID_SEQ.NEXTVAL, 1036781, 'UID', 'b6cf9c0053eb5c99807c38c849c3b2dd411b571810fd60f26e261bac0a2eebec', 'OFFERMAKER', SYSDATE);
  DELETE FROM OFFER_CHAIN_NOTIFICATION_TYPE WHERE offer_chain_id = 1036781;
  BEGIN
    SELECT 1 INTO TMP_VAR FROM ACTION WHERE NAME = 'GC_REDEEMER_ON_REDEEM';
  EXCEPTION
    WHEN NO_DATA_FOUND THEN
      INSERT INTO ACTION (ID, NAME, CREATE_DATE, CREATED_BY) VALUES (ACTION_ID_SEQ.NEXTVAL, 'GC_REDEEMER_ON_REDEEM', SYSDATE, 'OFFERMAKER');
  END;
  BEGIN
    SELECT 1 INTO TMP_VAR FROM CORE_OWNER.NOTIFICATION_TYPE WHERE VALUE = 'redeemer-access-fab-D';
  EXCEPTION
    WHEN NO_DATA_FOUND THEN NULL;
      INSERT INTO CORE_OWNER.NOTIFICATION_TYPE (ID, VALUE, TEMPLATE_URL) VALUES (CORE_OWNER.NOTTID_SEQ.NEXTVAL, 'redeemer-access-fab-D', 'N/A');
  END;
  BEGIN
    SELECT 1 INTO TMP_VAR FROM ACTION WHERE NAME = 'CLOSE_SUBSCRIPTION';
  EXCEPTION
    WHEN NO_DATA_FOUND THEN
      INSERT INTO ACTION (ID, NAME, CREATE_DATE, CREATED_BY) VALUES (ACTION_ID_SEQ.NEXTVAL, 'CLOSE_SUBSCRIPTION', SYSDATE, 'OFFERMAKER');
  END;
  BEGIN
    SELECT 1 INTO TMP_VAR FROM CORE_OWNER.NOTIFICATION_TYPE WHERE VALUE = 'sartre-sub-expired';
  EXCEPTION
    WHEN NO_DATA_FOUND THEN NULL;
      INSERT INTO CORE_OWNER.NOTIFICATION_TYPE (ID, VALUE, TEMPLATE_URL) VALUES (CORE_OWNER.NOTTID_SEQ.NEXTVAL, 'sartre-sub-expired', 'N/A');
  END;
  INSERT INTO OFFER_CHAIN_NOTIFICATION_TYPE (ID, OFFER_CHAIN_ID, NOTIFICATION_TYPE_ID, ACTION_ID, CREATED_BY, CREATE_DATE) VALUES (OCET_ID_SEQ.NEXTVAL, 1036781, (SELECT ID FROM CORE_OWNER.NOTIFICATION_TYPE WHERE VALUE = 'redeemer-access-fab-D'), (SELECT ID FROM ACTION WHERE NAME = 'GC_REDEEMER_ON_REDEEM'), 'OFFERMAKER', SYSDATE);
  INSERT INTO OFFER_CHAIN_NOTIFICATION_TYPE (ID, OFFER_CHAIN_ID, NOTIFICATION_TYPE_ID, ACTION_ID, CREATED_BY, CREATE_DATE) VALUES (OCET_ID_SEQ.NEXTVAL, 1036781, (SELECT ID FROM CORE_OWNER.NOTIFICATION_TYPE WHERE VALUE = 'sartre-sub-expired'), (SELECT ID FROM ACTION WHERE NAME = 'CLOSE_SUBSCRIPTION'), 'OFFERMAKER', SYSDATE);
  BEGIN
    SELECT 1 INTO TMP_VAR FROM OFFER_OFFER_CHAIN WHERE OFFER_CHAIN_ID = 1036781 AND INDEX_VALUE = 0 AND ROWNUM <= 1;
  EXCEPTION
    WHEN NO_DATA_FOUND THEN
  INSERT INTO OFFER (ID, OFFER_STATUS_ID, ENTITLEMENT_DURATION, CREATED_BY, CREATE_DATE, updated_by, update_date) VALUES (OFR_ID_SEQ.NEXTVAL, 1, 'P0Y0M112DT0H0M', 'OFFERMAKER', SYSDATE, 'OFFERMAKER', SYSDATE);
  BEGIN
    SELECT ID INTO CUR_PRD_ID FROM PRODUCT WHERE NAME = 'Web' AND PRODUCT_STATUS_ID = 1 AND ROWNUM <= 1;
  EXCEPTION
    WHEN NO_DATA_FOUND THEN
      INSERT INTO PRODUCT (ID, NAME, PRODUCTION_COST, PRODUCT_STATUS_ID, PRODUCT_URI, UNIT_PRICE, CREATED_BY, CREATE_DATE) VALUES (PRD_ID_SEQ.NEXTVAL, 'Web', '0', 1, NULL, '0', 'OFFERMAKER', SYSDATE);
      SELECT ID INTO CUR_PRD_ID FROM PRODUCT WHERE NAME = 'Web' AND PRODUCT_STATUS_ID = 1 AND ROWNUM <= 1;
    WHEN OTHERS THEN
      RAISE;
  END;
  SELECT ID INTO CUR_CAPABILITY_ID FROM CAPABILITY WHERE CODE IN LTRIM(RTRIM((UPPER('MM')))) AND ROWNUM <= 1;
  INSERT INTO PRODUCT_OFFERING (ID, PRODUCT_ID, TAX_POLICY_TYPE_ID, QUANTITY, UNIT_PRICE, TAX_CATEGORY_ID, CAPABILITY_ID, CREATED_BY, CREATE_DATE) VALUES (PO_ID_SEQ.NEXTVAL, CUR_PRD_ID, '1', '112', '0', '2', CUR_CAPABILITY_ID, 'OFFERMAKER', SYSDATE);
  INSERT INTO PRODUCT_OFFERING_META_DATA (ID, PRODUCT_OFFERING_ID, NAME, VALUE, CREATED_BY, CREATE_DATE) VALUES (PROMD_ID_SEQ.NEXTVAL, PO_ID_SEQ.CURRVAL, 'entitlement_uri', 'http://:hostname:/svc/user/entitlements/mm/:id:.json', 'OFFERMAKER', SYSDATE);
  INSERT INTO PRODUCT_OFFERING_META_DATA (ID, PRODUCT_OFFERING_ID, NAME, VALUE, CREATED_BY, CREATE_DATE) VALUES (PROMD_ID_SEQ.NEXTVAL, PO_ID_SEQ.CURRVAL, 'DEFAULT_VAT_RATE', '{"*": 0.0}', 'OFFERMAKER', SYSDATE);
  INSERT INTO PRODUCT_OFFERING_META_DATA (ID, PRODUCT_OFFERING_ID, NAME, VALUE, CREATED_BY, CREATE_DATE) VALUES (PROMD_ID_SEQ.NEXTVAL, PO_ID_SEQ.CURRVAL, 'capability', 'MM', 'OFFERMAKER', SYSDATE);
  INSERT INTO OFFER_PRODUCT_OFFERING (OFFER_ID, PRODUCT_OFFERING_ID, CREATED_BY, CREATE_DATE) VALUES (OFR_ID_SEQ.CURRVAL, PO_ID_SEQ.CURRVAL, 'OFFERMAKER', SYSDATE);
  BEGIN
    SELECT ID INTO CUR_PRD_ID FROM PRODUCT WHERE NAME = 'Mobile' AND PRODUCT_STATUS_ID = 1 AND ROWNUM <= 1;
  EXCEPTION
    WHEN NO_DATA_FOUND THEN
      INSERT INTO PRODUCT (ID, NAME, PRODUCTION_COST, PRODUCT_STATUS_ID, PRODUCT_URI, UNIT_PRICE, CREATED_BY, CREATE_DATE) VALUES (PRD_ID_SEQ.NEXTVAL, 'Mobile', '0', 1, NULL, '0', 'OFFERMAKER', SYSDATE);
      SELECT ID INTO CUR_PRD_ID FROM PRODUCT WHERE NAME = 'Mobile' AND PRODUCT_STATUS_ID = 1 AND ROWNUM <= 1;
    WHEN OTHERS THEN
      RAISE;
  END;
  SELECT ID INTO CUR_CAPABILITY_ID FROM CAPABILITY WHERE CODE IN LTRIM(RTRIM((UPPER('MOW')))) AND ROWNUM <= 1;
  INSERT INTO PRODUCT_OFFERING (ID, PRODUCT_ID, TAX_POLICY_TYPE_ID, QUANTITY, UNIT_PRICE, TAX_CATEGORY_ID, CAPABILITY_ID, CREATED_BY, CREATE_DATE) VALUES (PO_ID_SEQ.NEXTVAL, CUR_PRD_ID, '1', '112', '0', '2', CUR_CAPABILITY_ID, 'OFFERMAKER', SYSDATE);
  INSERT INTO PRODUCT_OFFERING_META_DATA (ID, PRODUCT_OFFERING_ID, NAME, VALUE, CREATED_BY, CREATE_DATE) VALUES (PROMD_ID_SEQ.NEXTVAL, PO_ID_SEQ.CURRVAL, 'entitlement_uri', 'http://:hostname:/svc/user/entitlements/mow/:id:.json', 'OFFERMAKER', SYSDATE);
  INSERT INTO PRODUCT_OFFERING_META_DATA (ID, PRODUCT_OFFERING_ID, NAME, VALUE, CREATED_BY, CREATE_DATE) VALUES (PROMD_ID_SEQ.NEXTVAL, PO_ID_SEQ.CURRVAL, 'DEFAULT_VAT_RATE', '{"*": 0.0}', 'OFFERMAKER', SYSDATE);
  INSERT INTO PRODUCT_OFFERING_META_DATA (ID, PRODUCT_OFFERING_ID, NAME, VALUE, CREATED_BY, CREATE_DATE) VALUES (PROMD_ID_SEQ.NEXTVAL, PO_ID_SEQ.CURRVAL, 'capability', 'MOW', 'OFFERMAKER', SYSDATE);
  INSERT INTO OFFER_PRODUCT_OFFERING (OFFER_ID, PRODUCT_OFFERING_ID, CREATED_BY, CREATE_DATE) VALUES (OFR_ID_SEQ.CURRVAL, PO_ID_SEQ.CURRVAL, 'OFFERMAKER', SYSDATE);
  BEGIN
    SELECT ID INTO CUR_PRD_ID FROM PRODUCT WHERE NAME = 'Archive Article' AND PRODUCT_STATUS_ID = 1 AND ROWNUM <= 1;
  EXCEPTION
    WHEN NO_DATA_FOUND THEN
      INSERT INTO PRODUCT (ID, NAME, PRODUCTION_COST, PRODUCT_STATUS_ID, PRODUCT_URI, UNIT_PRICE, CREATED_BY, CREATE_DATE) VALUES (PRD_ID_SEQ.NEXTVAL, 'Archive Article', '0', 1, NULL, '0', 'OFFERMAKER', SYSDATE);
      SELECT ID INTO CUR_PRD_ID FROM PRODUCT WHERE NAME = 'Archive Article' AND PRODUCT_STATUS_ID = 1 AND ROWNUM <= 1;
    WHEN OTHERS THEN
      RAISE;
  END;
  SELECT ID INTO CUR_CAPABILITY_ID FROM CAPABILITY WHERE CODE IN LTRIM(RTRIM((UPPER('AAA')))) AND ROWNUM <= 1;
  INSERT INTO PRODUCT_OFFERING (ID, PRODUCT_ID, TAX_POLICY_TYPE_ID, QUANTITY, UNIT_PRICE, TAX_CATEGORY_ID, CAPABILITY_ID, CREATED_BY, CREATE_DATE) VALUES (PO_ID_SEQ.NEXTVAL, CUR_PRD_ID, '1', '400', '0', '2', CUR_CAPABILITY_ID, 'OFFERMAKER', SYSDATE);
  INSERT INTO PRODUCT_OFFERING_META_DATA (ID, PRODUCT_OFFERING_ID, NAME, VALUE, CREATED_BY, CREATE_DATE) VALUES (PROMD_ID_SEQ.NEXTVAL, PO_ID_SEQ.CURRVAL, 'entitlement_uri', 'http://:hostname:/svc/user/entitlements/archive/size/400/:id:.json', 'OFFERMAKER', SYSDATE);
  INSERT INTO PRODUCT_OFFERING_META_DATA (ID, PRODUCT_OFFERING_ID, NAME, VALUE, CREATED_BY, CREATE_DATE) VALUES (PROMD_ID_SEQ.NEXTVAL, PO_ID_SEQ.CURRVAL, 'DEFAULT_VAT_RATE', '{"*": 0.0}', 'OFFERMAKER', SYSDATE);
  INSERT INTO OFFER_PRODUCT_OFFERING (OFFER_ID, PRODUCT_OFFERING_ID, CREATED_BY, CREATE_DATE) VALUES (OFR_ID_SEQ.CURRVAL, PO_ID_SEQ.CURRVAL, 'OFFERMAKER', SYSDATE);
  BEGIN
    SELECT ID INTO CUR_PRD_ID FROM PRODUCT WHERE NAME = 'TimesMachine' AND PRODUCT_STATUS_ID = 1 AND ROWNUM <= 1;
  EXCEPTION
    WHEN NO_DATA_FOUND THEN
      INSERT INTO PRODUCT (ID, NAME, PRODUCTION_COST, PRODUCT_STATUS_ID, PRODUCT_URI, UNIT_PRICE, CREATED_BY, CREATE_DATE) VALUES (PRD_ID_SEQ.NEXTVAL, 'TimesMachine', '0', 1, NULL, '0', 'OFFERMAKER', SYSDATE);
      SELECT ID INTO CUR_PRD_ID FROM PRODUCT WHERE NAME = 'TimesMachine' AND PRODUCT_STATUS_ID = 1 AND ROWNUM <= 1;
    WHEN OTHERS THEN
      RAISE;
  END;
  SELECT ID INTO CUR_CAPABILITY_ID FROM CAPABILITY WHERE CODE IN LTRIM(RTRIM((UPPER('NONE')))) AND ROWNUM <= 1;
  INSERT INTO PRODUCT_OFFERING (ID, PRODUCT_ID, TAX_POLICY_TYPE_ID, QUANTITY, UNIT_PRICE, TAX_CATEGORY_ID, CAPABILITY_ID, CREATED_BY, CREATE_DATE) VALUES (PO_ID_SEQ.NEXTVAL, CUR_PRD_ID, '1', '112', '0', '2', CUR_CAPABILITY_ID, 'OFFERMAKER', SYSDATE);
  INSERT INTO PRODUCT_OFFERING_META_DATA (ID, PRODUCT_OFFERING_ID, NAME, VALUE, CREATED_BY, CREATE_DATE) VALUES (PROMD_ID_SEQ.NEXTVAL, PO_ID_SEQ.CURRVAL, 'DEFAULT_VAT_RATE', '{"*": 0.0}', 'OFFERMAKER', SYSDATE);
  INSERT INTO OFFER_PRODUCT_OFFERING (OFFER_ID, PRODUCT_OFFERING_ID, CREATED_BY, CREATE_DATE) VALUES (OFR_ID_SEQ.CURRVAL, PO_ID_SEQ.CURRVAL, 'OFFERMAKER', SYSDATE);
  BEGIN
    SELECT ID INTO CUR_PRD_ID FROM PRODUCT WHERE NAME = 'Smartphone' AND PRODUCT_STATUS_ID = 1 AND ROWNUM <= 1;
  EXCEPTION
    WHEN NO_DATA_FOUND THEN
      INSERT INTO PRODUCT (ID, NAME, PRODUCTION_COST, PRODUCT_STATUS_ID, PRODUCT_URI, UNIT_PRICE, CREATED_BY, CREATE_DATE) VALUES (PRD_ID_SEQ.NEXTVAL, 'Smartphone', '0', 1, NULL, '0', 'OFFERMAKER', SYSDATE);
      SELECT ID INTO CUR_PRD_ID FROM PRODUCT WHERE NAME = 'Smartphone' AND PRODUCT_STATUS_ID = 1 AND ROWNUM <= 1;
    WHEN OTHERS THEN
      RAISE;
  END;
  SELECT ID INTO CUR_CAPABILITY_ID FROM CAPABILITY WHERE CODE IN LTRIM(RTRIM((UPPER('MSD')))) AND ROWNUM <= 1;
  INSERT INTO PRODUCT_OFFERING (ID, PRODUCT_ID, TAX_POLICY_TYPE_ID, QUANTITY, UNIT_PRICE, TAX_CATEGORY_ID, CAPABILITY_ID, CREATED_BY, CREATE_DATE) VALUES (PO_ID_SEQ.NEXTVAL, CUR_PRD_ID, '1', '112', '0', '2', CUR_CAPABILITY_ID, 'OFFERMAKER', SYSDATE);
  INSERT INTO PRODUCT_OFFERING_META_DATA (ID, PRODUCT_OFFERING_ID, NAME, VALUE, CREATED_BY, CREATE_DATE) VALUES (PROMD_ID_SEQ.NEXTVAL, PO_ID_SEQ.CURRVAL, 'entitlement_uri', 'http://:hostname:/svc/user/entitlements/msd/:id:.json', 'OFFERMAKER', SYSDATE);
  INSERT INTO PRODUCT_OFFERING_META_DATA (ID, PRODUCT_OFFERING_ID, NAME, VALUE, CREATED_BY, CREATE_DATE) VALUES (PROMD_ID_SEQ.NEXTVAL, PO_ID_SEQ.CURRVAL, 'DEFAULT_VAT_RATE', '{"*": 0.0}', 'OFFERMAKER', SYSDATE);
  INSERT INTO PRODUCT_OFFERING_META_DATA (ID, PRODUCT_OFFERING_ID, NAME, VALUE, CREATED_BY, CREATE_DATE) VALUES (PROMD_ID_SEQ.NEXTVAL, PO_ID_SEQ.CURRVAL, 'capability', 'MSD', 'OFFERMAKER', SYSDATE);
  INSERT INTO OFFER_PRODUCT_OFFERING (OFFER_ID, PRODUCT_OFFERING_ID, CREATED_BY, CREATE_DATE) VALUES (OFR_ID_SEQ.CURRVAL, PO_ID_SEQ.CURRVAL, 'OFFERMAKER', SYSDATE);
  BEGIN
    SELECT ID INTO CUR_PRD_ID FROM PRODUCT WHERE NAME = 'Tablet' AND PRODUCT_STATUS_ID = 1 AND ROWNUM <= 1;
  EXCEPTION
    WHEN NO_DATA_FOUND THEN
      INSERT INTO PRODUCT (ID, NAME, PRODUCTION_COST, PRODUCT_STATUS_ID, PRODUCT_URI, UNIT_PRICE, CREATED_BY, CREATE_DATE) VALUES (PRD_ID_SEQ.NEXTVAL, 'Tablet', '0', 1, NULL, '0', 'OFFERMAKER', SYSDATE);
      SELECT ID INTO CUR_PRD_ID FROM PRODUCT WHERE NAME = 'Tablet' AND PRODUCT_STATUS_ID = 1 AND ROWNUM <= 1;
    WHEN OTHERS THEN
      RAISE;
  END;
  SELECT ID INTO CUR_CAPABILITY_ID FROM CAPABILITY WHERE CODE IN LTRIM(RTRIM((UPPER('MTD')))) AND ROWNUM <= 1;
  INSERT INTO PRODUCT_OFFERING (ID, PRODUCT_ID, TAX_POLICY_TYPE_ID, QUANTITY, UNIT_PRICE, TAX_CATEGORY_ID, CAPABILITY_ID, CREATED_BY, CREATE_DATE) VALUES (PO_ID_SEQ.NEXTVAL, CUR_PRD_ID, '1', '112', '0', '2', CUR_CAPABILITY_ID, 'OFFERMAKER', SYSDATE);
  INSERT INTO PRODUCT_OFFERING_META_DATA (ID, PRODUCT_OFFERING_ID, NAME, VALUE, CREATED_BY, CREATE_DATE) VALUES (PROMD_ID_SEQ.NEXTVAL, PO_ID_SEQ.CURRVAL, 'entitlement_uri', 'http://:hostname:/svc/user/entitlements/mtd/:id:.json', 'OFFERMAKER', SYSDATE);
  INSERT INTO PRODUCT_OFFERING_META_DATA (ID, PRODUCT_OFFERING_ID, NAME, VALUE, CREATED_BY, CREATE_DATE) VALUES (PROMD_ID_SEQ.NEXTVAL, PO_ID_SEQ.CURRVAL, 'DEFAULT_VAT_RATE', '{"*": 0.0}', 'OFFERMAKER', SYSDATE);
  INSERT INTO PRODUCT_OFFERING_META_DATA (ID, PRODUCT_OFFERING_ID, NAME, VALUE, CREATED_BY, CREATE_DATE) VALUES (PROMD_ID_SEQ.NEXTVAL, PO_ID_SEQ.CURRVAL, 'capability', 'MTD', 'OFFERMAKER', SYSDATE);
  INSERT INTO OFFER_PRODUCT_OFFERING (OFFER_ID, PRODUCT_OFFERING_ID, CREATED_BY, CREATE_DATE) VALUES (OFR_ID_SEQ.CURRVAL, PO_ID_SEQ.CURRVAL, 'OFFERMAKER', SYSDATE);
  BEGIN
    SELECT ID INTO CUR_PRD_ID FROM PRODUCT WHERE NAME = 'TimesReader' AND PRODUCT_STATUS_ID = 1 AND ROWNUM <= 1;
  EXCEPTION
    WHEN NO_DATA_FOUND THEN
      INSERT INTO PRODUCT (ID, NAME, PRODUCTION_COST, PRODUCT_STATUS_ID, PRODUCT_URI, UNIT_PRICE, CREATED_BY, CREATE_DATE) VALUES (PRD_ID_SEQ.NEXTVAL, 'TimesReader', '0', 1, NULL, '0', 'OFFERMAKER', SYSDATE);
      SELECT ID INTO CUR_PRD_ID FROM PRODUCT WHERE NAME = 'TimesReader' AND PRODUCT_STATUS_ID = 1 AND ROWNUM <= 1;
    WHEN OTHERS THEN
      RAISE;
  END;
  SELECT ID INTO CUR_CAPABILITY_ID FROM CAPABILITY WHERE CODE IN LTRIM(RTRIM((UPPER('TNR')))) AND ROWNUM <= 1;
  INSERT INTO PRODUCT_OFFERING (ID, PRODUCT_ID, TAX_POLICY_TYPE_ID, QUANTITY, UNIT_PRICE, TAX_CATEGORY_ID, CAPABILITY_ID, CREATED_BY, CREATE_DATE) VALUES (PO_ID_SEQ.NEXTVAL, CUR_PRD_ID, '1', '112', '0', '2', CUR_CAPABILITY_ID, 'OFFERMAKER', SYSDATE);
  INSERT INTO PRODUCT_OFFERING_META_DATA (ID, PRODUCT_OFFERING_ID, NAME, VALUE, CREATED_BY, CREATE_DATE) VALUES (PROMD_ID_SEQ.NEXTVAL, PO_ID_SEQ.CURRVAL, 'entitlement_uri', 'http://:hostname:/svc/user/entitlements/timesreader/:id:.json', 'OFFERMAKER', SYSDATE);
  INSERT INTO PRODUCT_OFFERING_META_DATA (ID, PRODUCT_OFFERING_ID, NAME, VALUE, CREATED_BY, CREATE_DATE) VALUES (PROMD_ID_SEQ.NEXTVAL, PO_ID_SEQ.CURRVAL, 'capability', 'TNR', 'OFFERMAKER', SYSDATE);
  INSERT INTO PRODUCT_OFFERING_META_DATA (ID, PRODUCT_OFFERING_ID, NAME, VALUE, CREATED_BY, CREATE_DATE) VALUES (PROMD_ID_SEQ.NEXTVAL, PO_ID_SEQ.CURRVAL, 'DEFAULT_VAT_RATE', '{"*": 0.0}', 'OFFERMAKER', SYSDATE);
  INSERT INTO OFFER_PRODUCT_OFFERING (OFFER_ID, PRODUCT_OFFERING_ID, CREATED_BY, CREATE_DATE) VALUES (OFR_ID_SEQ.CURRVAL, PO_ID_SEQ.CURRVAL, 'OFFERMAKER', SYSDATE);
  INSERT INTO OFFER_OFFER_CHAIN (OFFER_ID, OFFER_CHAIN_ID, INDEX_VALUE, NUM_RECURRENCES, CREATED_BY, CREATE_DATE, updated_by, update_date) VALUES (OFR_ID_SEQ.CURRVAL, 1036781, '0', '1', 'OFFERMAKER', SYSDATE, 'OFFERMAKER', SYSDATE);
  END;
END;
/

DECLARE
  TMP_VAR NUMBER;
  CUR_PRD_ID NUMBER;
  CUR_CAPABILITY_ID NUMBER;
BEGIN
  BEGIN
    SELECT 1 INTO TMP_VAR FROM OFFER_CHAIN WHERE ID = 1036782 AND ROWNUM <= 1;
    UPDATE OFFER_CHAIN SET NAME='NYTimes: All Digital Access', DESCRIPTION='Unlimited access to NYTimes.com, and the NYTimes smartphone and tablet apps.*', PRODUCT_URI='', VENDOR_SOURCE_ID='1', BILLING_SOURCE_ID=(SELECT ID FROM BILLING_SOURCE BS WHERE BS.NAME='Sartre'), IS_SEAT_LICENSE=0, GROUP_ACCOUNT_TYPE_ID='FL',IS_ADDRESS_REQUIRED=0, OFFER_CHAIN_STATUS_ID = 1, UPDATE_DATE = SYSDATE, UPDATED_BY = 'OFFERMAKER', IS_GIFT_CERTIFICATE='0', REVOKE_ENTITLEMENTS = '0', ADOPTABILITY_WINDOW_START_DATE = to_date('04-Apr-2013 00:00:00','DD-MON-YY HH24:MI:SS'), ADOPTABILITY_WINDOW_END_DATE = to_date('17-Apr-2020 00:00:00','DD-MON-YY HH24:MI:SS') WHERE ID = 1036782;
  EXCEPTION
    WHEN NO_DATA_FOUND THEN
      INSERT INTO OFFER_CHAIN (ID, NAME, DESCRIPTION, ADOPTABILITY_WINDOW_START_DATE, ADOPTABILITY_WINDOW_END_DATE, IS_GIFT_CERTIFICATE, PRODUCT_URI, OFFER_CHAIN_STATUS_ID, REVOKE_ENTITLEMENTS, VENDOR_SOURCE_ID, BILLING_SOURCE_ID, IS_SEAT_LICENSE, GROUP_ACCOUNT_TYPE_ID, IS_ADDRESS_REQUIRED, CREATED_BY, CREATE_DATE, updated_by, update_date) VALUES (1036782, 'NYTimes: All Digital Access', 'Unlimited access to NYTimes.com, and the NYTimes smartphone and tablet apps.*', to_date('04-Apr-2013 00:00:00','DD-MON-YY HH24:MI:SS'), to_date('17-Apr-2020 00:00:00','DD-MON-YY HH24:MI:SS'), '0', NULL, '1', '0', '1', (SELECT ID FROM BILLING_SOURCE BS WHERE BS.NAME='Sartre'), decode('FL','IL',1,0), 'FL', '0', 'OFFERMAKER', SYSDATE, 'OFFERMAKER', SYSDATE);
  END;
  DELETE FROM OFFER_CHAIN_ELIGIBILITY WHERE offer_chain_id = 1036782;
  INSERT INTO OFFER_CHAIN_ELIGIBILITY (ID, OFFER_CHAIN_ID, NAME, VALUE, CREATED_BY, CREATE_DATE) VALUES (ELG_ID_SEQ.NEXTVAL, 1036782, 'GIFT CERTIFICATE REQUIRED', '1', 'OFFERMAKER', SYSDATE);
  INSERT INTO OFFER_CHAIN_ELIGIBILITY (ID, OFFER_CHAIN_ID, NAME, VALUE, CREATED_BY, CREATE_DATE) VALUES (ELG_ID_SEQ.NEXTVAL, 1036782, 'IS_COMP', '0', 'OFFERMAKER', SYSDATE);
  INSERT INTO OFFER_CHAIN_ELIGIBILITY (ID, OFFER_CHAIN_ID, NAME, VALUE, CREATED_BY, CREATE_DATE) VALUES (ELG_ID_SEQ.NEXTVAL, 1036782, 'MAX_CONCURRENT_SUBS', '1', 'OFFERMAKER', SYSDATE);
  DELETE FROM OFFER_CHAIN_META_DATA WHERE offer_chain_id = 1036782;
  INSERT INTO OFFER_CHAIN_META_DATA (ID, OFFER_CHAIN_ID, NAME, VALUE, CREATED_BY, CREATE_DATE) VALUES (OCMD_ID_SEQ.NEXTVAL, 1036782, 'BUNDLE_EXPLANATION', 'Bundle D - FAB 16 Week Sub - Upsell OC', 'OFFERMAKER', SYSDATE);
  INSERT INTO OFFER_CHAIN_META_DATA (ID, OFFER_CHAIN_ID, NAME, VALUE, CREATED_BY, CREATE_DATE) VALUES (OCMD_ID_SEQ.NEXTVAL, 1036782, 'PRICE_DESCRIPTION', '16 Week Bundle D FAB Promotion Subscription upsell - $70.00 for 16 weeks. Then $0.99 for next 8 weeks ($8.75 / week thereafter)', 'OFFERMAKER', SYSDATE);
  INSERT INTO OFFER_CHAIN_META_DATA (ID, OFFER_CHAIN_ID, NAME, VALUE, CREATED_BY, CREATE_DATE) VALUES (OCMD_ID_SEQ.NEXTVAL, 1036782, 'PRICE_SHORT_DESCRIPTION', 'BNDL D / $0 16 wks FAB GC upsell', 'OFFERMAKER', SYSDATE);
  INSERT INTO OFFER_CHAIN_META_DATA (ID, OFFER_CHAIN_ID, NAME, VALUE, CREATED_BY, CREATE_DATE) VALUES (OCMD_ID_SEQ.NEXTVAL, 1036782, 'OFFER_TYPE', '$0.99 for first 8 Weeks after redeemed period', 'OFFERMAKER', SYSDATE);
  INSERT INTO OFFER_CHAIN_META_DATA (ID, OFFER_CHAIN_ID, NAME, VALUE, CREATED_BY, CREATE_DATE) VALUES (OCMD_ID_SEQ.NEXTVAL, 1036782, 'OFFER_PRICE_DESCRIPTOR', 'First 16 Weeks: FAB Purchase', 'OFFERMAKER', SYSDATE);
  INSERT INTO OFFER_CHAIN_META_DATA (ID, OFFER_CHAIN_ID, NAME, VALUE, CREATED_BY, CREATE_DATE) VALUES (OCMD_ID_SEQ.NEXTVAL, 1036782, 'OFFER_PRICE', '$0.99 for subsequent 8 weeks', 'OFFERMAKER', SYSDATE);
  INSERT INTO OFFER_CHAIN_META_DATA (ID, OFFER_CHAIN_ID, NAME, VALUE, CREATED_BY, CREATE_DATE) VALUES (OCMD_ID_SEQ.NEXTVAL, 1036782, 'OFFER_PRICE_DETAIL', '($8.75 /  week thereafter)', 'OFFERMAKER', SYSDATE);
  INSERT INTO OFFER_CHAIN_META_DATA (ID, OFFER_CHAIN_ID, NAME, VALUE, CREATED_BY, CREATE_DATE) VALUES (OCMD_ID_SEQ.NEXTVAL, 1036782, 'PROMO_PRICE_FOOTER_LABEL', 'First 16 weeks', 'OFFERMAKER', SYSDATE);
  INSERT INTO OFFER_CHAIN_META_DATA (ID, OFFER_CHAIN_ID, NAME, VALUE, CREATED_BY, CREATE_DATE) VALUES (OCMD_ID_SEQ.NEXTVAL, 1036782, 'ACTUAL_PRICE_FOOTER_LABEL', 'Subsequent 8 weeks $0.99', 'OFFERMAKER', SYSDATE);
  INSERT INTO OFFER_CHAIN_META_DATA (ID, OFFER_CHAIN_ID, NAME, VALUE, CREATED_BY, CREATE_DATE) VALUES (OCMD_ID_SEQ.NEXTVAL, 1036782, 'UPSELL_OFFER_HEADER', 'WANT TO ADD 8 WEEKS FOR ONLY 99&cent;?', 'OFFERMAKER', SYSDATE);
  INSERT INTO OFFER_CHAIN_META_DATA (ID, OFFER_CHAIN_ID, NAME, VALUE, CREATED_BY, CREATE_DATE) VALUES (OCMD_ID_SEQ.NEXTVAL, 1036782, 'UPSELL_OFFER_TRAILER', 'Sign up now to get 8 additional weeks for just 99&cent;.', 'OFFERMAKER', SYSDATE);
  INSERT INTO OFFER_CHAIN_META_DATA (ID, OFFER_CHAIN_ID, NAME, VALUE, CREATED_BY, CREATE_DATE) VALUES (OCMD_ID_SEQ.NEXTVAL, 1036782, 'BILLING_CYCLE', 'every 4 weeks thereafter', 'OFFERMAKER', SYSDATE);
  INSERT INTO OFFER_CHAIN_META_DATA (ID, OFFER_CHAIN_ID, NAME, VALUE, CREATED_BY, CREATE_DATE) VALUES (OCMD_ID_SEQ.NEXTVAL, 1036782, 'SUBSCRIBER_TYPE', 'Daily Deals', 'OFFERMAKER', SYSDATE);
  INSERT INTO OFFER_CHAIN_META_DATA (ID, OFFER_CHAIN_ID, NAME, VALUE, CREATED_BY, CREATE_DATE) VALUES (OCMD_ID_SEQ.NEXTVAL, 1036782, 'PRORATED_REFUND_DAYS_LIMIT', '28', 'OFFERMAKER', SYSDATE);
  INSERT INTO OFFER_CHAIN_META_DATA (ID, OFFER_CHAIN_ID, NAME, VALUE, CREATED_BY, CREATE_DATE) VALUES (OCMD_ID_SEQ.NEXTVAL, 1036782, 'OPEN_TO_ANONYMOUS', '1', 'OFFERMAKER', SYSDATE);
  INSERT INTO OFFER_CHAIN_META_DATA (ID, OFFER_CHAIN_ID, NAME, VALUE, CREATED_BY, CREATE_DATE) VALUES (OCMD_ID_SEQ.NEXTVAL, 1036782, 'BUNDLE', 'Bundle D (Digital All Access)', 'OFFERMAKER', SYSDATE);
  INSERT INTO OFFER_CHAIN_META_DATA (ID, OFFER_CHAIN_ID, NAME, VALUE, CREATED_BY, CREATE_DATE) VALUES (OCMD_ID_SEQ.NEXTVAL, 1036782, 'ADX_BUNDLE', 'MM_PROMO', 'OFFERMAKER', SYSDATE);
  INSERT INTO OFFER_CHAIN_META_DATA (ID, OFFER_CHAIN_ID, NAME, VALUE, CREATED_BY, CREATE_DATE) VALUES (OCMD_ID_SEQ.NEXTVAL, 1036782, 'SIEBEL_CAMPAIGN_CODE', '3JQQ6', 'OFFERMAKER', SYSDATE);
  INSERT INTO OFFER_CHAIN_META_DATA (ID, OFFER_CHAIN_ID, NAME, VALUE, CREATED_BY, CREATE_DATE) VALUES (OCMD_ID_SEQ.NEXTVAL, 1036782, 'ANNUAL_PRICE', '455.00', 'OFFERMAKER', SYSDATE);
  INSERT INTO OFFER_CHAIN_META_DATA (ID, OFFER_CHAIN_ID, NAME, VALUE, CREATED_BY, CREATE_DATE) VALUES (OCMD_ID_SEQ.NEXTVAL, 1036782, 'UID', 'a3d78d00b3de94e029a476f16c6d4d3b04f4128618360018b971c3fafd7e8802', 'OFFERMAKER', SYSDATE);
  DELETE FROM OFFER_CHAIN_NOTIFICATION_TYPE WHERE offer_chain_id = 1036782;
  BEGIN
    SELECT 1 INTO TMP_VAR FROM ACTION WHERE NAME = 'SUBSCRIBE_TO_OFFER_CHAIN';
  EXCEPTION
    WHEN NO_DATA_FOUND THEN
      INSERT INTO ACTION (ID, NAME, CREATE_DATE, CREATED_BY) VALUES (ACTION_ID_SEQ.NEXTVAL, 'SUBSCRIBE_TO_OFFER_CHAIN', SYSDATE, 'OFFERMAKER');
  END;
  BEGIN
    SELECT 1 INTO TMP_VAR FROM CORE_OWNER.NOTIFICATION_TYPE WHERE VALUE = 'sartre-purchase';
  EXCEPTION
    WHEN NO_DATA_FOUND THEN NULL;
      INSERT INTO CORE_OWNER.NOTIFICATION_TYPE (ID, VALUE, TEMPLATE_URL) VALUES (CORE_OWNER.NOTTID_SEQ.NEXTVAL, 'sartre-purchase', 'N/A');
  END;
  BEGIN
    SELECT 1 INTO TMP_VAR FROM ACTION WHERE NAME = 'UPGRADE_SUBSCRIPTION';
  EXCEPTION
    WHEN NO_DATA_FOUND THEN
      INSERT INTO ACTION (ID, NAME, CREATE_DATE, CREATED_BY) VALUES (ACTION_ID_SEQ.NEXTVAL, 'UPGRADE_SUBSCRIPTION', SYSDATE, 'OFFERMAKER');
  END;
  BEGIN
    SELECT 1 INTO TMP_VAR FROM CORE_OWNER.NOTIFICATION_TYPE WHERE VALUE = 'sartre-purchase';
  EXCEPTION
    WHEN NO_DATA_FOUND THEN NULL;
      INSERT INTO CORE_OWNER.NOTIFICATION_TYPE (ID, VALUE, TEMPLATE_URL) VALUES (CORE_OWNER.NOTTID_SEQ.NEXTVAL, 'sartre-purchase', 'N/A');
  END;
  BEGIN
    SELECT 1 INTO TMP_VAR FROM ACTION WHERE NAME = 'CANCEL_SUBSCRIPTION';
  EXCEPTION
    WHEN NO_DATA_FOUND THEN
      INSERT INTO ACTION (ID, NAME, CREATE_DATE, CREATED_BY) VALUES (ACTION_ID_SEQ.NEXTVAL, 'CANCEL_SUBSCRIPTION', SYSDATE, 'OFFERMAKER');
  END;
  BEGIN
    SELECT 1 INTO TMP_VAR FROM CORE_OWNER.NOTIFICATION_TYPE WHERE VALUE = 'sartre-cancel';
  EXCEPTION
    WHEN NO_DATA_FOUND THEN NULL;
      INSERT INTO CORE_OWNER.NOTIFICATION_TYPE (ID, VALUE, TEMPLATE_URL) VALUES (CORE_OWNER.NOTTID_SEQ.NEXTVAL, 'sartre-cancel', 'N/A');
  END;
  BEGIN
    SELECT 1 INTO TMP_VAR FROM ACTION WHERE NAME = 'SYSTEM_CANCEL';
  EXCEPTION
    WHEN NO_DATA_FOUND THEN
      INSERT INTO ACTION (ID, NAME, CREATE_DATE, CREATED_BY) VALUES (ACTION_ID_SEQ.NEXTVAL, 'SYSTEM_CANCEL', SYSDATE, 'OFFERMAKER');
  END;
  BEGIN
    SELECT 1 INTO TMP_VAR FROM CORE_OWNER.NOTIFICATION_TYPE WHERE VALUE = 'sartre-decline';
  EXCEPTION
    WHEN NO_DATA_FOUND THEN NULL;
      INSERT INTO CORE_OWNER.NOTIFICATION_TYPE (ID, VALUE, TEMPLATE_URL) VALUES (CORE_OWNER.NOTTID_SEQ.NEXTVAL, 'sartre-decline', 'N/A');
  END;
  BEGIN
    SELECT 1 INTO TMP_VAR FROM ACTION WHERE NAME = 'CREDIT_CARD_EXP';
  EXCEPTION
    WHEN NO_DATA_FOUND THEN
      INSERT INTO ACTION (ID, NAME, CREATE_DATE, CREATED_BY) VALUES (ACTION_ID_SEQ.NEXTVAL, 'CREDIT_CARD_EXP', SYSDATE, 'OFFERMAKER');
  END;
  BEGIN
    SELECT 1 INTO TMP_VAR FROM CORE_OWNER.NOTIFICATION_TYPE WHERE VALUE = 'card_expiration';
  EXCEPTION
    WHEN NO_DATA_FOUND THEN NULL;
      INSERT INTO CORE_OWNER.NOTIFICATION_TYPE (ID, VALUE, TEMPLATE_URL) VALUES (CORE_OWNER.NOTTID_SEQ.NEXTVAL, 'card_expiration', 'N/A');
  END;
  BEGIN
    SELECT 1 INTO TMP_VAR FROM ACTION WHERE NAME = 'GC_REDEEMER_ON_REDEEM';
  EXCEPTION
    WHEN NO_DATA_FOUND THEN
      INSERT INTO ACTION (ID, NAME, CREATE_DATE, CREATED_BY) VALUES (ACTION_ID_SEQ.NEXTVAL, 'GC_REDEEMER_ON_REDEEM', SYSDATE, 'OFFERMAKER');
  END;
  BEGIN
    SELECT 1 INTO TMP_VAR FROM CORE_OWNER.NOTIFICATION_TYPE WHERE VALUE = 'sartre-upsell-sub-activation-fab';
  EXCEPTION
    WHEN NO_DATA_FOUND THEN NULL;
      INSERT INTO CORE_OWNER.NOTIFICATION_TYPE (ID, VALUE, TEMPLATE_URL) VALUES (CORE_OWNER.NOTTID_SEQ.NEXTVAL, 'sartre-upsell-sub-activation-fab', 'N/A');
  END;
  BEGIN
    SELECT 1 INTO TMP_VAR FROM ACTION WHERE NAME = 'FAMILY_PLAN_OWNER_ADD';
  EXCEPTION
    WHEN NO_DATA_FOUND THEN
      INSERT INTO ACTION (ID, NAME, CREATE_DATE, CREATED_BY) VALUES (ACTION_ID_SEQ.NEXTVAL, 'FAMILY_PLAN_OWNER_ADD', SYSDATE, 'OFFERMAKER');
  END;
  BEGIN
    SELECT 1 INTO TMP_VAR FROM CORE_OWNER.NOTIFICATION_TYPE WHERE VALUE = 'family-plan-welcome';
  EXCEPTION
    WHEN NO_DATA_FOUND THEN NULL;
      INSERT INTO CORE_OWNER.NOTIFICATION_TYPE (ID, VALUE, TEMPLATE_URL) VALUES (CORE_OWNER.NOTTID_SEQ.NEXTVAL, 'family-plan-welcome', 'N/A');
  END;
  BEGIN
    SELECT 1 INTO TMP_VAR FROM ACTION WHERE NAME = 'FAMILY_PLAN_OWNER_EXPIRE';
  EXCEPTION
    WHEN NO_DATA_FOUND THEN
      INSERT INTO ACTION (ID, NAME, CREATE_DATE, CREATED_BY) VALUES (ACTION_ID_SEQ.NEXTVAL, 'FAMILY_PLAN_OWNER_EXPIRE', SYSDATE, 'OFFERMAKER');
  END;
  BEGIN
    SELECT 1 INTO TMP_VAR FROM CORE_OWNER.NOTIFICATION_TYPE WHERE VALUE = 'family-plan-child-remove';
  EXCEPTION
    WHEN NO_DATA_FOUND THEN NULL;
      INSERT INTO CORE_OWNER.NOTIFICATION_TYPE (ID, VALUE, TEMPLATE_URL) VALUES (CORE_OWNER.NOTTID_SEQ.NEXTVAL, 'family-plan-child-remove', 'N/A');
  END;
  BEGIN
    SELECT 1 INTO TMP_VAR FROM ACTION WHERE NAME = 'FAMILY_PLAN_OWNER_INVITE';
  EXCEPTION
    WHEN NO_DATA_FOUND THEN
      INSERT INTO ACTION (ID, NAME, CREATE_DATE, CREATED_BY) VALUES (ACTION_ID_SEQ.NEXTVAL, 'FAMILY_PLAN_OWNER_INVITE', SYSDATE, 'OFFERMAKER');
  END;
  BEGIN
    SELECT 1 INTO TMP_VAR FROM CORE_OWNER.NOTIFICATION_TYPE WHERE VALUE = 'family-plan-child-invite';
  EXCEPTION
    WHEN NO_DATA_FOUND THEN NULL;
      INSERT INTO CORE_OWNER.NOTIFICATION_TYPE (ID, VALUE, TEMPLATE_URL) VALUES (CORE_OWNER.NOTTID_SEQ.NEXTVAL, 'family-plan-child-invite', 'N/A');
  END;
  BEGIN
    SELECT 1 INTO TMP_VAR FROM ACTION WHERE NAME = 'FAMILY_PLAN_BORROWER_EXPIRE';
  EXCEPTION
    WHEN NO_DATA_FOUND THEN
      INSERT INTO ACTION (ID, NAME, CREATE_DATE, CREATED_BY) VALUES (ACTION_ID_SEQ.NEXTVAL, 'FAMILY_PLAN_BORROWER_EXPIRE', SYSDATE, 'OFFERMAKER');
  END;
  BEGIN
    SELECT 1 INTO TMP_VAR FROM CORE_OWNER.NOTIFICATION_TYPE WHERE VALUE = 'family-plan-parent-remove';
  EXCEPTION
    WHEN NO_DATA_FOUND THEN NULL;
      INSERT INTO CORE_OWNER.NOTIFICATION_TYPE (ID, VALUE, TEMPLATE_URL) VALUES (CORE_OWNER.NOTTID_SEQ.NEXTVAL, 'family-plan-parent-remove', 'N/A');
  END;
  INSERT INTO OFFER_CHAIN_NOTIFICATION_TYPE (ID, OFFER_CHAIN_ID, NOTIFICATION_TYPE_ID, ACTION_ID, CREATED_BY, CREATE_DATE) VALUES (OCET_ID_SEQ.NEXTVAL, 1036782, (SELECT ID FROM CORE_OWNER.NOTIFICATION_TYPE WHERE VALUE = 'sartre-purchase'), (SELECT ID FROM ACTION WHERE NAME = 'SUBSCRIBE_TO_OFFER_CHAIN'), 'OFFERMAKER', SYSDATE);
  INSERT INTO OFFER_CHAIN_NOTIFICATION_TYPE (ID, OFFER_CHAIN_ID, NOTIFICATION_TYPE_ID, ACTION_ID, CREATED_BY, CREATE_DATE) VALUES (OCET_ID_SEQ.NEXTVAL, 1036782, (SELECT ID FROM CORE_OWNER.NOTIFICATION_TYPE WHERE VALUE = 'sartre-purchase'), (SELECT ID FROM ACTION WHERE NAME = 'UPGRADE_SUBSCRIPTION'), 'OFFERMAKER', SYSDATE);
  INSERT INTO OFFER_CHAIN_NOTIFICATION_TYPE (ID, OFFER_CHAIN_ID, NOTIFICATION_TYPE_ID, ACTION_ID, CREATED_BY, CREATE_DATE) VALUES (OCET_ID_SEQ.NEXTVAL, 1036782, (SELECT ID FROM CORE_OWNER.NOTIFICATION_TYPE WHERE VALUE = 'sartre-cancel'), (SELECT ID FROM ACTION WHERE NAME = 'CANCEL_SUBSCRIPTION'), 'OFFERMAKER', SYSDATE);
  INSERT INTO OFFER_CHAIN_NOTIFICATION_TYPE (ID, OFFER_CHAIN_ID, NOTIFICATION_TYPE_ID, ACTION_ID, CREATED_BY, CREATE_DATE) VALUES (OCET_ID_SEQ.NEXTVAL, 1036782, (SELECT ID FROM CORE_OWNER.NOTIFICATION_TYPE WHERE VALUE = 'sartre-decline'), (SELECT ID FROM ACTION WHERE NAME = 'SYSTEM_CANCEL'), 'OFFERMAKER', SYSDATE);
  INSERT INTO OFFER_CHAIN_NOTIFICATION_TYPE (ID, OFFER_CHAIN_ID, NOTIFICATION_TYPE_ID, ACTION_ID, CREATED_BY, CREATE_DATE) VALUES (OCET_ID_SEQ.NEXTVAL, 1036782, (SELECT ID FROM CORE_OWNER.NOTIFICATION_TYPE WHERE VALUE = 'card_expiration'), (SELECT ID FROM ACTION WHERE NAME = 'CREDIT_CARD_EXP'), 'OFFERMAKER', SYSDATE);
  INSERT INTO OFFER_CHAIN_NOTIFICATION_TYPE (ID, OFFER_CHAIN_ID, NOTIFICATION_TYPE_ID, ACTION_ID, CREATED_BY, CREATE_DATE) VALUES (OCET_ID_SEQ.NEXTVAL, 1036782, (SELECT ID FROM CORE_OWNER.NOTIFICATION_TYPE WHERE VALUE = 'sartre-upsell-sub-activation-fab'), (SELECT ID FROM ACTION WHERE NAME = 'GC_REDEEMER_ON_REDEEM'), 'OFFERMAKER', SYSDATE);
  INSERT INTO OFFER_CHAIN_NOTIFICATION_TYPE (ID, OFFER_CHAIN_ID, NOTIFICATION_TYPE_ID, ACTION_ID, CREATED_BY, CREATE_DATE) VALUES (OCET_ID_SEQ.NEXTVAL, 1036782, (SELECT ID FROM CORE_OWNER.NOTIFICATION_TYPE WHERE VALUE = 'family-plan-welcome'), (SELECT ID FROM ACTION WHERE NAME = 'FAMILY_PLAN_OWNER_ADD'), 'OFFERMAKER', SYSDATE);
  INSERT INTO OFFER_CHAIN_NOTIFICATION_TYPE (ID, OFFER_CHAIN_ID, NOTIFICATION_TYPE_ID, ACTION_ID, CREATED_BY, CREATE_DATE) VALUES (OCET_ID_SEQ.NEXTVAL, 1036782, (SELECT ID FROM CORE_OWNER.NOTIFICATION_TYPE WHERE VALUE = 'family-plan-child-remove'), (SELECT ID FROM ACTION WHERE NAME = 'FAMILY_PLAN_OWNER_EXPIRE'), 'OFFERMAKER', SYSDATE);
  INSERT INTO OFFER_CHAIN_NOTIFICATION_TYPE (ID, OFFER_CHAIN_ID, NOTIFICATION_TYPE_ID, ACTION_ID, CREATED_BY, CREATE_DATE) VALUES (OCET_ID_SEQ.NEXTVAL, 1036782, (SELECT ID FROM CORE_OWNER.NOTIFICATION_TYPE WHERE VALUE = 'family-plan-child-invite'), (SELECT ID FROM ACTION WHERE NAME = 'FAMILY_PLAN_OWNER_INVITE'), 'OFFERMAKER', SYSDATE);
  INSERT INTO OFFER_CHAIN_NOTIFICATION_TYPE (ID, OFFER_CHAIN_ID, NOTIFICATION_TYPE_ID, ACTION_ID, CREATED_BY, CREATE_DATE) VALUES (OCET_ID_SEQ.NEXTVAL, 1036782, (SELECT ID FROM CORE_OWNER.NOTIFICATION_TYPE WHERE VALUE = 'family-plan-parent-remove'), (SELECT ID FROM ACTION WHERE NAME = 'FAMILY_PLAN_BORROWER_EXPIRE'), 'OFFERMAKER', SYSDATE);
  BEGIN
    SELECT 1 INTO TMP_VAR FROM OFFER_OFFER_CHAIN WHERE OFFER_CHAIN_ID = 1036782 AND INDEX_VALUE = 0 AND ROWNUM <= 1;
  EXCEPTION
    WHEN NO_DATA_FOUND THEN
  INSERT INTO OFFER (ID, OFFER_STATUS_ID, ENTITLEMENT_DURATION, CREATED_BY, CREATE_DATE, updated_by, update_date) VALUES (OFR_ID_SEQ.NEXTVAL, 1, 'P0Y0M112DT0H0M', 'OFFERMAKER', SYSDATE, 'OFFERMAKER', SYSDATE);
  BEGIN
    SELECT ID INTO CUR_PRD_ID FROM PRODUCT WHERE NAME = 'Web' AND PRODUCT_STATUS_ID = 1 AND ROWNUM <= 1;
  EXCEPTION
    WHEN NO_DATA_FOUND THEN
      INSERT INTO PRODUCT (ID, NAME, PRODUCTION_COST, PRODUCT_STATUS_ID, PRODUCT_URI, UNIT_PRICE, CREATED_BY, CREATE_DATE) VALUES (PRD_ID_SEQ.NEXTVAL, 'Web', '0', 1, NULL, '0.357143', 'OFFERMAKER', SYSDATE);
      SELECT ID INTO CUR_PRD_ID FROM PRODUCT WHERE NAME = 'Web' AND PRODUCT_STATUS_ID = 1 AND ROWNUM <= 1;
    WHEN OTHERS THEN
      RAISE;
  END;
  SELECT ID INTO CUR_CAPABILITY_ID FROM CAPABILITY WHERE CODE IN LTRIM(RTRIM((UPPER('MM')))) AND ROWNUM <= 1;
  INSERT INTO PRODUCT_OFFERING (ID, PRODUCT_ID, TAX_POLICY_TYPE_ID, QUANTITY, UNIT_PRICE, TAX_CATEGORY_ID, CAPABILITY_ID, CREATED_BY, CREATE_DATE) VALUES (PO_ID_SEQ.NEXTVAL, CUR_PRD_ID, '1', '112', '0.357143', '2', CUR_CAPABILITY_ID, 'OFFERMAKER', SYSDATE);
  INSERT INTO PRODUCT_OFFERING_META_DATA (ID, PRODUCT_OFFERING_ID, NAME, VALUE, CREATED_BY, CREATE_DATE) VALUES (PROMD_ID_SEQ.NEXTVAL, PO_ID_SEQ.CURRVAL, 'entitlement_uri', 'http://:hostname:/svc/user/entitlements/mm/:id:.json', 'OFFERMAKER', SYSDATE);
  INSERT INTO PRODUCT_OFFERING_META_DATA (ID, PRODUCT_OFFERING_ID, NAME, VALUE, CREATED_BY, CREATE_DATE) VALUES (PROMD_ID_SEQ.NEXTVAL, PO_ID_SEQ.CURRVAL, 'DEFAULT_VAT_RATE', '{"*": 0.0}', 'OFFERMAKER', SYSDATE);
  INSERT INTO PRODUCT_OFFERING_META_DATA (ID, PRODUCT_OFFERING_ID, NAME, VALUE, CREATED_BY, CREATE_DATE) VALUES (PROMD_ID_SEQ.NEXTVAL, PO_ID_SEQ.CURRVAL, 'capability', 'MM', 'OFFERMAKER', SYSDATE);
  INSERT INTO OFFER_PRODUCT_OFFERING (OFFER_ID, PRODUCT_OFFERING_ID, CREATED_BY, CREATE_DATE) VALUES (OFR_ID_SEQ.CURRVAL, PO_ID_SEQ.CURRVAL, 'OFFERMAKER', SYSDATE);
  INSERT INTO DISCOUNT (ID, NAME, DESCRIPTION, FIXED_AMOUNT, PERCENT_AMOUNT, DISCOUNT_TYPE_ID, CREATED_BY, CREATE_DATE) VALUES (DSC_ID_SEQ.NEXTVAL, 'Discount', 'Target offer price 0.0 given offer total price 140.000000 and product price 40.000016', '40.000016', '0', 1, 'OFFERMAKER', SYSDATE);
  INSERT INTO DISCOUNT_PRODUCT_OFFERING (DISCOUNT_ID, PRODUCT_OFFERING_ID, CREATED_BY, CREATE_DATE) VALUES (DSC_ID_SEQ.CURRVAL, PO_ID_SEQ.CURRVAL, 'OFFERMAKER', SYSDATE);
  BEGIN
    SELECT ID INTO CUR_PRD_ID FROM PRODUCT WHERE NAME = 'Mobile' AND PRODUCT_STATUS_ID = 1 AND ROWNUM <= 1;
  EXCEPTION
    WHEN NO_DATA_FOUND THEN
      INSERT INTO PRODUCT (ID, NAME, PRODUCTION_COST, PRODUCT_STATUS_ID, PRODUCT_URI, UNIT_PRICE, CREATED_BY, CREATE_DATE) VALUES (PRD_ID_SEQ.NEXTVAL, 'Mobile', '0', 1, NULL, '0', 'OFFERMAKER', SYSDATE);
      SELECT ID INTO CUR_PRD_ID FROM PRODUCT WHERE NAME = 'Mobile' AND PRODUCT_STATUS_ID = 1 AND ROWNUM <= 1;
    WHEN OTHERS THEN
      RAISE;
  END;
  SELECT ID INTO CUR_CAPABILITY_ID FROM CAPABILITY WHERE CODE IN LTRIM(RTRIM((UPPER('MOW')))) AND ROWNUM <= 1;
  INSERT INTO PRODUCT_OFFERING (ID, PRODUCT_ID, TAX_POLICY_TYPE_ID, QUANTITY, UNIT_PRICE, TAX_CATEGORY_ID, CAPABILITY_ID, CREATED_BY, CREATE_DATE) VALUES (PO_ID_SEQ.NEXTVAL, CUR_PRD_ID, '1', '112', '0', '2', CUR_CAPABILITY_ID, 'OFFERMAKER', SYSDATE);
  INSERT INTO PRODUCT_OFFERING_META_DATA (ID, PRODUCT_OFFERING_ID, NAME, VALUE, CREATED_BY, CREATE_DATE) VALUES (PROMD_ID_SEQ.NEXTVAL, PO_ID_SEQ.CURRVAL, 'entitlement_uri', 'http://:hostname:/svc/user/entitlements/mow/:id:.json', 'OFFERMAKER', SYSDATE);
  INSERT INTO PRODUCT_OFFERING_META_DATA (ID, PRODUCT_OFFERING_ID, NAME, VALUE, CREATED_BY, CREATE_DATE) VALUES (PROMD_ID_SEQ.NEXTVAL, PO_ID_SEQ.CURRVAL, 'DEFAULT_VAT_RATE', '{"*": 0.0}', 'OFFERMAKER', SYSDATE);
  INSERT INTO PRODUCT_OFFERING_META_DATA (ID, PRODUCT_OFFERING_ID, NAME, VALUE, CREATED_BY, CREATE_DATE) VALUES (PROMD_ID_SEQ.NEXTVAL, PO_ID_SEQ.CURRVAL, 'capability', 'MOW', 'OFFERMAKER', SYSDATE);
  INSERT INTO OFFER_PRODUCT_OFFERING (OFFER_ID, PRODUCT_OFFERING_ID, CREATED_BY, CREATE_DATE) VALUES (OFR_ID_SEQ.CURRVAL, PO_ID_SEQ.CURRVAL, 'OFFERMAKER', SYSDATE);
  BEGIN
    SELECT ID INTO CUR_PRD_ID FROM PRODUCT WHERE NAME = 'Archive Article' AND PRODUCT_STATUS_ID = 1 AND ROWNUM <= 1;
  EXCEPTION
    WHEN NO_DATA_FOUND THEN
      INSERT INTO PRODUCT (ID, NAME, PRODUCTION_COST, PRODUCT_STATUS_ID, PRODUCT_URI, UNIT_PRICE, CREATED_BY, CREATE_DATE) VALUES (PRD_ID_SEQ.NEXTVAL, 'Archive Article', '0', 1, NULL, '0', 'OFFERMAKER', SYSDATE);
      SELECT ID INTO CUR_PRD_ID FROM PRODUCT WHERE NAME = 'Archive Article' AND PRODUCT_STATUS_ID = 1 AND ROWNUM <= 1;
    WHEN OTHERS THEN
      RAISE;
  END;
  SELECT ID INTO CUR_CAPABILITY_ID FROM CAPABILITY WHERE CODE IN LTRIM(RTRIM((UPPER('AAA')))) AND ROWNUM <= 1;
  INSERT INTO PRODUCT_OFFERING (ID, PRODUCT_ID, TAX_POLICY_TYPE_ID, QUANTITY, UNIT_PRICE, TAX_CATEGORY_ID, CAPABILITY_ID, CREATED_BY, CREATE_DATE) VALUES (PO_ID_SEQ.NEXTVAL, CUR_PRD_ID, '1', '400', '0', '2', CUR_CAPABILITY_ID, 'OFFERMAKER', SYSDATE);
  INSERT INTO PRODUCT_OFFERING_META_DATA (ID, PRODUCT_OFFERING_ID, NAME, VALUE, CREATED_BY, CREATE_DATE) VALUES (PROMD_ID_SEQ.NEXTVAL, PO_ID_SEQ.CURRVAL, 'entitlement_uri', 'http://:hostname:/svc/user/entitlements/archive/size/400/:id:.json', 'OFFERMAKER', SYSDATE);
  INSERT INTO PRODUCT_OFFERING_META_DATA (ID, PRODUCT_OFFERING_ID, NAME, VALUE, CREATED_BY, CREATE_DATE) VALUES (PROMD_ID_SEQ.NEXTVAL, PO_ID_SEQ.CURRVAL, 'DEFAULT_VAT_RATE', '{"*": 0.0}', 'OFFERMAKER', SYSDATE);
  INSERT INTO OFFER_PRODUCT_OFFERING (OFFER_ID, PRODUCT_OFFERING_ID, CREATED_BY, CREATE_DATE) VALUES (OFR_ID_SEQ.CURRVAL, PO_ID_SEQ.CURRVAL, 'OFFERMAKER', SYSDATE);
  BEGIN
    SELECT ID INTO CUR_PRD_ID FROM PRODUCT WHERE NAME = 'TimesMachine' AND PRODUCT_STATUS_ID = 1 AND ROWNUM <= 1;
  EXCEPTION
    WHEN NO_DATA_FOUND THEN
      INSERT INTO PRODUCT (ID, NAME, PRODUCTION_COST, PRODUCT_STATUS_ID, PRODUCT_URI, UNIT_PRICE, CREATED_BY, CREATE_DATE) VALUES (PRD_ID_SEQ.NEXTVAL, 'TimesMachine', '0', 1, NULL, '0', 'OFFERMAKER', SYSDATE);
      SELECT ID INTO CUR_PRD_ID FROM PRODUCT WHERE NAME = 'TimesMachine' AND PRODUCT_STATUS_ID = 1 AND ROWNUM <= 1;
    WHEN OTHERS THEN
      RAISE;
  END;
  SELECT ID INTO CUR_CAPABILITY_ID FROM CAPABILITY WHERE CODE IN LTRIM(RTRIM((UPPER('NONE')))) AND ROWNUM <= 1;
  INSERT INTO PRODUCT_OFFERING (ID, PRODUCT_ID, TAX_POLICY_TYPE_ID, QUANTITY, UNIT_PRICE, TAX_CATEGORY_ID, CAPABILITY_ID, CREATED_BY, CREATE_DATE) VALUES (PO_ID_SEQ.NEXTVAL, CUR_PRD_ID, '1', '112', '0', '2', CUR_CAPABILITY_ID, 'OFFERMAKER', SYSDATE);
  INSERT INTO PRODUCT_OFFERING_META_DATA (ID, PRODUCT_OFFERING_ID, NAME, VALUE, CREATED_BY, CREATE_DATE) VALUES (PROMD_ID_SEQ.NEXTVAL, PO_ID_SEQ.CURRVAL, 'DEFAULT_VAT_RATE', '{"*": 0.0}', 'OFFERMAKER', SYSDATE);
  INSERT INTO OFFER_PRODUCT_OFFERING (OFFER_ID, PRODUCT_OFFERING_ID, CREATED_BY, CREATE_DATE) VALUES (OFR_ID_SEQ.CURRVAL, PO_ID_SEQ.CURRVAL, 'OFFERMAKER', SYSDATE);
  BEGIN
    SELECT ID INTO CUR_PRD_ID FROM PRODUCT WHERE NAME = 'Smartphone' AND PRODUCT_STATUS_ID = 1 AND ROWNUM <= 1;
  EXCEPTION
    WHEN NO_DATA_FOUND THEN
      INSERT INTO PRODUCT (ID, NAME, PRODUCTION_COST, PRODUCT_STATUS_ID, PRODUCT_URI, UNIT_PRICE, CREATED_BY, CREATE_DATE) VALUES (PRD_ID_SEQ.NEXTVAL, 'Smartphone', '0', 1, NULL, '0.178571', 'OFFERMAKER', SYSDATE);
      SELECT ID INTO CUR_PRD_ID FROM PRODUCT WHERE NAME = 'Smartphone' AND PRODUCT_STATUS_ID = 1 AND ROWNUM <= 1;
    WHEN OTHERS THEN
      RAISE;
  END;
  SELECT ID INTO CUR_CAPABILITY_ID FROM CAPABILITY WHERE CODE IN LTRIM(RTRIM((UPPER('MSD')))) AND ROWNUM <= 1;
  INSERT INTO PRODUCT_OFFERING (ID, PRODUCT_ID, TAX_POLICY_TYPE_ID, QUANTITY, UNIT_PRICE, TAX_CATEGORY_ID, CAPABILITY_ID, CREATED_BY, CREATE_DATE) VALUES (PO_ID_SEQ.NEXTVAL, CUR_PRD_ID, '1', '112', '0.178571', '2', CUR_CAPABILITY_ID, 'OFFERMAKER', SYSDATE);
  INSERT INTO PRODUCT_OFFERING_META_DATA (ID, PRODUCT_OFFERING_ID, NAME, VALUE, CREATED_BY, CREATE_DATE) VALUES (PROMD_ID_SEQ.NEXTVAL, PO_ID_SEQ.CURRVAL, 'entitlement_uri', 'http://:hostname:/svc/user/entitlements/msd/:id:.json', 'OFFERMAKER', SYSDATE);
  INSERT INTO PRODUCT_OFFERING_META_DATA (ID, PRODUCT_OFFERING_ID, NAME, VALUE, CREATED_BY, CREATE_DATE) VALUES (PROMD_ID_SEQ.NEXTVAL, PO_ID_SEQ.CURRVAL, 'DEFAULT_VAT_RATE', '{"*": 0.0}', 'OFFERMAKER', SYSDATE);
  INSERT INTO PRODUCT_OFFERING_META_DATA (ID, PRODUCT_OFFERING_ID, NAME, VALUE, CREATED_BY, CREATE_DATE) VALUES (PROMD_ID_SEQ.NEXTVAL, PO_ID_SEQ.CURRVAL, 'capability', 'MSD', 'OFFERMAKER', SYSDATE);
  INSERT INTO OFFER_PRODUCT_OFFERING (OFFER_ID, PRODUCT_OFFERING_ID, CREATED_BY, CREATE_DATE) VALUES (OFR_ID_SEQ.CURRVAL, PO_ID_SEQ.CURRVAL, 'OFFERMAKER', SYSDATE);
  INSERT INTO DISCOUNT (ID, NAME, DESCRIPTION, FIXED_AMOUNT, PERCENT_AMOUNT, DISCOUNT_TYPE_ID, CREATED_BY, CREATE_DATE) VALUES (DSC_ID_SEQ.NEXTVAL, 'Discount', 'Target offer price 0.0 given offer total price 140.000000 and product price 19.999952', '19.999952', '0', 1, 'OFFERMAKER', SYSDATE);
  INSERT INTO DISCOUNT_PRODUCT_OFFERING (DISCOUNT_ID, PRODUCT_OFFERING_ID, CREATED_BY, CREATE_DATE) VALUES (DSC_ID_SEQ.CURRVAL, PO_ID_SEQ.CURRVAL, 'OFFERMAKER', SYSDATE);
  BEGIN
    SELECT ID INTO CUR_PRD_ID FROM PRODUCT WHERE NAME = 'Tablet' AND PRODUCT_STATUS_ID = 1 AND ROWNUM <= 1;
  EXCEPTION
    WHEN NO_DATA_FOUND THEN
      INSERT INTO PRODUCT (ID, NAME, PRODUCTION_COST, PRODUCT_STATUS_ID, PRODUCT_URI, UNIT_PRICE, CREATED_BY, CREATE_DATE) VALUES (PRD_ID_SEQ.NEXTVAL, 'Tablet', '0', 1, NULL, '0.714286', 'OFFERMAKER', SYSDATE);
      SELECT ID INTO CUR_PRD_ID FROM PRODUCT WHERE NAME = 'Tablet' AND PRODUCT_STATUS_ID = 1 AND ROWNUM <= 1;
    WHEN OTHERS THEN
      RAISE;
  END;
  SELECT ID INTO CUR_CAPABILITY_ID FROM CAPABILITY WHERE CODE IN LTRIM(RTRIM((UPPER('MTD')))) AND ROWNUM <= 1;
  INSERT INTO PRODUCT_OFFERING (ID, PRODUCT_ID, TAX_POLICY_TYPE_ID, QUANTITY, UNIT_PRICE, TAX_CATEGORY_ID, CAPABILITY_ID, CREATED_BY, CREATE_DATE) VALUES (PO_ID_SEQ.NEXTVAL, CUR_PRD_ID, '1', '112', '0.714286', '2', CUR_CAPABILITY_ID, 'OFFERMAKER', SYSDATE);
  INSERT INTO PRODUCT_OFFERING_META_DATA (ID, PRODUCT_OFFERING_ID, NAME, VALUE, CREATED_BY, CREATE_DATE) VALUES (PROMD_ID_SEQ.NEXTVAL, PO_ID_SEQ.CURRVAL, 'entitlement_uri', 'http://:hostname:/svc/user/entitlements/mtd/:id:.json', 'OFFERMAKER', SYSDATE);
  INSERT INTO PRODUCT_OFFERING_META_DATA (ID, PRODUCT_OFFERING_ID, NAME, VALUE, CREATED_BY, CREATE_DATE) VALUES (PROMD_ID_SEQ.NEXTVAL, PO_ID_SEQ.CURRVAL, 'DEFAULT_VAT_RATE', '{"*": 0.0}', 'OFFERMAKER', SYSDATE);
  INSERT INTO PRODUCT_OFFERING_META_DATA (ID, PRODUCT_OFFERING_ID, NAME, VALUE, CREATED_BY, CREATE_DATE) VALUES (PROMD_ID_SEQ.NEXTVAL, PO_ID_SEQ.CURRVAL, 'capability', 'MTD', 'OFFERMAKER', SYSDATE);
  INSERT INTO OFFER_PRODUCT_OFFERING (OFFER_ID, PRODUCT_OFFERING_ID, CREATED_BY, CREATE_DATE) VALUES (OFR_ID_SEQ.CURRVAL, PO_ID_SEQ.CURRVAL, 'OFFERMAKER', SYSDATE);
  INSERT INTO DISCOUNT (ID, NAME, DESCRIPTION, FIXED_AMOUNT, PERCENT_AMOUNT, DISCOUNT_TYPE_ID, CREATED_BY, CREATE_DATE) VALUES (DSC_ID_SEQ.NEXTVAL, 'Discount', 'Target offer price 0.0 given offer total price 140.000000 and product price 80.000032', '80.000032', '0', 1, 'OFFERMAKER', SYSDATE);
  INSERT INTO DISCOUNT_PRODUCT_OFFERING (DISCOUNT_ID, PRODUCT_OFFERING_ID, CREATED_BY, CREATE_DATE) VALUES (DSC_ID_SEQ.CURRVAL, PO_ID_SEQ.CURRVAL, 'OFFERMAKER', SYSDATE);
  BEGIN
    SELECT ID INTO CUR_PRD_ID FROM PRODUCT WHERE NAME = 'TimesReader' AND PRODUCT_STATUS_ID = 1 AND ROWNUM <= 1;
  EXCEPTION
    WHEN NO_DATA_FOUND THEN
      INSERT INTO PRODUCT (ID, NAME, PRODUCTION_COST, PRODUCT_STATUS_ID, PRODUCT_URI, UNIT_PRICE, CREATED_BY, CREATE_DATE) VALUES (PRD_ID_SEQ.NEXTVAL, 'TimesReader', '0', 1, NULL, '0', 'OFFERMAKER', SYSDATE);
      SELECT ID INTO CUR_PRD_ID FROM PRODUCT WHERE NAME = 'TimesReader' AND PRODUCT_STATUS_ID = 1 AND ROWNUM <= 1;
    WHEN OTHERS THEN
      RAISE;
  END;
  SELECT ID INTO CUR_CAPABILITY_ID FROM CAPABILITY WHERE CODE IN LTRIM(RTRIM((UPPER('TNR')))) AND ROWNUM <= 1;
  INSERT INTO PRODUCT_OFFERING (ID, PRODUCT_ID, TAX_POLICY_TYPE_ID, QUANTITY, UNIT_PRICE, TAX_CATEGORY_ID, CAPABILITY_ID, CREATED_BY, CREATE_DATE) VALUES (PO_ID_SEQ.NEXTVAL, CUR_PRD_ID, '1', '112', '0', '2', CUR_CAPABILITY_ID, 'OFFERMAKER', SYSDATE);
  INSERT INTO PRODUCT_OFFERING_META_DATA (ID, PRODUCT_OFFERING_ID, NAME, VALUE, CREATED_BY, CREATE_DATE) VALUES (PROMD_ID_SEQ.NEXTVAL, PO_ID_SEQ.CURRVAL, 'entitlement_uri', 'http://:hostname:/svc/user/entitlements/timesreader/:id:.json', 'OFFERMAKER', SYSDATE);
  INSERT INTO PRODUCT_OFFERING_META_DATA (ID, PRODUCT_OFFERING_ID, NAME, VALUE, CREATED_BY, CREATE_DATE) VALUES (PROMD_ID_SEQ.NEXTVAL, PO_ID_SEQ.CURRVAL, 'capability', 'TNR', 'OFFERMAKER', SYSDATE);
  INSERT INTO PRODUCT_OFFERING_META_DATA (ID, PRODUCT_OFFERING_ID, NAME, VALUE, CREATED_BY, CREATE_DATE) VALUES (PROMD_ID_SEQ.NEXTVAL, PO_ID_SEQ.CURRVAL, 'DEFAULT_VAT_RATE', '{"*": 0.0}', 'OFFERMAKER', SYSDATE);
  INSERT INTO OFFER_PRODUCT_OFFERING (OFFER_ID, PRODUCT_OFFERING_ID, CREATED_BY, CREATE_DATE) VALUES (OFR_ID_SEQ.CURRVAL, PO_ID_SEQ.CURRVAL, 'OFFERMAKER', SYSDATE);
  INSERT INTO OFFER_OFFER_CHAIN (OFFER_ID, OFFER_CHAIN_ID, INDEX_VALUE, NUM_RECURRENCES, CREATED_BY, CREATE_DATE, updated_by, update_date) VALUES (OFR_ID_SEQ.CURRVAL, 1036782, '0', '1', 'OFFERMAKER', SYSDATE, 'OFFERMAKER', SYSDATE);
  END;
  BEGIN
    SELECT 1 INTO TMP_VAR FROM OFFER_OFFER_CHAIN WHERE OFFER_CHAIN_ID = 1036782 AND INDEX_VALUE = 1 AND ROWNUM <= 1;
  EXCEPTION
    WHEN NO_DATA_FOUND THEN
  INSERT INTO OFFER (ID, OFFER_STATUS_ID, ENTITLEMENT_DURATION, CREATED_BY, CREATE_DATE, updated_by, update_date) VALUES (OFR_ID_SEQ.NEXTVAL, 1, 'P0Y0M56DT0H0M', 'OFFERMAKER', SYSDATE, 'OFFERMAKER', SYSDATE);
  BEGIN
    SELECT ID INTO CUR_PRD_ID FROM PRODUCT WHERE NAME = 'Web' AND PRODUCT_STATUS_ID = 1 AND ROWNUM <= 1;
  EXCEPTION
    WHEN NO_DATA_FOUND THEN
      INSERT INTO PRODUCT (ID, NAME, PRODUCTION_COST, PRODUCT_STATUS_ID, PRODUCT_URI, UNIT_PRICE, CREATED_BY, CREATE_DATE) VALUES (PRD_ID_SEQ.NEXTVAL, 'Web', '0', 1, NULL, '0.357143', 'OFFERMAKER', SYSDATE);
      SELECT ID INTO CUR_PRD_ID FROM PRODUCT WHERE NAME = 'Web' AND PRODUCT_STATUS_ID = 1 AND ROWNUM <= 1;
    WHEN OTHERS THEN
      RAISE;
  END;
  SELECT ID INTO CUR_CAPABILITY_ID FROM CAPABILITY WHERE CODE IN LTRIM(RTRIM((UPPER('MM')))) AND ROWNUM <= 1;
  INSERT INTO PRODUCT_OFFERING (ID, PRODUCT_ID, TAX_POLICY_TYPE_ID, QUANTITY, UNIT_PRICE, TAX_CATEGORY_ID, CAPABILITY_ID, CREATED_BY, CREATE_DATE) VALUES (PO_ID_SEQ.NEXTVAL, CUR_PRD_ID, '1', '56', '0.357143', '2', CUR_CAPABILITY_ID, 'OFFERMAKER', SYSDATE);
  INSERT INTO PRODUCT_OFFERING_META_DATA (ID, PRODUCT_OFFERING_ID, NAME, VALUE, CREATED_BY, CREATE_DATE) VALUES (PROMD_ID_SEQ.NEXTVAL, PO_ID_SEQ.CURRVAL, 'entitlement_uri', 'http://:hostname:/svc/user/entitlements/mm/:id:.json', 'OFFERMAKER', SYSDATE);
  INSERT INTO PRODUCT_OFFERING_META_DATA (ID, PRODUCT_OFFERING_ID, NAME, VALUE, CREATED_BY, CREATE_DATE) VALUES (PROMD_ID_SEQ.NEXTVAL, PO_ID_SEQ.CURRVAL, 'DEFAULT_VAT_RATE', '{"*": 0.0}', 'OFFERMAKER', SYSDATE);
  INSERT INTO PRODUCT_OFFERING_META_DATA (ID, PRODUCT_OFFERING_ID, NAME, VALUE, CREATED_BY, CREATE_DATE) VALUES (PROMD_ID_SEQ.NEXTVAL, PO_ID_SEQ.CURRVAL, 'capability', 'MM', 'OFFERMAKER', SYSDATE);
  INSERT INTO OFFER_PRODUCT_OFFERING (OFFER_ID, PRODUCT_OFFERING_ID, CREATED_BY, CREATE_DATE) VALUES (OFR_ID_SEQ.CURRVAL, PO_ID_SEQ.CURRVAL, 'OFFERMAKER', SYSDATE);
  INSERT INTO DISCOUNT (ID, NAME, DESCRIPTION, FIXED_AMOUNT, PERCENT_AMOUNT, DISCOUNT_TYPE_ID, CREATED_BY, CREATE_DATE) VALUES (DSC_ID_SEQ.NEXTVAL, 'Discount', 'Target offer price 0.99 given offer total price 70.000000 and product price 19.717150744', '19.717150744', '0', 1, 'OFFERMAKER', SYSDATE);
  INSERT INTO DISCOUNT_PRODUCT_OFFERING (DISCOUNT_ID, PRODUCT_OFFERING_ID, CREATED_BY, CREATE_DATE) VALUES (DSC_ID_SEQ.CURRVAL, PO_ID_SEQ.CURRVAL, 'OFFERMAKER', SYSDATE);
  BEGIN
    SELECT ID INTO CUR_PRD_ID FROM PRODUCT WHERE NAME = 'Mobile' AND PRODUCT_STATUS_ID = 1 AND ROWNUM <= 1;
  EXCEPTION
    WHEN NO_DATA_FOUND THEN
      INSERT INTO PRODUCT (ID, NAME, PRODUCTION_COST, PRODUCT_STATUS_ID, PRODUCT_URI, UNIT_PRICE, CREATED_BY, CREATE_DATE) VALUES (PRD_ID_SEQ.NEXTVAL, 'Mobile', '0', 1, NULL, '0', 'OFFERMAKER', SYSDATE);
      SELECT ID INTO CUR_PRD_ID FROM PRODUCT WHERE NAME = 'Mobile' AND PRODUCT_STATUS_ID = 1 AND ROWNUM <= 1;
    WHEN OTHERS THEN
      RAISE;
  END;
  SELECT ID INTO CUR_CAPABILITY_ID FROM CAPABILITY WHERE CODE IN LTRIM(RTRIM((UPPER('MOW')))) AND ROWNUM <= 1;
  INSERT INTO PRODUCT_OFFERING (ID, PRODUCT_ID, TAX_POLICY_TYPE_ID, QUANTITY, UNIT_PRICE, TAX_CATEGORY_ID, CAPABILITY_ID, CREATED_BY, CREATE_DATE) VALUES (PO_ID_SEQ.NEXTVAL, CUR_PRD_ID, '1', '56', '0', '2', CUR_CAPABILITY_ID, 'OFFERMAKER', SYSDATE);
  INSERT INTO PRODUCT_OFFERING_META_DATA (ID, PRODUCT_OFFERING_ID, NAME, VALUE, CREATED_BY, CREATE_DATE) VALUES (PROMD_ID_SEQ.NEXTVAL, PO_ID_SEQ.CURRVAL, 'entitlement_uri', 'http://:hostname:/svc/user/entitlements/mow/:id:.json', 'OFFERMAKER', SYSDATE);
  INSERT INTO PRODUCT_OFFERING_META_DATA (ID, PRODUCT_OFFERING_ID, NAME, VALUE, CREATED_BY, CREATE_DATE) VALUES (PROMD_ID_SEQ.NEXTVAL, PO_ID_SEQ.CURRVAL, 'DEFAULT_VAT_RATE', '{"*": 0.0}', 'OFFERMAKER', SYSDATE);
  INSERT INTO PRODUCT_OFFERING_META_DATA (ID, PRODUCT_OFFERING_ID, NAME, VALUE, CREATED_BY, CREATE_DATE) VALUES (PROMD_ID_SEQ.NEXTVAL, PO_ID_SEQ.CURRVAL, 'capability', 'MOW', 'OFFERMAKER', SYSDATE);
  INSERT INTO OFFER_PRODUCT_OFFERING (OFFER_ID, PRODUCT_OFFERING_ID, CREATED_BY, CREATE_DATE) VALUES (OFR_ID_SEQ.CURRVAL, PO_ID_SEQ.CURRVAL, 'OFFERMAKER', SYSDATE);
  BEGIN
    SELECT ID INTO CUR_PRD_ID FROM PRODUCT WHERE NAME = 'Archive Article' AND PRODUCT_STATUS_ID = 1 AND ROWNUM <= 1;
  EXCEPTION
    WHEN NO_DATA_FOUND THEN
      INSERT INTO PRODUCT (ID, NAME, PRODUCTION_COST, PRODUCT_STATUS_ID, PRODUCT_URI, UNIT_PRICE, CREATED_BY, CREATE_DATE) VALUES (PRD_ID_SEQ.NEXTVAL, 'Archive Article', '0', 1, NULL, '0', 'OFFERMAKER', SYSDATE);
      SELECT ID INTO CUR_PRD_ID FROM PRODUCT WHERE NAME = 'Archive Article' AND PRODUCT_STATUS_ID = 1 AND ROWNUM <= 1;
    WHEN OTHERS THEN
      RAISE;
  END;
  SELECT ID INTO CUR_CAPABILITY_ID FROM CAPABILITY WHERE CODE IN LTRIM(RTRIM((UPPER('AAA')))) AND ROWNUM <= 1;
  INSERT INTO PRODUCT_OFFERING (ID, PRODUCT_ID, TAX_POLICY_TYPE_ID, QUANTITY, UNIT_PRICE, TAX_CATEGORY_ID, CAPABILITY_ID, CREATED_BY, CREATE_DATE) VALUES (PO_ID_SEQ.NEXTVAL, CUR_PRD_ID, '1', '200', '0', '2', CUR_CAPABILITY_ID, 'OFFERMAKER', SYSDATE);
  INSERT INTO PRODUCT_OFFERING_META_DATA (ID, PRODUCT_OFFERING_ID, NAME, VALUE, CREATED_BY, CREATE_DATE) VALUES (PROMD_ID_SEQ.NEXTVAL, PO_ID_SEQ.CURRVAL, 'entitlement_uri', 'http://:hostname:/svc/user/entitlements/archive/size/200/:id:.json', 'OFFERMAKER', SYSDATE);
  INSERT INTO PRODUCT_OFFERING_META_DATA (ID, PRODUCT_OFFERING_ID, NAME, VALUE, CREATED_BY, CREATE_DATE) VALUES (PROMD_ID_SEQ.NEXTVAL, PO_ID_SEQ.CURRVAL, 'DEFAULT_VAT_RATE', '{"*": 0.0}', 'OFFERMAKER', SYSDATE);
  INSERT INTO OFFER_PRODUCT_OFFERING (OFFER_ID, PRODUCT_OFFERING_ID, CREATED_BY, CREATE_DATE) VALUES (OFR_ID_SEQ.CURRVAL, PO_ID_SEQ.CURRVAL, 'OFFERMAKER', SYSDATE);
  BEGIN
    SELECT ID INTO CUR_PRD_ID FROM PRODUCT WHERE NAME = 'TimesMachine' AND PRODUCT_STATUS_ID = 1 AND ROWNUM <= 1;
  EXCEPTION
    WHEN NO_DATA_FOUND THEN
      INSERT INTO PRODUCT (ID, NAME, PRODUCTION_COST, PRODUCT_STATUS_ID, PRODUCT_URI, UNIT_PRICE, CREATED_BY, CREATE_DATE) VALUES (PRD_ID_SEQ.NEXTVAL, 'TimesMachine', '0', 1, NULL, '0', 'OFFERMAKER', SYSDATE);
      SELECT ID INTO CUR_PRD_ID FROM PRODUCT WHERE NAME = 'TimesMachine' AND PRODUCT_STATUS_ID = 1 AND ROWNUM <= 1;
    WHEN OTHERS THEN
      RAISE;
  END;
  SELECT ID INTO CUR_CAPABILITY_ID FROM CAPABILITY WHERE CODE IN LTRIM(RTRIM((UPPER('NONE')))) AND ROWNUM <= 1;
  INSERT INTO PRODUCT_OFFERING (ID, PRODUCT_ID, TAX_POLICY_TYPE_ID, QUANTITY, UNIT_PRICE, TAX_CATEGORY_ID, CAPABILITY_ID, CREATED_BY, CREATE_DATE) VALUES (PO_ID_SEQ.NEXTVAL, CUR_PRD_ID, '1', '56', '0', '2', CUR_CAPABILITY_ID, 'OFFERMAKER', SYSDATE);
  INSERT INTO PRODUCT_OFFERING_META_DATA (ID, PRODUCT_OFFERING_ID, NAME, VALUE, CREATED_BY, CREATE_DATE) VALUES (PROMD_ID_SEQ.NEXTVAL, PO_ID_SEQ.CURRVAL, 'DEFAULT_VAT_RATE', '{"*": 0.0}', 'OFFERMAKER', SYSDATE);
  INSERT INTO OFFER_PRODUCT_OFFERING (OFFER_ID, PRODUCT_OFFERING_ID, CREATED_BY, CREATE_DATE) VALUES (OFR_ID_SEQ.CURRVAL, PO_ID_SEQ.CURRVAL, 'OFFERMAKER', SYSDATE);
  BEGIN
    SELECT ID INTO CUR_PRD_ID FROM PRODUCT WHERE NAME = 'Smartphone' AND PRODUCT_STATUS_ID = 1 AND ROWNUM <= 1;
  EXCEPTION
    WHEN NO_DATA_FOUND THEN
      INSERT INTO PRODUCT (ID, NAME, PRODUCTION_COST, PRODUCT_STATUS_ID, PRODUCT_URI, UNIT_PRICE, CREATED_BY, CREATE_DATE) VALUES (PRD_ID_SEQ.NEXTVAL, 'Smartphone', '0', 1, NULL, '0.178571', 'OFFERMAKER', SYSDATE);
      SELECT ID INTO CUR_PRD_ID FROM PRODUCT WHERE NAME = 'Smartphone' AND PRODUCT_STATUS_ID = 1 AND ROWNUM <= 1;
    WHEN OTHERS THEN
      RAISE;
  END;
  SELECT ID INTO CUR_CAPABILITY_ID FROM CAPABILITY WHERE CODE IN LTRIM(RTRIM((UPPER('MSD')))) AND ROWNUM <= 1;
  INSERT INTO PRODUCT_OFFERING (ID, PRODUCT_ID, TAX_POLICY_TYPE_ID, QUANTITY, UNIT_PRICE, TAX_CATEGORY_ID, CAPABILITY_ID, CREATED_BY, CREATE_DATE) VALUES (PO_ID_SEQ.NEXTVAL, CUR_PRD_ID, '1', '56', '0.178571', '2', CUR_CAPABILITY_ID, 'OFFERMAKER', SYSDATE);
  INSERT INTO PRODUCT_OFFERING_META_DATA (ID, PRODUCT_OFFERING_ID, NAME, VALUE, CREATED_BY, CREATE_DATE) VALUES (PROMD_ID_SEQ.NEXTVAL, PO_ID_SEQ.CURRVAL, 'entitlement_uri', 'http://:hostname:/svc/user/entitlements/msd/:id:.json', 'OFFERMAKER', SYSDATE);
  INSERT INTO PRODUCT_OFFERING_META_DATA (ID, PRODUCT_OFFERING_ID, NAME, VALUE, CREATED_BY, CREATE_DATE) VALUES (PROMD_ID_SEQ.NEXTVAL, PO_ID_SEQ.CURRVAL, 'DEFAULT_VAT_RATE', '{"*": 0.0}', 'OFFERMAKER', SYSDATE);
  INSERT INTO PRODUCT_OFFERING_META_DATA (ID, PRODUCT_OFFERING_ID, NAME, VALUE, CREATED_BY, CREATE_DATE) VALUES (PROMD_ID_SEQ.NEXTVAL, PO_ID_SEQ.CURRVAL, 'capability', 'MSD', 'OFFERMAKER', SYSDATE);
  INSERT INTO OFFER_PRODUCT_OFFERING (OFFER_ID, PRODUCT_OFFERING_ID, CREATED_BY, CREATE_DATE) VALUES (OFR_ID_SEQ.CURRVAL, PO_ID_SEQ.CURRVAL, 'OFFERMAKER', SYSDATE);
  INSERT INTO DISCOUNT (ID, NAME, DESCRIPTION, FIXED_AMOUNT, PERCENT_AMOUNT, DISCOUNT_TYPE_ID, CREATED_BY, CREATE_DATE) VALUES (DSC_ID_SEQ.NEXTVAL, 'Discount', 'Target offer price 0.99 given offer total price 70.000000 and product price 9.858547768', '9.858547768', '0', 1, 'OFFERMAKER', SYSDATE);
  INSERT INTO DISCOUNT_PRODUCT_OFFERING (DISCOUNT_ID, PRODUCT_OFFERING_ID, CREATED_BY, CREATE_DATE) VALUES (DSC_ID_SEQ.CURRVAL, PO_ID_SEQ.CURRVAL, 'OFFERMAKER', SYSDATE);
  BEGIN
    SELECT ID INTO CUR_PRD_ID FROM PRODUCT WHERE NAME = 'Tablet' AND PRODUCT_STATUS_ID = 1 AND ROWNUM <= 1;
  EXCEPTION
    WHEN NO_DATA_FOUND THEN
      INSERT INTO PRODUCT (ID, NAME, PRODUCTION_COST, PRODUCT_STATUS_ID, PRODUCT_URI, UNIT_PRICE, CREATED_BY, CREATE_DATE) VALUES (PRD_ID_SEQ.NEXTVAL, 'Tablet', '0', 1, NULL, '0.714286', 'OFFERMAKER', SYSDATE);
      SELECT ID INTO CUR_PRD_ID FROM PRODUCT WHERE NAME = 'Tablet' AND PRODUCT_STATUS_ID = 1 AND ROWNUM <= 1;
    WHEN OTHERS THEN
      RAISE;
  END;
  SELECT ID INTO CUR_CAPABILITY_ID FROM CAPABILITY WHERE CODE IN LTRIM(RTRIM((UPPER('MTD')))) AND ROWNUM <= 1;
  INSERT INTO PRODUCT_OFFERING (ID, PRODUCT_ID, TAX_POLICY_TYPE_ID, QUANTITY, UNIT_PRICE, TAX_CATEGORY_ID, CAPABILITY_ID, CREATED_BY, CREATE_DATE) VALUES (PO_ID_SEQ.NEXTVAL, CUR_PRD_ID, '1', '56', '0.714286', '2', CUR_CAPABILITY_ID, 'OFFERMAKER', SYSDATE);
  INSERT INTO PRODUCT_OFFERING_META_DATA (ID, PRODUCT_OFFERING_ID, NAME, VALUE, CREATED_BY, CREATE_DATE) VALUES (PROMD_ID_SEQ.NEXTVAL, PO_ID_SEQ.CURRVAL, 'entitlement_uri', 'http://:hostname:/svc/user/entitlements/mtd/:id:.json', 'OFFERMAKER', SYSDATE);
  INSERT INTO PRODUCT_OFFERING_META_DATA (ID, PRODUCT_OFFERING_ID, NAME, VALUE, CREATED_BY, CREATE_DATE) VALUES (PROMD_ID_SEQ.NEXTVAL, PO_ID_SEQ.CURRVAL, 'DEFAULT_VAT_RATE', '{"*": 0.0}', 'OFFERMAKER', SYSDATE);
  INSERT INTO PRODUCT_OFFERING_META_DATA (ID, PRODUCT_OFFERING_ID, NAME, VALUE, CREATED_BY, CREATE_DATE) VALUES (PROMD_ID_SEQ.NEXTVAL, PO_ID_SEQ.CURRVAL, 'capability', 'MTD', 'OFFERMAKER', SYSDATE);
  INSERT INTO OFFER_PRODUCT_OFFERING (OFFER_ID, PRODUCT_OFFERING_ID, CREATED_BY, CREATE_DATE) VALUES (OFR_ID_SEQ.CURRVAL, PO_ID_SEQ.CURRVAL, 'OFFERMAKER', SYSDATE);
  INSERT INTO DISCOUNT (ID, NAME, DESCRIPTION, FIXED_AMOUNT, PERCENT_AMOUNT, DISCOUNT_TYPE_ID, CREATED_BY, CREATE_DATE) VALUES (DSC_ID_SEQ.NEXTVAL, 'Discount', 'Target offer price 0.99 given offer total price 70.000000 and product price 39.434301488', '39.434301488', '0', 1, 'OFFERMAKER', SYSDATE);
  INSERT INTO DISCOUNT_PRODUCT_OFFERING (DISCOUNT_ID, PRODUCT_OFFERING_ID, CREATED_BY, CREATE_DATE) VALUES (DSC_ID_SEQ.CURRVAL, PO_ID_SEQ.CURRVAL, 'OFFERMAKER', SYSDATE);
  BEGIN
    SELECT ID INTO CUR_PRD_ID FROM PRODUCT WHERE NAME = 'TimesReader' AND PRODUCT_STATUS_ID = 1 AND ROWNUM <= 1;
  EXCEPTION
    WHEN NO_DATA_FOUND THEN
      INSERT INTO PRODUCT (ID, NAME, PRODUCTION_COST, PRODUCT_STATUS_ID, PRODUCT_URI, UNIT_PRICE, CREATED_BY, CREATE_DATE) VALUES (PRD_ID_SEQ.NEXTVAL, 'TimesReader', '0', 1, NULL, '0', 'OFFERMAKER', SYSDATE);
      SELECT ID INTO CUR_PRD_ID FROM PRODUCT WHERE NAME = 'TimesReader' AND PRODUCT_STATUS_ID = 1 AND ROWNUM <= 1;
    WHEN OTHERS THEN
      RAISE;
  END;
  SELECT ID INTO CUR_CAPABILITY_ID FROM CAPABILITY WHERE CODE IN LTRIM(RTRIM((UPPER('TNR')))) AND ROWNUM <= 1;
  INSERT INTO PRODUCT_OFFERING (ID, PRODUCT_ID, TAX_POLICY_TYPE_ID, QUANTITY, UNIT_PRICE, TAX_CATEGORY_ID, CAPABILITY_ID, CREATED_BY, CREATE_DATE) VALUES (PO_ID_SEQ.NEXTVAL, CUR_PRD_ID, '1', '56', '0', '2', CUR_CAPABILITY_ID, 'OFFERMAKER', SYSDATE);
  INSERT INTO PRODUCT_OFFERING_META_DATA (ID, PRODUCT_OFFERING_ID, NAME, VALUE, CREATED_BY, CREATE_DATE) VALUES (PROMD_ID_SEQ.NEXTVAL, PO_ID_SEQ.CURRVAL, 'entitlement_uri', 'http://:hostname:/svc/user/entitlements/timesreader/:id:.json', 'OFFERMAKER', SYSDATE);
  INSERT INTO PRODUCT_OFFERING_META_DATA (ID, PRODUCT_OFFERING_ID, NAME, VALUE, CREATED_BY, CREATE_DATE) VALUES (PROMD_ID_SEQ.NEXTVAL, PO_ID_SEQ.CURRVAL, 'capability', 'TNR', 'OFFERMAKER', SYSDATE);
  INSERT INTO PRODUCT_OFFERING_META_DATA (ID, PRODUCT_OFFERING_ID, NAME, VALUE, CREATED_BY, CREATE_DATE) VALUES (PROMD_ID_SEQ.NEXTVAL, PO_ID_SEQ.CURRVAL, 'DEFAULT_VAT_RATE', '{"*": 0.0}', 'OFFERMAKER', SYSDATE);
  INSERT INTO OFFER_PRODUCT_OFFERING (OFFER_ID, PRODUCT_OFFERING_ID, CREATED_BY, CREATE_DATE) VALUES (OFR_ID_SEQ.CURRVAL, PO_ID_SEQ.CURRVAL, 'OFFERMAKER', SYSDATE);
  INSERT INTO OFFER_OFFER_CHAIN (OFFER_ID, OFFER_CHAIN_ID, INDEX_VALUE, NUM_RECURRENCES, CREATED_BY, CREATE_DATE, updated_by, update_date) VALUES (OFR_ID_SEQ.CURRVAL, 1036782, '1', '1', 'OFFERMAKER', SYSDATE, 'OFFERMAKER', SYSDATE);
  END;
  BEGIN
    SELECT 1 INTO TMP_VAR FROM OFFER_OFFER_CHAIN WHERE OFFER_CHAIN_ID = 1036782 AND INDEX_VALUE = 2 AND ROWNUM <= 1;
  EXCEPTION
    WHEN NO_DATA_FOUND THEN
  INSERT INTO OFFER (ID, OFFER_STATUS_ID, ENTITLEMENT_DURATION, CREATED_BY, CREATE_DATE, updated_by, update_date) VALUES (OFR_ID_SEQ.NEXTVAL, 1, 'P0Y0M28DT0H0M', 'OFFERMAKER', SYSDATE, 'OFFERMAKER', SYSDATE);
  BEGIN
    SELECT ID INTO CUR_PRD_ID FROM PRODUCT WHERE NAME = 'Web' AND PRODUCT_STATUS_ID = 1 AND ROWNUM <= 1;
  EXCEPTION
    WHEN NO_DATA_FOUND THEN
      INSERT INTO PRODUCT (ID, NAME, PRODUCTION_COST, PRODUCT_STATUS_ID, PRODUCT_URI, UNIT_PRICE, CREATED_BY, CREATE_DATE) VALUES (PRD_ID_SEQ.NEXTVAL, 'Web', '0', 1, NULL, '0.357143', 'OFFERMAKER', SYSDATE);
      SELECT ID INTO CUR_PRD_ID FROM PRODUCT WHERE NAME = 'Web' AND PRODUCT_STATUS_ID = 1 AND ROWNUM <= 1;
    WHEN OTHERS THEN
      RAISE;
  END;
  SELECT ID INTO CUR_CAPABILITY_ID FROM CAPABILITY WHERE CODE IN LTRIM(RTRIM((UPPER('MM')))) AND ROWNUM <= 1;
  INSERT INTO PRODUCT_OFFERING (ID, PRODUCT_ID, TAX_POLICY_TYPE_ID, QUANTITY, UNIT_PRICE, TAX_CATEGORY_ID, CAPABILITY_ID, CREATED_BY, CREATE_DATE) VALUES (PO_ID_SEQ.NEXTVAL, CUR_PRD_ID, '1', '28', '0.357143', '2', CUR_CAPABILITY_ID, 'OFFERMAKER', SYSDATE);
  INSERT INTO PRODUCT_OFFERING_META_DATA (ID, PRODUCT_OFFERING_ID, NAME, VALUE, CREATED_BY, CREATE_DATE) VALUES (PROMD_ID_SEQ.NEXTVAL, PO_ID_SEQ.CURRVAL, 'entitlement_uri', 'http://:hostname:/svc/user/entitlements/mm/:id:.json', 'OFFERMAKER', SYSDATE);
  INSERT INTO PRODUCT_OFFERING_META_DATA (ID, PRODUCT_OFFERING_ID, NAME, VALUE, CREATED_BY, CREATE_DATE) VALUES (PROMD_ID_SEQ.NEXTVAL, PO_ID_SEQ.CURRVAL, 'DEFAULT_VAT_RATE', '{"*": 0.0}', 'OFFERMAKER', SYSDATE);
  INSERT INTO PRODUCT_OFFERING_META_DATA (ID, PRODUCT_OFFERING_ID, NAME, VALUE, CREATED_BY, CREATE_DATE) VALUES (PROMD_ID_SEQ.NEXTVAL, PO_ID_SEQ.CURRVAL, 'capability', 'MM', 'OFFERMAKER', SYSDATE);
  INSERT INTO OFFER_PRODUCT_OFFERING (OFFER_ID, PRODUCT_OFFERING_ID, CREATED_BY, CREATE_DATE) VALUES (OFR_ID_SEQ.CURRVAL, PO_ID_SEQ.CURRVAL, 'OFFERMAKER', SYSDATE);
  BEGIN
    SELECT ID INTO CUR_PRD_ID FROM PRODUCT WHERE NAME = 'Mobile' AND PRODUCT_STATUS_ID = 1 AND ROWNUM <= 1;
  EXCEPTION
    WHEN NO_DATA_FOUND THEN
      INSERT INTO PRODUCT (ID, NAME, PRODUCTION_COST, PRODUCT_STATUS_ID, PRODUCT_URI, UNIT_PRICE, CREATED_BY, CREATE_DATE) VALUES (PRD_ID_SEQ.NEXTVAL, 'Mobile', '0', 1, NULL, '0', 'OFFERMAKER', SYSDATE);
      SELECT ID INTO CUR_PRD_ID FROM PRODUCT WHERE NAME = 'Mobile' AND PRODUCT_STATUS_ID = 1 AND ROWNUM <= 1;
    WHEN OTHERS THEN
      RAISE;
  END;
  SELECT ID INTO CUR_CAPABILITY_ID FROM CAPABILITY WHERE CODE IN LTRIM(RTRIM((UPPER('MOW')))) AND ROWNUM <= 1;
  INSERT INTO PRODUCT_OFFERING (ID, PRODUCT_ID, TAX_POLICY_TYPE_ID, QUANTITY, UNIT_PRICE, TAX_CATEGORY_ID, CAPABILITY_ID, CREATED_BY, CREATE_DATE) VALUES (PO_ID_SEQ.NEXTVAL, CUR_PRD_ID, '1', '28', '0', '2', CUR_CAPABILITY_ID, 'OFFERMAKER', SYSDATE);
  INSERT INTO PRODUCT_OFFERING_META_DATA (ID, PRODUCT_OFFERING_ID, NAME, VALUE, CREATED_BY, CREATE_DATE) VALUES (PROMD_ID_SEQ.NEXTVAL, PO_ID_SEQ.CURRVAL, 'entitlement_uri', 'http://:hostname:/svc/user/entitlements/mow/:id:.json', 'OFFERMAKER', SYSDATE);
  INSERT INTO PRODUCT_OFFERING_META_DATA (ID, PRODUCT_OFFERING_ID, NAME, VALUE, CREATED_BY, CREATE_DATE) VALUES (PROMD_ID_SEQ.NEXTVAL, PO_ID_SEQ.CURRVAL, 'DEFAULT_VAT_RATE', '{"*": 0.0}', 'OFFERMAKER', SYSDATE);
  INSERT INTO PRODUCT_OFFERING_META_DATA (ID, PRODUCT_OFFERING_ID, NAME, VALUE, CREATED_BY, CREATE_DATE) VALUES (PROMD_ID_SEQ.NEXTVAL, PO_ID_SEQ.CURRVAL, 'capability', 'MOW', 'OFFERMAKER', SYSDATE);
  INSERT INTO OFFER_PRODUCT_OFFERING (OFFER_ID, PRODUCT_OFFERING_ID, CREATED_BY, CREATE_DATE) VALUES (OFR_ID_SEQ.CURRVAL, PO_ID_SEQ.CURRVAL, 'OFFERMAKER', SYSDATE);
  BEGIN
    SELECT ID INTO CUR_PRD_ID FROM PRODUCT WHERE NAME = 'Archive Article' AND PRODUCT_STATUS_ID = 1 AND ROWNUM <= 1;
  EXCEPTION
    WHEN NO_DATA_FOUND THEN
      INSERT INTO PRODUCT (ID, NAME, PRODUCTION_COST, PRODUCT_STATUS_ID, PRODUCT_URI, UNIT_PRICE, CREATED_BY, CREATE_DATE) VALUES (PRD_ID_SEQ.NEXTVAL, 'Archive Article', '0', 1, NULL, '0', 'OFFERMAKER', SYSDATE);
      SELECT ID INTO CUR_PRD_ID FROM PRODUCT WHERE NAME = 'Archive Article' AND PRODUCT_STATUS_ID = 1 AND ROWNUM <= 1;
    WHEN OTHERS THEN
      RAISE;
  END;
  SELECT ID INTO CUR_CAPABILITY_ID FROM CAPABILITY WHERE CODE IN LTRIM(RTRIM((UPPER('AAA')))) AND ROWNUM <= 1;
  INSERT INTO PRODUCT_OFFERING (ID, PRODUCT_ID, TAX_POLICY_TYPE_ID, QUANTITY, UNIT_PRICE, TAX_CATEGORY_ID, CAPABILITY_ID, CREATED_BY, CREATE_DATE) VALUES (PO_ID_SEQ.NEXTVAL, CUR_PRD_ID, '1', '100', '0', '2', CUR_CAPABILITY_ID, 'OFFERMAKER', SYSDATE);
  INSERT INTO PRODUCT_OFFERING_META_DATA (ID, PRODUCT_OFFERING_ID, NAME, VALUE, CREATED_BY, CREATE_DATE) VALUES (PROMD_ID_SEQ.NEXTVAL, PO_ID_SEQ.CURRVAL, 'entitlement_uri', 'http://:hostname:/svc/user/entitlements/archive/size/100/:id:.json', 'OFFERMAKER', SYSDATE);
  INSERT INTO PRODUCT_OFFERING_META_DATA (ID, PRODUCT_OFFERING_ID, NAME, VALUE, CREATED_BY, CREATE_DATE) VALUES (PROMD_ID_SEQ.NEXTVAL, PO_ID_SEQ.CURRVAL, 'DEFAULT_VAT_RATE', '{"*": 0.0}', 'OFFERMAKER', SYSDATE);
  INSERT INTO OFFER_PRODUCT_OFFERING (OFFER_ID, PRODUCT_OFFERING_ID, CREATED_BY, CREATE_DATE) VALUES (OFR_ID_SEQ.CURRVAL, PO_ID_SEQ.CURRVAL, 'OFFERMAKER', SYSDATE);
  BEGIN
    SELECT ID INTO CUR_PRD_ID FROM PRODUCT WHERE NAME = 'TimesMachine' AND PRODUCT_STATUS_ID = 1 AND ROWNUM <= 1;
  EXCEPTION
    WHEN NO_DATA_FOUND THEN
      INSERT INTO PRODUCT (ID, NAME, PRODUCTION_COST, PRODUCT_STATUS_ID, PRODUCT_URI, UNIT_PRICE, CREATED_BY, CREATE_DATE) VALUES (PRD_ID_SEQ.NEXTVAL, 'TimesMachine', '0', 1, NULL, '0', 'OFFERMAKER', SYSDATE);
      SELECT ID INTO CUR_PRD_ID FROM PRODUCT WHERE NAME = 'TimesMachine' AND PRODUCT_STATUS_ID = 1 AND ROWNUM <= 1;
    WHEN OTHERS THEN
      RAISE;
  END;
  SELECT ID INTO CUR_CAPABILITY_ID FROM CAPABILITY WHERE CODE IN LTRIM(RTRIM((UPPER('NONE')))) AND ROWNUM <= 1;
  INSERT INTO PRODUCT_OFFERING (ID, PRODUCT_ID, TAX_POLICY_TYPE_ID, QUANTITY, UNIT_PRICE, TAX_CATEGORY_ID, CAPABILITY_ID, CREATED_BY, CREATE_DATE) VALUES (PO_ID_SEQ.NEXTVAL, CUR_PRD_ID, '1', '28', '0', '2', CUR_CAPABILITY_ID, 'OFFERMAKER', SYSDATE);
  INSERT INTO PRODUCT_OFFERING_META_DATA (ID, PRODUCT_OFFERING_ID, NAME, VALUE, CREATED_BY, CREATE_DATE) VALUES (PROMD_ID_SEQ.NEXTVAL, PO_ID_SEQ.CURRVAL, 'DEFAULT_VAT_RATE', '{"*": 0.0}', 'OFFERMAKER', SYSDATE);
  INSERT INTO OFFER_PRODUCT_OFFERING (OFFER_ID, PRODUCT_OFFERING_ID, CREATED_BY, CREATE_DATE) VALUES (OFR_ID_SEQ.CURRVAL, PO_ID_SEQ.CURRVAL, 'OFFERMAKER', SYSDATE);
  BEGIN
    SELECT ID INTO CUR_PRD_ID FROM PRODUCT WHERE NAME = 'Smartphone' AND PRODUCT_STATUS_ID = 1 AND ROWNUM <= 1;
  EXCEPTION
    WHEN NO_DATA_FOUND THEN
      INSERT INTO PRODUCT (ID, NAME, PRODUCTION_COST, PRODUCT_STATUS_ID, PRODUCT_URI, UNIT_PRICE, CREATED_BY, CREATE_DATE) VALUES (PRD_ID_SEQ.NEXTVAL, 'Smartphone', '0', 1, NULL, '0.178571', 'OFFERMAKER', SYSDATE);
      SELECT ID INTO CUR_PRD_ID FROM PRODUCT WHERE NAME = 'Smartphone' AND PRODUCT_STATUS_ID = 1 AND ROWNUM <= 1;
    WHEN OTHERS THEN
      RAISE;
  END;
  SELECT ID INTO CUR_CAPABILITY_ID FROM CAPABILITY WHERE CODE IN LTRIM(RTRIM((UPPER('MSD')))) AND ROWNUM <= 1;
  INSERT INTO PRODUCT_OFFERING (ID, PRODUCT_ID, TAX_POLICY_TYPE_ID, QUANTITY, UNIT_PRICE, TAX_CATEGORY_ID, CAPABILITY_ID, CREATED_BY, CREATE_DATE) VALUES (PO_ID_SEQ.NEXTVAL, CUR_PRD_ID, '1', '28', '0.178571', '2', CUR_CAPABILITY_ID, 'OFFERMAKER', SYSDATE);
  INSERT INTO PRODUCT_OFFERING_META_DATA (ID, PRODUCT_OFFERING_ID, NAME, VALUE, CREATED_BY, CREATE_DATE) VALUES (PROMD_ID_SEQ.NEXTVAL, PO_ID_SEQ.CURRVAL, 'entitlement_uri', 'http://:hostname:/svc/user/entitlements/msd/:id:.json', 'OFFERMAKER', SYSDATE);
  INSERT INTO PRODUCT_OFFERING_META_DATA (ID, PRODUCT_OFFERING_ID, NAME, VALUE, CREATED_BY, CREATE_DATE) VALUES (PROMD_ID_SEQ.NEXTVAL, PO_ID_SEQ.CURRVAL, 'DEFAULT_VAT_RATE', '{"*": 0.0}', 'OFFERMAKER', SYSDATE);
  INSERT INTO PRODUCT_OFFERING_META_DATA (ID, PRODUCT_OFFERING_ID, NAME, VALUE, CREATED_BY, CREATE_DATE) VALUES (PROMD_ID_SEQ.NEXTVAL, PO_ID_SEQ.CURRVAL, 'capability', 'MSD', 'OFFERMAKER', SYSDATE);
  INSERT INTO OFFER_PRODUCT_OFFERING (OFFER_ID, PRODUCT_OFFERING_ID, CREATED_BY, CREATE_DATE) VALUES (OFR_ID_SEQ.CURRVAL, PO_ID_SEQ.CURRVAL, 'OFFERMAKER', SYSDATE);
  BEGIN
    SELECT ID INTO CUR_PRD_ID FROM PRODUCT WHERE NAME = 'Tablet' AND PRODUCT_STATUS_ID = 1 AND ROWNUM <= 1;
  EXCEPTION
    WHEN NO_DATA_FOUND THEN
      INSERT INTO PRODUCT (ID, NAME, PRODUCTION_COST, PRODUCT_STATUS_ID, PRODUCT_URI, UNIT_PRICE, CREATED_BY, CREATE_DATE) VALUES (PRD_ID_SEQ.NEXTVAL, 'Tablet', '0', 1, NULL, '0.714286', 'OFFERMAKER', SYSDATE);
      SELECT ID INTO CUR_PRD_ID FROM PRODUCT WHERE NAME = 'Tablet' AND PRODUCT_STATUS_ID = 1 AND ROWNUM <= 1;
    WHEN OTHERS THEN
      RAISE;
  END;
  SELECT ID INTO CUR_CAPABILITY_ID FROM CAPABILITY WHERE CODE IN LTRIM(RTRIM((UPPER('MTD')))) AND ROWNUM <= 1;
  INSERT INTO PRODUCT_OFFERING (ID, PRODUCT_ID, TAX_POLICY_TYPE_ID, QUANTITY, UNIT_PRICE, TAX_CATEGORY_ID, CAPABILITY_ID, CREATED_BY, CREATE_DATE) VALUES (PO_ID_SEQ.NEXTVAL, CUR_PRD_ID, '1', '28', '0.714286', '2', CUR_CAPABILITY_ID, 'OFFERMAKER', SYSDATE);
  INSERT INTO PRODUCT_OFFERING_META_DATA (ID, PRODUCT_OFFERING_ID, NAME, VALUE, CREATED_BY, CREATE_DATE) VALUES (PROMD_ID_SEQ.NEXTVAL, PO_ID_SEQ.CURRVAL, 'entitlement_uri', 'http://:hostname:/svc/user/entitlements/mtd/:id:.json', 'OFFERMAKER', SYSDATE);
  INSERT INTO PRODUCT_OFFERING_META_DATA (ID, PRODUCT_OFFERING_ID, NAME, VALUE, CREATED_BY, CREATE_DATE) VALUES (PROMD_ID_SEQ.NEXTVAL, PO_ID_SEQ.CURRVAL, 'DEFAULT_VAT_RATE', '{"*": 0.0}', 'OFFERMAKER', SYSDATE);
  INSERT INTO PRODUCT_OFFERING_META_DATA (ID, PRODUCT_OFFERING_ID, NAME, VALUE, CREATED_BY, CREATE_DATE) VALUES (PROMD_ID_SEQ.NEXTVAL, PO_ID_SEQ.CURRVAL, 'capability', 'MTD', 'OFFERMAKER', SYSDATE);
  INSERT INTO OFFER_PRODUCT_OFFERING (OFFER_ID, PRODUCT_OFFERING_ID, CREATED_BY, CREATE_DATE) VALUES (OFR_ID_SEQ.CURRVAL, PO_ID_SEQ.CURRVAL, 'OFFERMAKER', SYSDATE);
  BEGIN
    SELECT ID INTO CUR_PRD_ID FROM PRODUCT WHERE NAME = 'TimesReader' AND PRODUCT_STATUS_ID = 1 AND ROWNUM <= 1;
  EXCEPTION
    WHEN NO_DATA_FOUND THEN
      INSERT INTO PRODUCT (ID, NAME, PRODUCTION_COST, PRODUCT_STATUS_ID, PRODUCT_URI, UNIT_PRICE, CREATED_BY, CREATE_DATE) VALUES (PRD_ID_SEQ.NEXTVAL, 'TimesReader', '0', 1, NULL, '0', 'OFFERMAKER', SYSDATE);
      SELECT ID INTO CUR_PRD_ID FROM PRODUCT WHERE NAME = 'TimesReader' AND PRODUCT_STATUS_ID = 1 AND ROWNUM <= 1;
    WHEN OTHERS THEN
      RAISE;
  END;
  SELECT ID INTO CUR_CAPABILITY_ID FROM CAPABILITY WHERE CODE IN LTRIM(RTRIM((UPPER('TNR')))) AND ROWNUM <= 1;
  INSERT INTO PRODUCT_OFFERING (ID, PRODUCT_ID, TAX_POLICY_TYPE_ID, QUANTITY, UNIT_PRICE, TAX_CATEGORY_ID, CAPABILITY_ID, CREATED_BY, CREATE_DATE) VALUES (PO_ID_SEQ.NEXTVAL, CUR_PRD_ID, '1', '28', '0', '2', CUR_CAPABILITY_ID, 'OFFERMAKER', SYSDATE);
  INSERT INTO PRODUCT_OFFERING_META_DATA (ID, PRODUCT_OFFERING_ID, NAME, VALUE, CREATED_BY, CREATE_DATE) VALUES (PROMD_ID_SEQ.NEXTVAL, PO_ID_SEQ.CURRVAL, 'entitlement_uri', 'http://:hostname:/svc/user/entitlements/timesreader/:id:.json', 'OFFERMAKER', SYSDATE);
  INSERT INTO PRODUCT_OFFERING_META_DATA (ID, PRODUCT_OFFERING_ID, NAME, VALUE, CREATED_BY, CREATE_DATE) VALUES (PROMD_ID_SEQ.NEXTVAL, PO_ID_SEQ.CURRVAL, 'capability', 'TNR', 'OFFERMAKER', SYSDATE);
  INSERT INTO PRODUCT_OFFERING_META_DATA (ID, PRODUCT_OFFERING_ID, NAME, VALUE, CREATED_BY, CREATE_DATE) VALUES (PROMD_ID_SEQ.NEXTVAL, PO_ID_SEQ.CURRVAL, 'DEFAULT_VAT_RATE', '{"*": 0.0}', 'OFFERMAKER', SYSDATE);
  INSERT INTO OFFER_PRODUCT_OFFERING (OFFER_ID, PRODUCT_OFFERING_ID, CREATED_BY, CREATE_DATE) VALUES (OFR_ID_SEQ.CURRVAL, PO_ID_SEQ.CURRVAL, 'OFFERMAKER', SYSDATE);
  INSERT INTO OFFER_OFFER_CHAIN (OFFER_ID, OFFER_CHAIN_ID, INDEX_VALUE, NUM_RECURRENCES, CREATED_BY, CREATE_DATE, updated_by, update_date) VALUES (OFR_ID_SEQ.CURRVAL, 1036782, '2', '-1', 'OFFERMAKER', SYSDATE, 'OFFERMAKER', SYSDATE);
  END;
END;
/

COMMIT;

