WHENEVER SQLERROR EXIT SQL.SQLCODE ROLLBACK
SET SCAN OFF
SET DEFINE OFF

DECLARE
  TMP_VAR NUMBER;
  CUR_PRD_ID NUMBER;
  CUR_CAPABILITY_ID NUMBER;
BEGIN
  BEGIN
    SELECT 1 INTO TMP_VAR FROM OFFER_CHAIN WHERE ID = 4442000 AND ROWNUM <= 1;
    UPDATE OFFER_CHAIN SET NAME='NYTimes: Web + Smartphone App', DESCRIPTION='Unlimited access to NYTimes.com and the NYTimes smartphone app.*', PRODUCT_URI='', VENDOR_SOURCE_ID='1', BILLING_SOURCE_ID=(SELECT ID FROM BILLING_SOURCE BS WHERE BS.NAME='DD-TrialPay'), IS_SEAT_LICENSE=0, GROUP_ACCOUNT_TYPE_ID='NO',IS_ADDRESS_REQUIRED=0, OFFER_CHAIN_STATUS_ID = 1, UPDATE_DATE = SYSDATE, UPDATED_BY = 'OFFERMAKER', IS_GIFT_CERTIFICATE='1', REVOKE_ENTITLEMENTS = '0', ADOPTABILITY_WINDOW_START_DATE = to_date('30-Nov-2012 00:00:00','DD-MON-YY HH24:MI:SS'), ADOPTABILITY_WINDOW_END_DATE = to_date('02-Dec-2020 00:00:00','DD-MON-YY HH24:MI:SS') WHERE ID = 4442000;
  EXCEPTION
    WHEN NO_DATA_FOUND THEN
      INSERT INTO OFFER_CHAIN (ID, NAME, DESCRIPTION, ADOPTABILITY_WINDOW_START_DATE, ADOPTABILITY_WINDOW_END_DATE, IS_GIFT_CERTIFICATE, PRODUCT_URI, OFFER_CHAIN_STATUS_ID, REVOKE_ENTITLEMENTS, VENDOR_SOURCE_ID, BILLING_SOURCE_ID, IS_SEAT_LICENSE, GROUP_ACCOUNT_TYPE_ID, IS_ADDRESS_REQUIRED, CREATED_BY, CREATE_DATE, updated_by, update_date) VALUES (4442000, 'NYTimes: Web + Smartphone App', 'Unlimited access to NYTimes.com and the NYTimes smartphone app.*', to_date('30-Nov-2012 00:00:00','DD-MON-YY HH24:MI:SS'), to_date('02-Dec-2020 00:00:00','DD-MON-YY HH24:MI:SS'), '1', NULL, '1', '0', '1', (SELECT ID FROM BILLING_SOURCE BS WHERE BS.NAME='DD-TrialPay'), decode('NO','IL',1,0), 'NO', '0', 'OFFERMAKER', SYSDATE, 'OFFERMAKER', SYSDATE);
  END;
  DELETE FROM OFFER_CHAIN_ELIGIBILITY WHERE offer_chain_id = 4442000;
  INSERT INTO OFFER_CHAIN_ELIGIBILITY (ID, OFFER_CHAIN_ID, NAME, VALUE, CREATED_BY, CREATE_DATE) VALUES (ELG_ID_SEQ.NEXTVAL, 4442000, 'IS_COMP', '1', 'OFFERMAKER', SYSDATE);
  DELETE FROM OFFER_CHAIN_META_DATA WHERE offer_chain_id = 4442000;
  INSERT INTO OFFER_CHAIN_META_DATA (ID, OFFER_CHAIN_ID, NAME, VALUE, CREATED_BY, CREATE_DATE) VALUES (OCMD_ID_SEQ.NEXTVAL, 4442000, 'BUNDLE_EXPLANATION', 'Bundle A - Trial Pay 4 Week Sub - Purchase OC', 'OFFERMAKER', SYSDATE);
  INSERT INTO OFFER_CHAIN_META_DATA (ID, OFFER_CHAIN_ID, NAME, VALUE, CREATED_BY, CREATE_DATE) VALUES (OCMD_ID_SEQ.NEXTVAL, 4442000, 'PRICE_DESCRIPTION', '4 Week Trial Pay Promotion Subscription - Purchase', 'OFFERMAKER', SYSDATE);
  INSERT INTO OFFER_CHAIN_META_DATA (ID, OFFER_CHAIN_ID, NAME, VALUE, CREATED_BY, CREATE_DATE) VALUES (OCMD_ID_SEQ.NEXTVAL, 4442000, 'PRICE_SHORT_DESCRIPTION', 'BNDL A / $0 4 wks Trial Pay GC purch', 'OFFERMAKER', SYSDATE);
  INSERT INTO OFFER_CHAIN_META_DATA (ID, OFFER_CHAIN_ID, NAME, VALUE, CREATED_BY, CREATE_DATE) VALUES (OCMD_ID_SEQ.NEXTVAL, 4442000, 'OFFER_TYPE', 'Trial Pay Subscription for 4 weeks', 'OFFERMAKER', SYSDATE);
  INSERT INTO OFFER_CHAIN_META_DATA (ID, OFFER_CHAIN_ID, NAME, VALUE, CREATED_BY, CREATE_DATE) VALUES (OCMD_ID_SEQ.NEXTVAL, 4442000, 'PROMO_PRICE_FOOTER_LABEL', '4 Weeks', 'OFFERMAKER', SYSDATE);
  INSERT INTO OFFER_CHAIN_META_DATA (ID, OFFER_CHAIN_ID, NAME, VALUE, CREATED_BY, CREATE_DATE) VALUES (OCMD_ID_SEQ.NEXTVAL, 4442000, 'BILLING_CYCLE', '4 week subscription', 'OFFERMAKER', SYSDATE);
  INSERT INTO OFFER_CHAIN_META_DATA (ID, OFFER_CHAIN_ID, NAME, VALUE, CREATED_BY, CREATE_DATE) VALUES (OCMD_ID_SEQ.NEXTVAL, 4442000, 'SUBSCRIBER_TYPE', 'Daily Deals', 'OFFERMAKER', SYSDATE);
  INSERT INTO OFFER_CHAIN_META_DATA (ID, OFFER_CHAIN_ID, NAME, VALUE, CREATED_BY, CREATE_DATE) VALUES (OCMD_ID_SEQ.NEXTVAL, 4442000, 'redemption offer chain id', '4442001, 4442002', 'OFFERMAKER', SYSDATE);
  INSERT INTO OFFER_CHAIN_META_DATA (ID, OFFER_CHAIN_ID, NAME, VALUE, CREATED_BY, CREATE_DATE) VALUES (OCMD_ID_SEQ.NEXTVAL, 4442000, 'BUNDLE', 'Bundle A (Web+SP)', 'OFFERMAKER', SYSDATE);
  INSERT INTO OFFER_CHAIN_META_DATA (ID, OFFER_CHAIN_ID, NAME, VALUE, CREATED_BY, CREATE_DATE) VALUES (OCMD_ID_SEQ.NEXTVAL, 4442000, 'ADX_BUNDLE', 'MM_PROMO', 'OFFERMAKER', SYSDATE);
  INSERT INTO OFFER_CHAIN_META_DATA (ID, OFFER_CHAIN_ID, NAME, VALUE, CREATED_BY, CREATE_DATE) VALUES (OCMD_ID_SEQ.NEXTVAL, 4442000, 'SIEBEL_CAMPAIGN_CODE', '3HQX8', 'OFFERMAKER', SYSDATE);
  INSERT INTO OFFER_CHAIN_META_DATA (ID, OFFER_CHAIN_ID, NAME, VALUE, CREATED_BY, CREATE_DATE) VALUES (OCMD_ID_SEQ.NEXTVAL, 4442000, 'IS_COMP', '1', 'OFFERMAKER', SYSDATE);
  INSERT INTO OFFER_CHAIN_META_DATA (ID, OFFER_CHAIN_ID, NAME, VALUE, CREATED_BY, CREATE_DATE) VALUES (OCMD_ID_SEQ.NEXTVAL, 4442000, 'ANNUAL_PRICE', '195.00', 'OFFERMAKER', SYSDATE);
  INSERT INTO OFFER_CHAIN_META_DATA (ID, OFFER_CHAIN_ID, NAME, VALUE, CREATED_BY, CREATE_DATE) VALUES (OCMD_ID_SEQ.NEXTVAL, 4442000, 'UID', '49dfe7961e3a486ada182159a591ba5eb6486ae42155fe2541cd9c956ebd4522', 'OFFERMAKER', SYSDATE);
  DELETE FROM OFFER_CHAIN_NOTIFICATION_TYPE WHERE offer_chain_id = 4442000;
  BEGIN
    SELECT 1 INTO TMP_VAR FROM OFFER_OFFER_CHAIN WHERE OFFER_CHAIN_ID = 4442000 AND INDEX_VALUE = 0 AND ROWNUM <= 1;
  EXCEPTION
    WHEN NO_DATA_FOUND THEN
  INSERT INTO OFFER (ID, OFFER_STATUS_ID, ENTITLEMENT_DURATION, CREATED_BY, CREATE_DATE, updated_by, update_date) VALUES (OFR_ID_SEQ.NEXTVAL, 1, 'P0Y0M28DT0H0M', 'OFFERMAKER', SYSDATE, 'OFFERMAKER', SYSDATE);
  BEGIN
    SELECT ID INTO CUR_PRD_ID FROM PRODUCT WHERE NAME = 'Web' AND PRODUCT_STATUS_ID = 1 AND ROWNUM <= 1;
  EXCEPTION
    WHEN NO_DATA_FOUND THEN
      INSERT INTO PRODUCT (ID, NAME, PRODUCTION_COST, PRODUCT_STATUS_ID, PRODUCT_URI, UNIT_PRICE, CREATED_BY, CREATE_DATE) VALUES (PRD_ID_SEQ.NEXTVAL, 'Web', '0', 1, NULL, '0.357143', 'OFFERMAKER', SYSDATE);
      SELECT ID INTO CUR_PRD_ID FROM PRODUCT WHERE NAME = 'Web' AND PRODUCT_STATUS_ID = 1 AND ROWNUM <= 1;
    WHEN OTHERS THEN
      RAISE;
  END;
  SELECT ID INTO CUR_CAPABILITY_ID FROM CAPABILITY WHERE CODE IN LTRIM(RTRIM((UPPER('MM')))) AND ROWNUM <= 1;
  INSERT INTO PRODUCT_OFFERING (ID, PRODUCT_ID, TAX_POLICY_TYPE_ID, QUANTITY, UNIT_PRICE, TAX_CATEGORY_ID, CAPABILITY_ID, CREATED_BY, CREATE_DATE) VALUES (PO_ID_SEQ.NEXTVAL, CUR_PRD_ID, '1', '28', '0.357143', '2', CUR_CAPABILITY_ID, 'OFFERMAKER', SYSDATE);
  INSERT INTO PRODUCT_OFFERING_META_DATA (ID, PRODUCT_OFFERING_ID, NAME, VALUE, CREATED_BY, CREATE_DATE) VALUES (PROMD_ID_SEQ.NEXTVAL, PO_ID_SEQ.CURRVAL, 'entitlement_uri', 'http://:hostname:/svc/user/entitlements/mm/:id:.json', 'OFFERMAKER', SYSDATE);
  INSERT INTO PRODUCT_OFFERING_META_DATA (ID, PRODUCT_OFFERING_ID, NAME, VALUE, CREATED_BY, CREATE_DATE) VALUES (PROMD_ID_SEQ.NEXTVAL, PO_ID_SEQ.CURRVAL, 'DEFAULT_VAT_RATE', '{"*": 0.0}', 'OFFERMAKER', SYSDATE);
  INSERT INTO PRODUCT_OFFERING_META_DATA (ID, PRODUCT_OFFERING_ID, NAME, VALUE, CREATED_BY, CREATE_DATE) VALUES (PROMD_ID_SEQ.NEXTVAL, PO_ID_SEQ.CURRVAL, 'capability', 'MM', 'OFFERMAKER', SYSDATE);
  INSERT INTO OFFER_PRODUCT_OFFERING (OFFER_ID, PRODUCT_OFFERING_ID, CREATED_BY, CREATE_DATE) VALUES (OFR_ID_SEQ.CURRVAL, PO_ID_SEQ.CURRVAL, 'OFFERMAKER', SYSDATE);
  INSERT INTO DISCOUNT (ID, NAME, DESCRIPTION, FIXED_AMOUNT, PERCENT_AMOUNT, DISCOUNT_TYPE_ID, CREATED_BY, CREATE_DATE) VALUES (DSC_ID_SEQ.NEXTVAL, 'Discount', 'Target offer price 0.0 given offer total price 14.999992 and product price 10.000004', '10.000004', '0', 1, 'OFFERMAKER', SYSDATE);
  INSERT INTO DISCOUNT_PRODUCT_OFFERING (DISCOUNT_ID, PRODUCT_OFFERING_ID, CREATED_BY, CREATE_DATE) VALUES (DSC_ID_SEQ.CURRVAL, PO_ID_SEQ.CURRVAL, 'OFFERMAKER', SYSDATE);
  BEGIN
    SELECT ID INTO CUR_PRD_ID FROM PRODUCT WHERE NAME = 'Mobile' AND PRODUCT_STATUS_ID = 1 AND ROWNUM <= 1;
  EXCEPTION
    WHEN NO_DATA_FOUND THEN
      INSERT INTO PRODUCT (ID, NAME, PRODUCTION_COST, PRODUCT_STATUS_ID, PRODUCT_URI, UNIT_PRICE, CREATED_BY, CREATE_DATE) VALUES (PRD_ID_SEQ.NEXTVAL, 'Mobile', '0', 1, NULL, '0', 'OFFERMAKER', SYSDATE);
      SELECT ID INTO CUR_PRD_ID FROM PRODUCT WHERE NAME = 'Mobile' AND PRODUCT_STATUS_ID = 1 AND ROWNUM <= 1;
    WHEN OTHERS THEN
      RAISE;
  END;
  SELECT ID INTO CUR_CAPABILITY_ID FROM CAPABILITY WHERE CODE IN LTRIM(RTRIM((UPPER('MOW')))) AND ROWNUM <= 1;
  INSERT INTO PRODUCT_OFFERING (ID, PRODUCT_ID, TAX_POLICY_TYPE_ID, QUANTITY, UNIT_PRICE, TAX_CATEGORY_ID, CAPABILITY_ID, CREATED_BY, CREATE_DATE) VALUES (PO_ID_SEQ.NEXTVAL, CUR_PRD_ID, '1', '28', '0', '2', CUR_CAPABILITY_ID, 'OFFERMAKER', SYSDATE);
  INSERT INTO PRODUCT_OFFERING_META_DATA (ID, PRODUCT_OFFERING_ID, NAME, VALUE, CREATED_BY, CREATE_DATE) VALUES (PROMD_ID_SEQ.NEXTVAL, PO_ID_SEQ.CURRVAL, 'entitlement_uri', 'http://:hostname:/svc/user/entitlements/mow/:id:.json', 'OFFERMAKER', SYSDATE);
  INSERT INTO PRODUCT_OFFERING_META_DATA (ID, PRODUCT_OFFERING_ID, NAME, VALUE, CREATED_BY, CREATE_DATE) VALUES (PROMD_ID_SEQ.NEXTVAL, PO_ID_SEQ.CURRVAL, 'DEFAULT_VAT_RATE', '{"*": 0.0}', 'OFFERMAKER', SYSDATE);
  INSERT INTO PRODUCT_OFFERING_META_DATA (ID, PRODUCT_OFFERING_ID, NAME, VALUE, CREATED_BY, CREATE_DATE) VALUES (PROMD_ID_SEQ.NEXTVAL, PO_ID_SEQ.CURRVAL, 'capability', 'MOW', 'OFFERMAKER', SYSDATE);
  INSERT INTO OFFER_PRODUCT_OFFERING (OFFER_ID, PRODUCT_OFFERING_ID, CREATED_BY, CREATE_DATE) VALUES (OFR_ID_SEQ.CURRVAL, PO_ID_SEQ.CURRVAL, 'OFFERMAKER', SYSDATE);
  BEGIN
    SELECT ID INTO CUR_PRD_ID FROM PRODUCT WHERE NAME = 'Archive Article' AND PRODUCT_STATUS_ID = 1 AND ROWNUM <= 1;
  EXCEPTION
    WHEN NO_DATA_FOUND THEN
      INSERT INTO PRODUCT (ID, NAME, PRODUCTION_COST, PRODUCT_STATUS_ID, PRODUCT_URI, UNIT_PRICE, CREATED_BY, CREATE_DATE) VALUES (PRD_ID_SEQ.NEXTVAL, 'Archive Article', '0', 1, NULL, '0', 'OFFERMAKER', SYSDATE);
      SELECT ID INTO CUR_PRD_ID FROM PRODUCT WHERE NAME = 'Archive Article' AND PRODUCT_STATUS_ID = 1 AND ROWNUM <= 1;
    WHEN OTHERS THEN
      RAISE;
  END;
  SELECT ID INTO CUR_CAPABILITY_ID FROM CAPABILITY WHERE CODE IN LTRIM(RTRIM((UPPER('AAA')))) AND ROWNUM <= 1;
  INSERT INTO PRODUCT_OFFERING (ID, PRODUCT_ID, TAX_POLICY_TYPE_ID, QUANTITY, UNIT_PRICE, TAX_CATEGORY_ID, CAPABILITY_ID, CREATED_BY, CREATE_DATE) VALUES (PO_ID_SEQ.NEXTVAL, CUR_PRD_ID, '1', '100', '0', '2', CUR_CAPABILITY_ID, 'OFFERMAKER', SYSDATE);
  INSERT INTO PRODUCT_OFFERING_META_DATA (ID, PRODUCT_OFFERING_ID, NAME, VALUE, CREATED_BY, CREATE_DATE) VALUES (PROMD_ID_SEQ.NEXTVAL, PO_ID_SEQ.CURRVAL, 'entitlement_uri', 'http://:hostname:/svc/user/entitlements/archive/size/100/:id:.json', 'OFFERMAKER', SYSDATE);
  INSERT INTO PRODUCT_OFFERING_META_DATA (ID, PRODUCT_OFFERING_ID, NAME, VALUE, CREATED_BY, CREATE_DATE) VALUES (PROMD_ID_SEQ.NEXTVAL, PO_ID_SEQ.CURRVAL, 'DEFAULT_VAT_RATE', '{"*": 0.0}', 'OFFERMAKER', SYSDATE);
  INSERT INTO OFFER_PRODUCT_OFFERING (OFFER_ID, PRODUCT_OFFERING_ID, CREATED_BY, CREATE_DATE) VALUES (OFR_ID_SEQ.CURRVAL, PO_ID_SEQ.CURRVAL, 'OFFERMAKER', SYSDATE);
  BEGIN
    SELECT ID INTO CUR_PRD_ID FROM PRODUCT WHERE NAME = 'TimesMachine' AND PRODUCT_STATUS_ID = 1 AND ROWNUM <= 1;
  EXCEPTION
    WHEN NO_DATA_FOUND THEN
      INSERT INTO PRODUCT (ID, NAME, PRODUCTION_COST, PRODUCT_STATUS_ID, PRODUCT_URI, UNIT_PRICE, CREATED_BY, CREATE_DATE) VALUES (PRD_ID_SEQ.NEXTVAL, 'TimesMachine', '0', 1, NULL, '0', 'OFFERMAKER', SYSDATE);
      SELECT ID INTO CUR_PRD_ID FROM PRODUCT WHERE NAME = 'TimesMachine' AND PRODUCT_STATUS_ID = 1 AND ROWNUM <= 1;
    WHEN OTHERS THEN
      RAISE;
  END;
  SELECT ID INTO CUR_CAPABILITY_ID FROM CAPABILITY WHERE CODE IN LTRIM(RTRIM((UPPER('NONE')))) AND ROWNUM <= 1;
  INSERT INTO PRODUCT_OFFERING (ID, PRODUCT_ID, TAX_POLICY_TYPE_ID, QUANTITY, UNIT_PRICE, TAX_CATEGORY_ID, CAPABILITY_ID, CREATED_BY, CREATE_DATE) VALUES (PO_ID_SEQ.NEXTVAL, CUR_PRD_ID, '1', '28', '0', '2', CUR_CAPABILITY_ID, 'OFFERMAKER', SYSDATE);
  INSERT INTO PRODUCT_OFFERING_META_DATA (ID, PRODUCT_OFFERING_ID, NAME, VALUE, CREATED_BY, CREATE_DATE) VALUES (PROMD_ID_SEQ.NEXTVAL, PO_ID_SEQ.CURRVAL, 'DEFAULT_VAT_RATE', '{"*": 0.0}', 'OFFERMAKER', SYSDATE);
  INSERT INTO OFFER_PRODUCT_OFFERING (OFFER_ID, PRODUCT_OFFERING_ID, CREATED_BY, CREATE_DATE) VALUES (OFR_ID_SEQ.CURRVAL, PO_ID_SEQ.CURRVAL, 'OFFERMAKER', SYSDATE);
  BEGIN
    SELECT ID INTO CUR_PRD_ID FROM PRODUCT WHERE NAME = 'Smartphone' AND PRODUCT_STATUS_ID = 1 AND ROWNUM <= 1;
  EXCEPTION
    WHEN NO_DATA_FOUND THEN
      INSERT INTO PRODUCT (ID, NAME, PRODUCTION_COST, PRODUCT_STATUS_ID, PRODUCT_URI, UNIT_PRICE, CREATED_BY, CREATE_DATE) VALUES (PRD_ID_SEQ.NEXTVAL, 'Smartphone', '0', 1, NULL, '0.178571', 'OFFERMAKER', SYSDATE);
      SELECT ID INTO CUR_PRD_ID FROM PRODUCT WHERE NAME = 'Smartphone' AND PRODUCT_STATUS_ID = 1 AND ROWNUM <= 1;
    WHEN OTHERS THEN
      RAISE;
  END;
  SELECT ID INTO CUR_CAPABILITY_ID FROM CAPABILITY WHERE CODE IN LTRIM(RTRIM((UPPER('MSD')))) AND ROWNUM <= 1;
  INSERT INTO PRODUCT_OFFERING (ID, PRODUCT_ID, TAX_POLICY_TYPE_ID, QUANTITY, UNIT_PRICE, TAX_CATEGORY_ID, CAPABILITY_ID, CREATED_BY, CREATE_DATE) VALUES (PO_ID_SEQ.NEXTVAL, CUR_PRD_ID, '1', '28', '0.178571', '2', CUR_CAPABILITY_ID, 'OFFERMAKER', SYSDATE);
  INSERT INTO PRODUCT_OFFERING_META_DATA (ID, PRODUCT_OFFERING_ID, NAME, VALUE, CREATED_BY, CREATE_DATE) VALUES (PROMD_ID_SEQ.NEXTVAL, PO_ID_SEQ.CURRVAL, 'entitlement_uri', 'http://:hostname:/svc/user/entitlements/msd/:id:.json', 'OFFERMAKER', SYSDATE);
  INSERT INTO PRODUCT_OFFERING_META_DATA (ID, PRODUCT_OFFERING_ID, NAME, VALUE, CREATED_BY, CREATE_DATE) VALUES (PROMD_ID_SEQ.NEXTVAL, PO_ID_SEQ.CURRVAL, 'DEFAULT_VAT_RATE', '{"*": 0.0}', 'OFFERMAKER', SYSDATE);
  INSERT INTO PRODUCT_OFFERING_META_DATA (ID, PRODUCT_OFFERING_ID, NAME, VALUE, CREATED_BY, CREATE_DATE) VALUES (PROMD_ID_SEQ.NEXTVAL, PO_ID_SEQ.CURRVAL, 'capability', 'MSD', 'OFFERMAKER', SYSDATE);
  INSERT INTO OFFER_PRODUCT_OFFERING (OFFER_ID, PRODUCT_OFFERING_ID, CREATED_BY, CREATE_DATE) VALUES (OFR_ID_SEQ.CURRVAL, PO_ID_SEQ.CURRVAL, 'OFFERMAKER', SYSDATE);
  INSERT INTO DISCOUNT (ID, NAME, DESCRIPTION, FIXED_AMOUNT, PERCENT_AMOUNT, DISCOUNT_TYPE_ID, CREATED_BY, CREATE_DATE) VALUES (DSC_ID_SEQ.NEXTVAL, 'Discount', 'Target offer price 0.0 given offer total price 14.999992 and product price 4.999988', '4.999988', '0', 1, 'OFFERMAKER', SYSDATE);
  INSERT INTO DISCOUNT_PRODUCT_OFFERING (DISCOUNT_ID, PRODUCT_OFFERING_ID, CREATED_BY, CREATE_DATE) VALUES (DSC_ID_SEQ.CURRVAL, PO_ID_SEQ.CURRVAL, 'OFFERMAKER', SYSDATE);
  INSERT INTO OFFER_OFFER_CHAIN (OFFER_ID, OFFER_CHAIN_ID, INDEX_VALUE, NUM_RECURRENCES, CREATED_BY, CREATE_DATE, updated_by, update_date) VALUES (OFR_ID_SEQ.CURRVAL, 4442000, '0', '1', 'OFFERMAKER', SYSDATE, 'OFFERMAKER', SYSDATE);
  END;
END;
/

DECLARE
  TMP_VAR NUMBER;
  CUR_PRD_ID NUMBER;
  CUR_CAPABILITY_ID NUMBER;
BEGIN
  BEGIN
    SELECT 1 INTO TMP_VAR FROM OFFER_CHAIN WHERE ID = 4442001 AND ROWNUM <= 1;
    UPDATE OFFER_CHAIN SET NAME='NYTimes: Web + Smartphone App', DESCRIPTION='Unlimited access to NYTimes.com and the NYTimes smartphone app.*', PRODUCT_URI='', VENDOR_SOURCE_ID='1', BILLING_SOURCE_ID=(SELECT ID FROM BILLING_SOURCE BS WHERE BS.NAME='DD-TrialPay'), IS_SEAT_LICENSE=0, GROUP_ACCOUNT_TYPE_ID='NO',IS_ADDRESS_REQUIRED=0, OFFER_CHAIN_STATUS_ID = 1, UPDATE_DATE = SYSDATE, UPDATED_BY = 'OFFERMAKER', IS_GIFT_CERTIFICATE='0', REVOKE_ENTITLEMENTS = '0', ADOPTABILITY_WINDOW_START_DATE = to_date('30-Nov-2012 00:00:00','DD-MON-YY HH24:MI:SS'), ADOPTABILITY_WINDOW_END_DATE = to_date('02-Dec-2020 00:00:00','DD-MON-YY HH24:MI:SS') WHERE ID = 4442001;
  EXCEPTION
    WHEN NO_DATA_FOUND THEN
      INSERT INTO OFFER_CHAIN (ID, NAME, DESCRIPTION, ADOPTABILITY_WINDOW_START_DATE, ADOPTABILITY_WINDOW_END_DATE, IS_GIFT_CERTIFICATE, PRODUCT_URI, OFFER_CHAIN_STATUS_ID, REVOKE_ENTITLEMENTS, VENDOR_SOURCE_ID, BILLING_SOURCE_ID, IS_SEAT_LICENSE, GROUP_ACCOUNT_TYPE_ID, IS_ADDRESS_REQUIRED, CREATED_BY, CREATE_DATE, updated_by, update_date) VALUES (4442001, 'NYTimes: Web + Smartphone App', 'Unlimited access to NYTimes.com and the NYTimes smartphone app.*', to_date('30-Nov-2012 00:00:00','DD-MON-YY HH24:MI:SS'), to_date('02-Dec-2020 00:00:00','DD-MON-YY HH24:MI:SS'), '0', NULL, '1', '0', '1', (SELECT ID FROM BILLING_SOURCE BS WHERE BS.NAME='DD-TrialPay'), decode('NO','IL',1,0), 'NO', '0', 'OFFERMAKER', SYSDATE, 'OFFERMAKER', SYSDATE);
  END;
  DELETE FROM OFFER_CHAIN_ELIGIBILITY WHERE offer_chain_id = 4442001;
  INSERT INTO OFFER_CHAIN_ELIGIBILITY (ID, OFFER_CHAIN_ID, NAME, VALUE, CREATED_BY, CREATE_DATE) VALUES (ELG_ID_SEQ.NEXTVAL, 4442001, 'GIFT CERTIFICATE REQUIRED', '1', 'OFFERMAKER', SYSDATE);
  INSERT INTO OFFER_CHAIN_ELIGIBILITY (ID, OFFER_CHAIN_ID, NAME, VALUE, CREATED_BY, CREATE_DATE) VALUES (ELG_ID_SEQ.NEXTVAL, 4442001, 'IS_COMP', '1', 'OFFERMAKER', SYSDATE);
  INSERT INTO OFFER_CHAIN_ELIGIBILITY (ID, OFFER_CHAIN_ID, NAME, VALUE, CREATED_BY, CREATE_DATE) VALUES (ELG_ID_SEQ.NEXTVAL, 4442001, 'MAX_CONCURRENT_SUBS', '1', 'OFFERMAKER', SYSDATE);
  DELETE FROM OFFER_CHAIN_META_DATA WHERE offer_chain_id = 4442001;
  INSERT INTO OFFER_CHAIN_META_DATA (ID, OFFER_CHAIN_ID, NAME, VALUE, CREATED_BY, CREATE_DATE) VALUES (OCMD_ID_SEQ.NEXTVAL, 4442001, 'BUNDLE_EXPLANATION', 'Bundle A - Trial Pay 4 Week Sub - Redeem OC', 'OFFERMAKER', SYSDATE);
  INSERT INTO OFFER_CHAIN_META_DATA (ID, OFFER_CHAIN_ID, NAME, VALUE, CREATED_BY, CREATE_DATE) VALUES (OCMD_ID_SEQ.NEXTVAL, 4442001, 'PRICE_DESCRIPTION', '4 Week Trial Pay Promotion Subscription - Redemption', 'OFFERMAKER', SYSDATE);
  INSERT INTO OFFER_CHAIN_META_DATA (ID, OFFER_CHAIN_ID, NAME, VALUE, CREATED_BY, CREATE_DATE) VALUES (OCMD_ID_SEQ.NEXTVAL, 4442001, 'PRICE_SHORT_DESCRIPTION', 'BNDL A / $0 4 wks Trial Pay GC redemp', 'OFFERMAKER', SYSDATE);
  INSERT INTO OFFER_CHAIN_META_DATA (ID, OFFER_CHAIN_ID, NAME, VALUE, CREATED_BY, CREATE_DATE) VALUES (OCMD_ID_SEQ.NEXTVAL, 4442001, 'OFFER_TYPE', 'Trial Pay Subscription for 4 weeks', 'OFFERMAKER', SYSDATE);
  INSERT INTO OFFER_CHAIN_META_DATA (ID, OFFER_CHAIN_ID, NAME, VALUE, CREATED_BY, CREATE_DATE) VALUES (OCMD_ID_SEQ.NEXTVAL, 4442001, 'PROMO_PRICE_FOOTER_LABEL', '4 Weeks', 'OFFERMAKER', SYSDATE);
  INSERT INTO OFFER_CHAIN_META_DATA (ID, OFFER_CHAIN_ID, NAME, VALUE, CREATED_BY, CREATE_DATE) VALUES (OCMD_ID_SEQ.NEXTVAL, 4442001, 'BILLING_CYCLE', '4 week subscription', 'OFFERMAKER', SYSDATE);
  INSERT INTO OFFER_CHAIN_META_DATA (ID, OFFER_CHAIN_ID, NAME, VALUE, CREATED_BY, CREATE_DATE) VALUES (OCMD_ID_SEQ.NEXTVAL, 4442001, 'SUBSCRIBER_TYPE', 'Daily Deals', 'OFFERMAKER', SYSDATE);
  INSERT INTO OFFER_CHAIN_META_DATA (ID, OFFER_CHAIN_ID, NAME, VALUE, CREATED_BY, CREATE_DATE) VALUES (OCMD_ID_SEQ.NEXTVAL, 4442001, 'BUNDLE', 'Bundle A (Web+SP)', 'OFFERMAKER', SYSDATE);
  INSERT INTO OFFER_CHAIN_META_DATA (ID, OFFER_CHAIN_ID, NAME, VALUE, CREATED_BY, CREATE_DATE) VALUES (OCMD_ID_SEQ.NEXTVAL, 4442001, 'ADX_BUNDLE', 'MM_PROMO', 'OFFERMAKER', SYSDATE);
  INSERT INTO OFFER_CHAIN_META_DATA (ID, OFFER_CHAIN_ID, NAME, VALUE, CREATED_BY, CREATE_DATE) VALUES (OCMD_ID_SEQ.NEXTVAL, 4442001, 'SIEBEL_CAMPAIGN_CODE', '3HQX8', 'OFFERMAKER', SYSDATE);
  INSERT INTO OFFER_CHAIN_META_DATA (ID, OFFER_CHAIN_ID, NAME, VALUE, CREATED_BY, CREATE_DATE) VALUES (OCMD_ID_SEQ.NEXTVAL, 4442001, 'IS_COMP', '1', 'OFFERMAKER', SYSDATE);
  INSERT INTO OFFER_CHAIN_META_DATA (ID, OFFER_CHAIN_ID, NAME, VALUE, CREATED_BY, CREATE_DATE) VALUES (OCMD_ID_SEQ.NEXTVAL, 4442001, 'ANNUAL_PRICE', '195.00', 'OFFERMAKER', SYSDATE);
  INSERT INTO OFFER_CHAIN_META_DATA (ID, OFFER_CHAIN_ID, NAME, VALUE, CREATED_BY, CREATE_DATE) VALUES (OCMD_ID_SEQ.NEXTVAL, 4442001, 'UID', '6d640939982a99ef38bc05e64889e610a818dd0d75359916a14341637f6b2570', 'OFFERMAKER', SYSDATE);
  DELETE FROM OFFER_CHAIN_NOTIFICATION_TYPE WHERE offer_chain_id = 4442001;
  BEGIN
    SELECT 1 INTO TMP_VAR FROM ACTION WHERE NAME = 'GC_REDEEMER_ON_REDEEM';
  EXCEPTION
    WHEN NO_DATA_FOUND THEN
      INSERT INTO ACTION (ID, NAME, CREATE_DATE, CREATED_BY) VALUES (ACTION_ID_SEQ.NEXTVAL, 'GC_REDEEMER_ON_REDEEM', SYSDATE, 'OFFERMAKER');
  END;
  BEGIN
    SELECT 1 INTO TMP_VAR FROM OPS_OWNER.NOTIFICATION_TYPE WHERE VALUE = 'redeemer-access-groupon';
  EXCEPTION
    WHEN NO_DATA_FOUND THEN NULL;
      -- INSERT INTO OPS_OWNER.NOTIFICATION_TYPE (ID, VALUE, TEMPLATE_URL) VALUES (OPS_OWNER.NOTTID_SEQ.NEXTVAL, 'redeemer-access-groupon', 'N/A');
  END;
  BEGIN
    SELECT 1 INTO TMP_VAR FROM ACTION WHERE NAME = 'CLOSE_SUBSCRIPTION';
  EXCEPTION
    WHEN NO_DATA_FOUND THEN
      INSERT INTO ACTION (ID, NAME, CREATE_DATE, CREATED_BY) VALUES (ACTION_ID_SEQ.NEXTVAL, 'CLOSE_SUBSCRIPTION', SYSDATE, 'OFFERMAKER');
  END;
  BEGIN
    SELECT 1 INTO TMP_VAR FROM OPS_OWNER.NOTIFICATION_TYPE WHERE VALUE = 'sartre-sub-expired-groupon';
  EXCEPTION
    WHEN NO_DATA_FOUND THEN NULL;
      -- INSERT INTO OPS_OWNER.NOTIFICATION_TYPE (ID, VALUE, TEMPLATE_URL) VALUES (OPS_OWNER.NOTTID_SEQ.NEXTVAL, 'sartre-sub-expired-groupon', 'N/A');
  END;
  INSERT INTO OFFER_CHAIN_NOTIFICATION_TYPE (ID, OFFER_CHAIN_ID, NOTIFICATION_TYPE_ID, ACTION_ID, CREATED_BY, CREATE_DATE) VALUES (OCET_ID_SEQ.NEXTVAL, 4442001, (SELECT ID FROM OPS_OWNER.NOTIFICATION_TYPE WHERE VALUE = 'redeemer-access-groupon'), (SELECT ID FROM ACTION WHERE NAME = 'GC_REDEEMER_ON_REDEEM'), 'OFFERMAKER', SYSDATE);
  INSERT INTO OFFER_CHAIN_NOTIFICATION_TYPE (ID, OFFER_CHAIN_ID, NOTIFICATION_TYPE_ID, ACTION_ID, CREATED_BY, CREATE_DATE) VALUES (OCET_ID_SEQ.NEXTVAL, 4442001, (SELECT ID FROM OPS_OWNER.NOTIFICATION_TYPE WHERE VALUE = 'sartre-sub-expired-groupon'), (SELECT ID FROM ACTION WHERE NAME = 'CLOSE_SUBSCRIPTION'), 'OFFERMAKER', SYSDATE);
  BEGIN
    SELECT 1 INTO TMP_VAR FROM OFFER_OFFER_CHAIN WHERE OFFER_CHAIN_ID = 4442001 AND INDEX_VALUE = 0 AND ROWNUM <= 1;
  EXCEPTION
    WHEN NO_DATA_FOUND THEN
  INSERT INTO OFFER (ID, OFFER_STATUS_ID, ENTITLEMENT_DURATION, CREATED_BY, CREATE_DATE, updated_by, update_date) VALUES (OFR_ID_SEQ.NEXTVAL, 1, 'P0Y0M28DT0H0M', 'OFFERMAKER', SYSDATE, 'OFFERMAKER', SYSDATE);
  BEGIN
    SELECT ID INTO CUR_PRD_ID FROM PRODUCT WHERE NAME = 'Web' AND PRODUCT_STATUS_ID = 1 AND ROWNUM <= 1;
  EXCEPTION
    WHEN NO_DATA_FOUND THEN
      INSERT INTO PRODUCT (ID, NAME, PRODUCTION_COST, PRODUCT_STATUS_ID, PRODUCT_URI, UNIT_PRICE, CREATED_BY, CREATE_DATE) VALUES (PRD_ID_SEQ.NEXTVAL, 'Web', '0', 1, NULL, '0.357143', 'OFFERMAKER', SYSDATE);
      SELECT ID INTO CUR_PRD_ID FROM PRODUCT WHERE NAME = 'Web' AND PRODUCT_STATUS_ID = 1 AND ROWNUM <= 1;
    WHEN OTHERS THEN
      RAISE;
  END;
  SELECT ID INTO CUR_CAPABILITY_ID FROM CAPABILITY WHERE CODE IN LTRIM(RTRIM((UPPER('MM')))) AND ROWNUM <= 1;
  INSERT INTO PRODUCT_OFFERING (ID, PRODUCT_ID, TAX_POLICY_TYPE_ID, QUANTITY, UNIT_PRICE, TAX_CATEGORY_ID, CAPABILITY_ID, CREATED_BY, CREATE_DATE) VALUES (PO_ID_SEQ.NEXTVAL, CUR_PRD_ID, '1', '28', '0.357143', '2', CUR_CAPABILITY_ID, 'OFFERMAKER', SYSDATE);
  INSERT INTO PRODUCT_OFFERING_META_DATA (ID, PRODUCT_OFFERING_ID, NAME, VALUE, CREATED_BY, CREATE_DATE) VALUES (PROMD_ID_SEQ.NEXTVAL, PO_ID_SEQ.CURRVAL, 'entitlement_uri', 'http://:hostname:/svc/user/entitlements/mm/:id:.json', 'OFFERMAKER', SYSDATE);
  INSERT INTO PRODUCT_OFFERING_META_DATA (ID, PRODUCT_OFFERING_ID, NAME, VALUE, CREATED_BY, CREATE_DATE) VALUES (PROMD_ID_SEQ.NEXTVAL, PO_ID_SEQ.CURRVAL, 'DEFAULT_VAT_RATE', '{"*": 0.0}', 'OFFERMAKER', SYSDATE);
  INSERT INTO PRODUCT_OFFERING_META_DATA (ID, PRODUCT_OFFERING_ID, NAME, VALUE, CREATED_BY, CREATE_DATE) VALUES (PROMD_ID_SEQ.NEXTVAL, PO_ID_SEQ.CURRVAL, 'capability', 'MM', 'OFFERMAKER', SYSDATE);
  INSERT INTO OFFER_PRODUCT_OFFERING (OFFER_ID, PRODUCT_OFFERING_ID, CREATED_BY, CREATE_DATE) VALUES (OFR_ID_SEQ.CURRVAL, PO_ID_SEQ.CURRVAL, 'OFFERMAKER', SYSDATE);
  INSERT INTO DISCOUNT (ID, NAME, DESCRIPTION, FIXED_AMOUNT, PERCENT_AMOUNT, DISCOUNT_TYPE_ID, CREATED_BY, CREATE_DATE) VALUES (DSC_ID_SEQ.NEXTVAL, 'Discount', 'Target offer price 0.0 given offer total price 14.999992 and product price 10.000004', '10.000004', '0', 1, 'OFFERMAKER', SYSDATE);
  INSERT INTO DISCOUNT_PRODUCT_OFFERING (DISCOUNT_ID, PRODUCT_OFFERING_ID, CREATED_BY, CREATE_DATE) VALUES (DSC_ID_SEQ.CURRVAL, PO_ID_SEQ.CURRVAL, 'OFFERMAKER', SYSDATE);
  BEGIN
    SELECT ID INTO CUR_PRD_ID FROM PRODUCT WHERE NAME = 'Mobile' AND PRODUCT_STATUS_ID = 1 AND ROWNUM <= 1;
  EXCEPTION
    WHEN NO_DATA_FOUND THEN
      INSERT INTO PRODUCT (ID, NAME, PRODUCTION_COST, PRODUCT_STATUS_ID, PRODUCT_URI, UNIT_PRICE, CREATED_BY, CREATE_DATE) VALUES (PRD_ID_SEQ.NEXTVAL, 'Mobile', '0', 1, NULL, '0', 'OFFERMAKER', SYSDATE);
      SELECT ID INTO CUR_PRD_ID FROM PRODUCT WHERE NAME = 'Mobile' AND PRODUCT_STATUS_ID = 1 AND ROWNUM <= 1;
    WHEN OTHERS THEN
      RAISE;
  END;
  SELECT ID INTO CUR_CAPABILITY_ID FROM CAPABILITY WHERE CODE IN LTRIM(RTRIM((UPPER('MOW')))) AND ROWNUM <= 1;
  INSERT INTO PRODUCT_OFFERING (ID, PRODUCT_ID, TAX_POLICY_TYPE_ID, QUANTITY, UNIT_PRICE, TAX_CATEGORY_ID, CAPABILITY_ID, CREATED_BY, CREATE_DATE) VALUES (PO_ID_SEQ.NEXTVAL, CUR_PRD_ID, '1', '28', '0', '2', CUR_CAPABILITY_ID, 'OFFERMAKER', SYSDATE);
  INSERT INTO PRODUCT_OFFERING_META_DATA (ID, PRODUCT_OFFERING_ID, NAME, VALUE, CREATED_BY, CREATE_DATE) VALUES (PROMD_ID_SEQ.NEXTVAL, PO_ID_SEQ.CURRVAL, 'entitlement_uri', 'http://:hostname:/svc/user/entitlements/mow/:id:.json', 'OFFERMAKER', SYSDATE);
  INSERT INTO PRODUCT_OFFERING_META_DATA (ID, PRODUCT_OFFERING_ID, NAME, VALUE, CREATED_BY, CREATE_DATE) VALUES (PROMD_ID_SEQ.NEXTVAL, PO_ID_SEQ.CURRVAL, 'DEFAULT_VAT_RATE', '{"*": 0.0}', 'OFFERMAKER', SYSDATE);
  INSERT INTO PRODUCT_OFFERING_META_DATA (ID, PRODUCT_OFFERING_ID, NAME, VALUE, CREATED_BY, CREATE_DATE) VALUES (PROMD_ID_SEQ.NEXTVAL, PO_ID_SEQ.CURRVAL, 'capability', 'MOW', 'OFFERMAKER', SYSDATE);
  INSERT INTO OFFER_PRODUCT_OFFERING (OFFER_ID, PRODUCT_OFFERING_ID, CREATED_BY, CREATE_DATE) VALUES (OFR_ID_SEQ.CURRVAL, PO_ID_SEQ.CURRVAL, 'OFFERMAKER', SYSDATE);
  BEGIN
    SELECT ID INTO CUR_PRD_ID FROM PRODUCT WHERE NAME = 'Archive Article' AND PRODUCT_STATUS_ID = 1 AND ROWNUM <= 1;
  EXCEPTION
    WHEN NO_DATA_FOUND THEN
      INSERT INTO PRODUCT (ID, NAME, PRODUCTION_COST, PRODUCT_STATUS_ID, PRODUCT_URI, UNIT_PRICE, CREATED_BY, CREATE_DATE) VALUES (PRD_ID_SEQ.NEXTVAL, 'Archive Article', '0', 1, NULL, '0', 'OFFERMAKER', SYSDATE);
      SELECT ID INTO CUR_PRD_ID FROM PRODUCT WHERE NAME = 'Archive Article' AND PRODUCT_STATUS_ID = 1 AND ROWNUM <= 1;
    WHEN OTHERS THEN
      RAISE;
  END;
  SELECT ID INTO CUR_CAPABILITY_ID FROM CAPABILITY WHERE CODE IN LTRIM(RTRIM((UPPER('AAA')))) AND ROWNUM <= 1;
  INSERT INTO PRODUCT_OFFERING (ID, PRODUCT_ID, TAX_POLICY_TYPE_ID, QUANTITY, UNIT_PRICE, TAX_CATEGORY_ID, CAPABILITY_ID, CREATED_BY, CREATE_DATE) VALUES (PO_ID_SEQ.NEXTVAL, CUR_PRD_ID, '1', '100', '0', '2', CUR_CAPABILITY_ID, 'OFFERMAKER', SYSDATE);
  INSERT INTO PRODUCT_OFFERING_META_DATA (ID, PRODUCT_OFFERING_ID, NAME, VALUE, CREATED_BY, CREATE_DATE) VALUES (PROMD_ID_SEQ.NEXTVAL, PO_ID_SEQ.CURRVAL, 'entitlement_uri', 'http://:hostname:/svc/user/entitlements/archive/size/100/:id:.json', 'OFFERMAKER', SYSDATE);
  INSERT INTO PRODUCT_OFFERING_META_DATA (ID, PRODUCT_OFFERING_ID, NAME, VALUE, CREATED_BY, CREATE_DATE) VALUES (PROMD_ID_SEQ.NEXTVAL, PO_ID_SEQ.CURRVAL, 'DEFAULT_VAT_RATE', '{"*": 0.0}', 'OFFERMAKER', SYSDATE);
  INSERT INTO OFFER_PRODUCT_OFFERING (OFFER_ID, PRODUCT_OFFERING_ID, CREATED_BY, CREATE_DATE) VALUES (OFR_ID_SEQ.CURRVAL, PO_ID_SEQ.CURRVAL, 'OFFERMAKER', SYSDATE);
  BEGIN
    SELECT ID INTO CUR_PRD_ID FROM PRODUCT WHERE NAME = 'TimesMachine' AND PRODUCT_STATUS_ID = 1 AND ROWNUM <= 1;
  EXCEPTION
    WHEN NO_DATA_FOUND THEN
      INSERT INTO PRODUCT (ID, NAME, PRODUCTION_COST, PRODUCT_STATUS_ID, PRODUCT_URI, UNIT_PRICE, CREATED_BY, CREATE_DATE) VALUES (PRD_ID_SEQ.NEXTVAL, 'TimesMachine', '0', 1, NULL, '0', 'OFFERMAKER', SYSDATE);
      SELECT ID INTO CUR_PRD_ID FROM PRODUCT WHERE NAME = 'TimesMachine' AND PRODUCT_STATUS_ID = 1 AND ROWNUM <= 1;
    WHEN OTHERS THEN
      RAISE;
  END;
  SELECT ID INTO CUR_CAPABILITY_ID FROM CAPABILITY WHERE CODE IN LTRIM(RTRIM((UPPER('NONE')))) AND ROWNUM <= 1;
  INSERT INTO PRODUCT_OFFERING (ID, PRODUCT_ID, TAX_POLICY_TYPE_ID, QUANTITY, UNIT_PRICE, TAX_CATEGORY_ID, CAPABILITY_ID, CREATED_BY, CREATE_DATE) VALUES (PO_ID_SEQ.NEXTVAL, CUR_PRD_ID, '1', '28', '0', '2', CUR_CAPABILITY_ID, 'OFFERMAKER', SYSDATE);
  INSERT INTO PRODUCT_OFFERING_META_DATA (ID, PRODUCT_OFFERING_ID, NAME, VALUE, CREATED_BY, CREATE_DATE) VALUES (PROMD_ID_SEQ.NEXTVAL, PO_ID_SEQ.CURRVAL, 'DEFAULT_VAT_RATE', '{"*": 0.0}', 'OFFERMAKER', SYSDATE);
  INSERT INTO OFFER_PRODUCT_OFFERING (OFFER_ID, PRODUCT_OFFERING_ID, CREATED_BY, CREATE_DATE) VALUES (OFR_ID_SEQ.CURRVAL, PO_ID_SEQ.CURRVAL, 'OFFERMAKER', SYSDATE);
  BEGIN
    SELECT ID INTO CUR_PRD_ID FROM PRODUCT WHERE NAME = 'Smartphone' AND PRODUCT_STATUS_ID = 1 AND ROWNUM <= 1;
  EXCEPTION
    WHEN NO_DATA_FOUND THEN
      INSERT INTO PRODUCT (ID, NAME, PRODUCTION_COST, PRODUCT_STATUS_ID, PRODUCT_URI, UNIT_PRICE, CREATED_BY, CREATE_DATE) VALUES (PRD_ID_SEQ.NEXTVAL, 'Smartphone', '0', 1, NULL, '0.178571', 'OFFERMAKER', SYSDATE);
      SELECT ID INTO CUR_PRD_ID FROM PRODUCT WHERE NAME = 'Smartphone' AND PRODUCT_STATUS_ID = 1 AND ROWNUM <= 1;
    WHEN OTHERS THEN
      RAISE;
  END;
  SELECT ID INTO CUR_CAPABILITY_ID FROM CAPABILITY WHERE CODE IN LTRIM(RTRIM((UPPER('MSD')))) AND ROWNUM <= 1;
  INSERT INTO PRODUCT_OFFERING (ID, PRODUCT_ID, TAX_POLICY_TYPE_ID, QUANTITY, UNIT_PRICE, TAX_CATEGORY_ID, CAPABILITY_ID, CREATED_BY, CREATE_DATE) VALUES (PO_ID_SEQ.NEXTVAL, CUR_PRD_ID, '1', '28', '0.178571', '2', CUR_CAPABILITY_ID, 'OFFERMAKER', SYSDATE);
  INSERT INTO PRODUCT_OFFERING_META_DATA (ID, PRODUCT_OFFERING_ID, NAME, VALUE, CREATED_BY, CREATE_DATE) VALUES (PROMD_ID_SEQ.NEXTVAL, PO_ID_SEQ.CURRVAL, 'entitlement_uri', 'http://:hostname:/svc/user/entitlements/msd/:id:.json', 'OFFERMAKER', SYSDATE);
  INSERT INTO PRODUCT_OFFERING_META_DATA (ID, PRODUCT_OFFERING_ID, NAME, VALUE, CREATED_BY, CREATE_DATE) VALUES (PROMD_ID_SEQ.NEXTVAL, PO_ID_SEQ.CURRVAL, 'DEFAULT_VAT_RATE', '{"*": 0.0}', 'OFFERMAKER', SYSDATE);
  INSERT INTO PRODUCT_OFFERING_META_DATA (ID, PRODUCT_OFFERING_ID, NAME, VALUE, CREATED_BY, CREATE_DATE) VALUES (PROMD_ID_SEQ.NEXTVAL, PO_ID_SEQ.CURRVAL, 'capability', 'MSD', 'OFFERMAKER', SYSDATE);
  INSERT INTO OFFER_PRODUCT_OFFERING (OFFER_ID, PRODUCT_OFFERING_ID, CREATED_BY, CREATE_DATE) VALUES (OFR_ID_SEQ.CURRVAL, PO_ID_SEQ.CURRVAL, 'OFFERMAKER', SYSDATE);
  INSERT INTO DISCOUNT (ID, NAME, DESCRIPTION, FIXED_AMOUNT, PERCENT_AMOUNT, DISCOUNT_TYPE_ID, CREATED_BY, CREATE_DATE) VALUES (DSC_ID_SEQ.NEXTVAL, 'Discount', 'Target offer price 0.0 given offer total price 14.999992 and product price 4.999988', '4.999988', '0', 1, 'OFFERMAKER', SYSDATE);
  INSERT INTO DISCOUNT_PRODUCT_OFFERING (DISCOUNT_ID, PRODUCT_OFFERING_ID, CREATED_BY, CREATE_DATE) VALUES (DSC_ID_SEQ.CURRVAL, PO_ID_SEQ.CURRVAL, 'OFFERMAKER', SYSDATE);
  INSERT INTO OFFER_OFFER_CHAIN (OFFER_ID, OFFER_CHAIN_ID, INDEX_VALUE, NUM_RECURRENCES, CREATED_BY, CREATE_DATE, updated_by, update_date) VALUES (OFR_ID_SEQ.CURRVAL, 4442001, '0', '1', 'OFFERMAKER', SYSDATE, 'OFFERMAKER', SYSDATE);
  END;
END;
/

DECLARE
  TMP_VAR NUMBER;
  CUR_PRD_ID NUMBER;
  CUR_CAPABILITY_ID NUMBER;
BEGIN
  BEGIN
    SELECT 1 INTO TMP_VAR FROM OFFER_CHAIN WHERE ID = 4442002 AND ROWNUM <= 1;
    UPDATE OFFER_CHAIN SET NAME='NYTimes: Web + Smartphone App', DESCRIPTION='Unlimited access to NYTimes.com and the NYTimes smartphone app.*', PRODUCT_URI='', VENDOR_SOURCE_ID='1', BILLING_SOURCE_ID=(SELECT ID FROM BILLING_SOURCE BS WHERE BS.NAME='Sartre'), IS_SEAT_LICENSE=0, GROUP_ACCOUNT_TYPE_ID='NO',IS_ADDRESS_REQUIRED=0, OFFER_CHAIN_STATUS_ID = 1, UPDATE_DATE = SYSDATE, UPDATED_BY = 'OFFERMAKER', IS_GIFT_CERTIFICATE='0', REVOKE_ENTITLEMENTS = '0', ADOPTABILITY_WINDOW_START_DATE = to_date('30-Nov-2012 00:00:00','DD-MON-YY HH24:MI:SS'), ADOPTABILITY_WINDOW_END_DATE = to_date('02-Dec-2020 00:00:00','DD-MON-YY HH24:MI:SS') WHERE ID = 4442002;
  EXCEPTION
    WHEN NO_DATA_FOUND THEN
      INSERT INTO OFFER_CHAIN (ID, NAME, DESCRIPTION, ADOPTABILITY_WINDOW_START_DATE, ADOPTABILITY_WINDOW_END_DATE, IS_GIFT_CERTIFICATE, PRODUCT_URI, OFFER_CHAIN_STATUS_ID, REVOKE_ENTITLEMENTS, VENDOR_SOURCE_ID, BILLING_SOURCE_ID, IS_SEAT_LICENSE, GROUP_ACCOUNT_TYPE_ID, IS_ADDRESS_REQUIRED, CREATED_BY, CREATE_DATE, updated_by, update_date) VALUES (4442002, 'NYTimes: Web + Smartphone App', 'Unlimited access to NYTimes.com and the NYTimes smartphone app.*', to_date('30-Nov-2012 00:00:00','DD-MON-YY HH24:MI:SS'), to_date('02-Dec-2020 00:00:00','DD-MON-YY HH24:MI:SS'), '0', NULL, '1', '0', '1', (SELECT ID FROM BILLING_SOURCE BS WHERE BS.NAME='Sartre'), decode('NO','IL',1,0), 'NO', '0', 'OFFERMAKER', SYSDATE, 'OFFERMAKER', SYSDATE);
  END;
  DELETE FROM OFFER_CHAIN_ELIGIBILITY WHERE offer_chain_id = 4442002;
  INSERT INTO OFFER_CHAIN_ELIGIBILITY (ID, OFFER_CHAIN_ID, NAME, VALUE, CREATED_BY, CREATE_DATE) VALUES (ELG_ID_SEQ.NEXTVAL, 4442002, 'GIFT CERTIFICATE REQUIRED', '1', 'OFFERMAKER', SYSDATE);
  INSERT INTO OFFER_CHAIN_ELIGIBILITY (ID, OFFER_CHAIN_ID, NAME, VALUE, CREATED_BY, CREATE_DATE) VALUES (ELG_ID_SEQ.NEXTVAL, 4442002, 'IS_COMP', '0', 'OFFERMAKER', SYSDATE);
  INSERT INTO OFFER_CHAIN_ELIGIBILITY (ID, OFFER_CHAIN_ID, NAME, VALUE, CREATED_BY, CREATE_DATE) VALUES (ELG_ID_SEQ.NEXTVAL, 4442002, 'MAX_CONCURRENT_SUBS', '1', 'OFFERMAKER', SYSDATE);
  DELETE FROM OFFER_CHAIN_META_DATA WHERE offer_chain_id = 4442002;
  INSERT INTO OFFER_CHAIN_META_DATA (ID, OFFER_CHAIN_ID, NAME, VALUE, CREATED_BY, CREATE_DATE) VALUES (OCMD_ID_SEQ.NEXTVAL, 4442002, 'BUNDLE_EXPLANATION', 'Bundle A - Trial Pay 4 Week Sub - Upsell OC', 'OFFERMAKER', SYSDATE);
  INSERT INTO OFFER_CHAIN_META_DATA (ID, OFFER_CHAIN_ID, NAME, VALUE, CREATED_BY, CREATE_DATE) VALUES (OCMD_ID_SEQ.NEXTVAL, 4442002, 'PRICE_DESCRIPTION', '4 Week Trial Pay Promotion Subscription- Upsell. Then $0.99 for next 8 weeks ($3.75 / week thereafter)', 'OFFERMAKER', SYSDATE);
  INSERT INTO OFFER_CHAIN_META_DATA (ID, OFFER_CHAIN_ID, NAME, VALUE, CREATED_BY, CREATE_DATE) VALUES (OCMD_ID_SEQ.NEXTVAL, 4442002, 'PRICE_SHORT_DESCRIPTION', 'BNDL A / $0 4 wks Trial Pay GC upsell', 'OFFERMAKER', SYSDATE);
  INSERT INTO OFFER_CHAIN_META_DATA (ID, OFFER_CHAIN_ID, NAME, VALUE, CREATED_BY, CREATE_DATE) VALUES (OCMD_ID_SEQ.NEXTVAL, 4442002, 'OFFER_TYPE', '$0.99 for first 8 Weeks after redeemed period', 'OFFERMAKER', SYSDATE);
  INSERT INTO OFFER_CHAIN_META_DATA (ID, OFFER_CHAIN_ID, NAME, VALUE, CREATED_BY, CREATE_DATE) VALUES (OCMD_ID_SEQ.NEXTVAL, 4442002, 'OFFER_PRICE_DESCRIPTOR', 'First 4 Weeks: Trial Pay Purchase', 'OFFERMAKER', SYSDATE);
  INSERT INTO OFFER_CHAIN_META_DATA (ID, OFFER_CHAIN_ID, NAME, VALUE, CREATED_BY, CREATE_DATE) VALUES (OCMD_ID_SEQ.NEXTVAL, 4442002, 'OFFER_PRICE', '$0.99 for subsequent 8 weeks', 'OFFERMAKER', SYSDATE);
  INSERT INTO OFFER_CHAIN_META_DATA (ID, OFFER_CHAIN_ID, NAME, VALUE, CREATED_BY, CREATE_DATE) VALUES (OCMD_ID_SEQ.NEXTVAL, 4442002, 'OFFER_PRICE_DETAIL', '($3.75 /  week thereafter)', 'OFFERMAKER', SYSDATE);
  INSERT INTO OFFER_CHAIN_META_DATA (ID, OFFER_CHAIN_ID, NAME, VALUE, CREATED_BY, CREATE_DATE) VALUES (OCMD_ID_SEQ.NEXTVAL, 4442002, 'PROMO_PRICE_FOOTER_LABEL', 'First 4 weeks', 'OFFERMAKER', SYSDATE);
  INSERT INTO OFFER_CHAIN_META_DATA (ID, OFFER_CHAIN_ID, NAME, VALUE, CREATED_BY, CREATE_DATE) VALUES (OCMD_ID_SEQ.NEXTVAL, 4442002, 'ACTUAL_PRICE_FOOTER_LABEL', 'Subsequent 8 weeks $0.99', 'OFFERMAKER', SYSDATE);
  INSERT INTO OFFER_CHAIN_META_DATA (ID, OFFER_CHAIN_ID, NAME, VALUE, CREATED_BY, CREATE_DATE) VALUES (OCMD_ID_SEQ.NEXTVAL, 4442002, 'UPSELL_OFFER_HEADER', 'WANT TO ADD 8 WEEKS FOR ONLY 99&cent;?', 'OFFERMAKER', SYSDATE);
  INSERT INTO OFFER_CHAIN_META_DATA (ID, OFFER_CHAIN_ID, NAME, VALUE, CREATED_BY, CREATE_DATE) VALUES (OCMD_ID_SEQ.NEXTVAL, 4442002, 'UPSELL_OFFER_TRAILER', 'Sign up now to get 8 additional weeks for just 99&cent;.', 'OFFERMAKER', SYSDATE);
  INSERT INTO OFFER_CHAIN_META_DATA (ID, OFFER_CHAIN_ID, NAME, VALUE, CREATED_BY, CREATE_DATE) VALUES (OCMD_ID_SEQ.NEXTVAL, 4442002, 'BILLING_CYCLE', 'every 4 weeks thereafter', 'OFFERMAKER', SYSDATE);
  INSERT INTO OFFER_CHAIN_META_DATA (ID, OFFER_CHAIN_ID, NAME, VALUE, CREATED_BY, CREATE_DATE) VALUES (OCMD_ID_SEQ.NEXTVAL, 4442002, 'SUBSCRIBER_TYPE', 'Daily Deals', 'OFFERMAKER', SYSDATE);
  INSERT INTO OFFER_CHAIN_META_DATA (ID, OFFER_CHAIN_ID, NAME, VALUE, CREATED_BY, CREATE_DATE) VALUES (OCMD_ID_SEQ.NEXTVAL, 4442002, 'PRORATED_REFUND_DAYS_LIMIT', '28', 'OFFERMAKER', SYSDATE);
  INSERT INTO OFFER_CHAIN_META_DATA (ID, OFFER_CHAIN_ID, NAME, VALUE, CREATED_BY, CREATE_DATE) VALUES (OCMD_ID_SEQ.NEXTVAL, 4442002, 'OPEN_TO_ANONYMOUS', '1', 'OFFERMAKER', SYSDATE);
  INSERT INTO OFFER_CHAIN_META_DATA (ID, OFFER_CHAIN_ID, NAME, VALUE, CREATED_BY, CREATE_DATE) VALUES (OCMD_ID_SEQ.NEXTVAL, 4442002, 'BUNDLE', 'Bundle A (Web+SP)', 'OFFERMAKER', SYSDATE);
  INSERT INTO OFFER_CHAIN_META_DATA (ID, OFFER_CHAIN_ID, NAME, VALUE, CREATED_BY, CREATE_DATE) VALUES (OCMD_ID_SEQ.NEXTVAL, 4442002, 'ADX_BUNDLE', 'MM_PROMO', 'OFFERMAKER', SYSDATE);
  INSERT INTO OFFER_CHAIN_META_DATA (ID, OFFER_CHAIN_ID, NAME, VALUE, CREATED_BY, CREATE_DATE) VALUES (OCMD_ID_SEQ.NEXTVAL, 4442002, 'SIEBEL_CAMPAIGN_CODE', '3HLUF', 'OFFERMAKER', SYSDATE);
  INSERT INTO OFFER_CHAIN_META_DATA (ID, OFFER_CHAIN_ID, NAME, VALUE, CREATED_BY, CREATE_DATE) VALUES (OCMD_ID_SEQ.NEXTVAL, 4442002, 'ANNUAL_PRICE', '195.00', 'OFFERMAKER', SYSDATE);
  INSERT INTO OFFER_CHAIN_META_DATA (ID, OFFER_CHAIN_ID, NAME, VALUE, CREATED_BY, CREATE_DATE) VALUES (OCMD_ID_SEQ.NEXTVAL, 4442002, 'UID', '102f078c54495547ac7a0a9ede9141a14afce6b0decd021c93fe66a60156ae87', 'OFFERMAKER', SYSDATE);
  DELETE FROM OFFER_CHAIN_NOTIFICATION_TYPE WHERE offer_chain_id = 4442002;
  BEGIN
    SELECT 1 INTO TMP_VAR FROM ACTION WHERE NAME = 'SUBSCRIBE_TO_OFFER_CHAIN';
  EXCEPTION
    WHEN NO_DATA_FOUND THEN
      INSERT INTO ACTION (ID, NAME, CREATE_DATE, CREATED_BY) VALUES (ACTION_ID_SEQ.NEXTVAL, 'SUBSCRIBE_TO_OFFER_CHAIN', SYSDATE, 'OFFERMAKER');
  END;
  BEGIN
    SELECT 1 INTO TMP_VAR FROM OPS_OWNER.NOTIFICATION_TYPE WHERE VALUE = 'sartre-purchase';
  EXCEPTION
    WHEN NO_DATA_FOUND THEN NULL;
      -- INSERT INTO OPS_OWNER.NOTIFICATION_TYPE (ID, VALUE, TEMPLATE_URL) VALUES (OPS_OWNER.NOTTID_SEQ.NEXTVAL, 'sartre-purchase', 'N/A');
  END;
  BEGIN
    SELECT 1 INTO TMP_VAR FROM ACTION WHERE NAME = 'UPGRADE_SUBSCRIPTION';
  EXCEPTION
    WHEN NO_DATA_FOUND THEN
      INSERT INTO ACTION (ID, NAME, CREATE_DATE, CREATED_BY) VALUES (ACTION_ID_SEQ.NEXTVAL, 'UPGRADE_SUBSCRIPTION', SYSDATE, 'OFFERMAKER');
  END;
  BEGIN
    SELECT 1 INTO TMP_VAR FROM OPS_OWNER.NOTIFICATION_TYPE WHERE VALUE = 'sartre-purchase';
  EXCEPTION
    WHEN NO_DATA_FOUND THEN NULL;
      -- INSERT INTO OPS_OWNER.NOTIFICATION_TYPE (ID, VALUE, TEMPLATE_URL) VALUES (OPS_OWNER.NOTTID_SEQ.NEXTVAL, 'sartre-purchase', 'N/A');
  END;
  BEGIN
    SELECT 1 INTO TMP_VAR FROM ACTION WHERE NAME = 'CANCEL_SUBSCRIPTION';
  EXCEPTION
    WHEN NO_DATA_FOUND THEN
      INSERT INTO ACTION (ID, NAME, CREATE_DATE, CREATED_BY) VALUES (ACTION_ID_SEQ.NEXTVAL, 'CANCEL_SUBSCRIPTION', SYSDATE, 'OFFERMAKER');
  END;
  BEGIN
    SELECT 1 INTO TMP_VAR FROM OPS_OWNER.NOTIFICATION_TYPE WHERE VALUE = 'sartre-cancel';
  EXCEPTION
    WHEN NO_DATA_FOUND THEN NULL;
      -- INSERT INTO OPS_OWNER.NOTIFICATION_TYPE (ID, VALUE, TEMPLATE_URL) VALUES (OPS_OWNER.NOTTID_SEQ.NEXTVAL, 'sartre-cancel', 'N/A');
  END;
  BEGIN
    SELECT 1 INTO TMP_VAR FROM ACTION WHERE NAME = 'SYSTEM_CANCEL';
  EXCEPTION
    WHEN NO_DATA_FOUND THEN
      INSERT INTO ACTION (ID, NAME, CREATE_DATE, CREATED_BY) VALUES (ACTION_ID_SEQ.NEXTVAL, 'SYSTEM_CANCEL', SYSDATE, 'OFFERMAKER');
  END;
  BEGIN
    SELECT 1 INTO TMP_VAR FROM OPS_OWNER.NOTIFICATION_TYPE WHERE VALUE = 'sartre-decline';
  EXCEPTION
    WHEN NO_DATA_FOUND THEN NULL;
      -- INSERT INTO OPS_OWNER.NOTIFICATION_TYPE (ID, VALUE, TEMPLATE_URL) VALUES (OPS_OWNER.NOTTID_SEQ.NEXTVAL, 'sartre-decline', 'N/A');
  END;
  BEGIN
    SELECT 1 INTO TMP_VAR FROM ACTION WHERE NAME = 'CREDIT_CARD_EXP';
  EXCEPTION
    WHEN NO_DATA_FOUND THEN
      INSERT INTO ACTION (ID, NAME, CREATE_DATE, CREATED_BY) VALUES (ACTION_ID_SEQ.NEXTVAL, 'CREDIT_CARD_EXP', SYSDATE, 'OFFERMAKER');
  END;
  BEGIN
    SELECT 1 INTO TMP_VAR FROM OPS_OWNER.NOTIFICATION_TYPE WHERE VALUE = 'card_expiration';
  EXCEPTION
    WHEN NO_DATA_FOUND THEN NULL;
      -- INSERT INTO OPS_OWNER.NOTIFICATION_TYPE (ID, VALUE, TEMPLATE_URL) VALUES (OPS_OWNER.NOTTID_SEQ.NEXTVAL, 'card_expiration', 'N/A');
  END;
  BEGIN
    SELECT 1 INTO TMP_VAR FROM ACTION WHERE NAME = 'GC_REDEEMER_ON_REDEEM';
  EXCEPTION
    WHEN NO_DATA_FOUND THEN
      INSERT INTO ACTION (ID, NAME, CREATE_DATE, CREATED_BY) VALUES (ACTION_ID_SEQ.NEXTVAL, 'GC_REDEEMER_ON_REDEEM', SYSDATE, 'OFFERMAKER');
  END;
  BEGIN
    SELECT 1 INTO TMP_VAR FROM OPS_OWNER.NOTIFICATION_TYPE WHERE VALUE = 'sartre-upsell-sub-activation-groupon';
  EXCEPTION
    WHEN NO_DATA_FOUND THEN NULL;
      -- INSERT INTO OPS_OWNER.NOTIFICATION_TYPE (ID, VALUE, TEMPLATE_URL) VALUES (OPS_OWNER.NOTTID_SEQ.NEXTVAL, 'sartre-upsell-sub-activation-groupon', 'N/A');
  END;
  INSERT INTO OFFER_CHAIN_NOTIFICATION_TYPE (ID, OFFER_CHAIN_ID, NOTIFICATION_TYPE_ID, ACTION_ID, CREATED_BY, CREATE_DATE) VALUES (OCET_ID_SEQ.NEXTVAL, 4442002, (SELECT ID FROM OPS_OWNER.NOTIFICATION_TYPE WHERE VALUE = 'sartre-purchase'), (SELECT ID FROM ACTION WHERE NAME = 'SUBSCRIBE_TO_OFFER_CHAIN'), 'OFFERMAKER', SYSDATE);
  INSERT INTO OFFER_CHAIN_NOTIFICATION_TYPE (ID, OFFER_CHAIN_ID, NOTIFICATION_TYPE_ID, ACTION_ID, CREATED_BY, CREATE_DATE) VALUES (OCET_ID_SEQ.NEXTVAL, 4442002, (SELECT ID FROM OPS_OWNER.NOTIFICATION_TYPE WHERE VALUE = 'sartre-purchase'), (SELECT ID FROM ACTION WHERE NAME = 'UPGRADE_SUBSCRIPTION'), 'OFFERMAKER', SYSDATE);
  INSERT INTO OFFER_CHAIN_NOTIFICATION_TYPE (ID, OFFER_CHAIN_ID, NOTIFICATION_TYPE_ID, ACTION_ID, CREATED_BY, CREATE_DATE) VALUES (OCET_ID_SEQ.NEXTVAL, 4442002, (SELECT ID FROM OPS_OWNER.NOTIFICATION_TYPE WHERE VALUE = 'sartre-cancel'), (SELECT ID FROM ACTION WHERE NAME = 'CANCEL_SUBSCRIPTION'), 'OFFERMAKER', SYSDATE);
  INSERT INTO OFFER_CHAIN_NOTIFICATION_TYPE (ID, OFFER_CHAIN_ID, NOTIFICATION_TYPE_ID, ACTION_ID, CREATED_BY, CREATE_DATE) VALUES (OCET_ID_SEQ.NEXTVAL, 4442002, (SELECT ID FROM OPS_OWNER.NOTIFICATION_TYPE WHERE VALUE = 'sartre-decline'), (SELECT ID FROM ACTION WHERE NAME = 'SYSTEM_CANCEL'), 'OFFERMAKER', SYSDATE);
  INSERT INTO OFFER_CHAIN_NOTIFICATION_TYPE (ID, OFFER_CHAIN_ID, NOTIFICATION_TYPE_ID, ACTION_ID, CREATED_BY, CREATE_DATE) VALUES (OCET_ID_SEQ.NEXTVAL, 4442002, (SELECT ID FROM OPS_OWNER.NOTIFICATION_TYPE WHERE VALUE = 'card_expiration'), (SELECT ID FROM ACTION WHERE NAME = 'CREDIT_CARD_EXP'), 'OFFERMAKER', SYSDATE);
  INSERT INTO OFFER_CHAIN_NOTIFICATION_TYPE (ID, OFFER_CHAIN_ID, NOTIFICATION_TYPE_ID, ACTION_ID, CREATED_BY, CREATE_DATE) VALUES (OCET_ID_SEQ.NEXTVAL, 4442002, (SELECT ID FROM OPS_OWNER.NOTIFICATION_TYPE WHERE VALUE = 'sartre-upsell-sub-activation-groupon'), (SELECT ID FROM ACTION WHERE NAME = 'GC_REDEEMER_ON_REDEEM'), 'OFFERMAKER', SYSDATE);
  BEGIN
    SELECT 1 INTO TMP_VAR FROM OFFER_OFFER_CHAIN WHERE OFFER_CHAIN_ID = 4442002 AND INDEX_VALUE = 0 AND ROWNUM <= 1;
  EXCEPTION
    WHEN NO_DATA_FOUND THEN
  INSERT INTO OFFER (ID, OFFER_STATUS_ID, ENTITLEMENT_DURATION, CREATED_BY, CREATE_DATE, updated_by, update_date) VALUES (OFR_ID_SEQ.NEXTVAL, 1, 'P0Y0M28DT0H0M', 'OFFERMAKER', SYSDATE, 'OFFERMAKER', SYSDATE);
  BEGIN
    SELECT ID INTO CUR_PRD_ID FROM PRODUCT WHERE NAME = 'Web' AND PRODUCT_STATUS_ID = 1 AND ROWNUM <= 1;
  EXCEPTION
    WHEN NO_DATA_FOUND THEN
      INSERT INTO PRODUCT (ID, NAME, PRODUCTION_COST, PRODUCT_STATUS_ID, PRODUCT_URI, UNIT_PRICE, CREATED_BY, CREATE_DATE) VALUES (PRD_ID_SEQ.NEXTVAL, 'Web', '0', 1, NULL, '0.357143', 'OFFERMAKER', SYSDATE);
      SELECT ID INTO CUR_PRD_ID FROM PRODUCT WHERE NAME = 'Web' AND PRODUCT_STATUS_ID = 1 AND ROWNUM <= 1;
    WHEN OTHERS THEN
      RAISE;
  END;
  SELECT ID INTO CUR_CAPABILITY_ID FROM CAPABILITY WHERE CODE IN LTRIM(RTRIM((UPPER('MM')))) AND ROWNUM <= 1;
  INSERT INTO PRODUCT_OFFERING (ID, PRODUCT_ID, TAX_POLICY_TYPE_ID, QUANTITY, UNIT_PRICE, TAX_CATEGORY_ID, CAPABILITY_ID, CREATED_BY, CREATE_DATE) VALUES (PO_ID_SEQ.NEXTVAL, CUR_PRD_ID, '1', '28', '0.357143', '2', CUR_CAPABILITY_ID, 'OFFERMAKER', SYSDATE);
  INSERT INTO PRODUCT_OFFERING_META_DATA (ID, PRODUCT_OFFERING_ID, NAME, VALUE, CREATED_BY, CREATE_DATE) VALUES (PROMD_ID_SEQ.NEXTVAL, PO_ID_SEQ.CURRVAL, 'entitlement_uri', 'http://:hostname:/svc/user/entitlements/mm/:id:.json', 'OFFERMAKER', SYSDATE);
  INSERT INTO PRODUCT_OFFERING_META_DATA (ID, PRODUCT_OFFERING_ID, NAME, VALUE, CREATED_BY, CREATE_DATE) VALUES (PROMD_ID_SEQ.NEXTVAL, PO_ID_SEQ.CURRVAL, 'DEFAULT_VAT_RATE', '{"*": 0.0}', 'OFFERMAKER', SYSDATE);
  INSERT INTO PRODUCT_OFFERING_META_DATA (ID, PRODUCT_OFFERING_ID, NAME, VALUE, CREATED_BY, CREATE_DATE) VALUES (PROMD_ID_SEQ.NEXTVAL, PO_ID_SEQ.CURRVAL, 'capability', 'MM', 'OFFERMAKER', SYSDATE);
  INSERT INTO OFFER_PRODUCT_OFFERING (OFFER_ID, PRODUCT_OFFERING_ID, CREATED_BY, CREATE_DATE) VALUES (OFR_ID_SEQ.CURRVAL, PO_ID_SEQ.CURRVAL, 'OFFERMAKER', SYSDATE);
  INSERT INTO DISCOUNT (ID, NAME, DESCRIPTION, FIXED_AMOUNT, PERCENT_AMOUNT, DISCOUNT_TYPE_ID, CREATED_BY, CREATE_DATE) VALUES (DSC_ID_SEQ.NEXTVAL, 'Discount', 'Target offer price 0.0 given offer total price 14.999992 and product price 10.000004', '10.000004', '0', 1, 'OFFERMAKER', SYSDATE);
  INSERT INTO DISCOUNT_PRODUCT_OFFERING (DISCOUNT_ID, PRODUCT_OFFERING_ID, CREATED_BY, CREATE_DATE) VALUES (DSC_ID_SEQ.CURRVAL, PO_ID_SEQ.CURRVAL, 'OFFERMAKER', SYSDATE);
  BEGIN
    SELECT ID INTO CUR_PRD_ID FROM PRODUCT WHERE NAME = 'Mobile' AND PRODUCT_STATUS_ID = 1 AND ROWNUM <= 1;
  EXCEPTION
    WHEN NO_DATA_FOUND THEN
      INSERT INTO PRODUCT (ID, NAME, PRODUCTION_COST, PRODUCT_STATUS_ID, PRODUCT_URI, UNIT_PRICE, CREATED_BY, CREATE_DATE) VALUES (PRD_ID_SEQ.NEXTVAL, 'Mobile', '0', 1, NULL, '0', 'OFFERMAKER', SYSDATE);
      SELECT ID INTO CUR_PRD_ID FROM PRODUCT WHERE NAME = 'Mobile' AND PRODUCT_STATUS_ID = 1 AND ROWNUM <= 1;
    WHEN OTHERS THEN
      RAISE;
  END;
  SELECT ID INTO CUR_CAPABILITY_ID FROM CAPABILITY WHERE CODE IN LTRIM(RTRIM((UPPER('MOW')))) AND ROWNUM <= 1;
  INSERT INTO PRODUCT_OFFERING (ID, PRODUCT_ID, TAX_POLICY_TYPE_ID, QUANTITY, UNIT_PRICE, TAX_CATEGORY_ID, CAPABILITY_ID, CREATED_BY, CREATE_DATE) VALUES (PO_ID_SEQ.NEXTVAL, CUR_PRD_ID, '1', '28', '0', '2', CUR_CAPABILITY_ID, 'OFFERMAKER', SYSDATE);
  INSERT INTO PRODUCT_OFFERING_META_DATA (ID, PRODUCT_OFFERING_ID, NAME, VALUE, CREATED_BY, CREATE_DATE) VALUES (PROMD_ID_SEQ.NEXTVAL, PO_ID_SEQ.CURRVAL, 'entitlement_uri', 'http://:hostname:/svc/user/entitlements/mow/:id:.json', 'OFFERMAKER', SYSDATE);
  INSERT INTO PRODUCT_OFFERING_META_DATA (ID, PRODUCT_OFFERING_ID, NAME, VALUE, CREATED_BY, CREATE_DATE) VALUES (PROMD_ID_SEQ.NEXTVAL, PO_ID_SEQ.CURRVAL, 'DEFAULT_VAT_RATE', '{"*": 0.0}', 'OFFERMAKER', SYSDATE);
  INSERT INTO PRODUCT_OFFERING_META_DATA (ID, PRODUCT_OFFERING_ID, NAME, VALUE, CREATED_BY, CREATE_DATE) VALUES (PROMD_ID_SEQ.NEXTVAL, PO_ID_SEQ.CURRVAL, 'capability', 'MOW', 'OFFERMAKER', SYSDATE);
  INSERT INTO OFFER_PRODUCT_OFFERING (OFFER_ID, PRODUCT_OFFERING_ID, CREATED_BY, CREATE_DATE) VALUES (OFR_ID_SEQ.CURRVAL, PO_ID_SEQ.CURRVAL, 'OFFERMAKER', SYSDATE);
  BEGIN
    SELECT ID INTO CUR_PRD_ID FROM PRODUCT WHERE NAME = 'Archive Article' AND PRODUCT_STATUS_ID = 1 AND ROWNUM <= 1;
  EXCEPTION
    WHEN NO_DATA_FOUND THEN
      INSERT INTO PRODUCT (ID, NAME, PRODUCTION_COST, PRODUCT_STATUS_ID, PRODUCT_URI, UNIT_PRICE, CREATED_BY, CREATE_DATE) VALUES (PRD_ID_SEQ.NEXTVAL, 'Archive Article', '0', 1, NULL, '0', 'OFFERMAKER', SYSDATE);
      SELECT ID INTO CUR_PRD_ID FROM PRODUCT WHERE NAME = 'Archive Article' AND PRODUCT_STATUS_ID = 1 AND ROWNUM <= 1;
    WHEN OTHERS THEN
      RAISE;
  END;
  SELECT ID INTO CUR_CAPABILITY_ID FROM CAPABILITY WHERE CODE IN LTRIM(RTRIM((UPPER('AAA')))) AND ROWNUM <= 1;
  INSERT INTO PRODUCT_OFFERING (ID, PRODUCT_ID, TAX_POLICY_TYPE_ID, QUANTITY, UNIT_PRICE, TAX_CATEGORY_ID, CAPABILITY_ID, CREATED_BY, CREATE_DATE) VALUES (PO_ID_SEQ.NEXTVAL, CUR_PRD_ID, '1', '100', '0', '2', CUR_CAPABILITY_ID, 'OFFERMAKER', SYSDATE);
  INSERT INTO PRODUCT_OFFERING_META_DATA (ID, PRODUCT_OFFERING_ID, NAME, VALUE, CREATED_BY, CREATE_DATE) VALUES (PROMD_ID_SEQ.NEXTVAL, PO_ID_SEQ.CURRVAL, 'entitlement_uri', 'http://:hostname:/svc/user/entitlements/archive/size/100/:id:.json', 'OFFERMAKER', SYSDATE);
  INSERT INTO PRODUCT_OFFERING_META_DATA (ID, PRODUCT_OFFERING_ID, NAME, VALUE, CREATED_BY, CREATE_DATE) VALUES (PROMD_ID_SEQ.NEXTVAL, PO_ID_SEQ.CURRVAL, 'DEFAULT_VAT_RATE', '{"*": 0.0}', 'OFFERMAKER', SYSDATE);
  INSERT INTO OFFER_PRODUCT_OFFERING (OFFER_ID, PRODUCT_OFFERING_ID, CREATED_BY, CREATE_DATE) VALUES (OFR_ID_SEQ.CURRVAL, PO_ID_SEQ.CURRVAL, 'OFFERMAKER', SYSDATE);
  BEGIN
    SELECT ID INTO CUR_PRD_ID FROM PRODUCT WHERE NAME = 'TimesMachine' AND PRODUCT_STATUS_ID = 1 AND ROWNUM <= 1;
  EXCEPTION
    WHEN NO_DATA_FOUND THEN
      INSERT INTO PRODUCT (ID, NAME, PRODUCTION_COST, PRODUCT_STATUS_ID, PRODUCT_URI, UNIT_PRICE, CREATED_BY, CREATE_DATE) VALUES (PRD_ID_SEQ.NEXTVAL, 'TimesMachine', '0', 1, NULL, '0', 'OFFERMAKER', SYSDATE);
      SELECT ID INTO CUR_PRD_ID FROM PRODUCT WHERE NAME = 'TimesMachine' AND PRODUCT_STATUS_ID = 1 AND ROWNUM <= 1;
    WHEN OTHERS THEN
      RAISE;
  END;
  SELECT ID INTO CUR_CAPABILITY_ID FROM CAPABILITY WHERE CODE IN LTRIM(RTRIM((UPPER('NONE')))) AND ROWNUM <= 1;
  INSERT INTO PRODUCT_OFFERING (ID, PRODUCT_ID, TAX_POLICY_TYPE_ID, QUANTITY, UNIT_PRICE, TAX_CATEGORY_ID, CAPABILITY_ID, CREATED_BY, CREATE_DATE) VALUES (PO_ID_SEQ.NEXTVAL, CUR_PRD_ID, '1', '28', '0', '2', CUR_CAPABILITY_ID, 'OFFERMAKER', SYSDATE);
  INSERT INTO PRODUCT_OFFERING_META_DATA (ID, PRODUCT_OFFERING_ID, NAME, VALUE, CREATED_BY, CREATE_DATE) VALUES (PROMD_ID_SEQ.NEXTVAL, PO_ID_SEQ.CURRVAL, 'DEFAULT_VAT_RATE', '{"*": 0.0}', 'OFFERMAKER', SYSDATE);
  INSERT INTO OFFER_PRODUCT_OFFERING (OFFER_ID, PRODUCT_OFFERING_ID, CREATED_BY, CREATE_DATE) VALUES (OFR_ID_SEQ.CURRVAL, PO_ID_SEQ.CURRVAL, 'OFFERMAKER', SYSDATE);
  BEGIN
    SELECT ID INTO CUR_PRD_ID FROM PRODUCT WHERE NAME = 'Smartphone' AND PRODUCT_STATUS_ID = 1 AND ROWNUM <= 1;
  EXCEPTION
    WHEN NO_DATA_FOUND THEN
      INSERT INTO PRODUCT (ID, NAME, PRODUCTION_COST, PRODUCT_STATUS_ID, PRODUCT_URI, UNIT_PRICE, CREATED_BY, CREATE_DATE) VALUES (PRD_ID_SEQ.NEXTVAL, 'Smartphone', '0', 1, NULL, '0.178571', 'OFFERMAKER', SYSDATE);
      SELECT ID INTO CUR_PRD_ID FROM PRODUCT WHERE NAME = 'Smartphone' AND PRODUCT_STATUS_ID = 1 AND ROWNUM <= 1;
    WHEN OTHERS THEN
      RAISE;
  END;
  SELECT ID INTO CUR_CAPABILITY_ID FROM CAPABILITY WHERE CODE IN LTRIM(RTRIM((UPPER('MSD')))) AND ROWNUM <= 1;
  INSERT INTO PRODUCT_OFFERING (ID, PRODUCT_ID, TAX_POLICY_TYPE_ID, QUANTITY, UNIT_PRICE, TAX_CATEGORY_ID, CAPABILITY_ID, CREATED_BY, CREATE_DATE) VALUES (PO_ID_SEQ.NEXTVAL, CUR_PRD_ID, '1', '28', '0.178571', '2', CUR_CAPABILITY_ID, 'OFFERMAKER', SYSDATE);
  INSERT INTO PRODUCT_OFFERING_META_DATA (ID, PRODUCT_OFFERING_ID, NAME, VALUE, CREATED_BY, CREATE_DATE) VALUES (PROMD_ID_SEQ.NEXTVAL, PO_ID_SEQ.CURRVAL, 'entitlement_uri', 'http://:hostname:/svc/user/entitlements/msd/:id:.json', 'OFFERMAKER', SYSDATE);
  INSERT INTO PRODUCT_OFFERING_META_DATA (ID, PRODUCT_OFFERING_ID, NAME, VALUE, CREATED_BY, CREATE_DATE) VALUES (PROMD_ID_SEQ.NEXTVAL, PO_ID_SEQ.CURRVAL, 'DEFAULT_VAT_RATE', '{"*": 0.0}', 'OFFERMAKER', SYSDATE);
  INSERT INTO PRODUCT_OFFERING_META_DATA (ID, PRODUCT_OFFERING_ID, NAME, VALUE, CREATED_BY, CREATE_DATE) VALUES (PROMD_ID_SEQ.NEXTVAL, PO_ID_SEQ.CURRVAL, 'capability', 'MSD', 'OFFERMAKER', SYSDATE);
  INSERT INTO OFFER_PRODUCT_OFFERING (OFFER_ID, PRODUCT_OFFERING_ID, CREATED_BY, CREATE_DATE) VALUES (OFR_ID_SEQ.CURRVAL, PO_ID_SEQ.CURRVAL, 'OFFERMAKER', SYSDATE);
  INSERT INTO DISCOUNT (ID, NAME, DESCRIPTION, FIXED_AMOUNT, PERCENT_AMOUNT, DISCOUNT_TYPE_ID, CREATED_BY, CREATE_DATE) VALUES (DSC_ID_SEQ.NEXTVAL, 'Discount', 'Target offer price 0.0 given offer total price 14.999992 and product price 4.999988', '4.999988', '0', 1, 'OFFERMAKER', SYSDATE);
  INSERT INTO DISCOUNT_PRODUCT_OFFERING (DISCOUNT_ID, PRODUCT_OFFERING_ID, CREATED_BY, CREATE_DATE) VALUES (DSC_ID_SEQ.CURRVAL, PO_ID_SEQ.CURRVAL, 'OFFERMAKER', SYSDATE);
  INSERT INTO OFFER_OFFER_CHAIN (OFFER_ID, OFFER_CHAIN_ID, INDEX_VALUE, NUM_RECURRENCES, CREATED_BY, CREATE_DATE, updated_by, update_date) VALUES (OFR_ID_SEQ.CURRVAL, 4442002, '0', '1', 'OFFERMAKER', SYSDATE, 'OFFERMAKER', SYSDATE);
  END;
  BEGIN
    SELECT 1 INTO TMP_VAR FROM OFFER_OFFER_CHAIN WHERE OFFER_CHAIN_ID = 4442002 AND INDEX_VALUE = 1 AND ROWNUM <= 1;
  EXCEPTION
    WHEN NO_DATA_FOUND THEN
  INSERT INTO OFFER (ID, OFFER_STATUS_ID, ENTITLEMENT_DURATION, CREATED_BY, CREATE_DATE, updated_by, update_date) VALUES (OFR_ID_SEQ.NEXTVAL, 1, 'P0Y0M56DT0H0M', 'OFFERMAKER', SYSDATE, 'OFFERMAKER', SYSDATE);
  BEGIN
    SELECT ID INTO CUR_PRD_ID FROM PRODUCT WHERE NAME = 'Web' AND PRODUCT_STATUS_ID = 1 AND ROWNUM <= 1;
  EXCEPTION
    WHEN NO_DATA_FOUND THEN
      INSERT INTO PRODUCT (ID, NAME, PRODUCTION_COST, PRODUCT_STATUS_ID, PRODUCT_URI, UNIT_PRICE, CREATED_BY, CREATE_DATE) VALUES (PRD_ID_SEQ.NEXTVAL, 'Web', '0', 1, NULL, '0.357143', 'OFFERMAKER', SYSDATE);
      SELECT ID INTO CUR_PRD_ID FROM PRODUCT WHERE NAME = 'Web' AND PRODUCT_STATUS_ID = 1 AND ROWNUM <= 1;
    WHEN OTHERS THEN
      RAISE;
  END;
  SELECT ID INTO CUR_CAPABILITY_ID FROM CAPABILITY WHERE CODE IN LTRIM(RTRIM((UPPER('MM')))) AND ROWNUM <= 1;
  INSERT INTO PRODUCT_OFFERING (ID, PRODUCT_ID, TAX_POLICY_TYPE_ID, QUANTITY, UNIT_PRICE, TAX_CATEGORY_ID, CAPABILITY_ID, CREATED_BY, CREATE_DATE) VALUES (PO_ID_SEQ.NEXTVAL, CUR_PRD_ID, '1', '56', '0.357143', '2', CUR_CAPABILITY_ID, 'OFFERMAKER', SYSDATE);
  INSERT INTO PRODUCT_OFFERING_META_DATA (ID, PRODUCT_OFFERING_ID, NAME, VALUE, CREATED_BY, CREATE_DATE) VALUES (PROMD_ID_SEQ.NEXTVAL, PO_ID_SEQ.CURRVAL, 'entitlement_uri', 'http://:hostname:/svc/user/entitlements/mm/:id:.json', 'OFFERMAKER', SYSDATE);
  INSERT INTO PRODUCT_OFFERING_META_DATA (ID, PRODUCT_OFFERING_ID, NAME, VALUE, CREATED_BY, CREATE_DATE) VALUES (PROMD_ID_SEQ.NEXTVAL, PO_ID_SEQ.CURRVAL, 'DEFAULT_VAT_RATE', '{"*": 0.0}', 'OFFERMAKER', SYSDATE);
  INSERT INTO PRODUCT_OFFERING_META_DATA (ID, PRODUCT_OFFERING_ID, NAME, VALUE, CREATED_BY, CREATE_DATE) VALUES (PROMD_ID_SEQ.NEXTVAL, PO_ID_SEQ.CURRVAL, 'capability', 'MM', 'OFFERMAKER', SYSDATE);
  INSERT INTO OFFER_PRODUCT_OFFERING (OFFER_ID, PRODUCT_OFFERING_ID, CREATED_BY, CREATE_DATE) VALUES (OFR_ID_SEQ.CURRVAL, PO_ID_SEQ.CURRVAL, 'OFFERMAKER', SYSDATE);
  INSERT INTO DISCOUNT (ID, NAME, DESCRIPTION, FIXED_AMOUNT, PERCENT_AMOUNT, DISCOUNT_TYPE_ID, CREATED_BY, CREATE_DATE) VALUES (DSC_ID_SEQ.NEXTVAL, 'Discount', 'Target offer price 0.99 given offer total price 29.999984 and product price 19.340007384', '19.340007384', '0', 1, 'OFFERMAKER', SYSDATE);
  INSERT INTO DISCOUNT_PRODUCT_OFFERING (DISCOUNT_ID, PRODUCT_OFFERING_ID, CREATED_BY, CREATE_DATE) VALUES (DSC_ID_SEQ.CURRVAL, PO_ID_SEQ.CURRVAL, 'OFFERMAKER', SYSDATE);
  BEGIN
    SELECT ID INTO CUR_PRD_ID FROM PRODUCT WHERE NAME = 'Mobile' AND PRODUCT_STATUS_ID = 1 AND ROWNUM <= 1;
  EXCEPTION
    WHEN NO_DATA_FOUND THEN
      INSERT INTO PRODUCT (ID, NAME, PRODUCTION_COST, PRODUCT_STATUS_ID, PRODUCT_URI, UNIT_PRICE, CREATED_BY, CREATE_DATE) VALUES (PRD_ID_SEQ.NEXTVAL, 'Mobile', '0', 1, NULL, '0', 'OFFERMAKER', SYSDATE);
      SELECT ID INTO CUR_PRD_ID FROM PRODUCT WHERE NAME = 'Mobile' AND PRODUCT_STATUS_ID = 1 AND ROWNUM <= 1;
    WHEN OTHERS THEN
      RAISE;
  END;
  SELECT ID INTO CUR_CAPABILITY_ID FROM CAPABILITY WHERE CODE IN LTRIM(RTRIM((UPPER('MOW')))) AND ROWNUM <= 1;
  INSERT INTO PRODUCT_OFFERING (ID, PRODUCT_ID, TAX_POLICY_TYPE_ID, QUANTITY, UNIT_PRICE, TAX_CATEGORY_ID, CAPABILITY_ID, CREATED_BY, CREATE_DATE) VALUES (PO_ID_SEQ.NEXTVAL, CUR_PRD_ID, '1', '56', '0', '2', CUR_CAPABILITY_ID, 'OFFERMAKER', SYSDATE);
  INSERT INTO PRODUCT_OFFERING_META_DATA (ID, PRODUCT_OFFERING_ID, NAME, VALUE, CREATED_BY, CREATE_DATE) VALUES (PROMD_ID_SEQ.NEXTVAL, PO_ID_SEQ.CURRVAL, 'entitlement_uri', 'http://:hostname:/svc/user/entitlements/mow/:id:.json', 'OFFERMAKER', SYSDATE);
  INSERT INTO PRODUCT_OFFERING_META_DATA (ID, PRODUCT_OFFERING_ID, NAME, VALUE, CREATED_BY, CREATE_DATE) VALUES (PROMD_ID_SEQ.NEXTVAL, PO_ID_SEQ.CURRVAL, 'DEFAULT_VAT_RATE', '{"*": 0.0}', 'OFFERMAKER', SYSDATE);
  INSERT INTO PRODUCT_OFFERING_META_DATA (ID, PRODUCT_OFFERING_ID, NAME, VALUE, CREATED_BY, CREATE_DATE) VALUES (PROMD_ID_SEQ.NEXTVAL, PO_ID_SEQ.CURRVAL, 'capability', 'MOW', 'OFFERMAKER', SYSDATE);
  INSERT INTO OFFER_PRODUCT_OFFERING (OFFER_ID, PRODUCT_OFFERING_ID, CREATED_BY, CREATE_DATE) VALUES (OFR_ID_SEQ.CURRVAL, PO_ID_SEQ.CURRVAL, 'OFFERMAKER', SYSDATE);
  BEGIN
    SELECT ID INTO CUR_PRD_ID FROM PRODUCT WHERE NAME = 'Archive Article' AND PRODUCT_STATUS_ID = 1 AND ROWNUM <= 1;
  EXCEPTION
    WHEN NO_DATA_FOUND THEN
      INSERT INTO PRODUCT (ID, NAME, PRODUCTION_COST, PRODUCT_STATUS_ID, PRODUCT_URI, UNIT_PRICE, CREATED_BY, CREATE_DATE) VALUES (PRD_ID_SEQ.NEXTVAL, 'Archive Article', '0', 1, NULL, '0', 'OFFERMAKER', SYSDATE);
      SELECT ID INTO CUR_PRD_ID FROM PRODUCT WHERE NAME = 'Archive Article' AND PRODUCT_STATUS_ID = 1 AND ROWNUM <= 1;
    WHEN OTHERS THEN
      RAISE;
  END;
  SELECT ID INTO CUR_CAPABILITY_ID FROM CAPABILITY WHERE CODE IN LTRIM(RTRIM((UPPER('AAA')))) AND ROWNUM <= 1;
  INSERT INTO PRODUCT_OFFERING (ID, PRODUCT_ID, TAX_POLICY_TYPE_ID, QUANTITY, UNIT_PRICE, TAX_CATEGORY_ID, CAPABILITY_ID, CREATED_BY, CREATE_DATE) VALUES (PO_ID_SEQ.NEXTVAL, CUR_PRD_ID, '1', '200', '0', '2', CUR_CAPABILITY_ID, 'OFFERMAKER', SYSDATE);
  INSERT INTO PRODUCT_OFFERING_META_DATA (ID, PRODUCT_OFFERING_ID, NAME, VALUE, CREATED_BY, CREATE_DATE) VALUES (PROMD_ID_SEQ.NEXTVAL, PO_ID_SEQ.CURRVAL, 'entitlement_uri', 'http://:hostname:/svc/user/entitlements/archive/size/200/:id:.json', 'OFFERMAKER', SYSDATE);
  INSERT INTO PRODUCT_OFFERING_META_DATA (ID, PRODUCT_OFFERING_ID, NAME, VALUE, CREATED_BY, CREATE_DATE) VALUES (PROMD_ID_SEQ.NEXTVAL, PO_ID_SEQ.CURRVAL, 'DEFAULT_VAT_RATE', '{"*": 0.0}', 'OFFERMAKER', SYSDATE);
  INSERT INTO OFFER_PRODUCT_OFFERING (OFFER_ID, PRODUCT_OFFERING_ID, CREATED_BY, CREATE_DATE) VALUES (OFR_ID_SEQ.CURRVAL, PO_ID_SEQ.CURRVAL, 'OFFERMAKER', SYSDATE);
  BEGIN
    SELECT ID INTO CUR_PRD_ID FROM PRODUCT WHERE NAME = 'TimesMachine' AND PRODUCT_STATUS_ID = 1 AND ROWNUM <= 1;
  EXCEPTION
    WHEN NO_DATA_FOUND THEN
      INSERT INTO PRODUCT (ID, NAME, PRODUCTION_COST, PRODUCT_STATUS_ID, PRODUCT_URI, UNIT_PRICE, CREATED_BY, CREATE_DATE) VALUES (PRD_ID_SEQ.NEXTVAL, 'TimesMachine', '0', 1, NULL, '0', 'OFFERMAKER', SYSDATE);
      SELECT ID INTO CUR_PRD_ID FROM PRODUCT WHERE NAME = 'TimesMachine' AND PRODUCT_STATUS_ID = 1 AND ROWNUM <= 1;
    WHEN OTHERS THEN
      RAISE;
  END;
  SELECT ID INTO CUR_CAPABILITY_ID FROM CAPABILITY WHERE CODE IN LTRIM(RTRIM((UPPER('NONE')))) AND ROWNUM <= 1;
  INSERT INTO PRODUCT_OFFERING (ID, PRODUCT_ID, TAX_POLICY_TYPE_ID, QUANTITY, UNIT_PRICE, TAX_CATEGORY_ID, CAPABILITY_ID, CREATED_BY, CREATE_DATE) VALUES (PO_ID_SEQ.NEXTVAL, CUR_PRD_ID, '1', '56', '0', '2', CUR_CAPABILITY_ID, 'OFFERMAKER', SYSDATE);
  INSERT INTO PRODUCT_OFFERING_META_DATA (ID, PRODUCT_OFFERING_ID, NAME, VALUE, CREATED_BY, CREATE_DATE) VALUES (PROMD_ID_SEQ.NEXTVAL, PO_ID_SEQ.CURRVAL, 'DEFAULT_VAT_RATE', '{"*": 0.0}', 'OFFERMAKER', SYSDATE);
  INSERT INTO OFFER_PRODUCT_OFFERING (OFFER_ID, PRODUCT_OFFERING_ID, CREATED_BY, CREATE_DATE) VALUES (OFR_ID_SEQ.CURRVAL, PO_ID_SEQ.CURRVAL, 'OFFERMAKER', SYSDATE);
  BEGIN
    SELECT ID INTO CUR_PRD_ID FROM PRODUCT WHERE NAME = 'Smartphone' AND PRODUCT_STATUS_ID = 1 AND ROWNUM <= 1;
  EXCEPTION
    WHEN NO_DATA_FOUND THEN
      INSERT INTO PRODUCT (ID, NAME, PRODUCTION_COST, PRODUCT_STATUS_ID, PRODUCT_URI, UNIT_PRICE, CREATED_BY, CREATE_DATE) VALUES (PRD_ID_SEQ.NEXTVAL, 'Smartphone', '0', 1, NULL, '0.178571', 'OFFERMAKER', SYSDATE);
      SELECT ID INTO CUR_PRD_ID FROM PRODUCT WHERE NAME = 'Smartphone' AND PRODUCT_STATUS_ID = 1 AND ROWNUM <= 1;
    WHEN OTHERS THEN
      RAISE;
  END;
  SELECT ID INTO CUR_CAPABILITY_ID FROM CAPABILITY WHERE CODE IN LTRIM(RTRIM((UPPER('MSD')))) AND ROWNUM <= 1;
  INSERT INTO PRODUCT_OFFERING (ID, PRODUCT_ID, TAX_POLICY_TYPE_ID, QUANTITY, UNIT_PRICE, TAX_CATEGORY_ID, CAPABILITY_ID, CREATED_BY, CREATE_DATE) VALUES (PO_ID_SEQ.NEXTVAL, CUR_PRD_ID, '1', '56', '0.178571', '2', CUR_CAPABILITY_ID, 'OFFERMAKER', SYSDATE);
  INSERT INTO PRODUCT_OFFERING_META_DATA (ID, PRODUCT_OFFERING_ID, NAME, VALUE, CREATED_BY, CREATE_DATE) VALUES (PROMD_ID_SEQ.NEXTVAL, PO_ID_SEQ.CURRVAL, 'entitlement_uri', 'http://:hostname:/svc/user/entitlements/msd/:id:.json', 'OFFERMAKER', SYSDATE);
  INSERT INTO PRODUCT_OFFERING_META_DATA (ID, PRODUCT_OFFERING_ID, NAME, VALUE, CREATED_BY, CREATE_DATE) VALUES (PROMD_ID_SEQ.NEXTVAL, PO_ID_SEQ.CURRVAL, 'DEFAULT_VAT_RATE', '{"*": 0.0}', 'OFFERMAKER', SYSDATE);
  INSERT INTO PRODUCT_OFFERING_META_DATA (ID, PRODUCT_OFFERING_ID, NAME, VALUE, CREATED_BY, CREATE_DATE) VALUES (PROMD_ID_SEQ.NEXTVAL, PO_ID_SEQ.CURRVAL, 'capability', 'MSD', 'OFFERMAKER', SYSDATE);
  INSERT INTO OFFER_PRODUCT_OFFERING (OFFER_ID, PRODUCT_OFFERING_ID, CREATED_BY, CREATE_DATE) VALUES (OFR_ID_SEQ.CURRVAL, PO_ID_SEQ.CURRVAL, 'OFFERMAKER', SYSDATE);
  INSERT INTO DISCOUNT (ID, NAME, DESCRIPTION, FIXED_AMOUNT, PERCENT_AMOUNT, DISCOUNT_TYPE_ID, CREATED_BY, CREATE_DATE) VALUES (DSC_ID_SEQ.NEXTVAL, 'Discount', 'Target offer price 0.99 given offer total price 29.999984 and product price 9.669976616', '9.669976616', '0', 1, 'OFFERMAKER', SYSDATE);
  INSERT INTO DISCOUNT_PRODUCT_OFFERING (DISCOUNT_ID, PRODUCT_OFFERING_ID, CREATED_BY, CREATE_DATE) VALUES (DSC_ID_SEQ.CURRVAL, PO_ID_SEQ.CURRVAL, 'OFFERMAKER', SYSDATE);
  INSERT INTO OFFER_OFFER_CHAIN (OFFER_ID, OFFER_CHAIN_ID, INDEX_VALUE, NUM_RECURRENCES, CREATED_BY, CREATE_DATE, updated_by, update_date) VALUES (OFR_ID_SEQ.CURRVAL, 4442002, '1', '1', 'OFFERMAKER', SYSDATE, 'OFFERMAKER', SYSDATE);
  END;
  BEGIN
    SELECT 1 INTO TMP_VAR FROM OFFER_OFFER_CHAIN WHERE OFFER_CHAIN_ID = 4442002 AND INDEX_VALUE = 2 AND ROWNUM <= 1;
  EXCEPTION
    WHEN NO_DATA_FOUND THEN
  INSERT INTO OFFER (ID, OFFER_STATUS_ID, ENTITLEMENT_DURATION, CREATED_BY, CREATE_DATE, updated_by, update_date) VALUES (OFR_ID_SEQ.NEXTVAL, 1, 'P0Y0M28DT0H0M', 'OFFERMAKER', SYSDATE, 'OFFERMAKER', SYSDATE);
  BEGIN
    SELECT ID INTO CUR_PRD_ID FROM PRODUCT WHERE NAME = 'Web' AND PRODUCT_STATUS_ID = 1 AND ROWNUM <= 1;
  EXCEPTION
    WHEN NO_DATA_FOUND THEN
      INSERT INTO PRODUCT (ID, NAME, PRODUCTION_COST, PRODUCT_STATUS_ID, PRODUCT_URI, UNIT_PRICE, CREATED_BY, CREATE_DATE) VALUES (PRD_ID_SEQ.NEXTVAL, 'Web', '0', 1, NULL, '0.357143', 'OFFERMAKER', SYSDATE);
      SELECT ID INTO CUR_PRD_ID FROM PRODUCT WHERE NAME = 'Web' AND PRODUCT_STATUS_ID = 1 AND ROWNUM <= 1;
    WHEN OTHERS THEN
      RAISE;
  END;
  SELECT ID INTO CUR_CAPABILITY_ID FROM CAPABILITY WHERE CODE IN LTRIM(RTRIM((UPPER('MM')))) AND ROWNUM <= 1;
  INSERT INTO PRODUCT_OFFERING (ID, PRODUCT_ID, TAX_POLICY_TYPE_ID, QUANTITY, UNIT_PRICE, TAX_CATEGORY_ID, CAPABILITY_ID, CREATED_BY, CREATE_DATE) VALUES (PO_ID_SEQ.NEXTVAL, CUR_PRD_ID, '1', '28', '0.357143', '2', CUR_CAPABILITY_ID, 'OFFERMAKER', SYSDATE);
  INSERT INTO PRODUCT_OFFERING_META_DATA (ID, PRODUCT_OFFERING_ID, NAME, VALUE, CREATED_BY, CREATE_DATE) VALUES (PROMD_ID_SEQ.NEXTVAL, PO_ID_SEQ.CURRVAL, 'entitlement_uri', 'http://:hostname:/svc/user/entitlements/mm/:id:.json', 'OFFERMAKER', SYSDATE);
  INSERT INTO PRODUCT_OFFERING_META_DATA (ID, PRODUCT_OFFERING_ID, NAME, VALUE, CREATED_BY, CREATE_DATE) VALUES (PROMD_ID_SEQ.NEXTVAL, PO_ID_SEQ.CURRVAL, 'DEFAULT_VAT_RATE', '{"*": 0.0}', 'OFFERMAKER', SYSDATE);
  INSERT INTO PRODUCT_OFFERING_META_DATA (ID, PRODUCT_OFFERING_ID, NAME, VALUE, CREATED_BY, CREATE_DATE) VALUES (PROMD_ID_SEQ.NEXTVAL, PO_ID_SEQ.CURRVAL, 'capability', 'MM', 'OFFERMAKER', SYSDATE);
  INSERT INTO OFFER_PRODUCT_OFFERING (OFFER_ID, PRODUCT_OFFERING_ID, CREATED_BY, CREATE_DATE) VALUES (OFR_ID_SEQ.CURRVAL, PO_ID_SEQ.CURRVAL, 'OFFERMAKER', SYSDATE);
  INSERT INTO DISCOUNT (ID, NAME, DESCRIPTION, FIXED_AMOUNT, PERCENT_AMOUNT, DISCOUNT_TYPE_ID, CREATED_BY, CREATE_DATE) VALUES (DSC_ID_SEQ.NEXTVAL, 'Discount', 'Target offer price 15.0 given offer total price 14.999992 and product price -5.33333831111e-06', '-5.33333831111e-06', '0', 1, 'OFFERMAKER', SYSDATE);
  INSERT INTO DISCOUNT_PRODUCT_OFFERING (DISCOUNT_ID, PRODUCT_OFFERING_ID, CREATED_BY, CREATE_DATE) VALUES (DSC_ID_SEQ.CURRVAL, PO_ID_SEQ.CURRVAL, 'OFFERMAKER', SYSDATE);
  BEGIN
    SELECT ID INTO CUR_PRD_ID FROM PRODUCT WHERE NAME = 'Mobile' AND PRODUCT_STATUS_ID = 1 AND ROWNUM <= 1;
  EXCEPTION
    WHEN NO_DATA_FOUND THEN
      INSERT INTO PRODUCT (ID, NAME, PRODUCTION_COST, PRODUCT_STATUS_ID, PRODUCT_URI, UNIT_PRICE, CREATED_BY, CREATE_DATE) VALUES (PRD_ID_SEQ.NEXTVAL, 'Mobile', '0', 1, NULL, '0', 'OFFERMAKER', SYSDATE);
      SELECT ID INTO CUR_PRD_ID FROM PRODUCT WHERE NAME = 'Mobile' AND PRODUCT_STATUS_ID = 1 AND ROWNUM <= 1;
    WHEN OTHERS THEN
      RAISE;
  END;
  SELECT ID INTO CUR_CAPABILITY_ID FROM CAPABILITY WHERE CODE IN LTRIM(RTRIM((UPPER('MOW')))) AND ROWNUM <= 1;
  INSERT INTO PRODUCT_OFFERING (ID, PRODUCT_ID, TAX_POLICY_TYPE_ID, QUANTITY, UNIT_PRICE, TAX_CATEGORY_ID, CAPABILITY_ID, CREATED_BY, CREATE_DATE) VALUES (PO_ID_SEQ.NEXTVAL, CUR_PRD_ID, '1', '28', '0', '2', CUR_CAPABILITY_ID, 'OFFERMAKER', SYSDATE);
  INSERT INTO PRODUCT_OFFERING_META_DATA (ID, PRODUCT_OFFERING_ID, NAME, VALUE, CREATED_BY, CREATE_DATE) VALUES (PROMD_ID_SEQ.NEXTVAL, PO_ID_SEQ.CURRVAL, 'entitlement_uri', 'http://:hostname:/svc/user/entitlements/mow/:id:.json', 'OFFERMAKER', SYSDATE);
  INSERT INTO PRODUCT_OFFERING_META_DATA (ID, PRODUCT_OFFERING_ID, NAME, VALUE, CREATED_BY, CREATE_DATE) VALUES (PROMD_ID_SEQ.NEXTVAL, PO_ID_SEQ.CURRVAL, 'DEFAULT_VAT_RATE', '{"*": 0.0}', 'OFFERMAKER', SYSDATE);
  INSERT INTO PRODUCT_OFFERING_META_DATA (ID, PRODUCT_OFFERING_ID, NAME, VALUE, CREATED_BY, CREATE_DATE) VALUES (PROMD_ID_SEQ.NEXTVAL, PO_ID_SEQ.CURRVAL, 'capability', 'MOW', 'OFFERMAKER', SYSDATE);
  INSERT INTO OFFER_PRODUCT_OFFERING (OFFER_ID, PRODUCT_OFFERING_ID, CREATED_BY, CREATE_DATE) VALUES (OFR_ID_SEQ.CURRVAL, PO_ID_SEQ.CURRVAL, 'OFFERMAKER', SYSDATE);
  BEGIN
    SELECT ID INTO CUR_PRD_ID FROM PRODUCT WHERE NAME = 'Archive Article' AND PRODUCT_STATUS_ID = 1 AND ROWNUM <= 1;
  EXCEPTION
    WHEN NO_DATA_FOUND THEN
      INSERT INTO PRODUCT (ID, NAME, PRODUCTION_COST, PRODUCT_STATUS_ID, PRODUCT_URI, UNIT_PRICE, CREATED_BY, CREATE_DATE) VALUES (PRD_ID_SEQ.NEXTVAL, 'Archive Article', '0', 1, NULL, '0', 'OFFERMAKER', SYSDATE);
      SELECT ID INTO CUR_PRD_ID FROM PRODUCT WHERE NAME = 'Archive Article' AND PRODUCT_STATUS_ID = 1 AND ROWNUM <= 1;
    WHEN OTHERS THEN
      RAISE;
  END;
  SELECT ID INTO CUR_CAPABILITY_ID FROM CAPABILITY WHERE CODE IN LTRIM(RTRIM((UPPER('AAA')))) AND ROWNUM <= 1;
  INSERT INTO PRODUCT_OFFERING (ID, PRODUCT_ID, TAX_POLICY_TYPE_ID, QUANTITY, UNIT_PRICE, TAX_CATEGORY_ID, CAPABILITY_ID, CREATED_BY, CREATE_DATE) VALUES (PO_ID_SEQ.NEXTVAL, CUR_PRD_ID, '1', '100', '0', '2', CUR_CAPABILITY_ID, 'OFFERMAKER', SYSDATE);
  INSERT INTO PRODUCT_OFFERING_META_DATA (ID, PRODUCT_OFFERING_ID, NAME, VALUE, CREATED_BY, CREATE_DATE) VALUES (PROMD_ID_SEQ.NEXTVAL, PO_ID_SEQ.CURRVAL, 'entitlement_uri', 'http://:hostname:/svc/user/entitlements/archive/size/100/:id:.json', 'OFFERMAKER', SYSDATE);
  INSERT INTO PRODUCT_OFFERING_META_DATA (ID, PRODUCT_OFFERING_ID, NAME, VALUE, CREATED_BY, CREATE_DATE) VALUES (PROMD_ID_SEQ.NEXTVAL, PO_ID_SEQ.CURRVAL, 'DEFAULT_VAT_RATE', '{"*": 0.0}', 'OFFERMAKER', SYSDATE);
  INSERT INTO OFFER_PRODUCT_OFFERING (OFFER_ID, PRODUCT_OFFERING_ID, CREATED_BY, CREATE_DATE) VALUES (OFR_ID_SEQ.CURRVAL, PO_ID_SEQ.CURRVAL, 'OFFERMAKER', SYSDATE);
  BEGIN
    SELECT ID INTO CUR_PRD_ID FROM PRODUCT WHERE NAME = 'TimesMachine' AND PRODUCT_STATUS_ID = 1 AND ROWNUM <= 1;
  EXCEPTION
    WHEN NO_DATA_FOUND THEN
      INSERT INTO PRODUCT (ID, NAME, PRODUCTION_COST, PRODUCT_STATUS_ID, PRODUCT_URI, UNIT_PRICE, CREATED_BY, CREATE_DATE) VALUES (PRD_ID_SEQ.NEXTVAL, 'TimesMachine', '0', 1, NULL, '0', 'OFFERMAKER', SYSDATE);
      SELECT ID INTO CUR_PRD_ID FROM PRODUCT WHERE NAME = 'TimesMachine' AND PRODUCT_STATUS_ID = 1 AND ROWNUM <= 1;
    WHEN OTHERS THEN
      RAISE;
  END;
  SELECT ID INTO CUR_CAPABILITY_ID FROM CAPABILITY WHERE CODE IN LTRIM(RTRIM((UPPER('NONE')))) AND ROWNUM <= 1;
  INSERT INTO PRODUCT_OFFERING (ID, PRODUCT_ID, TAX_POLICY_TYPE_ID, QUANTITY, UNIT_PRICE, TAX_CATEGORY_ID, CAPABILITY_ID, CREATED_BY, CREATE_DATE) VALUES (PO_ID_SEQ.NEXTVAL, CUR_PRD_ID, '1', '28', '0', '2', CUR_CAPABILITY_ID, 'OFFERMAKER', SYSDATE);
  INSERT INTO PRODUCT_OFFERING_META_DATA (ID, PRODUCT_OFFERING_ID, NAME, VALUE, CREATED_BY, CREATE_DATE) VALUES (PROMD_ID_SEQ.NEXTVAL, PO_ID_SEQ.CURRVAL, 'DEFAULT_VAT_RATE', '{"*": 0.0}', 'OFFERMAKER', SYSDATE);
  INSERT INTO OFFER_PRODUCT_OFFERING (OFFER_ID, PRODUCT_OFFERING_ID, CREATED_BY, CREATE_DATE) VALUES (OFR_ID_SEQ.CURRVAL, PO_ID_SEQ.CURRVAL, 'OFFERMAKER', SYSDATE);
  BEGIN
    SELECT ID INTO CUR_PRD_ID FROM PRODUCT WHERE NAME = 'Smartphone' AND PRODUCT_STATUS_ID = 1 AND ROWNUM <= 1;
  EXCEPTION
    WHEN NO_DATA_FOUND THEN
      INSERT INTO PRODUCT (ID, NAME, PRODUCTION_COST, PRODUCT_STATUS_ID, PRODUCT_URI, UNIT_PRICE, CREATED_BY, CREATE_DATE) VALUES (PRD_ID_SEQ.NEXTVAL, 'Smartphone', '0', 1, NULL, '0.178571', 'OFFERMAKER', SYSDATE);
      SELECT ID INTO CUR_PRD_ID FROM PRODUCT WHERE NAME = 'Smartphone' AND PRODUCT_STATUS_ID = 1 AND ROWNUM <= 1;
    WHEN OTHERS THEN
      RAISE;
  END;
  SELECT ID INTO CUR_CAPABILITY_ID FROM CAPABILITY WHERE CODE IN LTRIM(RTRIM((UPPER('MSD')))) AND ROWNUM <= 1;
  INSERT INTO PRODUCT_OFFERING (ID, PRODUCT_ID, TAX_POLICY_TYPE_ID, QUANTITY, UNIT_PRICE, TAX_CATEGORY_ID, CAPABILITY_ID, CREATED_BY, CREATE_DATE) VALUES (PO_ID_SEQ.NEXTVAL, CUR_PRD_ID, '1', '28', '0.178571', '2', CUR_CAPABILITY_ID, 'OFFERMAKER', SYSDATE);
  INSERT INTO PRODUCT_OFFERING_META_DATA (ID, PRODUCT_OFFERING_ID, NAME, VALUE, CREATED_BY, CREATE_DATE) VALUES (PROMD_ID_SEQ.NEXTVAL, PO_ID_SEQ.CURRVAL, 'entitlement_uri', 'http://:hostname:/svc/user/entitlements/msd/:id:.json', 'OFFERMAKER', SYSDATE);
  INSERT INTO PRODUCT_OFFERING_META_DATA (ID, PRODUCT_OFFERING_ID, NAME, VALUE, CREATED_BY, CREATE_DATE) VALUES (PROMD_ID_SEQ.NEXTVAL, PO_ID_SEQ.CURRVAL, 'DEFAULT_VAT_RATE', '{"*": 0.0}', 'OFFERMAKER', SYSDATE);
  INSERT INTO PRODUCT_OFFERING_META_DATA (ID, PRODUCT_OFFERING_ID, NAME, VALUE, CREATED_BY, CREATE_DATE) VALUES (PROMD_ID_SEQ.NEXTVAL, PO_ID_SEQ.CURRVAL, 'capability', 'MSD', 'OFFERMAKER', SYSDATE);
  INSERT INTO OFFER_PRODUCT_OFFERING (OFFER_ID, PRODUCT_OFFERING_ID, CREATED_BY, CREATE_DATE) VALUES (OFR_ID_SEQ.CURRVAL, PO_ID_SEQ.CURRVAL, 'OFFERMAKER', SYSDATE);
  INSERT INTO DISCOUNT (ID, NAME, DESCRIPTION, FIXED_AMOUNT, PERCENT_AMOUNT, DISCOUNT_TYPE_ID, CREATED_BY, CREATE_DATE) VALUES (DSC_ID_SEQ.NEXTVAL, 'Discount', 'Target offer price 15.0 given offer total price 14.999992 and product price -2.66666168889e-06', '-2.66666168889e-06', '0', 1, 'OFFERMAKER', SYSDATE);
  INSERT INTO DISCOUNT_PRODUCT_OFFERING (DISCOUNT_ID, PRODUCT_OFFERING_ID, CREATED_BY, CREATE_DATE) VALUES (DSC_ID_SEQ.CURRVAL, PO_ID_SEQ.CURRVAL, 'OFFERMAKER', SYSDATE);
  INSERT INTO OFFER_OFFER_CHAIN (OFFER_ID, OFFER_CHAIN_ID, INDEX_VALUE, NUM_RECURRENCES, CREATED_BY, CREATE_DATE, updated_by, update_date) VALUES (OFR_ID_SEQ.CURRVAL, 4442002, '2', '-1', 'OFFERMAKER', SYSDATE, 'OFFERMAKER', SYSDATE);
  END;
END;
/

COMMIT;

