WHENEVER SQLERROR EXIT SQL.SQLCODE ROLLBACK
SET SCAN OFF
SET DEFINE OFF


DECLARE
  TMP_VAR NUMBER;
  CUR_PRD_ID NUMBER;
  CUR_CAPABILITY_ID NUMBER;
BEGIN
  BEGIN
    SELECT 1 INTO TMP_VAR FROM OFFER_CHAIN WHERE ID = 2203800031 AND ROWNUM <= 1;
    UPDATE OFFER_CHAIN SET NAME='NYTimes: Web + Smartphone App', DESCRIPTION='Unlimited access to NYTimes.com and the NYTimes smartphone app.*', PRODUCT_URI='', VENDOR_SOURCE_ID='1', BILLING_SOURCE_ID=(SELECT ID FROM BILLING_SOURCE BS WHERE BS.NAME='Sartre'), IS_SEAT_LICENSE=0, GROUP_ACCOUNT_TYPE_ID='NO',IS_ADDRESS_REQUIRED=0, OFFER_CHAIN_STATUS_ID = 1, UPDATE_DATE = SYSDATE, UPDATED_BY = 'OFFERMAKER', IS_GIFT_CERTIFICATE='0', REVOKE_ENTITLEMENTS = '0', ADOPTABILITY_WINDOW_START_DATE = to_date('04-Apr-2013 00:00:00','DD-MON-YY HH24:MI:SS'), ADOPTABILITY_WINDOW_END_DATE = to_date('01-Jan-2100 00:00:00','DD-MON-YY HH24:MI:SS') WHERE ID = 2203800031;
  EXCEPTION
    WHEN NO_DATA_FOUND THEN
      INSERT INTO OFFER_CHAIN (ID, NAME, DESCRIPTION, ADOPTABILITY_WINDOW_START_DATE, ADOPTABILITY_WINDOW_END_DATE, IS_GIFT_CERTIFICATE, PRODUCT_URI, OFFER_CHAIN_STATUS_ID, REVOKE_ENTITLEMENTS, VENDOR_SOURCE_ID, BILLING_SOURCE_ID, IS_SEAT_LICENSE, GROUP_ACCOUNT_TYPE_ID, IS_ADDRESS_REQUIRED, CREATED_BY, CREATE_DATE, updated_by, update_date) VALUES (2203800031, 'NYTimes: Web + Smartphone App', 'Unlimited access to NYTimes.com and the NYTimes smartphone app.*', to_date('04-Apr-2013 00:00:00','DD-MON-YY HH24:MI:SS'), to_date('01-Jan-2100 00:00:00','DD-MON-YY HH24:MI:SS'), '0', NULL, '1', '0', '1', (SELECT ID FROM BILLING_SOURCE BS WHERE BS.NAME='Sartre'), decode('NO','IL',1,0), 'NO', '0', 'OFFERMAKER', SYSDATE, 'OFFERMAKER', SYSDATE);
  END;
  DELETE FROM OFFER_CHAIN_ELIGIBILITY WHERE offer_chain_id = 2203800031;
  INSERT INTO OFFER_CHAIN_ELIGIBILITY (ID, OFFER_CHAIN_ID, NAME, VALUE, CREATED_BY, CREATE_DATE) VALUES (ELG_ID_SEQ.NEXTVAL, 2203800031, 'IS_COMP', '0', 'OFFERMAKER', SYSDATE);
  INSERT INTO OFFER_CHAIN_ELIGIBILITY (ID, OFFER_CHAIN_ID, NAME, VALUE, CREATED_BY, CREATE_DATE) VALUES (ELG_ID_SEQ.NEXTVAL, 2203800031, 'MAX_CONCURRENT_SUBS', '1', 'OFFERMAKER', SYSDATE);
  INSERT INTO OFFER_CHAIN_ELIGIBILITY (ID, OFFER_CHAIN_ID, NAME, VALUE, CREATED_BY, CREATE_DATE) VALUES (ELG_ID_SEQ.NEXTVAL, 2203800031, 'INTERNAL_ONLY', '0', 'OFFERMAKER', SYSDATE);
  DELETE FROM OFFER_CHAIN_META_DATA WHERE offer_chain_id = 2203800031;
  INSERT INTO OFFER_CHAIN_META_DATA (ID, OFFER_CHAIN_ID, NAME, VALUE, CREATED_BY, CREATE_DATE) VALUES (OCMD_ID_SEQ.NEXTVAL, 2203800031, 'BUNDLE_EXPLANATION', '8 week free trial - web+smartphone', 'OFFERMAKER', SYSDATE);
  INSERT INTO OFFER_CHAIN_META_DATA (ID, OFFER_CHAIN_ID, NAME, VALUE, CREATED_BY, CREATE_DATE) VALUES (OCMD_ID_SEQ.NEXTVAL, 2203800031, 'PRICE_DESCRIPTION', 'Web+Smartphone App Free Trial First 8 Weeks: FREE Thereafter: $15.00 every 4 weeks', 'OFFERMAKER', SYSDATE);
  INSERT INTO OFFER_CHAIN_META_DATA (ID, OFFER_CHAIN_ID, NAME, VALUE, CREATED_BY, CREATE_DATE) VALUES (OCMD_ID_SEQ.NEXTVAL, 2203800031, 'PRICE_SHORT_DESCRIPTION', 'BNDL A / First 8 wks free', 'OFFERMAKER', SYSDATE);
  INSERT INTO OFFER_CHAIN_META_DATA (ID, OFFER_CHAIN_ID, NAME, VALUE, CREATED_BY, CREATE_DATE) VALUES (OCMD_ID_SEQ.NEXTVAL, 2203800031, 'OFFER_TYPE', 'Free Trial for 8 Weeks', 'OFFERMAKER', SYSDATE);
  INSERT INTO OFFER_CHAIN_META_DATA (ID, OFFER_CHAIN_ID, NAME, VALUE, CREATED_BY, CREATE_DATE) VALUES (OCMD_ID_SEQ.NEXTVAL, 2203800031, 'OFFER_PRICE_DESCRIPTOR', 'RISK-FREE TRIAL', 'OFFERMAKER', SYSDATE);
  INSERT INTO OFFER_CHAIN_META_DATA (ID, OFFER_CHAIN_ID, NAME, VALUE, CREATED_BY, CREATE_DATE) VALUES (OCMD_ID_SEQ.NEXTVAL, 2203800031, 'OFFER_PRICE', 'Get your first 8 weeks free', 'OFFERMAKER', SYSDATE);
  INSERT INTO OFFER_CHAIN_META_DATA (ID, OFFER_CHAIN_ID, NAME, VALUE, CREATED_BY, CREATE_DATE) VALUES (OCMD_ID_SEQ.NEXTVAL, 2203800031, 'OFFER_PRICE_DETAIL', '($3.75 / week thereafter)', 'OFFERMAKER', SYSDATE);
  INSERT INTO OFFER_CHAIN_META_DATA (ID, OFFER_CHAIN_ID, NAME, VALUE, CREATED_BY, CREATE_DATE) VALUES (OCMD_ID_SEQ.NEXTVAL, 2203800031, 'PROMO_PRICE_FOOTER_LABEL', 'First 8 Weeks', 'OFFERMAKER', SYSDATE);
  INSERT INTO OFFER_CHAIN_META_DATA (ID, OFFER_CHAIN_ID, NAME, VALUE, CREATED_BY, CREATE_DATE) VALUES (OCMD_ID_SEQ.NEXTVAL, 2203800031, 'ACTUAL_PRICE_FOOTER_LABEL', 'Thereafter', 'OFFERMAKER', SYSDATE);
  INSERT INTO OFFER_CHAIN_META_DATA (ID, OFFER_CHAIN_ID, NAME, VALUE, CREATED_BY, CREATE_DATE) VALUES (OCMD_ID_SEQ.NEXTVAL, 2203800031, 'BILLING_CYCLE', 'every 4 weeks', 'OFFERMAKER', SYSDATE);
  INSERT INTO OFFER_CHAIN_META_DATA (ID, OFFER_CHAIN_ID, NAME, VALUE, CREATED_BY, CREATE_DATE) VALUES (OCMD_ID_SEQ.NEXTVAL, 2203800031, 'SUBSCRIBER_TYPE', 'Regular', 'OFFERMAKER', SYSDATE);
  INSERT INTO OFFER_CHAIN_META_DATA (ID, OFFER_CHAIN_ID, NAME, VALUE, CREATED_BY, CREATE_DATE) VALUES (OCMD_ID_SEQ.NEXTVAL, 2203800031, 'REFUND_POLICY', 'Monthly Billing: No refund.  Users will maintain access for the remainder of the billing period.  Users will not be billed in the next billing cycle.', 'OFFERMAKER', SYSDATE);
  INSERT INTO OFFER_CHAIN_META_DATA (ID, OFFER_CHAIN_ID, NAME, VALUE, CREATED_BY, CREATE_DATE) VALUES (OCMD_ID_SEQ.NEXTVAL, 2203800031, 'CANCELABLE', '1', 'OFFERMAKER', SYSDATE);
  INSERT INTO OFFER_CHAIN_META_DATA (ID, OFFER_CHAIN_ID, NAME, VALUE, CREATED_BY, CREATE_DATE) VALUES (OCMD_ID_SEQ.NEXTVAL, 2203800031, 'PRORATED_REFUND_DAYS_LIMIT', '28', 'OFFERMAKER', SYSDATE);
  INSERT INTO OFFER_CHAIN_META_DATA (ID, OFFER_CHAIN_ID, NAME, VALUE, CREATED_BY, CREATE_DATE) VALUES (OCMD_ID_SEQ.NEXTVAL, 2203800031, 'OPEN_TO_ANONYMOUS', '1', 'OFFERMAKER', SYSDATE);
  INSERT INTO OFFER_CHAIN_META_DATA (ID, OFFER_CHAIN_ID, NAME, VALUE, CREATED_BY, CREATE_DATE) VALUES (OCMD_ID_SEQ.NEXTVAL, 2203800031, 'BUNDLE', 'Bundle A (Web+SP)', 'OFFERMAKER', SYSDATE);
  INSERT INTO OFFER_CHAIN_META_DATA (ID, OFFER_CHAIN_ID, NAME, VALUE, CREATED_BY, CREATE_DATE) VALUES (OCMD_ID_SEQ.NEXTVAL, 2203800031, 'ADX_BUNDLE', 'MM_PROMO', 'OFFERMAKER', SYSDATE);
  INSERT INTO OFFER_CHAIN_META_DATA (ID, OFFER_CHAIN_ID, NAME, VALUE, CREATED_BY, CREATE_DATE) VALUES (OCMD_ID_SEQ.NEXTVAL, 2203800031, 'SIEBEL_CAMPAIGN_CODE', '3JH4J', 'OFFERMAKER', SYSDATE);
  INSERT INTO OFFER_CHAIN_META_DATA (ID, OFFER_CHAIN_ID, NAME, VALUE, CREATED_BY, CREATE_DATE) VALUES (OCMD_ID_SEQ.NEXTVAL, 2203800031, 'ANNUAL_PRICE', '195.00', 'OFFERMAKER', SYSDATE);
  INSERT INTO OFFER_CHAIN_META_DATA (ID, OFFER_CHAIN_ID, NAME, VALUE, CREATED_BY, CREATE_DATE) VALUES (OCMD_ID_SEQ.NEXTVAL, 2203800031, 'UID', '02c83270eb9b41b88f5d63f04d48a3d2c473b88ab19bf6381f881a12937f349f', 'OFFERMAKER', SYSDATE);
  DELETE FROM OFFER_CHAIN_NOTIFICATION_TYPE WHERE offer_chain_id = 2203800031;
  BEGIN
    SELECT 1 INTO TMP_VAR FROM ACTION WHERE NAME = 'SUBSCRIBE_TO_OFFER_CHAIN';
  EXCEPTION
    WHEN NO_DATA_FOUND THEN
      INSERT INTO ACTION (ID, NAME, CREATE_DATE, CREATED_BY) VALUES (ACTION_ID_SEQ.NEXTVAL, 'SUBSCRIBE_TO_OFFER_CHAIN', SYSDATE, 'OFFERMAKER');
  END;
  BEGIN
    SELECT 1 INTO TMP_VAR FROM CORE_OWNER.NOTIFICATION_TYPE WHERE VALUE = 'sartre-digital-purchase';
  EXCEPTION
    WHEN NO_DATA_FOUND THEN NULL;
      INSERT INTO CORE_OWNER.NOTIFICATION_TYPE (ID, VALUE, TEMPLATE_URL) VALUES (CORE_OWNER.NOTTID_SEQ.NEXTVAL, 'sartre-digital-purchase', 'N/A');
  END;
  BEGIN
    SELECT 1 INTO TMP_VAR FROM ACTION WHERE NAME = 'UPGRADE_SUBSCRIPTION';
  EXCEPTION
    WHEN NO_DATA_FOUND THEN
      INSERT INTO ACTION (ID, NAME, CREATE_DATE, CREATED_BY) VALUES (ACTION_ID_SEQ.NEXTVAL, 'UPGRADE_SUBSCRIPTION', SYSDATE, 'OFFERMAKER');
  END;
  BEGIN
    SELECT 1 INTO TMP_VAR FROM CORE_OWNER.NOTIFICATION_TYPE WHERE VALUE = 'sartre-digital-purchase';
  EXCEPTION
    WHEN NO_DATA_FOUND THEN NULL;
      INSERT INTO CORE_OWNER.NOTIFICATION_TYPE (ID, VALUE, TEMPLATE_URL) VALUES (CORE_OWNER.NOTTID_SEQ.NEXTVAL, 'sartre-digital-purchase', 'N/A');
  END;
  BEGIN
    SELECT 1 INTO TMP_VAR FROM ACTION WHERE NAME = 'CANCEL_SUBSCRIPTION';
  EXCEPTION
    WHEN NO_DATA_FOUND THEN
      INSERT INTO ACTION (ID, NAME, CREATE_DATE, CREATED_BY) VALUES (ACTION_ID_SEQ.NEXTVAL, 'CANCEL_SUBSCRIPTION', SYSDATE, 'OFFERMAKER');
  END;
  BEGIN
    SELECT 1 INTO TMP_VAR FROM CORE_OWNER.NOTIFICATION_TYPE WHERE VALUE = 'sartre-cancel';
  EXCEPTION
    WHEN NO_DATA_FOUND THEN NULL;
      INSERT INTO CORE_OWNER.NOTIFICATION_TYPE (ID, VALUE, TEMPLATE_URL) VALUES (CORE_OWNER.NOTTID_SEQ.NEXTVAL, 'sartre-cancel', 'N/A');
  END;
  BEGIN
    SELECT 1 INTO TMP_VAR FROM ACTION WHERE NAME = 'SYSTEM_CANCEL';
  EXCEPTION
    WHEN NO_DATA_FOUND THEN
      INSERT INTO ACTION (ID, NAME, CREATE_DATE, CREATED_BY) VALUES (ACTION_ID_SEQ.NEXTVAL, 'SYSTEM_CANCEL', SYSDATE, 'OFFERMAKER');
  END;
  BEGIN
    SELECT 1 INTO TMP_VAR FROM CORE_OWNER.NOTIFICATION_TYPE WHERE VALUE = 'sartre-decline';
  EXCEPTION
    WHEN NO_DATA_FOUND THEN NULL;
      INSERT INTO CORE_OWNER.NOTIFICATION_TYPE (ID, VALUE, TEMPLATE_URL) VALUES (CORE_OWNER.NOTTID_SEQ.NEXTVAL, 'sartre-decline', 'N/A');
  END;
  BEGIN
    SELECT 1 INTO TMP_VAR FROM ACTION WHERE NAME = 'CREDIT_CARD_EXP';
  EXCEPTION
    WHEN NO_DATA_FOUND THEN
      INSERT INTO ACTION (ID, NAME, CREATE_DATE, CREATED_BY) VALUES (ACTION_ID_SEQ.NEXTVAL, 'CREDIT_CARD_EXP', SYSDATE, 'OFFERMAKER');
  END;
  BEGIN
    SELECT 1 INTO TMP_VAR FROM CORE_OWNER.NOTIFICATION_TYPE WHERE VALUE = 'card_expiration';
  EXCEPTION
    WHEN NO_DATA_FOUND THEN NULL;
      INSERT INTO CORE_OWNER.NOTIFICATION_TYPE (ID, VALUE, TEMPLATE_URL) VALUES (CORE_OWNER.NOTTID_SEQ.NEXTVAL, 'card_expiration', 'N/A');
  END;
  INSERT INTO OFFER_CHAIN_NOTIFICATION_TYPE (ID, OFFER_CHAIN_ID, NOTIFICATION_TYPE_ID, ACTION_ID, CREATED_BY, CREATE_DATE) VALUES (OCET_ID_SEQ.NEXTVAL, 2203800031, (SELECT ID FROM CORE_OWNER.NOTIFICATION_TYPE WHERE VALUE = 'sartre-digital-purchase'), (SELECT ID FROM ACTION WHERE NAME = 'SUBSCRIBE_TO_OFFER_CHAIN'), 'OFFERMAKER', SYSDATE);
  INSERT INTO OFFER_CHAIN_NOTIFICATION_TYPE (ID, OFFER_CHAIN_ID, NOTIFICATION_TYPE_ID, ACTION_ID, CREATED_BY, CREATE_DATE) VALUES (OCET_ID_SEQ.NEXTVAL, 2203800031, (SELECT ID FROM CORE_OWNER.NOTIFICATION_TYPE WHERE VALUE = 'sartre-digital-purchase'), (SELECT ID FROM ACTION WHERE NAME = 'UPGRADE_SUBSCRIPTION'), 'OFFERMAKER', SYSDATE);
  INSERT INTO OFFER_CHAIN_NOTIFICATION_TYPE (ID, OFFER_CHAIN_ID, NOTIFICATION_TYPE_ID, ACTION_ID, CREATED_BY, CREATE_DATE) VALUES (OCET_ID_SEQ.NEXTVAL, 2203800031, (SELECT ID FROM CORE_OWNER.NOTIFICATION_TYPE WHERE VALUE = 'sartre-cancel'), (SELECT ID FROM ACTION WHERE NAME = 'CANCEL_SUBSCRIPTION'), 'OFFERMAKER', SYSDATE);
  INSERT INTO OFFER_CHAIN_NOTIFICATION_TYPE (ID, OFFER_CHAIN_ID, NOTIFICATION_TYPE_ID, ACTION_ID, CREATED_BY, CREATE_DATE) VALUES (OCET_ID_SEQ.NEXTVAL, 2203800031, (SELECT ID FROM CORE_OWNER.NOTIFICATION_TYPE WHERE VALUE = 'sartre-decline'), (SELECT ID FROM ACTION WHERE NAME = 'SYSTEM_CANCEL'), 'OFFERMAKER', SYSDATE);
  INSERT INTO OFFER_CHAIN_NOTIFICATION_TYPE (ID, OFFER_CHAIN_ID, NOTIFICATION_TYPE_ID, ACTION_ID, CREATED_BY, CREATE_DATE) VALUES (OCET_ID_SEQ.NEXTVAL, 2203800031, (SELECT ID FROM CORE_OWNER.NOTIFICATION_TYPE WHERE VALUE = 'card_expiration'), (SELECT ID FROM ACTION WHERE NAME = 'CREDIT_CARD_EXP'), 'OFFERMAKER', SYSDATE);
  BEGIN
    SELECT 1 INTO TMP_VAR FROM OFFER_OFFER_CHAIN WHERE OFFER_CHAIN_ID = 2203800031 AND INDEX_VALUE = 0 AND ROWNUM <= 1;
  EXCEPTION
    WHEN NO_DATA_FOUND THEN
  INSERT INTO OFFER (ID, OFFER_STATUS_ID, ENTITLEMENT_DURATION, CREATED_BY, CREATE_DATE, updated_by, update_date) VALUES (OFR_ID_SEQ.NEXTVAL, 1, 'P0Y0M56DT0H0M', 'OFFERMAKER', SYSDATE, 'OFFERMAKER', SYSDATE);
  BEGIN
    SELECT ID INTO CUR_PRD_ID FROM PRODUCT WHERE NAME = 'Web' AND PRODUCT_STATUS_ID = 1 AND ROWNUM <= 1;
  EXCEPTION
    WHEN NO_DATA_FOUND THEN
      INSERT INTO PRODUCT (ID, NAME, PRODUCTION_COST, PRODUCT_STATUS_ID, PRODUCT_URI, UNIT_PRICE, CREATED_BY, CREATE_DATE) VALUES (PRD_ID_SEQ.NEXTVAL, 'Web', '0', 1, NULL, '0.357143', 'OFFERMAKER', SYSDATE);
      SELECT ID INTO CUR_PRD_ID FROM PRODUCT WHERE NAME = 'Web' AND PRODUCT_STATUS_ID = 1 AND ROWNUM <= 1;
    WHEN OTHERS THEN
      RAISE;
  END;
  SELECT ID INTO CUR_CAPABILITY_ID FROM CAPABILITY WHERE CODE IN LTRIM(RTRIM((UPPER('MM')))) AND ROWNUM <= 1;
  INSERT INTO PRODUCT_OFFERING (ID, PRODUCT_ID, TAX_POLICY_TYPE_ID, QUANTITY, UNIT_PRICE, TAX_CATEGORY_ID, CAPABILITY_ID, CREATED_BY, CREATE_DATE) VALUES (PO_ID_SEQ.NEXTVAL, CUR_PRD_ID, '1', '56', '0.357143', '2', CUR_CAPABILITY_ID, 'OFFERMAKER', SYSDATE);
  INSERT INTO PRODUCT_OFFERING_META_DATA (ID, PRODUCT_OFFERING_ID, NAME, VALUE, CREATED_BY, CREATE_DATE) VALUES (PROMD_ID_SEQ.NEXTVAL, PO_ID_SEQ.CURRVAL, 'entitlement_uri', 'http://:hostname:/svc/user/entitlements/mm/:id:.json', 'OFFERMAKER', SYSDATE);
  INSERT INTO PRODUCT_OFFERING_META_DATA (ID, PRODUCT_OFFERING_ID, NAME, VALUE, CREATED_BY, CREATE_DATE) VALUES (PROMD_ID_SEQ.NEXTVAL, PO_ID_SEQ.CURRVAL, 'DEFAULT_VAT_RATE', '{"*": 0.0}', 'OFFERMAKER', SYSDATE);
  INSERT INTO PRODUCT_OFFERING_META_DATA (ID, PRODUCT_OFFERING_ID, NAME, VALUE, CREATED_BY, CREATE_DATE) VALUES (PROMD_ID_SEQ.NEXTVAL, PO_ID_SEQ.CURRVAL, 'capability', 'MM', 'OFFERMAKER', SYSDATE);
  INSERT INTO OFFER_PRODUCT_OFFERING (OFFER_ID, PRODUCT_OFFERING_ID, CREATED_BY, CREATE_DATE) VALUES (OFR_ID_SEQ.CURRVAL, PO_ID_SEQ.CURRVAL, 'OFFERMAKER', SYSDATE);
  INSERT INTO DISCOUNT (ID, NAME, DESCRIPTION, FIXED_AMOUNT, PERCENT_AMOUNT, DISCOUNT_TYPE_ID, CREATED_BY, CREATE_DATE) VALUES (DSC_ID_SEQ.NEXTVAL, 'Discount', 'Target offer price 0.0 given offer total price 29.999984 and product price 20.000008', '20.000008', '0', 1, 'OFFERMAKER', SYSDATE);
  INSERT INTO DISCOUNT_PRODUCT_OFFERING (DISCOUNT_ID, PRODUCT_OFFERING_ID, CREATED_BY, CREATE_DATE) VALUES (DSC_ID_SEQ.CURRVAL, PO_ID_SEQ.CURRVAL, 'OFFERMAKER', SYSDATE);
  BEGIN
    SELECT ID INTO CUR_PRD_ID FROM PRODUCT WHERE NAME = 'Mobile' AND PRODUCT_STATUS_ID = 1 AND ROWNUM <= 1;
  EXCEPTION
    WHEN NO_DATA_FOUND THEN
      INSERT INTO PRODUCT (ID, NAME, PRODUCTION_COST, PRODUCT_STATUS_ID, PRODUCT_URI, UNIT_PRICE, CREATED_BY, CREATE_DATE) VALUES (PRD_ID_SEQ.NEXTVAL, 'Mobile', '0', 1, NULL, '0', 'OFFERMAKER', SYSDATE);
      SELECT ID INTO CUR_PRD_ID FROM PRODUCT WHERE NAME = 'Mobile' AND PRODUCT_STATUS_ID = 1 AND ROWNUM <= 1;
    WHEN OTHERS THEN
      RAISE;
  END;
  SELECT ID INTO CUR_CAPABILITY_ID FROM CAPABILITY WHERE CODE IN LTRIM(RTRIM((UPPER('MOW')))) AND ROWNUM <= 1;
  INSERT INTO PRODUCT_OFFERING (ID, PRODUCT_ID, TAX_POLICY_TYPE_ID, QUANTITY, UNIT_PRICE, TAX_CATEGORY_ID, CAPABILITY_ID, CREATED_BY, CREATE_DATE) VALUES (PO_ID_SEQ.NEXTVAL, CUR_PRD_ID, '1', '56', '0', '2', CUR_CAPABILITY_ID, 'OFFERMAKER', SYSDATE);
  INSERT INTO PRODUCT_OFFERING_META_DATA (ID, PRODUCT_OFFERING_ID, NAME, VALUE, CREATED_BY, CREATE_DATE) VALUES (PROMD_ID_SEQ.NEXTVAL, PO_ID_SEQ.CURRVAL, 'entitlement_uri', 'http://:hostname:/svc/user/entitlements/mow/:id:.json', 'OFFERMAKER', SYSDATE);
  INSERT INTO PRODUCT_OFFERING_META_DATA (ID, PRODUCT_OFFERING_ID, NAME, VALUE, CREATED_BY, CREATE_DATE) VALUES (PROMD_ID_SEQ.NEXTVAL, PO_ID_SEQ.CURRVAL, 'DEFAULT_VAT_RATE', '{"*": 0.0}', 'OFFERMAKER', SYSDATE);
  INSERT INTO PRODUCT_OFFERING_META_DATA (ID, PRODUCT_OFFERING_ID, NAME, VALUE, CREATED_BY, CREATE_DATE) VALUES (PROMD_ID_SEQ.NEXTVAL, PO_ID_SEQ.CURRVAL, 'capability', 'MOW', 'OFFERMAKER', SYSDATE);
  INSERT INTO OFFER_PRODUCT_OFFERING (OFFER_ID, PRODUCT_OFFERING_ID, CREATED_BY, CREATE_DATE) VALUES (OFR_ID_SEQ.CURRVAL, PO_ID_SEQ.CURRVAL, 'OFFERMAKER', SYSDATE);
  BEGIN
    SELECT ID INTO CUR_PRD_ID FROM PRODUCT WHERE NAME = 'Archive Article' AND PRODUCT_STATUS_ID = 1 AND ROWNUM <= 1;
  EXCEPTION
    WHEN NO_DATA_FOUND THEN
      INSERT INTO PRODUCT (ID, NAME, PRODUCTION_COST, PRODUCT_STATUS_ID, PRODUCT_URI, UNIT_PRICE, CREATED_BY, CREATE_DATE) VALUES (PRD_ID_SEQ.NEXTVAL, 'Archive Article', '0', 1, NULL, '0', 'OFFERMAKER', SYSDATE);
      SELECT ID INTO CUR_PRD_ID FROM PRODUCT WHERE NAME = 'Archive Article' AND PRODUCT_STATUS_ID = 1 AND ROWNUM <= 1;
    WHEN OTHERS THEN
      RAISE;
  END;
  SELECT ID INTO CUR_CAPABILITY_ID FROM CAPABILITY WHERE CODE IN LTRIM(RTRIM((UPPER('AAA')))) AND ROWNUM <= 1;
  INSERT INTO PRODUCT_OFFERING (ID, PRODUCT_ID, TAX_POLICY_TYPE_ID, QUANTITY, UNIT_PRICE, TAX_CATEGORY_ID, CAPABILITY_ID, CREATED_BY, CREATE_DATE) VALUES (PO_ID_SEQ.NEXTVAL, CUR_PRD_ID, '1', '200', '0', '2', CUR_CAPABILITY_ID, 'OFFERMAKER', SYSDATE);
  INSERT INTO PRODUCT_OFFERING_META_DATA (ID, PRODUCT_OFFERING_ID, NAME, VALUE, CREATED_BY, CREATE_DATE) VALUES (PROMD_ID_SEQ.NEXTVAL, PO_ID_SEQ.CURRVAL, 'entitlement_uri', 'http://:hostname:/svc/user/entitlements/archive/size/200/:id:.json', 'OFFERMAKER', SYSDATE);
  INSERT INTO PRODUCT_OFFERING_META_DATA (ID, PRODUCT_OFFERING_ID, NAME, VALUE, CREATED_BY, CREATE_DATE) VALUES (PROMD_ID_SEQ.NEXTVAL, PO_ID_SEQ.CURRVAL, 'DEFAULT_VAT_RATE', '{"*": 0.0}', 'OFFERMAKER', SYSDATE);
  INSERT INTO OFFER_PRODUCT_OFFERING (OFFER_ID, PRODUCT_OFFERING_ID, CREATED_BY, CREATE_DATE) VALUES (OFR_ID_SEQ.CURRVAL, PO_ID_SEQ.CURRVAL, 'OFFERMAKER', SYSDATE);
  BEGIN
    SELECT ID INTO CUR_PRD_ID FROM PRODUCT WHERE NAME = 'TimesMachine' AND PRODUCT_STATUS_ID = 1 AND ROWNUM <= 1;
  EXCEPTION
    WHEN NO_DATA_FOUND THEN
      INSERT INTO PRODUCT (ID, NAME, PRODUCTION_COST, PRODUCT_STATUS_ID, PRODUCT_URI, UNIT_PRICE, CREATED_BY, CREATE_DATE) VALUES (PRD_ID_SEQ.NEXTVAL, 'TimesMachine', '0', 1, NULL, '0', 'OFFERMAKER', SYSDATE);
      SELECT ID INTO CUR_PRD_ID FROM PRODUCT WHERE NAME = 'TimesMachine' AND PRODUCT_STATUS_ID = 1 AND ROWNUM <= 1;
    WHEN OTHERS THEN
      RAISE;
  END;
  SELECT ID INTO CUR_CAPABILITY_ID FROM CAPABILITY WHERE CODE IN LTRIM(RTRIM((UPPER('NONE')))) AND ROWNUM <= 1;
  INSERT INTO PRODUCT_OFFERING (ID, PRODUCT_ID, TAX_POLICY_TYPE_ID, QUANTITY, UNIT_PRICE, TAX_CATEGORY_ID, CAPABILITY_ID, CREATED_BY, CREATE_DATE) VALUES (PO_ID_SEQ.NEXTVAL, CUR_PRD_ID, '1', '56', '0', '2', CUR_CAPABILITY_ID, 'OFFERMAKER', SYSDATE);
  INSERT INTO PRODUCT_OFFERING_META_DATA (ID, PRODUCT_OFFERING_ID, NAME, VALUE, CREATED_BY, CREATE_DATE) VALUES (PROMD_ID_SEQ.NEXTVAL, PO_ID_SEQ.CURRVAL, 'DEFAULT_VAT_RATE', '{"*": 0.0}', 'OFFERMAKER', SYSDATE);
  INSERT INTO OFFER_PRODUCT_OFFERING (OFFER_ID, PRODUCT_OFFERING_ID, CREATED_BY, CREATE_DATE) VALUES (OFR_ID_SEQ.CURRVAL, PO_ID_SEQ.CURRVAL, 'OFFERMAKER', SYSDATE);
  BEGIN
    SELECT ID INTO CUR_PRD_ID FROM PRODUCT WHERE NAME = 'Smartphone' AND PRODUCT_STATUS_ID = 1 AND ROWNUM <= 1;
  EXCEPTION
    WHEN NO_DATA_FOUND THEN
      INSERT INTO PRODUCT (ID, NAME, PRODUCTION_COST, PRODUCT_STATUS_ID, PRODUCT_URI, UNIT_PRICE, CREATED_BY, CREATE_DATE) VALUES (PRD_ID_SEQ.NEXTVAL, 'Smartphone', '0', 1, NULL, '0.178571', 'OFFERMAKER', SYSDATE);
      SELECT ID INTO CUR_PRD_ID FROM PRODUCT WHERE NAME = 'Smartphone' AND PRODUCT_STATUS_ID = 1 AND ROWNUM <= 1;
    WHEN OTHERS THEN
      RAISE;
  END;
  SELECT ID INTO CUR_CAPABILITY_ID FROM CAPABILITY WHERE CODE IN LTRIM(RTRIM((UPPER('MSD')))) AND ROWNUM <= 1;
  INSERT INTO PRODUCT_OFFERING (ID, PRODUCT_ID, TAX_POLICY_TYPE_ID, QUANTITY, UNIT_PRICE, TAX_CATEGORY_ID, CAPABILITY_ID, CREATED_BY, CREATE_DATE) VALUES (PO_ID_SEQ.NEXTVAL, CUR_PRD_ID, '1', '56', '0.178571', '2', CUR_CAPABILITY_ID, 'OFFERMAKER', SYSDATE);
  INSERT INTO PRODUCT_OFFERING_META_DATA (ID, PRODUCT_OFFERING_ID, NAME, VALUE, CREATED_BY, CREATE_DATE) VALUES (PROMD_ID_SEQ.NEXTVAL, PO_ID_SEQ.CURRVAL, 'entitlement_uri', 'http://:hostname:/svc/user/entitlements/msd/:id:.json', 'OFFERMAKER', SYSDATE);
  INSERT INTO PRODUCT_OFFERING_META_DATA (ID, PRODUCT_OFFERING_ID, NAME, VALUE, CREATED_BY, CREATE_DATE) VALUES (PROMD_ID_SEQ.NEXTVAL, PO_ID_SEQ.CURRVAL, 'DEFAULT_VAT_RATE', '{"*": 0.0}', 'OFFERMAKER', SYSDATE);
  INSERT INTO PRODUCT_OFFERING_META_DATA (ID, PRODUCT_OFFERING_ID, NAME, VALUE, CREATED_BY, CREATE_DATE) VALUES (PROMD_ID_SEQ.NEXTVAL, PO_ID_SEQ.CURRVAL, 'capability', 'MSD', 'OFFERMAKER', SYSDATE);
  INSERT INTO OFFER_PRODUCT_OFFERING (OFFER_ID, PRODUCT_OFFERING_ID, CREATED_BY, CREATE_DATE) VALUES (OFR_ID_SEQ.CURRVAL, PO_ID_SEQ.CURRVAL, 'OFFERMAKER', SYSDATE);
  INSERT INTO DISCOUNT (ID, NAME, DESCRIPTION, FIXED_AMOUNT, PERCENT_AMOUNT, DISCOUNT_TYPE_ID, CREATED_BY, CREATE_DATE) VALUES (DSC_ID_SEQ.NEXTVAL, 'Discount', 'Target offer price 0.0 given offer total price 29.999984 and product price 9.999976', '9.999976', '0', 1, 'OFFERMAKER', SYSDATE);
  INSERT INTO DISCOUNT_PRODUCT_OFFERING (DISCOUNT_ID, PRODUCT_OFFERING_ID, CREATED_BY, CREATE_DATE) VALUES (DSC_ID_SEQ.CURRVAL, PO_ID_SEQ.CURRVAL, 'OFFERMAKER', SYSDATE);
  INSERT INTO OFFER_OFFER_CHAIN (OFFER_ID, OFFER_CHAIN_ID, INDEX_VALUE, NUM_RECURRENCES, CREATED_BY, CREATE_DATE, updated_by, update_date) VALUES (OFR_ID_SEQ.CURRVAL, 2203800031, '0', '1', 'OFFERMAKER', SYSDATE, 'OFFERMAKER', SYSDATE);
  END;
  BEGIN
    SELECT 1 INTO TMP_VAR FROM OFFER_OFFER_CHAIN WHERE OFFER_CHAIN_ID = 2203800031 AND INDEX_VALUE = 1 AND ROWNUM <= 1;
  EXCEPTION
    WHEN NO_DATA_FOUND THEN
  INSERT INTO OFFER (ID, OFFER_STATUS_ID, ENTITLEMENT_DURATION, CREATED_BY, CREATE_DATE, updated_by, update_date) VALUES (OFR_ID_SEQ.NEXTVAL, 1, 'P0Y0M28DT0H0M', 'OFFERMAKER', SYSDATE, 'OFFERMAKER', SYSDATE);
  BEGIN
    SELECT ID INTO CUR_PRD_ID FROM PRODUCT WHERE NAME = 'Web' AND PRODUCT_STATUS_ID = 1 AND ROWNUM <= 1;
  EXCEPTION
    WHEN NO_DATA_FOUND THEN
      INSERT INTO PRODUCT (ID, NAME, PRODUCTION_COST, PRODUCT_STATUS_ID, PRODUCT_URI, UNIT_PRICE, CREATED_BY, CREATE_DATE) VALUES (PRD_ID_SEQ.NEXTVAL, 'Web', '0', 1, NULL, '0.357143', 'OFFERMAKER', SYSDATE);
      SELECT ID INTO CUR_PRD_ID FROM PRODUCT WHERE NAME = 'Web' AND PRODUCT_STATUS_ID = 1 AND ROWNUM <= 1;
    WHEN OTHERS THEN
      RAISE;
  END;
  SELECT ID INTO CUR_CAPABILITY_ID FROM CAPABILITY WHERE CODE IN LTRIM(RTRIM((UPPER('MM')))) AND ROWNUM <= 1;
  INSERT INTO PRODUCT_OFFERING (ID, PRODUCT_ID, TAX_POLICY_TYPE_ID, QUANTITY, UNIT_PRICE, TAX_CATEGORY_ID, CAPABILITY_ID, CREATED_BY, CREATE_DATE) VALUES (PO_ID_SEQ.NEXTVAL, CUR_PRD_ID, '1', '28', '0.357143', '2', CUR_CAPABILITY_ID, 'OFFERMAKER', SYSDATE);
  INSERT INTO PRODUCT_OFFERING_META_DATA (ID, PRODUCT_OFFERING_ID, NAME, VALUE, CREATED_BY, CREATE_DATE) VALUES (PROMD_ID_SEQ.NEXTVAL, PO_ID_SEQ.CURRVAL, 'entitlement_uri', 'http://:hostname:/svc/user/entitlements/mm/:id:.json', 'OFFERMAKER', SYSDATE);
  INSERT INTO PRODUCT_OFFERING_META_DATA (ID, PRODUCT_OFFERING_ID, NAME, VALUE, CREATED_BY, CREATE_DATE) VALUES (PROMD_ID_SEQ.NEXTVAL, PO_ID_SEQ.CURRVAL, 'DEFAULT_VAT_RATE', '{"*": 0.0}', 'OFFERMAKER', SYSDATE);
  INSERT INTO PRODUCT_OFFERING_META_DATA (ID, PRODUCT_OFFERING_ID, NAME, VALUE, CREATED_BY, CREATE_DATE) VALUES (PROMD_ID_SEQ.NEXTVAL, PO_ID_SEQ.CURRVAL, 'capability', 'MM', 'OFFERMAKER', SYSDATE);
  INSERT INTO OFFER_PRODUCT_OFFERING (OFFER_ID, PRODUCT_OFFERING_ID, CREATED_BY, CREATE_DATE) VALUES (OFR_ID_SEQ.CURRVAL, PO_ID_SEQ.CURRVAL, 'OFFERMAKER', SYSDATE);
  INSERT INTO DISCOUNT (ID, NAME, DESCRIPTION, FIXED_AMOUNT, PERCENT_AMOUNT, DISCOUNT_TYPE_ID, CREATED_BY, CREATE_DATE) VALUES (DSC_ID_SEQ.NEXTVAL, 'Discount', 'Target offer price 15.0 given offer total price 14.999992 and product price -5.33333831111e-06', '-5.33333831111e-06', '0', 1, 'OFFERMAKER', SYSDATE);
  INSERT INTO DISCOUNT_PRODUCT_OFFERING (DISCOUNT_ID, PRODUCT_OFFERING_ID, CREATED_BY, CREATE_DATE) VALUES (DSC_ID_SEQ.CURRVAL, PO_ID_SEQ.CURRVAL, 'OFFERMAKER', SYSDATE);
  BEGIN
    SELECT ID INTO CUR_PRD_ID FROM PRODUCT WHERE NAME = 'Mobile' AND PRODUCT_STATUS_ID = 1 AND ROWNUM <= 1;
  EXCEPTION
    WHEN NO_DATA_FOUND THEN
      INSERT INTO PRODUCT (ID, NAME, PRODUCTION_COST, PRODUCT_STATUS_ID, PRODUCT_URI, UNIT_PRICE, CREATED_BY, CREATE_DATE) VALUES (PRD_ID_SEQ.NEXTVAL, 'Mobile', '0', 1, NULL, '0', 'OFFERMAKER', SYSDATE);
      SELECT ID INTO CUR_PRD_ID FROM PRODUCT WHERE NAME = 'Mobile' AND PRODUCT_STATUS_ID = 1 AND ROWNUM <= 1;
    WHEN OTHERS THEN
      RAISE;
  END;
  SELECT ID INTO CUR_CAPABILITY_ID FROM CAPABILITY WHERE CODE IN LTRIM(RTRIM((UPPER('MOW')))) AND ROWNUM <= 1;
  INSERT INTO PRODUCT_OFFERING (ID, PRODUCT_ID, TAX_POLICY_TYPE_ID, QUANTITY, UNIT_PRICE, TAX_CATEGORY_ID, CAPABILITY_ID, CREATED_BY, CREATE_DATE) VALUES (PO_ID_SEQ.NEXTVAL, CUR_PRD_ID, '1', '28', '0', '2', CUR_CAPABILITY_ID, 'OFFERMAKER', SYSDATE);
  INSERT INTO PRODUCT_OFFERING_META_DATA (ID, PRODUCT_OFFERING_ID, NAME, VALUE, CREATED_BY, CREATE_DATE) VALUES (PROMD_ID_SEQ.NEXTVAL, PO_ID_SEQ.CURRVAL, 'entitlement_uri', 'http://:hostname:/svc/user/entitlements/mow/:id:.json', 'OFFERMAKER', SYSDATE);
  INSERT INTO PRODUCT_OFFERING_META_DATA (ID, PRODUCT_OFFERING_ID, NAME, VALUE, CREATED_BY, CREATE_DATE) VALUES (PROMD_ID_SEQ.NEXTVAL, PO_ID_SEQ.CURRVAL, 'DEFAULT_VAT_RATE', '{"*": 0.0}', 'OFFERMAKER', SYSDATE);
  INSERT INTO PRODUCT_OFFERING_META_DATA (ID, PRODUCT_OFFERING_ID, NAME, VALUE, CREATED_BY, CREATE_DATE) VALUES (PROMD_ID_SEQ.NEXTVAL, PO_ID_SEQ.CURRVAL, 'capability', 'MOW', 'OFFERMAKER', SYSDATE);
  INSERT INTO OFFER_PRODUCT_OFFERING (OFFER_ID, PRODUCT_OFFERING_ID, CREATED_BY, CREATE_DATE) VALUES (OFR_ID_SEQ.CURRVAL, PO_ID_SEQ.CURRVAL, 'OFFERMAKER', SYSDATE);
  BEGIN
    SELECT ID INTO CUR_PRD_ID FROM PRODUCT WHERE NAME = 'Archive Article' AND PRODUCT_STATUS_ID = 1 AND ROWNUM <= 1;
  EXCEPTION
    WHEN NO_DATA_FOUND THEN
      INSERT INTO PRODUCT (ID, NAME, PRODUCTION_COST, PRODUCT_STATUS_ID, PRODUCT_URI, UNIT_PRICE, CREATED_BY, CREATE_DATE) VALUES (PRD_ID_SEQ.NEXTVAL, 'Archive Article', '0', 1, NULL, '0', 'OFFERMAKER', SYSDATE);
      SELECT ID INTO CUR_PRD_ID FROM PRODUCT WHERE NAME = 'Archive Article' AND PRODUCT_STATUS_ID = 1 AND ROWNUM <= 1;
    WHEN OTHERS THEN
      RAISE;
  END;
  SELECT ID INTO CUR_CAPABILITY_ID FROM CAPABILITY WHERE CODE IN LTRIM(RTRIM((UPPER('AAA')))) AND ROWNUM <= 1;
  INSERT INTO PRODUCT_OFFERING (ID, PRODUCT_ID, TAX_POLICY_TYPE_ID, QUANTITY, UNIT_PRICE, TAX_CATEGORY_ID, CAPABILITY_ID, CREATED_BY, CREATE_DATE) VALUES (PO_ID_SEQ.NEXTVAL, CUR_PRD_ID, '1', '100', '0', '2', CUR_CAPABILITY_ID, 'OFFERMAKER', SYSDATE);
  INSERT INTO PRODUCT_OFFERING_META_DATA (ID, PRODUCT_OFFERING_ID, NAME, VALUE, CREATED_BY, CREATE_DATE) VALUES (PROMD_ID_SEQ.NEXTVAL, PO_ID_SEQ.CURRVAL, 'entitlement_uri', 'http://:hostname:/svc/user/entitlements/archive/size/100/:id:.json', 'OFFERMAKER', SYSDATE);
  INSERT INTO PRODUCT_OFFERING_META_DATA (ID, PRODUCT_OFFERING_ID, NAME, VALUE, CREATED_BY, CREATE_DATE) VALUES (PROMD_ID_SEQ.NEXTVAL, PO_ID_SEQ.CURRVAL, 'DEFAULT_VAT_RATE', '{"*": 0.0}', 'OFFERMAKER', SYSDATE);
  INSERT INTO OFFER_PRODUCT_OFFERING (OFFER_ID, PRODUCT_OFFERING_ID, CREATED_BY, CREATE_DATE) VALUES (OFR_ID_SEQ.CURRVAL, PO_ID_SEQ.CURRVAL, 'OFFERMAKER', SYSDATE);
  BEGIN
    SELECT ID INTO CUR_PRD_ID FROM PRODUCT WHERE NAME = 'TimesMachine' AND PRODUCT_STATUS_ID = 1 AND ROWNUM <= 1;
  EXCEPTION
    WHEN NO_DATA_FOUND THEN
      INSERT INTO PRODUCT (ID, NAME, PRODUCTION_COST, PRODUCT_STATUS_ID, PRODUCT_URI, UNIT_PRICE, CREATED_BY, CREATE_DATE) VALUES (PRD_ID_SEQ.NEXTVAL, 'TimesMachine', '0', 1, NULL, '0', 'OFFERMAKER', SYSDATE);
      SELECT ID INTO CUR_PRD_ID FROM PRODUCT WHERE NAME = 'TimesMachine' AND PRODUCT_STATUS_ID = 1 AND ROWNUM <= 1;
    WHEN OTHERS THEN
      RAISE;
  END;
  SELECT ID INTO CUR_CAPABILITY_ID FROM CAPABILITY WHERE CODE IN LTRIM(RTRIM((UPPER('NONE')))) AND ROWNUM <= 1;
  INSERT INTO PRODUCT_OFFERING (ID, PRODUCT_ID, TAX_POLICY_TYPE_ID, QUANTITY, UNIT_PRICE, TAX_CATEGORY_ID, CAPABILITY_ID, CREATED_BY, CREATE_DATE) VALUES (PO_ID_SEQ.NEXTVAL, CUR_PRD_ID, '1', '28', '0', '2', CUR_CAPABILITY_ID, 'OFFERMAKER', SYSDATE);
  INSERT INTO PRODUCT_OFFERING_META_DATA (ID, PRODUCT_OFFERING_ID, NAME, VALUE, CREATED_BY, CREATE_DATE) VALUES (PROMD_ID_SEQ.NEXTVAL, PO_ID_SEQ.CURRVAL, 'DEFAULT_VAT_RATE', '{"*": 0.0}', 'OFFERMAKER', SYSDATE);
  INSERT INTO OFFER_PRODUCT_OFFERING (OFFER_ID, PRODUCT_OFFERING_ID, CREATED_BY, CREATE_DATE) VALUES (OFR_ID_SEQ.CURRVAL, PO_ID_SEQ.CURRVAL, 'OFFERMAKER', SYSDATE);
  BEGIN
    SELECT ID INTO CUR_PRD_ID FROM PRODUCT WHERE NAME = 'Smartphone' AND PRODUCT_STATUS_ID = 1 AND ROWNUM <= 1;
  EXCEPTION
    WHEN NO_DATA_FOUND THEN
      INSERT INTO PRODUCT (ID, NAME, PRODUCTION_COST, PRODUCT_STATUS_ID, PRODUCT_URI, UNIT_PRICE, CREATED_BY, CREATE_DATE) VALUES (PRD_ID_SEQ.NEXTVAL, 'Smartphone', '0', 1, NULL, '0.178571', 'OFFERMAKER', SYSDATE);
      SELECT ID INTO CUR_PRD_ID FROM PRODUCT WHERE NAME = 'Smartphone' AND PRODUCT_STATUS_ID = 1 AND ROWNUM <= 1;
    WHEN OTHERS THEN
      RAISE;
  END;
  SELECT ID INTO CUR_CAPABILITY_ID FROM CAPABILITY WHERE CODE IN LTRIM(RTRIM((UPPER('MSD')))) AND ROWNUM <= 1;
  INSERT INTO PRODUCT_OFFERING (ID, PRODUCT_ID, TAX_POLICY_TYPE_ID, QUANTITY, UNIT_PRICE, TAX_CATEGORY_ID, CAPABILITY_ID, CREATED_BY, CREATE_DATE) VALUES (PO_ID_SEQ.NEXTVAL, CUR_PRD_ID, '1', '28', '0.178571', '2', CUR_CAPABILITY_ID, 'OFFERMAKER', SYSDATE);
  INSERT INTO PRODUCT_OFFERING_META_DATA (ID, PRODUCT_OFFERING_ID, NAME, VALUE, CREATED_BY, CREATE_DATE) VALUES (PROMD_ID_SEQ.NEXTVAL, PO_ID_SEQ.CURRVAL, 'entitlement_uri', 'http://:hostname:/svc/user/entitlements/msd/:id:.json', 'OFFERMAKER', SYSDATE);
  INSERT INTO PRODUCT_OFFERING_META_DATA (ID, PRODUCT_OFFERING_ID, NAME, VALUE, CREATED_BY, CREATE_DATE) VALUES (PROMD_ID_SEQ.NEXTVAL, PO_ID_SEQ.CURRVAL, 'DEFAULT_VAT_RATE', '{"*": 0.0}', 'OFFERMAKER', SYSDATE);
  INSERT INTO PRODUCT_OFFERING_META_DATA (ID, PRODUCT_OFFERING_ID, NAME, VALUE, CREATED_BY, CREATE_DATE) VALUES (PROMD_ID_SEQ.NEXTVAL, PO_ID_SEQ.CURRVAL, 'capability', 'MSD', 'OFFERMAKER', SYSDATE);
  INSERT INTO OFFER_PRODUCT_OFFERING (OFFER_ID, PRODUCT_OFFERING_ID, CREATED_BY, CREATE_DATE) VALUES (OFR_ID_SEQ.CURRVAL, PO_ID_SEQ.CURRVAL, 'OFFERMAKER', SYSDATE);
  INSERT INTO DISCOUNT (ID, NAME, DESCRIPTION, FIXED_AMOUNT, PERCENT_AMOUNT, DISCOUNT_TYPE_ID, CREATED_BY, CREATE_DATE) VALUES (DSC_ID_SEQ.NEXTVAL, 'Discount', 'Target offer price 15.0 given offer total price 14.999992 and product price -2.66666168889e-06', '-2.66666168889e-06', '0', 1, 'OFFERMAKER', SYSDATE);
  INSERT INTO DISCOUNT_PRODUCT_OFFERING (DISCOUNT_ID, PRODUCT_OFFERING_ID, CREATED_BY, CREATE_DATE) VALUES (DSC_ID_SEQ.CURRVAL, PO_ID_SEQ.CURRVAL, 'OFFERMAKER', SYSDATE);
  INSERT INTO OFFER_OFFER_CHAIN (OFFER_ID, OFFER_CHAIN_ID, INDEX_VALUE, NUM_RECURRENCES, CREATED_BY, CREATE_DATE, updated_by, update_date) VALUES (OFR_ID_SEQ.CURRVAL, 2203800031, '1', '-1', 'OFFERMAKER', SYSDATE, 'OFFERMAKER', SYSDATE);
  END;
END;
/

DECLARE
  TMP_VAR NUMBER;
  CUR_PRD_ID NUMBER;
  CUR_CAPABILITY_ID NUMBER;
BEGIN
  BEGIN
    SELECT 1 INTO TMP_VAR FROM OFFER_CHAIN WHERE ID = 106981851 AND ROWNUM <= 1;
    UPDATE OFFER_CHAIN SET NAME='NYTimes: Web + Tablet App', DESCRIPTION='Unlimited access to NYTimes.com and the NYTimes tablet app.*', PRODUCT_URI='', VENDOR_SOURCE_ID='1', BILLING_SOURCE_ID=(SELECT ID FROM BILLING_SOURCE BS WHERE BS.NAME='Sartre'), IS_SEAT_LICENSE=0, GROUP_ACCOUNT_TYPE_ID='NO',IS_ADDRESS_REQUIRED=0, OFFER_CHAIN_STATUS_ID = 1, UPDATE_DATE = SYSDATE, UPDATED_BY = 'OFFERMAKER', IS_GIFT_CERTIFICATE='0', REVOKE_ENTITLEMENTS = '0', ADOPTABILITY_WINDOW_START_DATE = to_date('04-Apr-2013 00:00:00','DD-MON-YY HH24:MI:SS'), ADOPTABILITY_WINDOW_END_DATE = to_date('01-Jan-2100 00:00:00','DD-MON-YY HH24:MI:SS') WHERE ID = 106981851;
  EXCEPTION
    WHEN NO_DATA_FOUND THEN
      INSERT INTO OFFER_CHAIN (ID, NAME, DESCRIPTION, ADOPTABILITY_WINDOW_START_DATE, ADOPTABILITY_WINDOW_END_DATE, IS_GIFT_CERTIFICATE, PRODUCT_URI, OFFER_CHAIN_STATUS_ID, REVOKE_ENTITLEMENTS, VENDOR_SOURCE_ID, BILLING_SOURCE_ID, IS_SEAT_LICENSE, GROUP_ACCOUNT_TYPE_ID, IS_ADDRESS_REQUIRED, CREATED_BY, CREATE_DATE, updated_by, update_date) VALUES (106981851, 'NYTimes: Web + Tablet App', 'Unlimited access to NYTimes.com and the NYTimes tablet app.*', to_date('04-Apr-2013 00:00:00','DD-MON-YY HH24:MI:SS'), to_date('01-Jan-2100 00:00:00','DD-MON-YY HH24:MI:SS'), '0', NULL, '1', '0', '1', (SELECT ID FROM BILLING_SOURCE BS WHERE BS.NAME='Sartre'), decode('NO','IL',1,0), 'NO', '0', 'OFFERMAKER', SYSDATE, 'OFFERMAKER', SYSDATE);
  END;
  DELETE FROM OFFER_CHAIN_ELIGIBILITY WHERE offer_chain_id = 106981851;
  INSERT INTO OFFER_CHAIN_ELIGIBILITY (ID, OFFER_CHAIN_ID, NAME, VALUE, CREATED_BY, CREATE_DATE) VALUES (ELG_ID_SEQ.NEXTVAL, 106981851, 'IS_COMP', '0', 'OFFERMAKER', SYSDATE);
  INSERT INTO OFFER_CHAIN_ELIGIBILITY (ID, OFFER_CHAIN_ID, NAME, VALUE, CREATED_BY, CREATE_DATE) VALUES (ELG_ID_SEQ.NEXTVAL, 106981851, 'MAX_CONCURRENT_SUBS', '1', 'OFFERMAKER', SYSDATE);
  INSERT INTO OFFER_CHAIN_ELIGIBILITY (ID, OFFER_CHAIN_ID, NAME, VALUE, CREATED_BY, CREATE_DATE) VALUES (ELG_ID_SEQ.NEXTVAL, 106981851, 'INTERNAL_ONLY', '0', 'OFFERMAKER', SYSDATE);
  DELETE FROM OFFER_CHAIN_META_DATA WHERE offer_chain_id = 106981851;
  INSERT INTO OFFER_CHAIN_META_DATA (ID, OFFER_CHAIN_ID, NAME, VALUE, CREATED_BY, CREATE_DATE) VALUES (OCMD_ID_SEQ.NEXTVAL, 106981851, 'BUNDLE_EXPLANATION', '8 week free trial - web+tablet', 'OFFERMAKER', SYSDATE);
  INSERT INTO OFFER_CHAIN_META_DATA (ID, OFFER_CHAIN_ID, NAME, VALUE, CREATED_BY, CREATE_DATE) VALUES (OCMD_ID_SEQ.NEXTVAL, 106981851, 'PRICE_DESCRIPTION', 'Web+Tablet App Free Trial First 8 Weeks: FREE Thereafter: $20.00 every 4 weeks', 'OFFERMAKER', SYSDATE);
  INSERT INTO OFFER_CHAIN_META_DATA (ID, OFFER_CHAIN_ID, NAME, VALUE, CREATED_BY, CREATE_DATE) VALUES (OCMD_ID_SEQ.NEXTVAL, 106981851, 'PRICE_SHORT_DESCRIPTION', 'BNDL B / First 8 wks free', 'OFFERMAKER', SYSDATE);
  INSERT INTO OFFER_CHAIN_META_DATA (ID, OFFER_CHAIN_ID, NAME, VALUE, CREATED_BY, CREATE_DATE) VALUES (OCMD_ID_SEQ.NEXTVAL, 106981851, 'OFFER_TYPE', 'Free Trial for 8 Weeks', 'OFFERMAKER', SYSDATE);
  INSERT INTO OFFER_CHAIN_META_DATA (ID, OFFER_CHAIN_ID, NAME, VALUE, CREATED_BY, CREATE_DATE) VALUES (OCMD_ID_SEQ.NEXTVAL, 106981851, 'OFFER_PRICE_DESCRIPTOR', 'RISK-FREE TRIAL', 'OFFERMAKER', SYSDATE);
  INSERT INTO OFFER_CHAIN_META_DATA (ID, OFFER_CHAIN_ID, NAME, VALUE, CREATED_BY, CREATE_DATE) VALUES (OCMD_ID_SEQ.NEXTVAL, 106981851, 'OFFER_PRICE', 'Get your first 8 weeks free', 'OFFERMAKER', SYSDATE);
  INSERT INTO OFFER_CHAIN_META_DATA (ID, OFFER_CHAIN_ID, NAME, VALUE, CREATED_BY, CREATE_DATE) VALUES (OCMD_ID_SEQ.NEXTVAL, 106981851, 'OFFER_PRICE_DETAIL', '($5.00 / week thereafter)', 'OFFERMAKER', SYSDATE);
  INSERT INTO OFFER_CHAIN_META_DATA (ID, OFFER_CHAIN_ID, NAME, VALUE, CREATED_BY, CREATE_DATE) VALUES (OCMD_ID_SEQ.NEXTVAL, 106981851, 'PROMO_PRICE_FOOTER_LABEL', 'First 8 Weeks', 'OFFERMAKER', SYSDATE);
  INSERT INTO OFFER_CHAIN_META_DATA (ID, OFFER_CHAIN_ID, NAME, VALUE, CREATED_BY, CREATE_DATE) VALUES (OCMD_ID_SEQ.NEXTVAL, 106981851, 'ACTUAL_PRICE_FOOTER_LABEL', 'Thereafter', 'OFFERMAKER', SYSDATE);
  INSERT INTO OFFER_CHAIN_META_DATA (ID, OFFER_CHAIN_ID, NAME, VALUE, CREATED_BY, CREATE_DATE) VALUES (OCMD_ID_SEQ.NEXTVAL, 106981851, 'BILLING_CYCLE', 'every 4 weeks', 'OFFERMAKER', SYSDATE);
  INSERT INTO OFFER_CHAIN_META_DATA (ID, OFFER_CHAIN_ID, NAME, VALUE, CREATED_BY, CREATE_DATE) VALUES (OCMD_ID_SEQ.NEXTVAL, 106981851, 'SUBSCRIBER_TYPE', 'Regular', 'OFFERMAKER', SYSDATE);
  INSERT INTO OFFER_CHAIN_META_DATA (ID, OFFER_CHAIN_ID, NAME, VALUE, CREATED_BY, CREATE_DATE) VALUES (OCMD_ID_SEQ.NEXTVAL, 106981851, 'REFUND_POLICY', 'Monthly Billing: No refund.  Users will maintain access for the remainder of the billing period.  Users will not be billed in the next billing cycle.', 'OFFERMAKER', SYSDATE);
  INSERT INTO OFFER_CHAIN_META_DATA (ID, OFFER_CHAIN_ID, NAME, VALUE, CREATED_BY, CREATE_DATE) VALUES (OCMD_ID_SEQ.NEXTVAL, 106981851, 'CANCELABLE', '1', 'OFFERMAKER', SYSDATE);
  INSERT INTO OFFER_CHAIN_META_DATA (ID, OFFER_CHAIN_ID, NAME, VALUE, CREATED_BY, CREATE_DATE) VALUES (OCMD_ID_SEQ.NEXTVAL, 106981851, 'PRORATED_REFUND_DAYS_LIMIT', '28', 'OFFERMAKER', SYSDATE);
  INSERT INTO OFFER_CHAIN_META_DATA (ID, OFFER_CHAIN_ID, NAME, VALUE, CREATED_BY, CREATE_DATE) VALUES (OCMD_ID_SEQ.NEXTVAL, 106981851, 'OPEN_TO_ANONYMOUS', '1', 'OFFERMAKER', SYSDATE);
  INSERT INTO OFFER_CHAIN_META_DATA (ID, OFFER_CHAIN_ID, NAME, VALUE, CREATED_BY, CREATE_DATE) VALUES (OCMD_ID_SEQ.NEXTVAL, 106981851, 'BUNDLE', 'Bundle B (Web+Tab)', 'OFFERMAKER', SYSDATE);
  INSERT INTO OFFER_CHAIN_META_DATA (ID, OFFER_CHAIN_ID, NAME, VALUE, CREATED_BY, CREATE_DATE) VALUES (OCMD_ID_SEQ.NEXTVAL, 106981851, 'ADX_BUNDLE', 'MM_PROMO', 'OFFERMAKER', SYSDATE);
  INSERT INTO OFFER_CHAIN_META_DATA (ID, OFFER_CHAIN_ID, NAME, VALUE, CREATED_BY, CREATE_DATE) VALUES (OCMD_ID_SEQ.NEXTVAL, 106981851, 'SIEBEL_CAMPAIGN_CODE', '3JH4J', 'OFFERMAKER', SYSDATE);
  INSERT INTO OFFER_CHAIN_META_DATA (ID, OFFER_CHAIN_ID, NAME, VALUE, CREATED_BY, CREATE_DATE) VALUES (OCMD_ID_SEQ.NEXTVAL, 106981851, 'ANNUAL_PRICE', '260.00', 'OFFERMAKER', SYSDATE);
  INSERT INTO OFFER_CHAIN_META_DATA (ID, OFFER_CHAIN_ID, NAME, VALUE, CREATED_BY, CREATE_DATE) VALUES (OCMD_ID_SEQ.NEXTVAL, 106981851, 'UID', 'dbff106a53e4ba6aab1608a462d1473cda4480204849391488ca974994a99e00', 'OFFERMAKER', SYSDATE);
  DELETE FROM OFFER_CHAIN_NOTIFICATION_TYPE WHERE offer_chain_id = 106981851;
  BEGIN
    SELECT 1 INTO TMP_VAR FROM ACTION WHERE NAME = 'SUBSCRIBE_TO_OFFER_CHAIN';
  EXCEPTION
    WHEN NO_DATA_FOUND THEN
      INSERT INTO ACTION (ID, NAME, CREATE_DATE, CREATED_BY) VALUES (ACTION_ID_SEQ.NEXTVAL, 'SUBSCRIBE_TO_OFFER_CHAIN', SYSDATE, 'OFFERMAKER');
  END;
  BEGIN
    SELECT 1 INTO TMP_VAR FROM CORE_OWNER.NOTIFICATION_TYPE WHERE VALUE = 'sartre-digital-purchase';
  EXCEPTION
    WHEN NO_DATA_FOUND THEN NULL;
      INSERT INTO CORE_OWNER.NOTIFICATION_TYPE (ID, VALUE, TEMPLATE_URL) VALUES (CORE_OWNER.NOTTID_SEQ.NEXTVAL, 'sartre-digital-purchase', 'N/A');
  END;
  BEGIN
    SELECT 1 INTO TMP_VAR FROM ACTION WHERE NAME = 'UPGRADE_SUBSCRIPTION';
  EXCEPTION
    WHEN NO_DATA_FOUND THEN
      INSERT INTO ACTION (ID, NAME, CREATE_DATE, CREATED_BY) VALUES (ACTION_ID_SEQ.NEXTVAL, 'UPGRADE_SUBSCRIPTION', SYSDATE, 'OFFERMAKER');
  END;
  BEGIN
    SELECT 1 INTO TMP_VAR FROM CORE_OWNER.NOTIFICATION_TYPE WHERE VALUE = 'sartre-digital-purchase';
  EXCEPTION
    WHEN NO_DATA_FOUND THEN NULL;
      INSERT INTO CORE_OWNER.NOTIFICATION_TYPE (ID, VALUE, TEMPLATE_URL) VALUES (CORE_OWNER.NOTTID_SEQ.NEXTVAL, 'sartre-digital-purchase', 'N/A');
  END;
  BEGIN
    SELECT 1 INTO TMP_VAR FROM ACTION WHERE NAME = 'CANCEL_SUBSCRIPTION';
  EXCEPTION
    WHEN NO_DATA_FOUND THEN
      INSERT INTO ACTION (ID, NAME, CREATE_DATE, CREATED_BY) VALUES (ACTION_ID_SEQ.NEXTVAL, 'CANCEL_SUBSCRIPTION', SYSDATE, 'OFFERMAKER');
  END;
  BEGIN
    SELECT 1 INTO TMP_VAR FROM CORE_OWNER.NOTIFICATION_TYPE WHERE VALUE = 'sartre-cancel';
  EXCEPTION
    WHEN NO_DATA_FOUND THEN NULL;
      INSERT INTO CORE_OWNER.NOTIFICATION_TYPE (ID, VALUE, TEMPLATE_URL) VALUES (CORE_OWNER.NOTTID_SEQ.NEXTVAL, 'sartre-cancel', 'N/A');
  END;
  BEGIN
    SELECT 1 INTO TMP_VAR FROM ACTION WHERE NAME = 'SYSTEM_CANCEL';
  EXCEPTION
    WHEN NO_DATA_FOUND THEN
      INSERT INTO ACTION (ID, NAME, CREATE_DATE, CREATED_BY) VALUES (ACTION_ID_SEQ.NEXTVAL, 'SYSTEM_CANCEL', SYSDATE, 'OFFERMAKER');
  END;
  BEGIN
    SELECT 1 INTO TMP_VAR FROM CORE_OWNER.NOTIFICATION_TYPE WHERE VALUE = 'sartre-decline';
  EXCEPTION
    WHEN NO_DATA_FOUND THEN NULL;
      INSERT INTO CORE_OWNER.NOTIFICATION_TYPE (ID, VALUE, TEMPLATE_URL) VALUES (CORE_OWNER.NOTTID_SEQ.NEXTVAL, 'sartre-decline', 'N/A');
  END;
  BEGIN
    SELECT 1 INTO TMP_VAR FROM ACTION WHERE NAME = 'CREDIT_CARD_EXP';
  EXCEPTION
    WHEN NO_DATA_FOUND THEN
      INSERT INTO ACTION (ID, NAME, CREATE_DATE, CREATED_BY) VALUES (ACTION_ID_SEQ.NEXTVAL, 'CREDIT_CARD_EXP', SYSDATE, 'OFFERMAKER');
  END;
  BEGIN
    SELECT 1 INTO TMP_VAR FROM CORE_OWNER.NOTIFICATION_TYPE WHERE VALUE = 'card_expiration';
  EXCEPTION
    WHEN NO_DATA_FOUND THEN NULL;
      INSERT INTO CORE_OWNER.NOTIFICATION_TYPE (ID, VALUE, TEMPLATE_URL) VALUES (CORE_OWNER.NOTTID_SEQ.NEXTVAL, 'card_expiration', 'N/A');
  END;
  INSERT INTO OFFER_CHAIN_NOTIFICATION_TYPE (ID, OFFER_CHAIN_ID, NOTIFICATION_TYPE_ID, ACTION_ID, CREATED_BY, CREATE_DATE) VALUES (OCET_ID_SEQ.NEXTVAL, 106981851, (SELECT ID FROM CORE_OWNER.NOTIFICATION_TYPE WHERE VALUE = 'sartre-digital-purchase'), (SELECT ID FROM ACTION WHERE NAME = 'SUBSCRIBE_TO_OFFER_CHAIN'), 'OFFERMAKER', SYSDATE);
  INSERT INTO OFFER_CHAIN_NOTIFICATION_TYPE (ID, OFFER_CHAIN_ID, NOTIFICATION_TYPE_ID, ACTION_ID, CREATED_BY, CREATE_DATE) VALUES (OCET_ID_SEQ.NEXTVAL, 106981851, (SELECT ID FROM CORE_OWNER.NOTIFICATION_TYPE WHERE VALUE = 'sartre-digital-purchase'), (SELECT ID FROM ACTION WHERE NAME = 'UPGRADE_SUBSCRIPTION'), 'OFFERMAKER', SYSDATE);
  INSERT INTO OFFER_CHAIN_NOTIFICATION_TYPE (ID, OFFER_CHAIN_ID, NOTIFICATION_TYPE_ID, ACTION_ID, CREATED_BY, CREATE_DATE) VALUES (OCET_ID_SEQ.NEXTVAL, 106981851, (SELECT ID FROM CORE_OWNER.NOTIFICATION_TYPE WHERE VALUE = 'sartre-cancel'), (SELECT ID FROM ACTION WHERE NAME = 'CANCEL_SUBSCRIPTION'), 'OFFERMAKER', SYSDATE);
  INSERT INTO OFFER_CHAIN_NOTIFICATION_TYPE (ID, OFFER_CHAIN_ID, NOTIFICATION_TYPE_ID, ACTION_ID, CREATED_BY, CREATE_DATE) VALUES (OCET_ID_SEQ.NEXTVAL, 106981851, (SELECT ID FROM CORE_OWNER.NOTIFICATION_TYPE WHERE VALUE = 'sartre-decline'), (SELECT ID FROM ACTION WHERE NAME = 'SYSTEM_CANCEL'), 'OFFERMAKER', SYSDATE);
  INSERT INTO OFFER_CHAIN_NOTIFICATION_TYPE (ID, OFFER_CHAIN_ID, NOTIFICATION_TYPE_ID, ACTION_ID, CREATED_BY, CREATE_DATE) VALUES (OCET_ID_SEQ.NEXTVAL, 106981851, (SELECT ID FROM CORE_OWNER.NOTIFICATION_TYPE WHERE VALUE = 'card_expiration'), (SELECT ID FROM ACTION WHERE NAME = 'CREDIT_CARD_EXP'), 'OFFERMAKER', SYSDATE);
  BEGIN
    SELECT 1 INTO TMP_VAR FROM OFFER_OFFER_CHAIN WHERE OFFER_CHAIN_ID = 106981851 AND INDEX_VALUE = 0 AND ROWNUM <= 1;
  EXCEPTION
    WHEN NO_DATA_FOUND THEN
  INSERT INTO OFFER (ID, OFFER_STATUS_ID, ENTITLEMENT_DURATION, CREATED_BY, CREATE_DATE, updated_by, update_date) VALUES (OFR_ID_SEQ.NEXTVAL, 1, 'P0Y0M56DT0H0M', 'OFFERMAKER', SYSDATE, 'OFFERMAKER', SYSDATE);
  BEGIN
    SELECT ID INTO CUR_PRD_ID FROM PRODUCT WHERE NAME = 'Web' AND PRODUCT_STATUS_ID = 1 AND ROWNUM <= 1;
  EXCEPTION
    WHEN NO_DATA_FOUND THEN
      INSERT INTO PRODUCT (ID, NAME, PRODUCTION_COST, PRODUCT_STATUS_ID, PRODUCT_URI, UNIT_PRICE, CREATED_BY, CREATE_DATE) VALUES (PRD_ID_SEQ.NEXTVAL, 'Web', '0', 1, NULL, '0.357143', 'OFFERMAKER', SYSDATE);
      SELECT ID INTO CUR_PRD_ID FROM PRODUCT WHERE NAME = 'Web' AND PRODUCT_STATUS_ID = 1 AND ROWNUM <= 1;
    WHEN OTHERS THEN
      RAISE;
  END;
  SELECT ID INTO CUR_CAPABILITY_ID FROM CAPABILITY WHERE CODE IN LTRIM(RTRIM((UPPER('MM')))) AND ROWNUM <= 1;
  INSERT INTO PRODUCT_OFFERING (ID, PRODUCT_ID, TAX_POLICY_TYPE_ID, QUANTITY, UNIT_PRICE, TAX_CATEGORY_ID, CAPABILITY_ID, CREATED_BY, CREATE_DATE) VALUES (PO_ID_SEQ.NEXTVAL, CUR_PRD_ID, '1', '56', '0.357143', '2', CUR_CAPABILITY_ID, 'OFFERMAKER', SYSDATE);
  INSERT INTO PRODUCT_OFFERING_META_DATA (ID, PRODUCT_OFFERING_ID, NAME, VALUE, CREATED_BY, CREATE_DATE) VALUES (PROMD_ID_SEQ.NEXTVAL, PO_ID_SEQ.CURRVAL, 'entitlement_uri', 'http://:hostname:/svc/user/entitlements/mm/:id:.json', 'OFFERMAKER', SYSDATE);
  INSERT INTO PRODUCT_OFFERING_META_DATA (ID, PRODUCT_OFFERING_ID, NAME, VALUE, CREATED_BY, CREATE_DATE) VALUES (PROMD_ID_SEQ.NEXTVAL, PO_ID_SEQ.CURRVAL, 'DEFAULT_VAT_RATE', '{"*": 0.0}', 'OFFERMAKER', SYSDATE);
  INSERT INTO PRODUCT_OFFERING_META_DATA (ID, PRODUCT_OFFERING_ID, NAME, VALUE, CREATED_BY, CREATE_DATE) VALUES (PROMD_ID_SEQ.NEXTVAL, PO_ID_SEQ.CURRVAL, 'capability', 'MM', 'OFFERMAKER', SYSDATE);
  INSERT INTO OFFER_PRODUCT_OFFERING (OFFER_ID, PRODUCT_OFFERING_ID, CREATED_BY, CREATE_DATE) VALUES (OFR_ID_SEQ.CURRVAL, PO_ID_SEQ.CURRVAL, 'OFFERMAKER', SYSDATE);
  INSERT INTO DISCOUNT (ID, NAME, DESCRIPTION, FIXED_AMOUNT, PERCENT_AMOUNT, DISCOUNT_TYPE_ID, CREATED_BY, CREATE_DATE) VALUES (DSC_ID_SEQ.NEXTVAL, 'Discount', 'Target offer price 0.0 given offer total price 40.000016 and product price 20.000008', '20.000008', '0', 1, 'OFFERMAKER', SYSDATE);
  INSERT INTO DISCOUNT_PRODUCT_OFFERING (DISCOUNT_ID, PRODUCT_OFFERING_ID, CREATED_BY, CREATE_DATE) VALUES (DSC_ID_SEQ.CURRVAL, PO_ID_SEQ.CURRVAL, 'OFFERMAKER', SYSDATE);
  BEGIN
    SELECT ID INTO CUR_PRD_ID FROM PRODUCT WHERE NAME = 'Mobile' AND PRODUCT_STATUS_ID = 1 AND ROWNUM <= 1;
  EXCEPTION
    WHEN NO_DATA_FOUND THEN
      INSERT INTO PRODUCT (ID, NAME, PRODUCTION_COST, PRODUCT_STATUS_ID, PRODUCT_URI, UNIT_PRICE, CREATED_BY, CREATE_DATE) VALUES (PRD_ID_SEQ.NEXTVAL, 'Mobile', '0', 1, NULL, '0', 'OFFERMAKER', SYSDATE);
      SELECT ID INTO CUR_PRD_ID FROM PRODUCT WHERE NAME = 'Mobile' AND PRODUCT_STATUS_ID = 1 AND ROWNUM <= 1;
    WHEN OTHERS THEN
      RAISE;
  END;
  SELECT ID INTO CUR_CAPABILITY_ID FROM CAPABILITY WHERE CODE IN LTRIM(RTRIM((UPPER('MOW')))) AND ROWNUM <= 1;
  INSERT INTO PRODUCT_OFFERING (ID, PRODUCT_ID, TAX_POLICY_TYPE_ID, QUANTITY, UNIT_PRICE, TAX_CATEGORY_ID, CAPABILITY_ID, CREATED_BY, CREATE_DATE) VALUES (PO_ID_SEQ.NEXTVAL, CUR_PRD_ID, '1', '56', '0', '2', CUR_CAPABILITY_ID, 'OFFERMAKER', SYSDATE);
  INSERT INTO PRODUCT_OFFERING_META_DATA (ID, PRODUCT_OFFERING_ID, NAME, VALUE, CREATED_BY, CREATE_DATE) VALUES (PROMD_ID_SEQ.NEXTVAL, PO_ID_SEQ.CURRVAL, 'entitlement_uri', 'http://:hostname:/svc/user/entitlements/mow/:id:.json', 'OFFERMAKER', SYSDATE);
  INSERT INTO PRODUCT_OFFERING_META_DATA (ID, PRODUCT_OFFERING_ID, NAME, VALUE, CREATED_BY, CREATE_DATE) VALUES (PROMD_ID_SEQ.NEXTVAL, PO_ID_SEQ.CURRVAL, 'DEFAULT_VAT_RATE', '{"*": 0.0}', 'OFFERMAKER', SYSDATE);
  INSERT INTO PRODUCT_OFFERING_META_DATA (ID, PRODUCT_OFFERING_ID, NAME, VALUE, CREATED_BY, CREATE_DATE) VALUES (PROMD_ID_SEQ.NEXTVAL, PO_ID_SEQ.CURRVAL, 'capability', 'MOW', 'OFFERMAKER', SYSDATE);
  INSERT INTO OFFER_PRODUCT_OFFERING (OFFER_ID, PRODUCT_OFFERING_ID, CREATED_BY, CREATE_DATE) VALUES (OFR_ID_SEQ.CURRVAL, PO_ID_SEQ.CURRVAL, 'OFFERMAKER', SYSDATE);
  BEGIN
    SELECT ID INTO CUR_PRD_ID FROM PRODUCT WHERE NAME = 'Archive Article' AND PRODUCT_STATUS_ID = 1 AND ROWNUM <= 1;
  EXCEPTION
    WHEN NO_DATA_FOUND THEN
      INSERT INTO PRODUCT (ID, NAME, PRODUCTION_COST, PRODUCT_STATUS_ID, PRODUCT_URI, UNIT_PRICE, CREATED_BY, CREATE_DATE) VALUES (PRD_ID_SEQ.NEXTVAL, 'Archive Article', '0', 1, NULL, '0', 'OFFERMAKER', SYSDATE);
      SELECT ID INTO CUR_PRD_ID FROM PRODUCT WHERE NAME = 'Archive Article' AND PRODUCT_STATUS_ID = 1 AND ROWNUM <= 1;
    WHEN OTHERS THEN
      RAISE;
  END;
  SELECT ID INTO CUR_CAPABILITY_ID FROM CAPABILITY WHERE CODE IN LTRIM(RTRIM((UPPER('AAA')))) AND ROWNUM <= 1;
  INSERT INTO PRODUCT_OFFERING (ID, PRODUCT_ID, TAX_POLICY_TYPE_ID, QUANTITY, UNIT_PRICE, TAX_CATEGORY_ID, CAPABILITY_ID, CREATED_BY, CREATE_DATE) VALUES (PO_ID_SEQ.NEXTVAL, CUR_PRD_ID, '1', '200', '0', '2', CUR_CAPABILITY_ID, 'OFFERMAKER', SYSDATE);
  INSERT INTO PRODUCT_OFFERING_META_DATA (ID, PRODUCT_OFFERING_ID, NAME, VALUE, CREATED_BY, CREATE_DATE) VALUES (PROMD_ID_SEQ.NEXTVAL, PO_ID_SEQ.CURRVAL, 'entitlement_uri', 'http://:hostname:/svc/user/entitlements/archive/size/200/:id:.json', 'OFFERMAKER', SYSDATE);
  INSERT INTO PRODUCT_OFFERING_META_DATA (ID, PRODUCT_OFFERING_ID, NAME, VALUE, CREATED_BY, CREATE_DATE) VALUES (PROMD_ID_SEQ.NEXTVAL, PO_ID_SEQ.CURRVAL, 'DEFAULT_VAT_RATE', '{"*": 0.0}', 'OFFERMAKER', SYSDATE);
  INSERT INTO OFFER_PRODUCT_OFFERING (OFFER_ID, PRODUCT_OFFERING_ID, CREATED_BY, CREATE_DATE) VALUES (OFR_ID_SEQ.CURRVAL, PO_ID_SEQ.CURRVAL, 'OFFERMAKER', SYSDATE);
  BEGIN
    SELECT ID INTO CUR_PRD_ID FROM PRODUCT WHERE NAME = 'TimesMachine' AND PRODUCT_STATUS_ID = 1 AND ROWNUM <= 1;
  EXCEPTION
    WHEN NO_DATA_FOUND THEN
      INSERT INTO PRODUCT (ID, NAME, PRODUCTION_COST, PRODUCT_STATUS_ID, PRODUCT_URI, UNIT_PRICE, CREATED_BY, CREATE_DATE) VALUES (PRD_ID_SEQ.NEXTVAL, 'TimesMachine', '0', 1, NULL, '0', 'OFFERMAKER', SYSDATE);
      SELECT ID INTO CUR_PRD_ID FROM PRODUCT WHERE NAME = 'TimesMachine' AND PRODUCT_STATUS_ID = 1 AND ROWNUM <= 1;
    WHEN OTHERS THEN
      RAISE;
  END;
  SELECT ID INTO CUR_CAPABILITY_ID FROM CAPABILITY WHERE CODE IN LTRIM(RTRIM((UPPER('NONE')))) AND ROWNUM <= 1;
  INSERT INTO PRODUCT_OFFERING (ID, PRODUCT_ID, TAX_POLICY_TYPE_ID, QUANTITY, UNIT_PRICE, TAX_CATEGORY_ID, CAPABILITY_ID, CREATED_BY, CREATE_DATE) VALUES (PO_ID_SEQ.NEXTVAL, CUR_PRD_ID, '1', '56', '0', '2', CUR_CAPABILITY_ID, 'OFFERMAKER', SYSDATE);
  INSERT INTO PRODUCT_OFFERING_META_DATA (ID, PRODUCT_OFFERING_ID, NAME, VALUE, CREATED_BY, CREATE_DATE) VALUES (PROMD_ID_SEQ.NEXTVAL, PO_ID_SEQ.CURRVAL, 'DEFAULT_VAT_RATE', '{"*": 0.0}', 'OFFERMAKER', SYSDATE);
  INSERT INTO OFFER_PRODUCT_OFFERING (OFFER_ID, PRODUCT_OFFERING_ID, CREATED_BY, CREATE_DATE) VALUES (OFR_ID_SEQ.CURRVAL, PO_ID_SEQ.CURRVAL, 'OFFERMAKER', SYSDATE);
  BEGIN
    SELECT ID INTO CUR_PRD_ID FROM PRODUCT WHERE NAME = 'Tablet' AND PRODUCT_STATUS_ID = 1 AND ROWNUM <= 1;
  EXCEPTION
    WHEN NO_DATA_FOUND THEN
      INSERT INTO PRODUCT (ID, NAME, PRODUCTION_COST, PRODUCT_STATUS_ID, PRODUCT_URI, UNIT_PRICE, CREATED_BY, CREATE_DATE) VALUES (PRD_ID_SEQ.NEXTVAL, 'Tablet', '0', 1, NULL, '0.357143', 'OFFERMAKER', SYSDATE);
      SELECT ID INTO CUR_PRD_ID FROM PRODUCT WHERE NAME = 'Tablet' AND PRODUCT_STATUS_ID = 1 AND ROWNUM <= 1;
    WHEN OTHERS THEN
      RAISE;
  END;
  SELECT ID INTO CUR_CAPABILITY_ID FROM CAPABILITY WHERE CODE IN LTRIM(RTRIM((UPPER('MTD')))) AND ROWNUM <= 1;
  INSERT INTO PRODUCT_OFFERING (ID, PRODUCT_ID, TAX_POLICY_TYPE_ID, QUANTITY, UNIT_PRICE, TAX_CATEGORY_ID, CAPABILITY_ID, CREATED_BY, CREATE_DATE) VALUES (PO_ID_SEQ.NEXTVAL, CUR_PRD_ID, '1', '56', '0.357143', '2', CUR_CAPABILITY_ID, 'OFFERMAKER', SYSDATE);
  INSERT INTO PRODUCT_OFFERING_META_DATA (ID, PRODUCT_OFFERING_ID, NAME, VALUE, CREATED_BY, CREATE_DATE) VALUES (PROMD_ID_SEQ.NEXTVAL, PO_ID_SEQ.CURRVAL, 'entitlement_uri', 'http://:hostname:/svc/user/entitlements/mtd/:id:.json', 'OFFERMAKER', SYSDATE);
  INSERT INTO PRODUCT_OFFERING_META_DATA (ID, PRODUCT_OFFERING_ID, NAME, VALUE, CREATED_BY, CREATE_DATE) VALUES (PROMD_ID_SEQ.NEXTVAL, PO_ID_SEQ.CURRVAL, 'DEFAULT_VAT_RATE', '{"*": 0.0}', 'OFFERMAKER', SYSDATE);
  INSERT INTO PRODUCT_OFFERING_META_DATA (ID, PRODUCT_OFFERING_ID, NAME, VALUE, CREATED_BY, CREATE_DATE) VALUES (PROMD_ID_SEQ.NEXTVAL, PO_ID_SEQ.CURRVAL, 'capability', 'MTD', 'OFFERMAKER', SYSDATE);
  INSERT INTO OFFER_PRODUCT_OFFERING (OFFER_ID, PRODUCT_OFFERING_ID, CREATED_BY, CREATE_DATE) VALUES (OFR_ID_SEQ.CURRVAL, PO_ID_SEQ.CURRVAL, 'OFFERMAKER', SYSDATE);
  INSERT INTO DISCOUNT (ID, NAME, DESCRIPTION, FIXED_AMOUNT, PERCENT_AMOUNT, DISCOUNT_TYPE_ID, CREATED_BY, CREATE_DATE) VALUES (DSC_ID_SEQ.NEXTVAL, 'Discount', 'Target offer price 0.0 given offer total price 40.000016 and product price 20.000008', '20.000008', '0', 1, 'OFFERMAKER', SYSDATE);
  INSERT INTO DISCOUNT_PRODUCT_OFFERING (DISCOUNT_ID, PRODUCT_OFFERING_ID, CREATED_BY, CREATE_DATE) VALUES (DSC_ID_SEQ.CURRVAL, PO_ID_SEQ.CURRVAL, 'OFFERMAKER', SYSDATE);
  BEGIN
    SELECT ID INTO CUR_PRD_ID FROM PRODUCT WHERE NAME = 'TimesReader' AND PRODUCT_STATUS_ID = 1 AND ROWNUM <= 1;
  EXCEPTION
    WHEN NO_DATA_FOUND THEN
      INSERT INTO PRODUCT (ID, NAME, PRODUCTION_COST, PRODUCT_STATUS_ID, PRODUCT_URI, UNIT_PRICE, CREATED_BY, CREATE_DATE) VALUES (PRD_ID_SEQ.NEXTVAL, 'TimesReader', '0', 1, NULL, '0', 'OFFERMAKER', SYSDATE);
      SELECT ID INTO CUR_PRD_ID FROM PRODUCT WHERE NAME = 'TimesReader' AND PRODUCT_STATUS_ID = 1 AND ROWNUM <= 1;
    WHEN OTHERS THEN
      RAISE;
  END;
  SELECT ID INTO CUR_CAPABILITY_ID FROM CAPABILITY WHERE CODE IN LTRIM(RTRIM((UPPER('TNR')))) AND ROWNUM <= 1;
  INSERT INTO PRODUCT_OFFERING (ID, PRODUCT_ID, TAX_POLICY_TYPE_ID, QUANTITY, UNIT_PRICE, TAX_CATEGORY_ID, CAPABILITY_ID, CREATED_BY, CREATE_DATE) VALUES (PO_ID_SEQ.NEXTVAL, CUR_PRD_ID, '1', '56', '0', '2', CUR_CAPABILITY_ID, 'OFFERMAKER', SYSDATE);
  INSERT INTO PRODUCT_OFFERING_META_DATA (ID, PRODUCT_OFFERING_ID, NAME, VALUE, CREATED_BY, CREATE_DATE) VALUES (PROMD_ID_SEQ.NEXTVAL, PO_ID_SEQ.CURRVAL, 'entitlement_uri', 'http://:hostname:/svc/user/entitlements/timesreader/:id:.json', 'OFFERMAKER', SYSDATE);
  INSERT INTO PRODUCT_OFFERING_META_DATA (ID, PRODUCT_OFFERING_ID, NAME, VALUE, CREATED_BY, CREATE_DATE) VALUES (PROMD_ID_SEQ.NEXTVAL, PO_ID_SEQ.CURRVAL, 'capability', 'TNR', 'OFFERMAKER', SYSDATE);
  INSERT INTO PRODUCT_OFFERING_META_DATA (ID, PRODUCT_OFFERING_ID, NAME, VALUE, CREATED_BY, CREATE_DATE) VALUES (PROMD_ID_SEQ.NEXTVAL, PO_ID_SEQ.CURRVAL, 'DEFAULT_VAT_RATE', '{"*": 0.0}', 'OFFERMAKER', SYSDATE);
  INSERT INTO OFFER_PRODUCT_OFFERING (OFFER_ID, PRODUCT_OFFERING_ID, CREATED_BY, CREATE_DATE) VALUES (OFR_ID_SEQ.CURRVAL, PO_ID_SEQ.CURRVAL, 'OFFERMAKER', SYSDATE);
  INSERT INTO OFFER_OFFER_CHAIN (OFFER_ID, OFFER_CHAIN_ID, INDEX_VALUE, NUM_RECURRENCES, CREATED_BY, CREATE_DATE, updated_by, update_date) VALUES (OFR_ID_SEQ.CURRVAL, 106981851, '0', '1', 'OFFERMAKER', SYSDATE, 'OFFERMAKER', SYSDATE);
  END;
  BEGIN
    SELECT 1 INTO TMP_VAR FROM OFFER_OFFER_CHAIN WHERE OFFER_CHAIN_ID = 106981851 AND INDEX_VALUE = 1 AND ROWNUM <= 1;
  EXCEPTION
    WHEN NO_DATA_FOUND THEN
  INSERT INTO OFFER (ID, OFFER_STATUS_ID, ENTITLEMENT_DURATION, CREATED_BY, CREATE_DATE, updated_by, update_date) VALUES (OFR_ID_SEQ.NEXTVAL, 1, 'P0Y0M28DT0H0M', 'OFFERMAKER', SYSDATE, 'OFFERMAKER', SYSDATE);
  BEGIN
    SELECT ID INTO CUR_PRD_ID FROM PRODUCT WHERE NAME = 'Web' AND PRODUCT_STATUS_ID = 1 AND ROWNUM <= 1;
  EXCEPTION
    WHEN NO_DATA_FOUND THEN
      INSERT INTO PRODUCT (ID, NAME, PRODUCTION_COST, PRODUCT_STATUS_ID, PRODUCT_URI, UNIT_PRICE, CREATED_BY, CREATE_DATE) VALUES (PRD_ID_SEQ.NEXTVAL, 'Web', '0', 1, NULL, '0.357143', 'OFFERMAKER', SYSDATE);
      SELECT ID INTO CUR_PRD_ID FROM PRODUCT WHERE NAME = 'Web' AND PRODUCT_STATUS_ID = 1 AND ROWNUM <= 1;
    WHEN OTHERS THEN
      RAISE;
  END;
  SELECT ID INTO CUR_CAPABILITY_ID FROM CAPABILITY WHERE CODE IN LTRIM(RTRIM((UPPER('MM')))) AND ROWNUM <= 1;
  INSERT INTO PRODUCT_OFFERING (ID, PRODUCT_ID, TAX_POLICY_TYPE_ID, QUANTITY, UNIT_PRICE, TAX_CATEGORY_ID, CAPABILITY_ID, CREATED_BY, CREATE_DATE) VALUES (PO_ID_SEQ.NEXTVAL, CUR_PRD_ID, '1', '28', '0.357143', '2', CUR_CAPABILITY_ID, 'OFFERMAKER', SYSDATE);
  INSERT INTO PRODUCT_OFFERING_META_DATA (ID, PRODUCT_OFFERING_ID, NAME, VALUE, CREATED_BY, CREATE_DATE) VALUES (PROMD_ID_SEQ.NEXTVAL, PO_ID_SEQ.CURRVAL, 'entitlement_uri', 'http://:hostname:/svc/user/entitlements/mm/:id:.json', 'OFFERMAKER', SYSDATE);
  INSERT INTO PRODUCT_OFFERING_META_DATA (ID, PRODUCT_OFFERING_ID, NAME, VALUE, CREATED_BY, CREATE_DATE) VALUES (PROMD_ID_SEQ.NEXTVAL, PO_ID_SEQ.CURRVAL, 'DEFAULT_VAT_RATE', '{"*": 0.0}', 'OFFERMAKER', SYSDATE);
  INSERT INTO PRODUCT_OFFERING_META_DATA (ID, PRODUCT_OFFERING_ID, NAME, VALUE, CREATED_BY, CREATE_DATE) VALUES (PROMD_ID_SEQ.NEXTVAL, PO_ID_SEQ.CURRVAL, 'capability', 'MM', 'OFFERMAKER', SYSDATE);
  INSERT INTO OFFER_PRODUCT_OFFERING (OFFER_ID, PRODUCT_OFFERING_ID, CREATED_BY, CREATE_DATE) VALUES (OFR_ID_SEQ.CURRVAL, PO_ID_SEQ.CURRVAL, 'OFFERMAKER', SYSDATE);
  INSERT INTO DISCOUNT (ID, NAME, DESCRIPTION, FIXED_AMOUNT, PERCENT_AMOUNT, DISCOUNT_TYPE_ID, CREATED_BY, CREATE_DATE) VALUES (DSC_ID_SEQ.NEXTVAL, 'Discount', 'Target offer price 20.0 given offer total price 20.000008 and product price 4e-06', '4e-06', '0', 1, 'OFFERMAKER', SYSDATE);
  INSERT INTO DISCOUNT_PRODUCT_OFFERING (DISCOUNT_ID, PRODUCT_OFFERING_ID, CREATED_BY, CREATE_DATE) VALUES (DSC_ID_SEQ.CURRVAL, PO_ID_SEQ.CURRVAL, 'OFFERMAKER', SYSDATE);
  BEGIN
    SELECT ID INTO CUR_PRD_ID FROM PRODUCT WHERE NAME = 'Mobile' AND PRODUCT_STATUS_ID = 1 AND ROWNUM <= 1;
  EXCEPTION
    WHEN NO_DATA_FOUND THEN
      INSERT INTO PRODUCT (ID, NAME, PRODUCTION_COST, PRODUCT_STATUS_ID, PRODUCT_URI, UNIT_PRICE, CREATED_BY, CREATE_DATE) VALUES (PRD_ID_SEQ.NEXTVAL, 'Mobile', '0', 1, NULL, '0', 'OFFERMAKER', SYSDATE);
      SELECT ID INTO CUR_PRD_ID FROM PRODUCT WHERE NAME = 'Mobile' AND PRODUCT_STATUS_ID = 1 AND ROWNUM <= 1;
    WHEN OTHERS THEN
      RAISE;
  END;
  SELECT ID INTO CUR_CAPABILITY_ID FROM CAPABILITY WHERE CODE IN LTRIM(RTRIM((UPPER('MOW')))) AND ROWNUM <= 1;
  INSERT INTO PRODUCT_OFFERING (ID, PRODUCT_ID, TAX_POLICY_TYPE_ID, QUANTITY, UNIT_PRICE, TAX_CATEGORY_ID, CAPABILITY_ID, CREATED_BY, CREATE_DATE) VALUES (PO_ID_SEQ.NEXTVAL, CUR_PRD_ID, '1', '28', '0', '2', CUR_CAPABILITY_ID, 'OFFERMAKER', SYSDATE);
  INSERT INTO PRODUCT_OFFERING_META_DATA (ID, PRODUCT_OFFERING_ID, NAME, VALUE, CREATED_BY, CREATE_DATE) VALUES (PROMD_ID_SEQ.NEXTVAL, PO_ID_SEQ.CURRVAL, 'entitlement_uri', 'http://:hostname:/svc/user/entitlements/mow/:id:.json', 'OFFERMAKER', SYSDATE);
  INSERT INTO PRODUCT_OFFERING_META_DATA (ID, PRODUCT_OFFERING_ID, NAME, VALUE, CREATED_BY, CREATE_DATE) VALUES (PROMD_ID_SEQ.NEXTVAL, PO_ID_SEQ.CURRVAL, 'DEFAULT_VAT_RATE', '{"*": 0.0}', 'OFFERMAKER', SYSDATE);
  INSERT INTO PRODUCT_OFFERING_META_DATA (ID, PRODUCT_OFFERING_ID, NAME, VALUE, CREATED_BY, CREATE_DATE) VALUES (PROMD_ID_SEQ.NEXTVAL, PO_ID_SEQ.CURRVAL, 'capability', 'MOW', 'OFFERMAKER', SYSDATE);
  INSERT INTO OFFER_PRODUCT_OFFERING (OFFER_ID, PRODUCT_OFFERING_ID, CREATED_BY, CREATE_DATE) VALUES (OFR_ID_SEQ.CURRVAL, PO_ID_SEQ.CURRVAL, 'OFFERMAKER', SYSDATE);
  BEGIN
    SELECT ID INTO CUR_PRD_ID FROM PRODUCT WHERE NAME = 'Archive Article' AND PRODUCT_STATUS_ID = 1 AND ROWNUM <= 1;
  EXCEPTION
    WHEN NO_DATA_FOUND THEN
      INSERT INTO PRODUCT (ID, NAME, PRODUCTION_COST, PRODUCT_STATUS_ID, PRODUCT_URI, UNIT_PRICE, CREATED_BY, CREATE_DATE) VALUES (PRD_ID_SEQ.NEXTVAL, 'Archive Article', '0', 1, NULL, '0', 'OFFERMAKER', SYSDATE);
      SELECT ID INTO CUR_PRD_ID FROM PRODUCT WHERE NAME = 'Archive Article' AND PRODUCT_STATUS_ID = 1 AND ROWNUM <= 1;
    WHEN OTHERS THEN
      RAISE;
  END;
  SELECT ID INTO CUR_CAPABILITY_ID FROM CAPABILITY WHERE CODE IN LTRIM(RTRIM((UPPER('AAA')))) AND ROWNUM <= 1;
  INSERT INTO PRODUCT_OFFERING (ID, PRODUCT_ID, TAX_POLICY_TYPE_ID, QUANTITY, UNIT_PRICE, TAX_CATEGORY_ID, CAPABILITY_ID, CREATED_BY, CREATE_DATE) VALUES (PO_ID_SEQ.NEXTVAL, CUR_PRD_ID, '1', '100', '0', '2', CUR_CAPABILITY_ID, 'OFFERMAKER', SYSDATE);
  INSERT INTO PRODUCT_OFFERING_META_DATA (ID, PRODUCT_OFFERING_ID, NAME, VALUE, CREATED_BY, CREATE_DATE) VALUES (PROMD_ID_SEQ.NEXTVAL, PO_ID_SEQ.CURRVAL, 'entitlement_uri', 'http://:hostname:/svc/user/entitlements/archive/size/100/:id:.json', 'OFFERMAKER', SYSDATE);
  INSERT INTO PRODUCT_OFFERING_META_DATA (ID, PRODUCT_OFFERING_ID, NAME, VALUE, CREATED_BY, CREATE_DATE) VALUES (PROMD_ID_SEQ.NEXTVAL, PO_ID_SEQ.CURRVAL, 'DEFAULT_VAT_RATE', '{"*": 0.0}', 'OFFERMAKER', SYSDATE);
  INSERT INTO OFFER_PRODUCT_OFFERING (OFFER_ID, PRODUCT_OFFERING_ID, CREATED_BY, CREATE_DATE) VALUES (OFR_ID_SEQ.CURRVAL, PO_ID_SEQ.CURRVAL, 'OFFERMAKER', SYSDATE);
  BEGIN
    SELECT ID INTO CUR_PRD_ID FROM PRODUCT WHERE NAME = 'TimesMachine' AND PRODUCT_STATUS_ID = 1 AND ROWNUM <= 1;
  EXCEPTION
    WHEN NO_DATA_FOUND THEN
      INSERT INTO PRODUCT (ID, NAME, PRODUCTION_COST, PRODUCT_STATUS_ID, PRODUCT_URI, UNIT_PRICE, CREATED_BY, CREATE_DATE) VALUES (PRD_ID_SEQ.NEXTVAL, 'TimesMachine', '0', 1, NULL, '0', 'OFFERMAKER', SYSDATE);
      SELECT ID INTO CUR_PRD_ID FROM PRODUCT WHERE NAME = 'TimesMachine' AND PRODUCT_STATUS_ID = 1 AND ROWNUM <= 1;
    WHEN OTHERS THEN
      RAISE;
  END;
  SELECT ID INTO CUR_CAPABILITY_ID FROM CAPABILITY WHERE CODE IN LTRIM(RTRIM((UPPER('NONE')))) AND ROWNUM <= 1;
  INSERT INTO PRODUCT_OFFERING (ID, PRODUCT_ID, TAX_POLICY_TYPE_ID, QUANTITY, UNIT_PRICE, TAX_CATEGORY_ID, CAPABILITY_ID, CREATED_BY, CREATE_DATE) VALUES (PO_ID_SEQ.NEXTVAL, CUR_PRD_ID, '1', '28', '0', '2', CUR_CAPABILITY_ID, 'OFFERMAKER', SYSDATE);
  INSERT INTO PRODUCT_OFFERING_META_DATA (ID, PRODUCT_OFFERING_ID, NAME, VALUE, CREATED_BY, CREATE_DATE) VALUES (PROMD_ID_SEQ.NEXTVAL, PO_ID_SEQ.CURRVAL, 'DEFAULT_VAT_RATE', '{"*": 0.0}', 'OFFERMAKER', SYSDATE);
  INSERT INTO OFFER_PRODUCT_OFFERING (OFFER_ID, PRODUCT_OFFERING_ID, CREATED_BY, CREATE_DATE) VALUES (OFR_ID_SEQ.CURRVAL, PO_ID_SEQ.CURRVAL, 'OFFERMAKER', SYSDATE);
  BEGIN
    SELECT ID INTO CUR_PRD_ID FROM PRODUCT WHERE NAME = 'Tablet' AND PRODUCT_STATUS_ID = 1 AND ROWNUM <= 1;
  EXCEPTION
    WHEN NO_DATA_FOUND THEN
      INSERT INTO PRODUCT (ID, NAME, PRODUCTION_COST, PRODUCT_STATUS_ID, PRODUCT_URI, UNIT_PRICE, CREATED_BY, CREATE_DATE) VALUES (PRD_ID_SEQ.NEXTVAL, 'Tablet', '0', 1, NULL, '0.357143', 'OFFERMAKER', SYSDATE);
      SELECT ID INTO CUR_PRD_ID FROM PRODUCT WHERE NAME = 'Tablet' AND PRODUCT_STATUS_ID = 1 AND ROWNUM <= 1;
    WHEN OTHERS THEN
      RAISE;
  END;
  SELECT ID INTO CUR_CAPABILITY_ID FROM CAPABILITY WHERE CODE IN LTRIM(RTRIM((UPPER('MTD')))) AND ROWNUM <= 1;
  INSERT INTO PRODUCT_OFFERING (ID, PRODUCT_ID, TAX_POLICY_TYPE_ID, QUANTITY, UNIT_PRICE, TAX_CATEGORY_ID, CAPABILITY_ID, CREATED_BY, CREATE_DATE) VALUES (PO_ID_SEQ.NEXTVAL, CUR_PRD_ID, '1', '28', '0.357143', '2', CUR_CAPABILITY_ID, 'OFFERMAKER', SYSDATE);
  INSERT INTO PRODUCT_OFFERING_META_DATA (ID, PRODUCT_OFFERING_ID, NAME, VALUE, CREATED_BY, CREATE_DATE) VALUES (PROMD_ID_SEQ.NEXTVAL, PO_ID_SEQ.CURRVAL, 'entitlement_uri', 'http://:hostname:/svc/user/entitlements/mtd/:id:.json', 'OFFERMAKER', SYSDATE);
  INSERT INTO PRODUCT_OFFERING_META_DATA (ID, PRODUCT_OFFERING_ID, NAME, VALUE, CREATED_BY, CREATE_DATE) VALUES (PROMD_ID_SEQ.NEXTVAL, PO_ID_SEQ.CURRVAL, 'DEFAULT_VAT_RATE', '{"*": 0.0}', 'OFFERMAKER', SYSDATE);
  INSERT INTO PRODUCT_OFFERING_META_DATA (ID, PRODUCT_OFFERING_ID, NAME, VALUE, CREATED_BY, CREATE_DATE) VALUES (PROMD_ID_SEQ.NEXTVAL, PO_ID_SEQ.CURRVAL, 'capability', 'MTD', 'OFFERMAKER', SYSDATE);
  INSERT INTO OFFER_PRODUCT_OFFERING (OFFER_ID, PRODUCT_OFFERING_ID, CREATED_BY, CREATE_DATE) VALUES (OFR_ID_SEQ.CURRVAL, PO_ID_SEQ.CURRVAL, 'OFFERMAKER', SYSDATE);
  INSERT INTO DISCOUNT (ID, NAME, DESCRIPTION, FIXED_AMOUNT, PERCENT_AMOUNT, DISCOUNT_TYPE_ID, CREATED_BY, CREATE_DATE) VALUES (DSC_ID_SEQ.NEXTVAL, 'Discount', 'Target offer price 20.0 given offer total price 20.000008 and product price 4e-06', '4e-06', '0', 1, 'OFFERMAKER', SYSDATE);
  INSERT INTO DISCOUNT_PRODUCT_OFFERING (DISCOUNT_ID, PRODUCT_OFFERING_ID, CREATED_BY, CREATE_DATE) VALUES (DSC_ID_SEQ.CURRVAL, PO_ID_SEQ.CURRVAL, 'OFFERMAKER', SYSDATE);
  BEGIN
    SELECT ID INTO CUR_PRD_ID FROM PRODUCT WHERE NAME = 'TimesReader' AND PRODUCT_STATUS_ID = 1 AND ROWNUM <= 1;
  EXCEPTION
    WHEN NO_DATA_FOUND THEN
      INSERT INTO PRODUCT (ID, NAME, PRODUCTION_COST, PRODUCT_STATUS_ID, PRODUCT_URI, UNIT_PRICE, CREATED_BY, CREATE_DATE) VALUES (PRD_ID_SEQ.NEXTVAL, 'TimesReader', '0', 1, NULL, '0', 'OFFERMAKER', SYSDATE);
      SELECT ID INTO CUR_PRD_ID FROM PRODUCT WHERE NAME = 'TimesReader' AND PRODUCT_STATUS_ID = 1 AND ROWNUM <= 1;
    WHEN OTHERS THEN
      RAISE;
  END;
  SELECT ID INTO CUR_CAPABILITY_ID FROM CAPABILITY WHERE CODE IN LTRIM(RTRIM((UPPER('TNR')))) AND ROWNUM <= 1;
  INSERT INTO PRODUCT_OFFERING (ID, PRODUCT_ID, TAX_POLICY_TYPE_ID, QUANTITY, UNIT_PRICE, TAX_CATEGORY_ID, CAPABILITY_ID, CREATED_BY, CREATE_DATE) VALUES (PO_ID_SEQ.NEXTVAL, CUR_PRD_ID, '1', '28', '0', '2', CUR_CAPABILITY_ID, 'OFFERMAKER', SYSDATE);
  INSERT INTO PRODUCT_OFFERING_META_DATA (ID, PRODUCT_OFFERING_ID, NAME, VALUE, CREATED_BY, CREATE_DATE) VALUES (PROMD_ID_SEQ.NEXTVAL, PO_ID_SEQ.CURRVAL, 'entitlement_uri', 'http://:hostname:/svc/user/entitlements/timesreader/:id:.json', 'OFFERMAKER', SYSDATE);
  INSERT INTO PRODUCT_OFFERING_META_DATA (ID, PRODUCT_OFFERING_ID, NAME, VALUE, CREATED_BY, CREATE_DATE) VALUES (PROMD_ID_SEQ.NEXTVAL, PO_ID_SEQ.CURRVAL, 'capability', 'TNR', 'OFFERMAKER', SYSDATE);
  INSERT INTO PRODUCT_OFFERING_META_DATA (ID, PRODUCT_OFFERING_ID, NAME, VALUE, CREATED_BY, CREATE_DATE) VALUES (PROMD_ID_SEQ.NEXTVAL, PO_ID_SEQ.CURRVAL, 'DEFAULT_VAT_RATE', '{"*": 0.0}', 'OFFERMAKER', SYSDATE);
  INSERT INTO OFFER_PRODUCT_OFFERING (OFFER_ID, PRODUCT_OFFERING_ID, CREATED_BY, CREATE_DATE) VALUES (OFR_ID_SEQ.CURRVAL, PO_ID_SEQ.CURRVAL, 'OFFERMAKER', SYSDATE);
  INSERT INTO OFFER_OFFER_CHAIN (OFFER_ID, OFFER_CHAIN_ID, INDEX_VALUE, NUM_RECURRENCES, CREATED_BY, CREATE_DATE, updated_by, update_date) VALUES (OFR_ID_SEQ.CURRVAL, 106981851, '1', '-1', 'OFFERMAKER', SYSDATE, 'OFFERMAKER', SYSDATE);
  END;
END;
/

DECLARE
  TMP_VAR NUMBER;
  CUR_PRD_ID NUMBER;
  CUR_CAPABILITY_ID NUMBER;
BEGIN
  BEGIN
    SELECT 1 INTO TMP_VAR FROM OFFER_CHAIN WHERE ID = 2292987918 AND ROWNUM <= 1;
    UPDATE OFFER_CHAIN SET NAME='NYTimes: All Digital Access', DESCRIPTION='Unlimited access to NYTimes.com, and the NYTimes smartphone and tablet apps.*', PRODUCT_URI='', VENDOR_SOURCE_ID='1', BILLING_SOURCE_ID=(SELECT ID FROM BILLING_SOURCE BS WHERE BS.NAME='Sartre'), IS_SEAT_LICENSE=0, GROUP_ACCOUNT_TYPE_ID='FL',IS_ADDRESS_REQUIRED=0, OFFER_CHAIN_STATUS_ID = 1, UPDATE_DATE = SYSDATE, UPDATED_BY = 'OFFERMAKER', IS_GIFT_CERTIFICATE='0', REVOKE_ENTITLEMENTS = '0', ADOPTABILITY_WINDOW_START_DATE = to_date('04-Apr-2013 00:00:00','DD-MON-YY HH24:MI:SS'), ADOPTABILITY_WINDOW_END_DATE = to_date('01-Jan-2100 00:00:00','DD-MON-YY HH24:MI:SS') WHERE ID = 2292987918;
  EXCEPTION
    WHEN NO_DATA_FOUND THEN
      INSERT INTO OFFER_CHAIN (ID, NAME, DESCRIPTION, ADOPTABILITY_WINDOW_START_DATE, ADOPTABILITY_WINDOW_END_DATE, IS_GIFT_CERTIFICATE, PRODUCT_URI, OFFER_CHAIN_STATUS_ID, REVOKE_ENTITLEMENTS, VENDOR_SOURCE_ID, BILLING_SOURCE_ID, IS_SEAT_LICENSE, GROUP_ACCOUNT_TYPE_ID, IS_ADDRESS_REQUIRED, CREATED_BY, CREATE_DATE, updated_by, update_date) VALUES (2292987918, 'NYTimes: All Digital Access', 'Unlimited access to NYTimes.com, and the NYTimes smartphone and tablet apps.*', to_date('04-Apr-2013 00:00:00','DD-MON-YY HH24:MI:SS'), to_date('01-Jan-2100 00:00:00','DD-MON-YY HH24:MI:SS'), '0', NULL, '1', '0', '1', (SELECT ID FROM BILLING_SOURCE BS WHERE BS.NAME='Sartre'), decode('FL','IL',1,0), 'FL', '0', 'OFFERMAKER', SYSDATE, 'OFFERMAKER', SYSDATE);
  END;
  DELETE FROM OFFER_CHAIN_ELIGIBILITY WHERE offer_chain_id = 2292987918;
  INSERT INTO OFFER_CHAIN_ELIGIBILITY (ID, OFFER_CHAIN_ID, NAME, VALUE, CREATED_BY, CREATE_DATE) VALUES (ELG_ID_SEQ.NEXTVAL, 2292987918, 'IS_COMP', '0', 'OFFERMAKER', SYSDATE);
  INSERT INTO OFFER_CHAIN_ELIGIBILITY (ID, OFFER_CHAIN_ID, NAME, VALUE, CREATED_BY, CREATE_DATE) VALUES (ELG_ID_SEQ.NEXTVAL, 2292987918, 'MAX_CONCURRENT_SUBS', '1', 'OFFERMAKER', SYSDATE);
  INSERT INTO OFFER_CHAIN_ELIGIBILITY (ID, OFFER_CHAIN_ID, NAME, VALUE, CREATED_BY, CREATE_DATE) VALUES (ELG_ID_SEQ.NEXTVAL, 2292987918, 'INTERNAL_ONLY', '0', 'OFFERMAKER', SYSDATE);
  DELETE FROM OFFER_CHAIN_META_DATA WHERE offer_chain_id = 2292987918;
  INSERT INTO OFFER_CHAIN_META_DATA (ID, OFFER_CHAIN_ID, NAME, VALUE, CREATED_BY, CREATE_DATE) VALUES (OCMD_ID_SEQ.NEXTVAL, 2292987918, 'BUNDLE_EXPLANATION', '8 week free trial - all access', 'OFFERMAKER', SYSDATE);
  INSERT INTO OFFER_CHAIN_META_DATA (ID, OFFER_CHAIN_ID, NAME, VALUE, CREATED_BY, CREATE_DATE) VALUES (OCMD_ID_SEQ.NEXTVAL, 2292987918, 'PRICE_DESCRIPTION', 'All Digital Access Free Trial First 8 Weeks: FREE Thereafter: $35.00 every 4 weeks', 'OFFERMAKER', SYSDATE);
  INSERT INTO OFFER_CHAIN_META_DATA (ID, OFFER_CHAIN_ID, NAME, VALUE, CREATED_BY, CREATE_DATE) VALUES (OCMD_ID_SEQ.NEXTVAL, 2292987918, 'PRICE_SHORT_DESCRIPTION', 'BNDL D / First 8 wks free', 'OFFERMAKER', SYSDATE);
  INSERT INTO OFFER_CHAIN_META_DATA (ID, OFFER_CHAIN_ID, NAME, VALUE, CREATED_BY, CREATE_DATE) VALUES (OCMD_ID_SEQ.NEXTVAL, 2292987918, 'OFFER_TYPE', 'Free Trial for 8 Weeks', 'OFFERMAKER', SYSDATE);
  INSERT INTO OFFER_CHAIN_META_DATA (ID, OFFER_CHAIN_ID, NAME, VALUE, CREATED_BY, CREATE_DATE) VALUES (OCMD_ID_SEQ.NEXTVAL, 2292987918, 'OFFER_PRICE_DESCRIPTOR', 'RISK-FREE TRIAL', 'OFFERMAKER', SYSDATE);
  INSERT INTO OFFER_CHAIN_META_DATA (ID, OFFER_CHAIN_ID, NAME, VALUE, CREATED_BY, CREATE_DATE) VALUES (OCMD_ID_SEQ.NEXTVAL, 2292987918, 'OFFER_PRICE', 'Get your first 8 weeks free', 'OFFERMAKER', SYSDATE);
  INSERT INTO OFFER_CHAIN_META_DATA (ID, OFFER_CHAIN_ID, NAME, VALUE, CREATED_BY, CREATE_DATE) VALUES (OCMD_ID_SEQ.NEXTVAL, 2292987918, 'OFFER_PRICE_DETAIL', '($8.75 / week thereafter)', 'OFFERMAKER', SYSDATE);
  INSERT INTO OFFER_CHAIN_META_DATA (ID, OFFER_CHAIN_ID, NAME, VALUE, CREATED_BY, CREATE_DATE) VALUES (OCMD_ID_SEQ.NEXTVAL, 2292987918, 'PROMO_PRICE_FOOTER_LABEL', 'First 8 Weeks', 'OFFERMAKER', SYSDATE);
  INSERT INTO OFFER_CHAIN_META_DATA (ID, OFFER_CHAIN_ID, NAME, VALUE, CREATED_BY, CREATE_DATE) VALUES (OCMD_ID_SEQ.NEXTVAL, 2292987918, 'ACTUAL_PRICE_FOOTER_LABEL', 'Thereafter', 'OFFERMAKER', SYSDATE);
  INSERT INTO OFFER_CHAIN_META_DATA (ID, OFFER_CHAIN_ID, NAME, VALUE, CREATED_BY, CREATE_DATE) VALUES (OCMD_ID_SEQ.NEXTVAL, 2292987918, 'BILLING_CYCLE', 'every 4 weeks', 'OFFERMAKER', SYSDATE);
  INSERT INTO OFFER_CHAIN_META_DATA (ID, OFFER_CHAIN_ID, NAME, VALUE, CREATED_BY, CREATE_DATE) VALUES (OCMD_ID_SEQ.NEXTVAL, 2292987918, 'SUBSCRIBER_TYPE', 'Regular', 'OFFERMAKER', SYSDATE);
  INSERT INTO OFFER_CHAIN_META_DATA (ID, OFFER_CHAIN_ID, NAME, VALUE, CREATED_BY, CREATE_DATE) VALUES (OCMD_ID_SEQ.NEXTVAL, 2292987918, 'REFUND_POLICY', 'Monthly Billing: No refund.  Users will maintain access for the remainder of the billing period.  Users will not be billed in the next billing cycle.', 'OFFERMAKER', SYSDATE);
  INSERT INTO OFFER_CHAIN_META_DATA (ID, OFFER_CHAIN_ID, NAME, VALUE, CREATED_BY, CREATE_DATE) VALUES (OCMD_ID_SEQ.NEXTVAL, 2292987918, 'CANCELABLE', '1', 'OFFERMAKER', SYSDATE);
  INSERT INTO OFFER_CHAIN_META_DATA (ID, OFFER_CHAIN_ID, NAME, VALUE, CREATED_BY, CREATE_DATE) VALUES (OCMD_ID_SEQ.NEXTVAL, 2292987918, 'PRORATED_REFUND_DAYS_LIMIT', '28', 'OFFERMAKER', SYSDATE);
  INSERT INTO OFFER_CHAIN_META_DATA (ID, OFFER_CHAIN_ID, NAME, VALUE, CREATED_BY, CREATE_DATE) VALUES (OCMD_ID_SEQ.NEXTVAL, 2292987918, 'OPEN_TO_ANONYMOUS', '1', 'OFFERMAKER', SYSDATE);
  INSERT INTO OFFER_CHAIN_META_DATA (ID, OFFER_CHAIN_ID, NAME, VALUE, CREATED_BY, CREATE_DATE) VALUES (OCMD_ID_SEQ.NEXTVAL, 2292987918, 'BUNDLE', 'Bundle D (Digital All Access)', 'OFFERMAKER', SYSDATE);
  INSERT INTO OFFER_CHAIN_META_DATA (ID, OFFER_CHAIN_ID, NAME, VALUE, CREATED_BY, CREATE_DATE) VALUES (OCMD_ID_SEQ.NEXTVAL, 2292987918, 'ADX_BUNDLE', 'MM_PROMO', 'OFFERMAKER', SYSDATE);
  INSERT INTO OFFER_CHAIN_META_DATA (ID, OFFER_CHAIN_ID, NAME, VALUE, CREATED_BY, CREATE_DATE) VALUES (OCMD_ID_SEQ.NEXTVAL, 2292987918, 'SIEBEL_CAMPAIGN_CODE', '3JH4J', 'OFFERMAKER', SYSDATE);
  INSERT INTO OFFER_CHAIN_META_DATA (ID, OFFER_CHAIN_ID, NAME, VALUE, CREATED_BY, CREATE_DATE) VALUES (OCMD_ID_SEQ.NEXTVAL, 2292987918, 'ANNUAL_PRICE', '455.00', 'OFFERMAKER', SYSDATE);
  INSERT INTO OFFER_CHAIN_META_DATA (ID, OFFER_CHAIN_ID, NAME, VALUE, CREATED_BY, CREATE_DATE) VALUES (OCMD_ID_SEQ.NEXTVAL, 2292987918, 'UID', 'e5b291403a4b38d769af3319b88b477a4b4ad665bb97d37627d36679bdd4b654', 'OFFERMAKER', SYSDATE);
  DELETE FROM OFFER_CHAIN_NOTIFICATION_TYPE WHERE offer_chain_id = 2292987918;
  BEGIN
    SELECT 1 INTO TMP_VAR FROM ACTION WHERE NAME = 'SUBSCRIBE_TO_OFFER_CHAIN';
  EXCEPTION
    WHEN NO_DATA_FOUND THEN
      INSERT INTO ACTION (ID, NAME, CREATE_DATE, CREATED_BY) VALUES (ACTION_ID_SEQ.NEXTVAL, 'SUBSCRIBE_TO_OFFER_CHAIN', SYSDATE, 'OFFERMAKER');
  END;
  BEGIN
    SELECT 1 INTO TMP_VAR FROM CORE_OWNER.NOTIFICATION_TYPE WHERE VALUE = 'sartre-digital-purchase';
  EXCEPTION
    WHEN NO_DATA_FOUND THEN NULL;
      INSERT INTO CORE_OWNER.NOTIFICATION_TYPE (ID, VALUE, TEMPLATE_URL) VALUES (CORE_OWNER.NOTTID_SEQ.NEXTVAL, 'sartre-digital-purchase', 'N/A');
  END;
  BEGIN
    SELECT 1 INTO TMP_VAR FROM ACTION WHERE NAME = 'UPGRADE_SUBSCRIPTION';
  EXCEPTION
    WHEN NO_DATA_FOUND THEN
      INSERT INTO ACTION (ID, NAME, CREATE_DATE, CREATED_BY) VALUES (ACTION_ID_SEQ.NEXTVAL, 'UPGRADE_SUBSCRIPTION', SYSDATE, 'OFFERMAKER');
  END;
  BEGIN
    SELECT 1 INTO TMP_VAR FROM CORE_OWNER.NOTIFICATION_TYPE WHERE VALUE = 'sartre-digital-purchase';
  EXCEPTION
    WHEN NO_DATA_FOUND THEN NULL;
      INSERT INTO CORE_OWNER.NOTIFICATION_TYPE (ID, VALUE, TEMPLATE_URL) VALUES (CORE_OWNER.NOTTID_SEQ.NEXTVAL, 'sartre-digital-purchase', 'N/A');
  END;
  BEGIN
    SELECT 1 INTO TMP_VAR FROM ACTION WHERE NAME = 'CANCEL_SUBSCRIPTION';
  EXCEPTION
    WHEN NO_DATA_FOUND THEN
      INSERT INTO ACTION (ID, NAME, CREATE_DATE, CREATED_BY) VALUES (ACTION_ID_SEQ.NEXTVAL, 'CANCEL_SUBSCRIPTION', SYSDATE, 'OFFERMAKER');
  END;
  BEGIN
    SELECT 1 INTO TMP_VAR FROM CORE_OWNER.NOTIFICATION_TYPE WHERE VALUE = 'sartre-cancel';
  EXCEPTION
    WHEN NO_DATA_FOUND THEN NULL;
      INSERT INTO CORE_OWNER.NOTIFICATION_TYPE (ID, VALUE, TEMPLATE_URL) VALUES (CORE_OWNER.NOTTID_SEQ.NEXTVAL, 'sartre-cancel', 'N/A');
  END;
  BEGIN
    SELECT 1 INTO TMP_VAR FROM ACTION WHERE NAME = 'SYSTEM_CANCEL';
  EXCEPTION
    WHEN NO_DATA_FOUND THEN
      INSERT INTO ACTION (ID, NAME, CREATE_DATE, CREATED_BY) VALUES (ACTION_ID_SEQ.NEXTVAL, 'SYSTEM_CANCEL', SYSDATE, 'OFFERMAKER');
  END;
  BEGIN
    SELECT 1 INTO TMP_VAR FROM CORE_OWNER.NOTIFICATION_TYPE WHERE VALUE = 'sartre-decline';
  EXCEPTION
    WHEN NO_DATA_FOUND THEN NULL;
      INSERT INTO CORE_OWNER.NOTIFICATION_TYPE (ID, VALUE, TEMPLATE_URL) VALUES (CORE_OWNER.NOTTID_SEQ.NEXTVAL, 'sartre-decline', 'N/A');
  END;
  BEGIN
    SELECT 1 INTO TMP_VAR FROM ACTION WHERE NAME = 'CREDIT_CARD_EXP';
  EXCEPTION
    WHEN NO_DATA_FOUND THEN
      INSERT INTO ACTION (ID, NAME, CREATE_DATE, CREATED_BY) VALUES (ACTION_ID_SEQ.NEXTVAL, 'CREDIT_CARD_EXP', SYSDATE, 'OFFERMAKER');
  END;
  BEGIN
    SELECT 1 INTO TMP_VAR FROM CORE_OWNER.NOTIFICATION_TYPE WHERE VALUE = 'card_expiration';
  EXCEPTION
    WHEN NO_DATA_FOUND THEN NULL;
      INSERT INTO CORE_OWNER.NOTIFICATION_TYPE (ID, VALUE, TEMPLATE_URL) VALUES (CORE_OWNER.NOTTID_SEQ.NEXTVAL, 'card_expiration', 'N/A');
  END;
  BEGIN
    SELECT 1 INTO TMP_VAR FROM ACTION WHERE NAME = 'FAMILY_PLAN_OWNER_ADD';
  EXCEPTION
    WHEN NO_DATA_FOUND THEN
      INSERT INTO ACTION (ID, NAME, CREATE_DATE, CREATED_BY) VALUES (ACTION_ID_SEQ.NEXTVAL, 'FAMILY_PLAN_OWNER_ADD', SYSDATE, 'OFFERMAKER');
  END;
  BEGIN
    SELECT 1 INTO TMP_VAR FROM CORE_OWNER.NOTIFICATION_TYPE WHERE VALUE = 'family-plan-welcome';
  EXCEPTION
    WHEN NO_DATA_FOUND THEN NULL;
      INSERT INTO CORE_OWNER.NOTIFICATION_TYPE (ID, VALUE, TEMPLATE_URL) VALUES (CORE_OWNER.NOTTID_SEQ.NEXTVAL, 'family-plan-welcome', 'N/A');
  END;
  BEGIN
    SELECT 1 INTO TMP_VAR FROM ACTION WHERE NAME = 'FAMILY_PLAN_OWNER_EXPIRE';
  EXCEPTION
    WHEN NO_DATA_FOUND THEN
      INSERT INTO ACTION (ID, NAME, CREATE_DATE, CREATED_BY) VALUES (ACTION_ID_SEQ.NEXTVAL, 'FAMILY_PLAN_OWNER_EXPIRE', SYSDATE, 'OFFERMAKER');
  END;
  BEGIN
    SELECT 1 INTO TMP_VAR FROM CORE_OWNER.NOTIFICATION_TYPE WHERE VALUE = 'family-plan-child-remove';
  EXCEPTION
    WHEN NO_DATA_FOUND THEN NULL;
      INSERT INTO CORE_OWNER.NOTIFICATION_TYPE (ID, VALUE, TEMPLATE_URL) VALUES (CORE_OWNER.NOTTID_SEQ.NEXTVAL, 'family-plan-child-remove', 'N/A');
  END;
  BEGIN
    SELECT 1 INTO TMP_VAR FROM ACTION WHERE NAME = 'FAMILY_PLAN_OWNER_INVITE';
  EXCEPTION
    WHEN NO_DATA_FOUND THEN
      INSERT INTO ACTION (ID, NAME, CREATE_DATE, CREATED_BY) VALUES (ACTION_ID_SEQ.NEXTVAL, 'FAMILY_PLAN_OWNER_INVITE', SYSDATE, 'OFFERMAKER');
  END;
  BEGIN
    SELECT 1 INTO TMP_VAR FROM CORE_OWNER.NOTIFICATION_TYPE WHERE VALUE = 'family-plan-child-invite';
  EXCEPTION
    WHEN NO_DATA_FOUND THEN NULL;
      INSERT INTO CORE_OWNER.NOTIFICATION_TYPE (ID, VALUE, TEMPLATE_URL) VALUES (CORE_OWNER.NOTTID_SEQ.NEXTVAL, 'family-plan-child-invite', 'N/A');
  END;
  BEGIN
    SELECT 1 INTO TMP_VAR FROM ACTION WHERE NAME = 'FAMILY_PLAN_BORROWER_EXPIRE';
  EXCEPTION
    WHEN NO_DATA_FOUND THEN
      INSERT INTO ACTION (ID, NAME, CREATE_DATE, CREATED_BY) VALUES (ACTION_ID_SEQ.NEXTVAL, 'FAMILY_PLAN_BORROWER_EXPIRE', SYSDATE, 'OFFERMAKER');
  END;
  BEGIN
    SELECT 1 INTO TMP_VAR FROM CORE_OWNER.NOTIFICATION_TYPE WHERE VALUE = 'family-plan-parent-remove';
  EXCEPTION
    WHEN NO_DATA_FOUND THEN NULL;
      INSERT INTO CORE_OWNER.NOTIFICATION_TYPE (ID, VALUE, TEMPLATE_URL) VALUES (CORE_OWNER.NOTTID_SEQ.NEXTVAL, 'family-plan-parent-remove', 'N/A');
  END;
  INSERT INTO OFFER_CHAIN_NOTIFICATION_TYPE (ID, OFFER_CHAIN_ID, NOTIFICATION_TYPE_ID, ACTION_ID, CREATED_BY, CREATE_DATE) VALUES (OCET_ID_SEQ.NEXTVAL, 2292987918, (SELECT ID FROM CORE_OWNER.NOTIFICATION_TYPE WHERE VALUE = 'sartre-digital-purchase'), (SELECT ID FROM ACTION WHERE NAME = 'SUBSCRIBE_TO_OFFER_CHAIN'), 'OFFERMAKER', SYSDATE);
  INSERT INTO OFFER_CHAIN_NOTIFICATION_TYPE (ID, OFFER_CHAIN_ID, NOTIFICATION_TYPE_ID, ACTION_ID, CREATED_BY, CREATE_DATE) VALUES (OCET_ID_SEQ.NEXTVAL, 2292987918, (SELECT ID FROM CORE_OWNER.NOTIFICATION_TYPE WHERE VALUE = 'sartre-digital-purchase'), (SELECT ID FROM ACTION WHERE NAME = 'UPGRADE_SUBSCRIPTION'), 'OFFERMAKER', SYSDATE);
  INSERT INTO OFFER_CHAIN_NOTIFICATION_TYPE (ID, OFFER_CHAIN_ID, NOTIFICATION_TYPE_ID, ACTION_ID, CREATED_BY, CREATE_DATE) VALUES (OCET_ID_SEQ.NEXTVAL, 2292987918, (SELECT ID FROM CORE_OWNER.NOTIFICATION_TYPE WHERE VALUE = 'sartre-cancel'), (SELECT ID FROM ACTION WHERE NAME = 'CANCEL_SUBSCRIPTION'), 'OFFERMAKER', SYSDATE);
  INSERT INTO OFFER_CHAIN_NOTIFICATION_TYPE (ID, OFFER_CHAIN_ID, NOTIFICATION_TYPE_ID, ACTION_ID, CREATED_BY, CREATE_DATE) VALUES (OCET_ID_SEQ.NEXTVAL, 2292987918, (SELECT ID FROM CORE_OWNER.NOTIFICATION_TYPE WHERE VALUE = 'sartre-decline'), (SELECT ID FROM ACTION WHERE NAME = 'SYSTEM_CANCEL'), 'OFFERMAKER', SYSDATE);
  INSERT INTO OFFER_CHAIN_NOTIFICATION_TYPE (ID, OFFER_CHAIN_ID, NOTIFICATION_TYPE_ID, ACTION_ID, CREATED_BY, CREATE_DATE) VALUES (OCET_ID_SEQ.NEXTVAL, 2292987918, (SELECT ID FROM CORE_OWNER.NOTIFICATION_TYPE WHERE VALUE = 'card_expiration'), (SELECT ID FROM ACTION WHERE NAME = 'CREDIT_CARD_EXP'), 'OFFERMAKER', SYSDATE);
  INSERT INTO OFFER_CHAIN_NOTIFICATION_TYPE (ID, OFFER_CHAIN_ID, NOTIFICATION_TYPE_ID, ACTION_ID, CREATED_BY, CREATE_DATE) VALUES (OCET_ID_SEQ.NEXTVAL, 2292987918, (SELECT ID FROM CORE_OWNER.NOTIFICATION_TYPE WHERE VALUE = 'family-plan-welcome'), (SELECT ID FROM ACTION WHERE NAME = 'FAMILY_PLAN_OWNER_ADD'), 'OFFERMAKER', SYSDATE);
  INSERT INTO OFFER_CHAIN_NOTIFICATION_TYPE (ID, OFFER_CHAIN_ID, NOTIFICATION_TYPE_ID, ACTION_ID, CREATED_BY, CREATE_DATE) VALUES (OCET_ID_SEQ.NEXTVAL, 2292987918, (SELECT ID FROM CORE_OWNER.NOTIFICATION_TYPE WHERE VALUE = 'family-plan-child-remove'), (SELECT ID FROM ACTION WHERE NAME = 'FAMILY_PLAN_OWNER_EXPIRE'), 'OFFERMAKER', SYSDATE);
  INSERT INTO OFFER_CHAIN_NOTIFICATION_TYPE (ID, OFFER_CHAIN_ID, NOTIFICATION_TYPE_ID, ACTION_ID, CREATED_BY, CREATE_DATE) VALUES (OCET_ID_SEQ.NEXTVAL, 2292987918, (SELECT ID FROM CORE_OWNER.NOTIFICATION_TYPE WHERE VALUE = 'family-plan-child-invite'), (SELECT ID FROM ACTION WHERE NAME = 'FAMILY_PLAN_OWNER_INVITE'), 'OFFERMAKER', SYSDATE);
  INSERT INTO OFFER_CHAIN_NOTIFICATION_TYPE (ID, OFFER_CHAIN_ID, NOTIFICATION_TYPE_ID, ACTION_ID, CREATED_BY, CREATE_DATE) VALUES (OCET_ID_SEQ.NEXTVAL, 2292987918, (SELECT ID FROM CORE_OWNER.NOTIFICATION_TYPE WHERE VALUE = 'family-plan-parent-remove'), (SELECT ID FROM ACTION WHERE NAME = 'FAMILY_PLAN_BORROWER_EXPIRE'), 'OFFERMAKER', SYSDATE);
  BEGIN
    SELECT 1 INTO TMP_VAR FROM OFFER_OFFER_CHAIN WHERE OFFER_CHAIN_ID = 2292987918 AND INDEX_VALUE = 0 AND ROWNUM <= 1;
  EXCEPTION
    WHEN NO_DATA_FOUND THEN
  INSERT INTO OFFER (ID, OFFER_STATUS_ID, ENTITLEMENT_DURATION, CREATED_BY, CREATE_DATE, updated_by, update_date) VALUES (OFR_ID_SEQ.NEXTVAL, 1, 'P0Y0M56DT0H0M', 'OFFERMAKER', SYSDATE, 'OFFERMAKER', SYSDATE);
  BEGIN
    SELECT ID INTO CUR_PRD_ID FROM PRODUCT WHERE NAME = 'Web' AND PRODUCT_STATUS_ID = 1 AND ROWNUM <= 1;
  EXCEPTION
    WHEN NO_DATA_FOUND THEN
      INSERT INTO PRODUCT (ID, NAME, PRODUCTION_COST, PRODUCT_STATUS_ID, PRODUCT_URI, UNIT_PRICE, CREATED_BY, CREATE_DATE) VALUES (PRD_ID_SEQ.NEXTVAL, 'Web', '0', 1, NULL, '0.357143', 'OFFERMAKER', SYSDATE);
      SELECT ID INTO CUR_PRD_ID FROM PRODUCT WHERE NAME = 'Web' AND PRODUCT_STATUS_ID = 1 AND ROWNUM <= 1;
    WHEN OTHERS THEN
      RAISE;
  END;
  SELECT ID INTO CUR_CAPABILITY_ID FROM CAPABILITY WHERE CODE IN LTRIM(RTRIM((UPPER('MM')))) AND ROWNUM <= 1;
  INSERT INTO PRODUCT_OFFERING (ID, PRODUCT_ID, TAX_POLICY_TYPE_ID, QUANTITY, UNIT_PRICE, TAX_CATEGORY_ID, CAPABILITY_ID, CREATED_BY, CREATE_DATE) VALUES (PO_ID_SEQ.NEXTVAL, CUR_PRD_ID, '1', '56', '0.357143', '2', CUR_CAPABILITY_ID, 'OFFERMAKER', SYSDATE);
  INSERT INTO PRODUCT_OFFERING_META_DATA (ID, PRODUCT_OFFERING_ID, NAME, VALUE, CREATED_BY, CREATE_DATE) VALUES (PROMD_ID_SEQ.NEXTVAL, PO_ID_SEQ.CURRVAL, 'entitlement_uri', 'http://:hostname:/svc/user/entitlements/mm/:id:.json', 'OFFERMAKER', SYSDATE);
  INSERT INTO PRODUCT_OFFERING_META_DATA (ID, PRODUCT_OFFERING_ID, NAME, VALUE, CREATED_BY, CREATE_DATE) VALUES (PROMD_ID_SEQ.NEXTVAL, PO_ID_SEQ.CURRVAL, 'DEFAULT_VAT_RATE', '{"*": 0.0}', 'OFFERMAKER', SYSDATE);
  INSERT INTO PRODUCT_OFFERING_META_DATA (ID, PRODUCT_OFFERING_ID, NAME, VALUE, CREATED_BY, CREATE_DATE) VALUES (PROMD_ID_SEQ.NEXTVAL, PO_ID_SEQ.CURRVAL, 'capability', 'MM', 'OFFERMAKER', SYSDATE);
  INSERT INTO OFFER_PRODUCT_OFFERING (OFFER_ID, PRODUCT_OFFERING_ID, CREATED_BY, CREATE_DATE) VALUES (OFR_ID_SEQ.CURRVAL, PO_ID_SEQ.CURRVAL, 'OFFERMAKER', SYSDATE);
  INSERT INTO DISCOUNT (ID, NAME, DESCRIPTION, FIXED_AMOUNT, PERCENT_AMOUNT, DISCOUNT_TYPE_ID, CREATED_BY, CREATE_DATE) VALUES (DSC_ID_SEQ.NEXTVAL, 'Discount', 'Target offer price 0.0 given offer total price 70.000000 and product price 20.000008', '20.000008', '0', 1, 'OFFERMAKER', SYSDATE);
  INSERT INTO DISCOUNT_PRODUCT_OFFERING (DISCOUNT_ID, PRODUCT_OFFERING_ID, CREATED_BY, CREATE_DATE) VALUES (DSC_ID_SEQ.CURRVAL, PO_ID_SEQ.CURRVAL, 'OFFERMAKER', SYSDATE);
  BEGIN
    SELECT ID INTO CUR_PRD_ID FROM PRODUCT WHERE NAME = 'Mobile' AND PRODUCT_STATUS_ID = 1 AND ROWNUM <= 1;
  EXCEPTION
    WHEN NO_DATA_FOUND THEN
      INSERT INTO PRODUCT (ID, NAME, PRODUCTION_COST, PRODUCT_STATUS_ID, PRODUCT_URI, UNIT_PRICE, CREATED_BY, CREATE_DATE) VALUES (PRD_ID_SEQ.NEXTVAL, 'Mobile', '0', 1, NULL, '0', 'OFFERMAKER', SYSDATE);
      SELECT ID INTO CUR_PRD_ID FROM PRODUCT WHERE NAME = 'Mobile' AND PRODUCT_STATUS_ID = 1 AND ROWNUM <= 1;
    WHEN OTHERS THEN
      RAISE;
  END;
  SELECT ID INTO CUR_CAPABILITY_ID FROM CAPABILITY WHERE CODE IN LTRIM(RTRIM((UPPER('MOW')))) AND ROWNUM <= 1;
  INSERT INTO PRODUCT_OFFERING (ID, PRODUCT_ID, TAX_POLICY_TYPE_ID, QUANTITY, UNIT_PRICE, TAX_CATEGORY_ID, CAPABILITY_ID, CREATED_BY, CREATE_DATE) VALUES (PO_ID_SEQ.NEXTVAL, CUR_PRD_ID, '1', '56', '0', '2', CUR_CAPABILITY_ID, 'OFFERMAKER', SYSDATE);
  INSERT INTO PRODUCT_OFFERING_META_DATA (ID, PRODUCT_OFFERING_ID, NAME, VALUE, CREATED_BY, CREATE_DATE) VALUES (PROMD_ID_SEQ.NEXTVAL, PO_ID_SEQ.CURRVAL, 'entitlement_uri', 'http://:hostname:/svc/user/entitlements/mow/:id:.json', 'OFFERMAKER', SYSDATE);
  INSERT INTO PRODUCT_OFFERING_META_DATA (ID, PRODUCT_OFFERING_ID, NAME, VALUE, CREATED_BY, CREATE_DATE) VALUES (PROMD_ID_SEQ.NEXTVAL, PO_ID_SEQ.CURRVAL, 'DEFAULT_VAT_RATE', '{"*": 0.0}', 'OFFERMAKER', SYSDATE);
  INSERT INTO PRODUCT_OFFERING_META_DATA (ID, PRODUCT_OFFERING_ID, NAME, VALUE, CREATED_BY, CREATE_DATE) VALUES (PROMD_ID_SEQ.NEXTVAL, PO_ID_SEQ.CURRVAL, 'capability', 'MOW', 'OFFERMAKER', SYSDATE);
  INSERT INTO OFFER_PRODUCT_OFFERING (OFFER_ID, PRODUCT_OFFERING_ID, CREATED_BY, CREATE_DATE) VALUES (OFR_ID_SEQ.CURRVAL, PO_ID_SEQ.CURRVAL, 'OFFERMAKER', SYSDATE);
  BEGIN
    SELECT ID INTO CUR_PRD_ID FROM PRODUCT WHERE NAME = 'Archive Article' AND PRODUCT_STATUS_ID = 1 AND ROWNUM <= 1;
  EXCEPTION
    WHEN NO_DATA_FOUND THEN
      INSERT INTO PRODUCT (ID, NAME, PRODUCTION_COST, PRODUCT_STATUS_ID, PRODUCT_URI, UNIT_PRICE, CREATED_BY, CREATE_DATE) VALUES (PRD_ID_SEQ.NEXTVAL, 'Archive Article', '0', 1, NULL, '0', 'OFFERMAKER', SYSDATE);
      SELECT ID INTO CUR_PRD_ID FROM PRODUCT WHERE NAME = 'Archive Article' AND PRODUCT_STATUS_ID = 1 AND ROWNUM <= 1;
    WHEN OTHERS THEN
      RAISE;
  END;
  SELECT ID INTO CUR_CAPABILITY_ID FROM CAPABILITY WHERE CODE IN LTRIM(RTRIM((UPPER('AAA')))) AND ROWNUM <= 1;
  INSERT INTO PRODUCT_OFFERING (ID, PRODUCT_ID, TAX_POLICY_TYPE_ID, QUANTITY, UNIT_PRICE, TAX_CATEGORY_ID, CAPABILITY_ID, CREATED_BY, CREATE_DATE) VALUES (PO_ID_SEQ.NEXTVAL, CUR_PRD_ID, '1', '200', '0', '2', CUR_CAPABILITY_ID, 'OFFERMAKER', SYSDATE);
  INSERT INTO PRODUCT_OFFERING_META_DATA (ID, PRODUCT_OFFERING_ID, NAME, VALUE, CREATED_BY, CREATE_DATE) VALUES (PROMD_ID_SEQ.NEXTVAL, PO_ID_SEQ.CURRVAL, 'entitlement_uri', 'http://:hostname:/svc/user/entitlements/archive/size/200/:id:.json', 'OFFERMAKER', SYSDATE);
  INSERT INTO PRODUCT_OFFERING_META_DATA (ID, PRODUCT_OFFERING_ID, NAME, VALUE, CREATED_BY, CREATE_DATE) VALUES (PROMD_ID_SEQ.NEXTVAL, PO_ID_SEQ.CURRVAL, 'DEFAULT_VAT_RATE', '{"*": 0.0}', 'OFFERMAKER', SYSDATE);
  INSERT INTO OFFER_PRODUCT_OFFERING (OFFER_ID, PRODUCT_OFFERING_ID, CREATED_BY, CREATE_DATE) VALUES (OFR_ID_SEQ.CURRVAL, PO_ID_SEQ.CURRVAL, 'OFFERMAKER', SYSDATE);
  BEGIN
    SELECT ID INTO CUR_PRD_ID FROM PRODUCT WHERE NAME = 'TimesMachine' AND PRODUCT_STATUS_ID = 1 AND ROWNUM <= 1;
  EXCEPTION
    WHEN NO_DATA_FOUND THEN
      INSERT INTO PRODUCT (ID, NAME, PRODUCTION_COST, PRODUCT_STATUS_ID, PRODUCT_URI, UNIT_PRICE, CREATED_BY, CREATE_DATE) VALUES (PRD_ID_SEQ.NEXTVAL, 'TimesMachine', '0', 1, NULL, '0', 'OFFERMAKER', SYSDATE);
      SELECT ID INTO CUR_PRD_ID FROM PRODUCT WHERE NAME = 'TimesMachine' AND PRODUCT_STATUS_ID = 1 AND ROWNUM <= 1;
    WHEN OTHERS THEN
      RAISE;
  END;
  SELECT ID INTO CUR_CAPABILITY_ID FROM CAPABILITY WHERE CODE IN LTRIM(RTRIM((UPPER('NONE')))) AND ROWNUM <= 1;
  INSERT INTO PRODUCT_OFFERING (ID, PRODUCT_ID, TAX_POLICY_TYPE_ID, QUANTITY, UNIT_PRICE, TAX_CATEGORY_ID, CAPABILITY_ID, CREATED_BY, CREATE_DATE) VALUES (PO_ID_SEQ.NEXTVAL, CUR_PRD_ID, '1', '56', '0', '2', CUR_CAPABILITY_ID, 'OFFERMAKER', SYSDATE);
  INSERT INTO PRODUCT_OFFERING_META_DATA (ID, PRODUCT_OFFERING_ID, NAME, VALUE, CREATED_BY, CREATE_DATE) VALUES (PROMD_ID_SEQ.NEXTVAL, PO_ID_SEQ.CURRVAL, 'DEFAULT_VAT_RATE', '{"*": 0.0}', 'OFFERMAKER', SYSDATE);
  INSERT INTO OFFER_PRODUCT_OFFERING (OFFER_ID, PRODUCT_OFFERING_ID, CREATED_BY, CREATE_DATE) VALUES (OFR_ID_SEQ.CURRVAL, PO_ID_SEQ.CURRVAL, 'OFFERMAKER', SYSDATE);
  BEGIN
    SELECT ID INTO CUR_PRD_ID FROM PRODUCT WHERE NAME = 'Smartphone' AND PRODUCT_STATUS_ID = 1 AND ROWNUM <= 1;
  EXCEPTION
    WHEN NO_DATA_FOUND THEN
      INSERT INTO PRODUCT (ID, NAME, PRODUCTION_COST, PRODUCT_STATUS_ID, PRODUCT_URI, UNIT_PRICE, CREATED_BY, CREATE_DATE) VALUES (PRD_ID_SEQ.NEXTVAL, 'Smartphone', '0', 1, NULL, '0.178571', 'OFFERMAKER', SYSDATE);
      SELECT ID INTO CUR_PRD_ID FROM PRODUCT WHERE NAME = 'Smartphone' AND PRODUCT_STATUS_ID = 1 AND ROWNUM <= 1;
    WHEN OTHERS THEN
      RAISE;
  END;
  SELECT ID INTO CUR_CAPABILITY_ID FROM CAPABILITY WHERE CODE IN LTRIM(RTRIM((UPPER('MSD')))) AND ROWNUM <= 1;
  INSERT INTO PRODUCT_OFFERING (ID, PRODUCT_ID, TAX_POLICY_TYPE_ID, QUANTITY, UNIT_PRICE, TAX_CATEGORY_ID, CAPABILITY_ID, CREATED_BY, CREATE_DATE) VALUES (PO_ID_SEQ.NEXTVAL, CUR_PRD_ID, '1', '56', '0.178571', '2', CUR_CAPABILITY_ID, 'OFFERMAKER', SYSDATE);
  INSERT INTO PRODUCT_OFFERING_META_DATA (ID, PRODUCT_OFFERING_ID, NAME, VALUE, CREATED_BY, CREATE_DATE) VALUES (PROMD_ID_SEQ.NEXTVAL, PO_ID_SEQ.CURRVAL, 'entitlement_uri', 'http://:hostname:/svc/user/entitlements/msd/:id:.json', 'OFFERMAKER', SYSDATE);
  INSERT INTO PRODUCT_OFFERING_META_DATA (ID, PRODUCT_OFFERING_ID, NAME, VALUE, CREATED_BY, CREATE_DATE) VALUES (PROMD_ID_SEQ.NEXTVAL, PO_ID_SEQ.CURRVAL, 'DEFAULT_VAT_RATE', '{"*": 0.0}', 'OFFERMAKER', SYSDATE);
  INSERT INTO PRODUCT_OFFERING_META_DATA (ID, PRODUCT_OFFERING_ID, NAME, VALUE, CREATED_BY, CREATE_DATE) VALUES (PROMD_ID_SEQ.NEXTVAL, PO_ID_SEQ.CURRVAL, 'capability', 'MSD', 'OFFERMAKER', SYSDATE);
  INSERT INTO OFFER_PRODUCT_OFFERING (OFFER_ID, PRODUCT_OFFERING_ID, CREATED_BY, CREATE_DATE) VALUES (OFR_ID_SEQ.CURRVAL, PO_ID_SEQ.CURRVAL, 'OFFERMAKER', SYSDATE);
  INSERT INTO DISCOUNT (ID, NAME, DESCRIPTION, FIXED_AMOUNT, PERCENT_AMOUNT, DISCOUNT_TYPE_ID, CREATED_BY, CREATE_DATE) VALUES (DSC_ID_SEQ.NEXTVAL, 'Discount', 'Target offer price 0.0 given offer total price 70.000000 and product price 9.999976', '9.999976', '0', 1, 'OFFERMAKER', SYSDATE);
  INSERT INTO DISCOUNT_PRODUCT_OFFERING (DISCOUNT_ID, PRODUCT_OFFERING_ID, CREATED_BY, CREATE_DATE) VALUES (DSC_ID_SEQ.CURRVAL, PO_ID_SEQ.CURRVAL, 'OFFERMAKER', SYSDATE);
  BEGIN
    SELECT ID INTO CUR_PRD_ID FROM PRODUCT WHERE NAME = 'Tablet' AND PRODUCT_STATUS_ID = 1 AND ROWNUM <= 1;
  EXCEPTION
    WHEN NO_DATA_FOUND THEN
      INSERT INTO PRODUCT (ID, NAME, PRODUCTION_COST, PRODUCT_STATUS_ID, PRODUCT_URI, UNIT_PRICE, CREATED_BY, CREATE_DATE) VALUES (PRD_ID_SEQ.NEXTVAL, 'Tablet', '0', 1, NULL, '0.714286', 'OFFERMAKER', SYSDATE);
      SELECT ID INTO CUR_PRD_ID FROM PRODUCT WHERE NAME = 'Tablet' AND PRODUCT_STATUS_ID = 1 AND ROWNUM <= 1;
    WHEN OTHERS THEN
      RAISE;
  END;
  SELECT ID INTO CUR_CAPABILITY_ID FROM CAPABILITY WHERE CODE IN LTRIM(RTRIM((UPPER('MTD')))) AND ROWNUM <= 1;
  INSERT INTO PRODUCT_OFFERING (ID, PRODUCT_ID, TAX_POLICY_TYPE_ID, QUANTITY, UNIT_PRICE, TAX_CATEGORY_ID, CAPABILITY_ID, CREATED_BY, CREATE_DATE) VALUES (PO_ID_SEQ.NEXTVAL, CUR_PRD_ID, '1', '56', '0.714286', '2', CUR_CAPABILITY_ID, 'OFFERMAKER', SYSDATE);
  INSERT INTO PRODUCT_OFFERING_META_DATA (ID, PRODUCT_OFFERING_ID, NAME, VALUE, CREATED_BY, CREATE_DATE) VALUES (PROMD_ID_SEQ.NEXTVAL, PO_ID_SEQ.CURRVAL, 'entitlement_uri', 'http://:hostname:/svc/user/entitlements/mtd/:id:.json', 'OFFERMAKER', SYSDATE);
  INSERT INTO PRODUCT_OFFERING_META_DATA (ID, PRODUCT_OFFERING_ID, NAME, VALUE, CREATED_BY, CREATE_DATE) VALUES (PROMD_ID_SEQ.NEXTVAL, PO_ID_SEQ.CURRVAL, 'DEFAULT_VAT_RATE', '{"*": 0.0}', 'OFFERMAKER', SYSDATE);
  INSERT INTO PRODUCT_OFFERING_META_DATA (ID, PRODUCT_OFFERING_ID, NAME, VALUE, CREATED_BY, CREATE_DATE) VALUES (PROMD_ID_SEQ.NEXTVAL, PO_ID_SEQ.CURRVAL, 'capability', 'MTD', 'OFFERMAKER', SYSDATE);
  INSERT INTO OFFER_PRODUCT_OFFERING (OFFER_ID, PRODUCT_OFFERING_ID, CREATED_BY, CREATE_DATE) VALUES (OFR_ID_SEQ.CURRVAL, PO_ID_SEQ.CURRVAL, 'OFFERMAKER', SYSDATE);
  INSERT INTO DISCOUNT (ID, NAME, DESCRIPTION, FIXED_AMOUNT, PERCENT_AMOUNT, DISCOUNT_TYPE_ID, CREATED_BY, CREATE_DATE) VALUES (DSC_ID_SEQ.NEXTVAL, 'Discount', 'Target offer price 0.0 given offer total price 70.000000 and product price 40.000016', '40.000016', '0', 1, 'OFFERMAKER', SYSDATE);
  INSERT INTO DISCOUNT_PRODUCT_OFFERING (DISCOUNT_ID, PRODUCT_OFFERING_ID, CREATED_BY, CREATE_DATE) VALUES (DSC_ID_SEQ.CURRVAL, PO_ID_SEQ.CURRVAL, 'OFFERMAKER', SYSDATE);
  BEGIN
    SELECT ID INTO CUR_PRD_ID FROM PRODUCT WHERE NAME = 'TimesReader' AND PRODUCT_STATUS_ID = 1 AND ROWNUM <= 1;
  EXCEPTION
    WHEN NO_DATA_FOUND THEN
      INSERT INTO PRODUCT (ID, NAME, PRODUCTION_COST, PRODUCT_STATUS_ID, PRODUCT_URI, UNIT_PRICE, CREATED_BY, CREATE_DATE) VALUES (PRD_ID_SEQ.NEXTVAL, 'TimesReader', '0', 1, NULL, '0', 'OFFERMAKER', SYSDATE);
      SELECT ID INTO CUR_PRD_ID FROM PRODUCT WHERE NAME = 'TimesReader' AND PRODUCT_STATUS_ID = 1 AND ROWNUM <= 1;
    WHEN OTHERS THEN
      RAISE;
  END;
  SELECT ID INTO CUR_CAPABILITY_ID FROM CAPABILITY WHERE CODE IN LTRIM(RTRIM((UPPER('TNR')))) AND ROWNUM <= 1;
  INSERT INTO PRODUCT_OFFERING (ID, PRODUCT_ID, TAX_POLICY_TYPE_ID, QUANTITY, UNIT_PRICE, TAX_CATEGORY_ID, CAPABILITY_ID, CREATED_BY, CREATE_DATE) VALUES (PO_ID_SEQ.NEXTVAL, CUR_PRD_ID, '1', '56', '0', '2', CUR_CAPABILITY_ID, 'OFFERMAKER', SYSDATE);
  INSERT INTO PRODUCT_OFFERING_META_DATA (ID, PRODUCT_OFFERING_ID, NAME, VALUE, CREATED_BY, CREATE_DATE) VALUES (PROMD_ID_SEQ.NEXTVAL, PO_ID_SEQ.CURRVAL, 'entitlement_uri', 'http://:hostname:/svc/user/entitlements/timesreader/:id:.json', 'OFFERMAKER', SYSDATE);
  INSERT INTO PRODUCT_OFFERING_META_DATA (ID, PRODUCT_OFFERING_ID, NAME, VALUE, CREATED_BY, CREATE_DATE) VALUES (PROMD_ID_SEQ.NEXTVAL, PO_ID_SEQ.CURRVAL, 'capability', 'TNR', 'OFFERMAKER', SYSDATE);
  INSERT INTO PRODUCT_OFFERING_META_DATA (ID, PRODUCT_OFFERING_ID, NAME, VALUE, CREATED_BY, CREATE_DATE) VALUES (PROMD_ID_SEQ.NEXTVAL, PO_ID_SEQ.CURRVAL, 'DEFAULT_VAT_RATE', '{"*": 0.0}', 'OFFERMAKER', SYSDATE);
  INSERT INTO OFFER_PRODUCT_OFFERING (OFFER_ID, PRODUCT_OFFERING_ID, CREATED_BY, CREATE_DATE) VALUES (OFR_ID_SEQ.CURRVAL, PO_ID_SEQ.CURRVAL, 'OFFERMAKER', SYSDATE);
  INSERT INTO OFFER_OFFER_CHAIN (OFFER_ID, OFFER_CHAIN_ID, INDEX_VALUE, NUM_RECURRENCES, CREATED_BY, CREATE_DATE, updated_by, update_date) VALUES (OFR_ID_SEQ.CURRVAL, 2292987918, '0', '1', 'OFFERMAKER', SYSDATE, 'OFFERMAKER', SYSDATE);
  END;
  BEGIN
    SELECT 1 INTO TMP_VAR FROM OFFER_OFFER_CHAIN WHERE OFFER_CHAIN_ID = 2292987918 AND INDEX_VALUE = 1 AND ROWNUM <= 1;
  EXCEPTION
    WHEN NO_DATA_FOUND THEN
  INSERT INTO OFFER (ID, OFFER_STATUS_ID, ENTITLEMENT_DURATION, CREATED_BY, CREATE_DATE, updated_by, update_date) VALUES (OFR_ID_SEQ.NEXTVAL, 1, 'P0Y0M28DT0H0M', 'OFFERMAKER', SYSDATE, 'OFFERMAKER', SYSDATE);
  BEGIN
    SELECT ID INTO CUR_PRD_ID FROM PRODUCT WHERE NAME = 'Web' AND PRODUCT_STATUS_ID = 1 AND ROWNUM <= 1;
  EXCEPTION
    WHEN NO_DATA_FOUND THEN
      INSERT INTO PRODUCT (ID, NAME, PRODUCTION_COST, PRODUCT_STATUS_ID, PRODUCT_URI, UNIT_PRICE, CREATED_BY, CREATE_DATE) VALUES (PRD_ID_SEQ.NEXTVAL, 'Web', '0', 1, NULL, '0.357143', 'OFFERMAKER', SYSDATE);
      SELECT ID INTO CUR_PRD_ID FROM PRODUCT WHERE NAME = 'Web' AND PRODUCT_STATUS_ID = 1 AND ROWNUM <= 1;
    WHEN OTHERS THEN
      RAISE;
  END;
  SELECT ID INTO CUR_CAPABILITY_ID FROM CAPABILITY WHERE CODE IN LTRIM(RTRIM((UPPER('MM')))) AND ROWNUM <= 1;
  INSERT INTO PRODUCT_OFFERING (ID, PRODUCT_ID, TAX_POLICY_TYPE_ID, QUANTITY, UNIT_PRICE, TAX_CATEGORY_ID, CAPABILITY_ID, CREATED_BY, CREATE_DATE) VALUES (PO_ID_SEQ.NEXTVAL, CUR_PRD_ID, '1', '28', '0.357143', '2', CUR_CAPABILITY_ID, 'OFFERMAKER', SYSDATE);
  INSERT INTO PRODUCT_OFFERING_META_DATA (ID, PRODUCT_OFFERING_ID, NAME, VALUE, CREATED_BY, CREATE_DATE) VALUES (PROMD_ID_SEQ.NEXTVAL, PO_ID_SEQ.CURRVAL, 'entitlement_uri', 'http://:hostname:/svc/user/entitlements/mm/:id:.json', 'OFFERMAKER', SYSDATE);
  INSERT INTO PRODUCT_OFFERING_META_DATA (ID, PRODUCT_OFFERING_ID, NAME, VALUE, CREATED_BY, CREATE_DATE) VALUES (PROMD_ID_SEQ.NEXTVAL, PO_ID_SEQ.CURRVAL, 'DEFAULT_VAT_RATE', '{"*": 0.0}', 'OFFERMAKER', SYSDATE);
  INSERT INTO PRODUCT_OFFERING_META_DATA (ID, PRODUCT_OFFERING_ID, NAME, VALUE, CREATED_BY, CREATE_DATE) VALUES (PROMD_ID_SEQ.NEXTVAL, PO_ID_SEQ.CURRVAL, 'capability', 'MM', 'OFFERMAKER', SYSDATE);
  INSERT INTO OFFER_PRODUCT_OFFERING (OFFER_ID, PRODUCT_OFFERING_ID, CREATED_BY, CREATE_DATE) VALUES (OFR_ID_SEQ.CURRVAL, PO_ID_SEQ.CURRVAL, 'OFFERMAKER', SYSDATE);
  BEGIN
    SELECT ID INTO CUR_PRD_ID FROM PRODUCT WHERE NAME = 'Mobile' AND PRODUCT_STATUS_ID = 1 AND ROWNUM <= 1;
  EXCEPTION
    WHEN NO_DATA_FOUND THEN
      INSERT INTO PRODUCT (ID, NAME, PRODUCTION_COST, PRODUCT_STATUS_ID, PRODUCT_URI, UNIT_PRICE, CREATED_BY, CREATE_DATE) VALUES (PRD_ID_SEQ.NEXTVAL, 'Mobile', '0', 1, NULL, '0', 'OFFERMAKER', SYSDATE);
      SELECT ID INTO CUR_PRD_ID FROM PRODUCT WHERE NAME = 'Mobile' AND PRODUCT_STATUS_ID = 1 AND ROWNUM <= 1;
    WHEN OTHERS THEN
      RAISE;
  END;
  SELECT ID INTO CUR_CAPABILITY_ID FROM CAPABILITY WHERE CODE IN LTRIM(RTRIM((UPPER('MOW')))) AND ROWNUM <= 1;
  INSERT INTO PRODUCT_OFFERING (ID, PRODUCT_ID, TAX_POLICY_TYPE_ID, QUANTITY, UNIT_PRICE, TAX_CATEGORY_ID, CAPABILITY_ID, CREATED_BY, CREATE_DATE) VALUES (PO_ID_SEQ.NEXTVAL, CUR_PRD_ID, '1', '28', '0', '2', CUR_CAPABILITY_ID, 'OFFERMAKER', SYSDATE);
  INSERT INTO PRODUCT_OFFERING_META_DATA (ID, PRODUCT_OFFERING_ID, NAME, VALUE, CREATED_BY, CREATE_DATE) VALUES (PROMD_ID_SEQ.NEXTVAL, PO_ID_SEQ.CURRVAL, 'entitlement_uri', 'http://:hostname:/svc/user/entitlements/mow/:id:.json', 'OFFERMAKER', SYSDATE);
  INSERT INTO PRODUCT_OFFERING_META_DATA (ID, PRODUCT_OFFERING_ID, NAME, VALUE, CREATED_BY, CREATE_DATE) VALUES (PROMD_ID_SEQ.NEXTVAL, PO_ID_SEQ.CURRVAL, 'DEFAULT_VAT_RATE', '{"*": 0.0}', 'OFFERMAKER', SYSDATE);
  INSERT INTO PRODUCT_OFFERING_META_DATA (ID, PRODUCT_OFFERING_ID, NAME, VALUE, CREATED_BY, CREATE_DATE) VALUES (PROMD_ID_SEQ.NEXTVAL, PO_ID_SEQ.CURRVAL, 'capability', 'MOW', 'OFFERMAKER', SYSDATE);
  INSERT INTO OFFER_PRODUCT_OFFERING (OFFER_ID, PRODUCT_OFFERING_ID, CREATED_BY, CREATE_DATE) VALUES (OFR_ID_SEQ.CURRVAL, PO_ID_SEQ.CURRVAL, 'OFFERMAKER', SYSDATE);
  BEGIN
    SELECT ID INTO CUR_PRD_ID FROM PRODUCT WHERE NAME = 'Archive Article' AND PRODUCT_STATUS_ID = 1 AND ROWNUM <= 1;
  EXCEPTION
    WHEN NO_DATA_FOUND THEN
      INSERT INTO PRODUCT (ID, NAME, PRODUCTION_COST, PRODUCT_STATUS_ID, PRODUCT_URI, UNIT_PRICE, CREATED_BY, CREATE_DATE) VALUES (PRD_ID_SEQ.NEXTVAL, 'Archive Article', '0', 1, NULL, '0', 'OFFERMAKER', SYSDATE);
      SELECT ID INTO CUR_PRD_ID FROM PRODUCT WHERE NAME = 'Archive Article' AND PRODUCT_STATUS_ID = 1 AND ROWNUM <= 1;
    WHEN OTHERS THEN
      RAISE;
  END;
  SELECT ID INTO CUR_CAPABILITY_ID FROM CAPABILITY WHERE CODE IN LTRIM(RTRIM((UPPER('AAA')))) AND ROWNUM <= 1;
  INSERT INTO PRODUCT_OFFERING (ID, PRODUCT_ID, TAX_POLICY_TYPE_ID, QUANTITY, UNIT_PRICE, TAX_CATEGORY_ID, CAPABILITY_ID, CREATED_BY, CREATE_DATE) VALUES (PO_ID_SEQ.NEXTVAL, CUR_PRD_ID, '1', '100', '0', '2', CUR_CAPABILITY_ID, 'OFFERMAKER', SYSDATE);
  INSERT INTO PRODUCT_OFFERING_META_DATA (ID, PRODUCT_OFFERING_ID, NAME, VALUE, CREATED_BY, CREATE_DATE) VALUES (PROMD_ID_SEQ.NEXTVAL, PO_ID_SEQ.CURRVAL, 'entitlement_uri', 'http://:hostname:/svc/user/entitlements/archive/size/100/:id:.json', 'OFFERMAKER', SYSDATE);
  INSERT INTO PRODUCT_OFFERING_META_DATA (ID, PRODUCT_OFFERING_ID, NAME, VALUE, CREATED_BY, CREATE_DATE) VALUES (PROMD_ID_SEQ.NEXTVAL, PO_ID_SEQ.CURRVAL, 'DEFAULT_VAT_RATE', '{"*": 0.0}', 'OFFERMAKER', SYSDATE);
  INSERT INTO OFFER_PRODUCT_OFFERING (OFFER_ID, PRODUCT_OFFERING_ID, CREATED_BY, CREATE_DATE) VALUES (OFR_ID_SEQ.CURRVAL, PO_ID_SEQ.CURRVAL, 'OFFERMAKER', SYSDATE);
  BEGIN
    SELECT ID INTO CUR_PRD_ID FROM PRODUCT WHERE NAME = 'TimesMachine' AND PRODUCT_STATUS_ID = 1 AND ROWNUM <= 1;
  EXCEPTION
    WHEN NO_DATA_FOUND THEN
      INSERT INTO PRODUCT (ID, NAME, PRODUCTION_COST, PRODUCT_STATUS_ID, PRODUCT_URI, UNIT_PRICE, CREATED_BY, CREATE_DATE) VALUES (PRD_ID_SEQ.NEXTVAL, 'TimesMachine', '0', 1, NULL, '0', 'OFFERMAKER', SYSDATE);
      SELECT ID INTO CUR_PRD_ID FROM PRODUCT WHERE NAME = 'TimesMachine' AND PRODUCT_STATUS_ID = 1 AND ROWNUM <= 1;
    WHEN OTHERS THEN
      RAISE;
  END;
  SELECT ID INTO CUR_CAPABILITY_ID FROM CAPABILITY WHERE CODE IN LTRIM(RTRIM((UPPER('NONE')))) AND ROWNUM <= 1;
  INSERT INTO PRODUCT_OFFERING (ID, PRODUCT_ID, TAX_POLICY_TYPE_ID, QUANTITY, UNIT_PRICE, TAX_CATEGORY_ID, CAPABILITY_ID, CREATED_BY, CREATE_DATE) VALUES (PO_ID_SEQ.NEXTVAL, CUR_PRD_ID, '1', '28', '0', '2', CUR_CAPABILITY_ID, 'OFFERMAKER', SYSDATE);
  INSERT INTO PRODUCT_OFFERING_META_DATA (ID, PRODUCT_OFFERING_ID, NAME, VALUE, CREATED_BY, CREATE_DATE) VALUES (PROMD_ID_SEQ.NEXTVAL, PO_ID_SEQ.CURRVAL, 'DEFAULT_VAT_RATE', '{"*": 0.0}', 'OFFERMAKER', SYSDATE);
  INSERT INTO OFFER_PRODUCT_OFFERING (OFFER_ID, PRODUCT_OFFERING_ID, CREATED_BY, CREATE_DATE) VALUES (OFR_ID_SEQ.CURRVAL, PO_ID_SEQ.CURRVAL, 'OFFERMAKER', SYSDATE);
  BEGIN
    SELECT ID INTO CUR_PRD_ID FROM PRODUCT WHERE NAME = 'Smartphone' AND PRODUCT_STATUS_ID = 1 AND ROWNUM <= 1;
  EXCEPTION
    WHEN NO_DATA_FOUND THEN
      INSERT INTO PRODUCT (ID, NAME, PRODUCTION_COST, PRODUCT_STATUS_ID, PRODUCT_URI, UNIT_PRICE, CREATED_BY, CREATE_DATE) VALUES (PRD_ID_SEQ.NEXTVAL, 'Smartphone', '0', 1, NULL, '0.178571', 'OFFERMAKER', SYSDATE);
      SELECT ID INTO CUR_PRD_ID FROM PRODUCT WHERE NAME = 'Smartphone' AND PRODUCT_STATUS_ID = 1 AND ROWNUM <= 1;
    WHEN OTHERS THEN
      RAISE;
  END;
  SELECT ID INTO CUR_CAPABILITY_ID FROM CAPABILITY WHERE CODE IN LTRIM(RTRIM((UPPER('MSD')))) AND ROWNUM <= 1;
  INSERT INTO PRODUCT_OFFERING (ID, PRODUCT_ID, TAX_POLICY_TYPE_ID, QUANTITY, UNIT_PRICE, TAX_CATEGORY_ID, CAPABILITY_ID, CREATED_BY, CREATE_DATE) VALUES (PO_ID_SEQ.NEXTVAL, CUR_PRD_ID, '1', '28', '0.178571', '2', CUR_CAPABILITY_ID, 'OFFERMAKER', SYSDATE);
  INSERT INTO PRODUCT_OFFERING_META_DATA (ID, PRODUCT_OFFERING_ID, NAME, VALUE, CREATED_BY, CREATE_DATE) VALUES (PROMD_ID_SEQ.NEXTVAL, PO_ID_SEQ.CURRVAL, 'entitlement_uri', 'http://:hostname:/svc/user/entitlements/msd/:id:.json', 'OFFERMAKER', SYSDATE);
  INSERT INTO PRODUCT_OFFERING_META_DATA (ID, PRODUCT_OFFERING_ID, NAME, VALUE, CREATED_BY, CREATE_DATE) VALUES (PROMD_ID_SEQ.NEXTVAL, PO_ID_SEQ.CURRVAL, 'DEFAULT_VAT_RATE', '{"*": 0.0}', 'OFFERMAKER', SYSDATE);
  INSERT INTO PRODUCT_OFFERING_META_DATA (ID, PRODUCT_OFFERING_ID, NAME, VALUE, CREATED_BY, CREATE_DATE) VALUES (PROMD_ID_SEQ.NEXTVAL, PO_ID_SEQ.CURRVAL, 'capability', 'MSD', 'OFFERMAKER', SYSDATE);
  INSERT INTO OFFER_PRODUCT_OFFERING (OFFER_ID, PRODUCT_OFFERING_ID, CREATED_BY, CREATE_DATE) VALUES (OFR_ID_SEQ.CURRVAL, PO_ID_SEQ.CURRVAL, 'OFFERMAKER', SYSDATE);
  BEGIN
    SELECT ID INTO CUR_PRD_ID FROM PRODUCT WHERE NAME = 'Tablet' AND PRODUCT_STATUS_ID = 1 AND ROWNUM <= 1;
  EXCEPTION
    WHEN NO_DATA_FOUND THEN
      INSERT INTO PRODUCT (ID, NAME, PRODUCTION_COST, PRODUCT_STATUS_ID, PRODUCT_URI, UNIT_PRICE, CREATED_BY, CREATE_DATE) VALUES (PRD_ID_SEQ.NEXTVAL, 'Tablet', '0', 1, NULL, '0.714286', 'OFFERMAKER', SYSDATE);
      SELECT ID INTO CUR_PRD_ID FROM PRODUCT WHERE NAME = 'Tablet' AND PRODUCT_STATUS_ID = 1 AND ROWNUM <= 1;
    WHEN OTHERS THEN
      RAISE;
  END;
  SELECT ID INTO CUR_CAPABILITY_ID FROM CAPABILITY WHERE CODE IN LTRIM(RTRIM((UPPER('MTD')))) AND ROWNUM <= 1;
  INSERT INTO PRODUCT_OFFERING (ID, PRODUCT_ID, TAX_POLICY_TYPE_ID, QUANTITY, UNIT_PRICE, TAX_CATEGORY_ID, CAPABILITY_ID, CREATED_BY, CREATE_DATE) VALUES (PO_ID_SEQ.NEXTVAL, CUR_PRD_ID, '1', '28', '0.714286', '2', CUR_CAPABILITY_ID, 'OFFERMAKER', SYSDATE);
  INSERT INTO PRODUCT_OFFERING_META_DATA (ID, PRODUCT_OFFERING_ID, NAME, VALUE, CREATED_BY, CREATE_DATE) VALUES (PROMD_ID_SEQ.NEXTVAL, PO_ID_SEQ.CURRVAL, 'entitlement_uri', 'http://:hostname:/svc/user/entitlements/mtd/:id:.json', 'OFFERMAKER', SYSDATE);
  INSERT INTO PRODUCT_OFFERING_META_DATA (ID, PRODUCT_OFFERING_ID, NAME, VALUE, CREATED_BY, CREATE_DATE) VALUES (PROMD_ID_SEQ.NEXTVAL, PO_ID_SEQ.CURRVAL, 'DEFAULT_VAT_RATE', '{"*": 0.0}', 'OFFERMAKER', SYSDATE);
  INSERT INTO PRODUCT_OFFERING_META_DATA (ID, PRODUCT_OFFERING_ID, NAME, VALUE, CREATED_BY, CREATE_DATE) VALUES (PROMD_ID_SEQ.NEXTVAL, PO_ID_SEQ.CURRVAL, 'capability', 'MTD', 'OFFERMAKER', SYSDATE);
  INSERT INTO OFFER_PRODUCT_OFFERING (OFFER_ID, PRODUCT_OFFERING_ID, CREATED_BY, CREATE_DATE) VALUES (OFR_ID_SEQ.CURRVAL, PO_ID_SEQ.CURRVAL, 'OFFERMAKER', SYSDATE);
  BEGIN
    SELECT ID INTO CUR_PRD_ID FROM PRODUCT WHERE NAME = 'TimesReader' AND PRODUCT_STATUS_ID = 1 AND ROWNUM <= 1;
  EXCEPTION
    WHEN NO_DATA_FOUND THEN
      INSERT INTO PRODUCT (ID, NAME, PRODUCTION_COST, PRODUCT_STATUS_ID, PRODUCT_URI, UNIT_PRICE, CREATED_BY, CREATE_DATE) VALUES (PRD_ID_SEQ.NEXTVAL, 'TimesReader', '0', 1, NULL, '0', 'OFFERMAKER', SYSDATE);
      SELECT ID INTO CUR_PRD_ID FROM PRODUCT WHERE NAME = 'TimesReader' AND PRODUCT_STATUS_ID = 1 AND ROWNUM <= 1;
    WHEN OTHERS THEN
      RAISE;
  END;
  SELECT ID INTO CUR_CAPABILITY_ID FROM CAPABILITY WHERE CODE IN LTRIM(RTRIM((UPPER('TNR')))) AND ROWNUM <= 1;
  INSERT INTO PRODUCT_OFFERING (ID, PRODUCT_ID, TAX_POLICY_TYPE_ID, QUANTITY, UNIT_PRICE, TAX_CATEGORY_ID, CAPABILITY_ID, CREATED_BY, CREATE_DATE) VALUES (PO_ID_SEQ.NEXTVAL, CUR_PRD_ID, '1', '28', '0', '2', CUR_CAPABILITY_ID, 'OFFERMAKER', SYSDATE);
  INSERT INTO PRODUCT_OFFERING_META_DATA (ID, PRODUCT_OFFERING_ID, NAME, VALUE, CREATED_BY, CREATE_DATE) VALUES (PROMD_ID_SEQ.NEXTVAL, PO_ID_SEQ.CURRVAL, 'entitlement_uri', 'http://:hostname:/svc/user/entitlements/timesreader/:id:.json', 'OFFERMAKER', SYSDATE);
  INSERT INTO PRODUCT_OFFERING_META_DATA (ID, PRODUCT_OFFERING_ID, NAME, VALUE, CREATED_BY, CREATE_DATE) VALUES (PROMD_ID_SEQ.NEXTVAL, PO_ID_SEQ.CURRVAL, 'capability', 'TNR', 'OFFERMAKER', SYSDATE);
  INSERT INTO PRODUCT_OFFERING_META_DATA (ID, PRODUCT_OFFERING_ID, NAME, VALUE, CREATED_BY, CREATE_DATE) VALUES (PROMD_ID_SEQ.NEXTVAL, PO_ID_SEQ.CURRVAL, 'DEFAULT_VAT_RATE', '{"*": 0.0}', 'OFFERMAKER', SYSDATE);
  INSERT INTO OFFER_PRODUCT_OFFERING (OFFER_ID, PRODUCT_OFFERING_ID, CREATED_BY, CREATE_DATE) VALUES (OFR_ID_SEQ.CURRVAL, PO_ID_SEQ.CURRVAL, 'OFFERMAKER', SYSDATE);
  INSERT INTO OFFER_OFFER_CHAIN (OFFER_ID, OFFER_CHAIN_ID, INDEX_VALUE, NUM_RECURRENCES, CREATED_BY, CREATE_DATE, updated_by, update_date) VALUES (OFR_ID_SEQ.CURRVAL, 2292987918, '1', '-1', 'OFFERMAKER', SYSDATE, 'OFFERMAKER', SYSDATE);
  END;
END;
/

COMMIT;

