WHENEVER SQLERROR EXIT SQL.SQLCODE ROLLBACK
SET SCAN OFF
SET DEFINE OFF

DECLARE
  TMP_VAR NUMBER;
  CUR_PRD_ID NUMBER;
BEGIN
  BEGIN
    SELECT 1 INTO TMP_VAR FROM OFFER_CHAIN WHERE ID = 229869 AND ROWNUM <= 1;
    UPDATE OFFER_CHAIN SET NAME='NYTimes: Web+Tablet', DESCRIPTION='Unlimited access to The New York Times on the web, and access to the full app for your tablet .', PRODUCT_URI='', UPDATE_DATE = SYSDATE, UPDATED_BY = 'OFFERMAKER' WHERE ID = 229869;
  EXCEPTION
    WHEN NO_DATA_FOUND THEN
      INSERT INTO OFFER_CHAIN (ID, NAME, DESCRIPTION, ADOPTABILITY_WINDOW_START_DATE, ADOPTABILITY_WINDOW_END_DATE, IS_GIFT_CERTIFICATE, PRODUCT_URI, OFFER_CHAIN_STATUS_ID, created_by, create_date, updated_by, update_date) VALUES (229869, 'NYTimes: Web+Tablet', 'Unlimited access to The New York Times on the web, and access to the full app for your tablet .', '01-Jan-2011', '01-Jan-2999', '0', NULL, '1', 'chris', SYSDATE, 'chris', SYSDATE);
  END;
  DELETE FROM OFFER_CHAIN_ELIGIBILITY WHERE offer_chain_id = 229869;
  INSERT INTO OFFER_CHAIN_ELIGIBILITY (ID, OFFER_CHAIN_ID, NAME, VALUE, created_by, create_date) VALUES (ELG_ID_SEQ.NEXTVAL, 229869, 'IS_COMP', '0', 'chris', SYSDATE);
  INSERT INTO OFFER_CHAIN_ELIGIBILITY (ID, OFFER_CHAIN_ID, NAME, VALUE, created_by, create_date) VALUES (ELG_ID_SEQ.NEXTVAL, 229869, 'MAX_CONCURRENT_SUBS', '1', 'chris', SYSDATE);
  DELETE FROM OFFER_CHAIN_META_DATA WHERE offer_chain_id = 229869;
  INSERT INTO OFFER_CHAIN_META_DATA (ID, OFFER_CHAIN_ID, NAME, VALUE, created_by, create_date) VALUES (OCMD_ID_SEQ.NEXTVAL, 229869, 'IS_COMP', '0', 'chris', SYSDATE);
  INSERT INTO OFFER_CHAIN_META_DATA (ID, OFFER_CHAIN_ID, NAME, VALUE, created_by, create_date) VALUES (OCMD_ID_SEQ.NEXTVAL, 229869, 'BUNDLE_EXPLANATION', 'Special promo offer setup for Times Reader monthly migration', 'chris', SYSDATE);
  INSERT INTO OFFER_CHAIN_META_DATA (ID, OFFER_CHAIN_ID, NAME, VALUE, created_by, create_date) VALUES (OCMD_ID_SEQ.NEXTVAL, 229869, 'PRICE_DESCRIPTION', 'Web+Tablet App First 4 Weeks: FREE Thereafter: $20.00 every 4 weeks', 'chris', SYSDATE);
  INSERT INTO OFFER_CHAIN_META_DATA (ID, OFFER_CHAIN_ID, NAME, VALUE, created_by, create_date) VALUES (OCMD_ID_SEQ.NEXTVAL, 229869, 'OFFER_TYPE', 'Free Trial for 4 Weeks', 'chris', SYSDATE);
  INSERT INTO OFFER_CHAIN_META_DATA (ID, OFFER_CHAIN_ID, NAME, VALUE, created_by, create_date) VALUES (OCMD_ID_SEQ.NEXTVAL, 229869, 'OFFER_PRICE_DESCRIPTOR', 'N/A', 'chris', SYSDATE);
  INSERT INTO OFFER_CHAIN_META_DATA (ID, OFFER_CHAIN_ID, NAME, VALUE, created_by, create_date) VALUES (OCMD_ID_SEQ.NEXTVAL, 229869, 'OFFER_PRICE', 'N/A', 'chris', SYSDATE);
  INSERT INTO OFFER_CHAIN_META_DATA (ID, OFFER_CHAIN_ID, NAME, VALUE, created_by, create_date) VALUES (OCMD_ID_SEQ.NEXTVAL, 229869, 'OFFER_PRICE_DETAIL', '($5.00 / week thereafter)', 'chris', SYSDATE);
  INSERT INTO OFFER_CHAIN_META_DATA (ID, OFFER_CHAIN_ID, NAME, VALUE, created_by, create_date) VALUES (OCMD_ID_SEQ.NEXTVAL, 229869, 'PROMO_PRICE_FOOTER_LABEL', 'First 4 Weeks', 'chris', SYSDATE);
  INSERT INTO OFFER_CHAIN_META_DATA (ID, OFFER_CHAIN_ID, NAME, VALUE, created_by, create_date) VALUES (OCMD_ID_SEQ.NEXTVAL, 229869, 'ACTUAL_PRICE_FOOTER_LABEL', 'Thereafter', 'chris', SYSDATE);
  INSERT INTO OFFER_CHAIN_META_DATA (ID, OFFER_CHAIN_ID, NAME, VALUE, created_by, create_date) VALUES (OCMD_ID_SEQ.NEXTVAL, 229869, 'BILLING_CYCLE', 'every 4 weeks*', 'chris', SYSDATE);
  INSERT INTO OFFER_CHAIN_META_DATA (ID, OFFER_CHAIN_ID, NAME, VALUE, created_by, create_date) VALUES (OCMD_ID_SEQ.NEXTVAL, 229869, 'SUBSCRIBER_TYPE', 'Regular', 'chris', SYSDATE);
  INSERT INTO OFFER_CHAIN_META_DATA (ID, OFFER_CHAIN_ID, NAME, VALUE, created_by, create_date) VALUES (OCMD_ID_SEQ.NEXTVAL, 229869, 'REFUND_POLICY', 'Monthly Billing: No refund.  Users will maintain access for the remainder of the billing period.  Users will not be billed in the next billing cycle.', 'chris', SYSDATE);
  INSERT INTO OFFER_CHAIN_META_DATA (ID, OFFER_CHAIN_ID, NAME, VALUE, created_by, create_date) VALUES (OCMD_ID_SEQ.NEXTVAL, 229869, 'CANCELABLE', '1', 'chris', SYSDATE);
  INSERT INTO OFFER_CHAIN_META_DATA (ID, OFFER_CHAIN_ID, NAME, VALUE, created_by, create_date) VALUES (OCMD_ID_SEQ.NEXTVAL, 229869, 'UPGRADABLE_OFFER_CHAIN_IDS', '37,38,60,61,62,63,64,65,66,67,68,69,70,71,72,73,74,75,1000000060,1000000061,1000000063,1000000064,1000000066,1000000067,1000000068,1000000070,1000000071,1000000072,1000000073,1000000074,1000000075,121,122,123,124,125,126', 'chris', SYSDATE);
  INSERT INTO OFFER_CHAIN_META_DATA (ID, OFFER_CHAIN_ID, NAME, VALUE, created_by, create_date) VALUES (OCMD_ID_SEQ.NEXTVAL, 229869, 'BUNDLE', 'Bundle B', 'chris', SYSDATE);
  INSERT INTO OFFER_CHAIN_META_DATA (ID, OFFER_CHAIN_ID, NAME, VALUE, created_by, create_date) VALUES (OCMD_ID_SEQ.NEXTVAL, 229869, 'SIEBEL_CAMPAIGN_CODE', 'SIEBELDEFAULT', 'chris', SYSDATE);
  INSERT INTO OFFER_CHAIN_META_DATA (ID, OFFER_CHAIN_ID, NAME, VALUE, created_by, create_date) VALUES (OCMD_ID_SEQ.NEXTVAL, 229869, 'ANNUAL_PRICE', '260.00', 'chris', SYSDATE);
  INSERT INTO OFFER_CHAIN_META_DATA (ID, OFFER_CHAIN_ID, NAME, VALUE, created_by, create_date) VALUES (OCMD_ID_SEQ.NEXTVAL, 229869, 'UID', '59bbedc0315a55bbf1207537c6a6ecf9b39c47025d55636dadcfe041d4a02e4b', 'chris', SYSDATE);
  BEGIN
    SELECT 1 INTO TMP_VAR FROM OFFER_OFFER_CHAIN WHERE OFFER_CHAIN_ID = 229869 AND INDEX_VALUE = 0 AND ROWNUM <= 1;
  EXCEPTION
    WHEN NO_DATA_FOUND THEN
  INSERT INTO OFFER (ID, OFFER_STATUS_ID, ENTITLEMENT_DURATION, created_by, create_date, updated_by, update_date) VALUES (OFR_ID_SEQ.NEXTVAL, 1, 'P0Y0M28DT0H0M', 'chris', SYSDATE, 'chris', SYSDATE);
  BEGIN
    SELECT ID INTO CUR_PRD_ID FROM PRODUCT WHERE NAME = 'Web' AND PRODUCT_STATUS_ID = 1 AND ROWNUM <= 1;
  EXCEPTION
    WHEN NO_DATA_FOUND THEN
      INSERT INTO PRODUCT (ID, NAME, PRODUCTION_COST, PRODUCT_STATUS_ID, PRODUCT_URI, UNIT_PRICE, created_by, create_date) VALUES (PRD_ID_SEQ.NEXTVAL, 'Web', '0', 1, NULL, '0.357143', 'chris', SYSDATE);
      SELECT ID INTO CUR_PRD_ID FROM PRODUCT WHERE NAME = 'Web' AND PRODUCT_STATUS_ID = 1 AND ROWNUM <= 1;
    WHEN OTHERS THEN
      RAISE;
  END;
  INSERT INTO PRODUCT_OFFERING (ID, PRODUCT_ID, TAX_POLICY_TYPE_ID, QUANTITY, UNIT_PRICE, TAX_CATEGORY_ID, created_by, create_date) VALUES (PO_ID_SEQ.NEXTVAL, CUR_PRD_ID, 1, '28', '0.357143', '2', 'chris', SYSDATE);
  INSERT INTO PRODUCT_OFFERING_META_DATA (ID, PRODUCT_OFFERING_ID, NAME, VALUE, created_by, create_date) VALUES (PROMD_ID_SEQ.NEXTVAL, PO_ID_SEQ.CURRVAL, 'entitlement_uri', 'http://:hostname:/svc/user/entitlements/mm/:id:.json', 'chris', SYSDATE);
  INSERT INTO PRODUCT_OFFERING_META_DATA (ID, PRODUCT_OFFERING_ID, NAME, VALUE, created_by, create_date) VALUES (PROMD_ID_SEQ.NEXTVAL, PO_ID_SEQ.CURRVAL, 'DEFAULT_VAT_RATE', '{"*": 0.0}', 'chris', SYSDATE);
  INSERT INTO PRODUCT_OFFERING_META_DATA (ID, PRODUCT_OFFERING_ID, NAME, VALUE, created_by, create_date) VALUES (PROMD_ID_SEQ.NEXTVAL, PO_ID_SEQ.CURRVAL, 'CAPABILITY', 'MM', 'chris', SYSDATE);
  INSERT INTO OFFER_PRODUCT_OFFERING (OFFER_ID, PRODUCT_OFFERING_ID, created_by, create_date) VALUES (OFR_ID_SEQ.CURRVAL, PO_ID_SEQ.CURRVAL, 'chris', SYSDATE);
  INSERT INTO DISCOUNT (ID, NAME, DESCRIPTION, FIXED_AMOUNT, PERCENT_AMOUNT, DISCOUNT_TYPE_ID, created_by, create_date) VALUES (DSC_ID_SEQ.NEXTVAL, 'Auto Discount', 'Automatically generated to target price 0.0 given base price 20.000008', '0', '100.0', 1, 'chris', SYSDATE);
  INSERT INTO DISCOUNT_PRODUCT_OFFERING (DISCOUNT_ID, PRODUCT_OFFERING_ID, created_by, create_date) VALUES (DSC_ID_SEQ.CURRVAL, PO_ID_SEQ.CURRVAL, 'chris', SYSDATE);
  BEGIN
    SELECT ID INTO CUR_PRD_ID FROM PRODUCT WHERE NAME = 'Mobile' AND PRODUCT_STATUS_ID = 1 AND ROWNUM <= 1;
  EXCEPTION
    WHEN NO_DATA_FOUND THEN
      INSERT INTO PRODUCT (ID, NAME, PRODUCTION_COST, PRODUCT_STATUS_ID, PRODUCT_URI, UNIT_PRICE, created_by, create_date) VALUES (PRD_ID_SEQ.NEXTVAL, 'Mobile', '0', 1, NULL, '0', 'chris', SYSDATE);
      SELECT ID INTO CUR_PRD_ID FROM PRODUCT WHERE NAME = 'Mobile' AND PRODUCT_STATUS_ID = 1 AND ROWNUM <= 1;
    WHEN OTHERS THEN
      RAISE;
  END;
  INSERT INTO PRODUCT_OFFERING (ID, PRODUCT_ID, TAX_POLICY_TYPE_ID, QUANTITY, UNIT_PRICE, TAX_CATEGORY_ID, created_by, create_date) VALUES (PO_ID_SEQ.NEXTVAL, CUR_PRD_ID, 1, '28', '0', '2', 'chris', SYSDATE);
  INSERT INTO PRODUCT_OFFERING_META_DATA (ID, PRODUCT_OFFERING_ID, NAME, VALUE, created_by, create_date) VALUES (PROMD_ID_SEQ.NEXTVAL, PO_ID_SEQ.CURRVAL, 'entitlement_uri', 'http://:hostname:/svc/user/entitlements/mow/:id:.json', 'chris', SYSDATE);
  INSERT INTO PRODUCT_OFFERING_META_DATA (ID, PRODUCT_OFFERING_ID, NAME, VALUE, created_by, create_date) VALUES (PROMD_ID_SEQ.NEXTVAL, PO_ID_SEQ.CURRVAL, 'DEFAULT_VAT_RATE', '{"*": 0.0}', 'chris', SYSDATE);
  INSERT INTO PRODUCT_OFFERING_META_DATA (ID, PRODUCT_OFFERING_ID, NAME, VALUE, created_by, create_date) VALUES (PROMD_ID_SEQ.NEXTVAL, PO_ID_SEQ.CURRVAL, 'capability', 'MOW', 'chris', SYSDATE);
  INSERT INTO OFFER_PRODUCT_OFFERING (OFFER_ID, PRODUCT_OFFERING_ID, created_by, create_date) VALUES (OFR_ID_SEQ.CURRVAL, PO_ID_SEQ.CURRVAL, 'chris', SYSDATE);
  INSERT INTO DISCOUNT (ID, NAME, DESCRIPTION, FIXED_AMOUNT, PERCENT_AMOUNT, DISCOUNT_TYPE_ID, created_by, create_date) VALUES (DSC_ID_SEQ.NEXTVAL, 'Auto Discount', 'Automatically generated to target price 0.0 given base price 20.000008', '0', '100.0', 1, 'chris', SYSDATE);
  INSERT INTO DISCOUNT_PRODUCT_OFFERING (DISCOUNT_ID, PRODUCT_OFFERING_ID, created_by, create_date) VALUES (DSC_ID_SEQ.CURRVAL, PO_ID_SEQ.CURRVAL, 'chris', SYSDATE);
  BEGIN
    SELECT ID INTO CUR_PRD_ID FROM PRODUCT WHERE NAME = 'Archive Article' AND PRODUCT_STATUS_ID = 1 AND ROWNUM <= 1;
  EXCEPTION
    WHEN NO_DATA_FOUND THEN
      INSERT INTO PRODUCT (ID, NAME, PRODUCTION_COST, PRODUCT_STATUS_ID, PRODUCT_URI, UNIT_PRICE, created_by, create_date) VALUES (PRD_ID_SEQ.NEXTVAL, 'Archive Article', '0', 1, NULL, '0', 'chris', SYSDATE);
      SELECT ID INTO CUR_PRD_ID FROM PRODUCT WHERE NAME = 'Archive Article' AND PRODUCT_STATUS_ID = 1 AND ROWNUM <= 1;
    WHEN OTHERS THEN
      RAISE;
  END;
  INSERT INTO PRODUCT_OFFERING (ID, PRODUCT_ID, TAX_POLICY_TYPE_ID, QUANTITY, UNIT_PRICE, TAX_CATEGORY_ID, created_by, create_date) VALUES (PO_ID_SEQ.NEXTVAL, CUR_PRD_ID, 1, '100', '0', '2', 'chris', SYSDATE);
  INSERT INTO PRODUCT_OFFERING_META_DATA (ID, PRODUCT_OFFERING_ID, NAME, VALUE, created_by, create_date) VALUES (PROMD_ID_SEQ.NEXTVAL, PO_ID_SEQ.CURRVAL, 'entitlement_uri', 'http://:hostname:/svc/user/entitlements/archive/size/100/:id:.json', 'chris', SYSDATE);
  INSERT INTO PRODUCT_OFFERING_META_DATA (ID, PRODUCT_OFFERING_ID, NAME, VALUE, created_by, create_date) VALUES (PROMD_ID_SEQ.NEXTVAL, PO_ID_SEQ.CURRVAL, 'capability', 'AAA', 'chris', SYSDATE);
  INSERT INTO PRODUCT_OFFERING_META_DATA (ID, PRODUCT_OFFERING_ID, NAME, VALUE, created_by, create_date) VALUES (PROMD_ID_SEQ.NEXTVAL, PO_ID_SEQ.CURRVAL, 'DEFAULT_VAT_RATE', '{"*": 0.0}', 'chris', SYSDATE);
  INSERT INTO OFFER_PRODUCT_OFFERING (OFFER_ID, PRODUCT_OFFERING_ID, created_by, create_date) VALUES (OFR_ID_SEQ.CURRVAL, PO_ID_SEQ.CURRVAL, 'chris', SYSDATE);
  INSERT INTO DISCOUNT (ID, NAME, DESCRIPTION, FIXED_AMOUNT, PERCENT_AMOUNT, DISCOUNT_TYPE_ID, created_by, create_date) VALUES (DSC_ID_SEQ.NEXTVAL, 'Auto Discount', 'Automatically generated to target price 0.0 given base price 20.000008', '0', '100.0', 1, 'chris', SYSDATE);
  INSERT INTO DISCOUNT_PRODUCT_OFFERING (DISCOUNT_ID, PRODUCT_OFFERING_ID, created_by, create_date) VALUES (DSC_ID_SEQ.CURRVAL, PO_ID_SEQ.CURRVAL, 'chris', SYSDATE);
  BEGIN
    SELECT ID INTO CUR_PRD_ID FROM PRODUCT WHERE NAME = 'TimesMachine' AND PRODUCT_STATUS_ID = 1 AND ROWNUM <= 1;
  EXCEPTION
    WHEN NO_DATA_FOUND THEN
      INSERT INTO PRODUCT (ID, NAME, PRODUCTION_COST, PRODUCT_STATUS_ID, PRODUCT_URI, UNIT_PRICE, created_by, create_date) VALUES (PRD_ID_SEQ.NEXTVAL, 'TimesMachine', '0', 1, NULL, '0', 'chris', SYSDATE);
      SELECT ID INTO CUR_PRD_ID FROM PRODUCT WHERE NAME = 'TimesMachine' AND PRODUCT_STATUS_ID = 1 AND ROWNUM <= 1;
    WHEN OTHERS THEN
      RAISE;
  END;
  INSERT INTO PRODUCT_OFFERING (ID, PRODUCT_ID, TAX_POLICY_TYPE_ID, QUANTITY, UNIT_PRICE, TAX_CATEGORY_ID, created_by, create_date) VALUES (PO_ID_SEQ.NEXTVAL, CUR_PRD_ID, 1, '100', '0', '2', 'chris', SYSDATE);
  INSERT INTO PRODUCT_OFFERING_META_DATA (ID, PRODUCT_OFFERING_ID, NAME, VALUE, created_by, create_date) VALUES (PROMD_ID_SEQ.NEXTVAL, PO_ID_SEQ.CURRVAL, 'entitlement_uri', 'http://:hostname:/svc/user/entitlements/mm/:id:.json', 'chris', SYSDATE);
  INSERT INTO PRODUCT_OFFERING_META_DATA (ID, PRODUCT_OFFERING_ID, NAME, VALUE, created_by, create_date) VALUES (PROMD_ID_SEQ.NEXTVAL, PO_ID_SEQ.CURRVAL, 'DEFAULT_VAT_RATE', '{"*": 0.0}', 'chris', SYSDATE);
  INSERT INTO OFFER_PRODUCT_OFFERING (OFFER_ID, PRODUCT_OFFERING_ID, created_by, create_date) VALUES (OFR_ID_SEQ.CURRVAL, PO_ID_SEQ.CURRVAL, 'chris', SYSDATE);
  INSERT INTO DISCOUNT (ID, NAME, DESCRIPTION, FIXED_AMOUNT, PERCENT_AMOUNT, DISCOUNT_TYPE_ID, created_by, create_date) VALUES (DSC_ID_SEQ.NEXTVAL, 'Auto Discount', 'Automatically generated to target price 0.0 given base price 20.000008', '0', '100.0', 1, 'chris', SYSDATE);
  INSERT INTO DISCOUNT_PRODUCT_OFFERING (DISCOUNT_ID, PRODUCT_OFFERING_ID, created_by, create_date) VALUES (DSC_ID_SEQ.CURRVAL, PO_ID_SEQ.CURRVAL, 'chris', SYSDATE);
  BEGIN
    SELECT ID INTO CUR_PRD_ID FROM PRODUCT WHERE NAME = 'Tablet' AND PRODUCT_STATUS_ID = 1 AND ROWNUM <= 1;
  EXCEPTION
    WHEN NO_DATA_FOUND THEN
      INSERT INTO PRODUCT (ID, NAME, PRODUCTION_COST, PRODUCT_STATUS_ID, PRODUCT_URI, UNIT_PRICE, created_by, create_date) VALUES (PRD_ID_SEQ.NEXTVAL, 'Tablet', '0', 1, NULL, '0.357143', 'chris', SYSDATE);
      SELECT ID INTO CUR_PRD_ID FROM PRODUCT WHERE NAME = 'Tablet' AND PRODUCT_STATUS_ID = 1 AND ROWNUM <= 1;
    WHEN OTHERS THEN
      RAISE;
  END;
  INSERT INTO PRODUCT_OFFERING (ID, PRODUCT_ID, TAX_POLICY_TYPE_ID, QUANTITY, UNIT_PRICE, TAX_CATEGORY_ID, created_by, create_date) VALUES (PO_ID_SEQ.NEXTVAL, CUR_PRD_ID, 1, '28', '0.357143', '2', 'chris', SYSDATE);
  INSERT INTO PRODUCT_OFFERING_META_DATA (ID, PRODUCT_OFFERING_ID, NAME, VALUE, created_by, create_date) VALUES (PROMD_ID_SEQ.NEXTVAL, PO_ID_SEQ.CURRVAL, 'entitlement_uri', 'http://:hostname:/svc/user/entitlements/mtd/:id:.json', 'chris', SYSDATE);
  INSERT INTO PRODUCT_OFFERING_META_DATA (ID, PRODUCT_OFFERING_ID, NAME, VALUE, created_by, create_date) VALUES (PROMD_ID_SEQ.NEXTVAL, PO_ID_SEQ.CURRVAL, 'DEFAULT_VAT_RATE', '{"*": 0.0}', 'chris', SYSDATE);
  INSERT INTO PRODUCT_OFFERING_META_DATA (ID, PRODUCT_OFFERING_ID, NAME, VALUE, created_by, create_date) VALUES (PROMD_ID_SEQ.NEXTVAL, PO_ID_SEQ.CURRVAL, 'capability', 'MTD', 'chris', SYSDATE);
  INSERT INTO OFFER_PRODUCT_OFFERING (OFFER_ID, PRODUCT_OFFERING_ID, created_by, create_date) VALUES (OFR_ID_SEQ.CURRVAL, PO_ID_SEQ.CURRVAL, 'chris', SYSDATE);
  INSERT INTO DISCOUNT (ID, NAME, DESCRIPTION, FIXED_AMOUNT, PERCENT_AMOUNT, DISCOUNT_TYPE_ID, created_by, create_date) VALUES (DSC_ID_SEQ.NEXTVAL, 'Auto Discount', 'Automatically generated to target price 0.0 given base price 20.000008', '0', '100.0', 1, 'chris', SYSDATE);
  INSERT INTO DISCOUNT_PRODUCT_OFFERING (DISCOUNT_ID, PRODUCT_OFFERING_ID, created_by, create_date) VALUES (DSC_ID_SEQ.CURRVAL, PO_ID_SEQ.CURRVAL, 'chris', SYSDATE);
  BEGIN
    SELECT ID INTO CUR_PRD_ID FROM PRODUCT WHERE NAME = 'TimesReader' AND PRODUCT_STATUS_ID = 1 AND ROWNUM <= 1;
  EXCEPTION
    WHEN NO_DATA_FOUND THEN
      INSERT INTO PRODUCT (ID, NAME, PRODUCTION_COST, PRODUCT_STATUS_ID, PRODUCT_URI, UNIT_PRICE, created_by, create_date) VALUES (PRD_ID_SEQ.NEXTVAL, 'TimesReader', '0', 1, NULL, '0', 'chris', SYSDATE);
      SELECT ID INTO CUR_PRD_ID FROM PRODUCT WHERE NAME = 'TimesReader' AND PRODUCT_STATUS_ID = 1 AND ROWNUM <= 1;
    WHEN OTHERS THEN
      RAISE;
  END;
  INSERT INTO PRODUCT_OFFERING (ID, PRODUCT_ID, TAX_POLICY_TYPE_ID, QUANTITY, UNIT_PRICE, TAX_CATEGORY_ID, created_by, create_date) VALUES (PO_ID_SEQ.NEXTVAL, CUR_PRD_ID, 1, '28', '0', '2', 'chris', SYSDATE);
  INSERT INTO PRODUCT_OFFERING_META_DATA (ID, PRODUCT_OFFERING_ID, NAME, VALUE, created_by, create_date) VALUES (PROMD_ID_SEQ.NEXTVAL, PO_ID_SEQ.CURRVAL, 'entitlement_uri', 'http://:hostname:/svc/user/entitlements/tr/:id:.json', 'chris', SYSDATE);
  INSERT INTO PRODUCT_OFFERING_META_DATA (ID, PRODUCT_OFFERING_ID, NAME, VALUE, created_by, create_date) VALUES (PROMD_ID_SEQ.NEXTVAL, PO_ID_SEQ.CURRVAL, 'capability', 'TR', 'chris', SYSDATE);
  INSERT INTO PRODUCT_OFFERING_META_DATA (ID, PRODUCT_OFFERING_ID, NAME, VALUE, created_by, create_date) VALUES (PROMD_ID_SEQ.NEXTVAL, PO_ID_SEQ.CURRVAL, 'DEFAULT_VAT_RATE', '{"*": 0.0}', 'chris', SYSDATE);
  INSERT INTO OFFER_PRODUCT_OFFERING (OFFER_ID, PRODUCT_OFFERING_ID, created_by, create_date) VALUES (OFR_ID_SEQ.CURRVAL, PO_ID_SEQ.CURRVAL, 'chris', SYSDATE);
  INSERT INTO DISCOUNT (ID, NAME, DESCRIPTION, FIXED_AMOUNT, PERCENT_AMOUNT, DISCOUNT_TYPE_ID, created_by, create_date) VALUES (DSC_ID_SEQ.NEXTVAL, 'Auto Discount', 'Automatically generated to target price 0.0 given base price 20.000008', '0', '100.0', 1, 'chris', SYSDATE);
  INSERT INTO DISCOUNT_PRODUCT_OFFERING (DISCOUNT_ID, PRODUCT_OFFERING_ID, created_by, create_date) VALUES (DSC_ID_SEQ.CURRVAL, PO_ID_SEQ.CURRVAL, 'chris', SYSDATE);
  BEGIN
    SELECT ID INTO CUR_PRD_ID FROM PRODUCT WHERE NAME = 'IHTReader' AND PRODUCT_STATUS_ID = 1 AND ROWNUM <= 1;
  EXCEPTION
    WHEN NO_DATA_FOUND THEN
      INSERT INTO PRODUCT (ID, NAME, PRODUCTION_COST, PRODUCT_STATUS_ID, PRODUCT_URI, UNIT_PRICE, created_by, create_date) VALUES (PRD_ID_SEQ.NEXTVAL, 'IHTReader', '0', 1, NULL, '0', 'chris', SYSDATE);
      SELECT ID INTO CUR_PRD_ID FROM PRODUCT WHERE NAME = 'IHTReader' AND PRODUCT_STATUS_ID = 1 AND ROWNUM <= 1;
    WHEN OTHERS THEN
      RAISE;
  END;
  INSERT INTO PRODUCT_OFFERING (ID, PRODUCT_ID, TAX_POLICY_TYPE_ID, QUANTITY, UNIT_PRICE, TAX_CATEGORY_ID, created_by, create_date) VALUES (PO_ID_SEQ.NEXTVAL, CUR_PRD_ID, 1, '28', '0', '2', 'chris', SYSDATE);
  INSERT INTO PRODUCT_OFFERING_META_DATA (ID, PRODUCT_OFFERING_ID, NAME, VALUE, created_by, create_date) VALUES (PROMD_ID_SEQ.NEXTVAL, PO_ID_SEQ.CURRVAL, 'entitlement_uri', 'http://:hostname:/svc/user/entitlements/tr/:id:.json', 'chris', SYSDATE);
  INSERT INTO PRODUCT_OFFERING_META_DATA (ID, PRODUCT_OFFERING_ID, NAME, VALUE, created_by, create_date) VALUES (PROMD_ID_SEQ.NEXTVAL, PO_ID_SEQ.CURRVAL, 'capability', 'TR', 'chris', SYSDATE);
  INSERT INTO PRODUCT_OFFERING_META_DATA (ID, PRODUCT_OFFERING_ID, NAME, VALUE, created_by, create_date) VALUES (PROMD_ID_SEQ.NEXTVAL, PO_ID_SEQ.CURRVAL, 'DEFAULT_VAT_RATE', '{"*": 0.0}', 'chris', SYSDATE);
  INSERT INTO OFFER_PRODUCT_OFFERING (OFFER_ID, PRODUCT_OFFERING_ID, created_by, create_date) VALUES (OFR_ID_SEQ.CURRVAL, PO_ID_SEQ.CURRVAL, 'chris', SYSDATE);
  INSERT INTO DISCOUNT (ID, NAME, DESCRIPTION, FIXED_AMOUNT, PERCENT_AMOUNT, DISCOUNT_TYPE_ID, created_by, create_date) VALUES (DSC_ID_SEQ.NEXTVAL, 'Auto Discount', 'Automatically generated to target price 0.0 given base price 20.000008', '0', '100.0', 1, 'chris', SYSDATE);
  INSERT INTO DISCOUNT_PRODUCT_OFFERING (DISCOUNT_ID, PRODUCT_OFFERING_ID, created_by, create_date) VALUES (DSC_ID_SEQ.CURRVAL, PO_ID_SEQ.CURRVAL, 'chris', SYSDATE);
  INSERT INTO OFFER_OFFER_CHAIN (OFFER_ID, OFFER_CHAIN_ID, INDEX_VALUE, NUM_RECURRENCES, created_by, create_date, updated_by, update_date) VALUES (OFR_ID_SEQ.CURRVAL, 229869, '0', '1', 'chris', SYSDATE, 'chris', SYSDATE);
  END;
  BEGIN
    SELECT 1 INTO TMP_VAR FROM OFFER_OFFER_CHAIN WHERE OFFER_CHAIN_ID = 229869 AND INDEX_VALUE = 1 AND ROWNUM <= 1;
  EXCEPTION
    WHEN NO_DATA_FOUND THEN
  INSERT INTO OFFER (ID, OFFER_STATUS_ID, ENTITLEMENT_DURATION, created_by, create_date, updated_by, update_date) VALUES (OFR_ID_SEQ.NEXTVAL, 1, 'P0Y0M28DT0H0M', 'chris', SYSDATE, 'chris', SYSDATE);
  BEGIN
    SELECT ID INTO CUR_PRD_ID FROM PRODUCT WHERE NAME = 'Web' AND PRODUCT_STATUS_ID = 1 AND ROWNUM <= 1;
  EXCEPTION
    WHEN NO_DATA_FOUND THEN
      INSERT INTO PRODUCT (ID, NAME, PRODUCTION_COST, PRODUCT_STATUS_ID, PRODUCT_URI, UNIT_PRICE, created_by, create_date) VALUES (PRD_ID_SEQ.NEXTVAL, 'Web', '0', 1, NULL, '0.357143', 'chris', SYSDATE);
      SELECT ID INTO CUR_PRD_ID FROM PRODUCT WHERE NAME = 'Web' AND PRODUCT_STATUS_ID = 1 AND ROWNUM <= 1;
    WHEN OTHERS THEN
      RAISE;
  END;
  INSERT INTO PRODUCT_OFFERING (ID, PRODUCT_ID, TAX_POLICY_TYPE_ID, QUANTITY, UNIT_PRICE, TAX_CATEGORY_ID, created_by, create_date) VALUES (PO_ID_SEQ.NEXTVAL, CUR_PRD_ID, 1, '28', '0.357143', '2', 'chris', SYSDATE);
  INSERT INTO PRODUCT_OFFERING_META_DATA (ID, PRODUCT_OFFERING_ID, NAME, VALUE, created_by, create_date) VALUES (PROMD_ID_SEQ.NEXTVAL, PO_ID_SEQ.CURRVAL, 'entitlement_uri', 'http://:hostname:/svc/user/entitlements/mm/:id:.json', 'chris', SYSDATE);
  INSERT INTO PRODUCT_OFFERING_META_DATA (ID, PRODUCT_OFFERING_ID, NAME, VALUE, created_by, create_date) VALUES (PROMD_ID_SEQ.NEXTVAL, PO_ID_SEQ.CURRVAL, 'DEFAULT_VAT_RATE', '{"*": 0.0}', 'chris', SYSDATE);
  INSERT INTO PRODUCT_OFFERING_META_DATA (ID, PRODUCT_OFFERING_ID, NAME, VALUE, created_by, create_date) VALUES (PROMD_ID_SEQ.NEXTVAL, PO_ID_SEQ.CURRVAL, 'CAPABILITY', 'MM', 'chris', SYSDATE);
  INSERT INTO OFFER_PRODUCT_OFFERING (OFFER_ID, PRODUCT_OFFERING_ID, created_by, create_date) VALUES (OFR_ID_SEQ.CURRVAL, PO_ID_SEQ.CURRVAL, 'chris', SYSDATE);
  INSERT INTO DISCOUNT (ID, NAME, DESCRIPTION, FIXED_AMOUNT, PERCENT_AMOUNT, DISCOUNT_TYPE_ID, created_by, create_date) VALUES (DSC_ID_SEQ.NEXTVAL, 'Auto Discount', 'Automatically generated to target price 20.0 given base price 20.000008', '0', '0.0', 1, 'chris', SYSDATE);
  INSERT INTO DISCOUNT_PRODUCT_OFFERING (DISCOUNT_ID, PRODUCT_OFFERING_ID, created_by, create_date) VALUES (DSC_ID_SEQ.CURRVAL, PO_ID_SEQ.CURRVAL, 'chris', SYSDATE);
  BEGIN
    SELECT ID INTO CUR_PRD_ID FROM PRODUCT WHERE NAME = 'Mobile' AND PRODUCT_STATUS_ID = 1 AND ROWNUM <= 1;
  EXCEPTION
    WHEN NO_DATA_FOUND THEN
      INSERT INTO PRODUCT (ID, NAME, PRODUCTION_COST, PRODUCT_STATUS_ID, PRODUCT_URI, UNIT_PRICE, created_by, create_date) VALUES (PRD_ID_SEQ.NEXTVAL, 'Mobile', '0', 1, NULL, '0', 'chris', SYSDATE);
      SELECT ID INTO CUR_PRD_ID FROM PRODUCT WHERE NAME = 'Mobile' AND PRODUCT_STATUS_ID = 1 AND ROWNUM <= 1;
    WHEN OTHERS THEN
      RAISE;
  END;
  INSERT INTO PRODUCT_OFFERING (ID, PRODUCT_ID, TAX_POLICY_TYPE_ID, QUANTITY, UNIT_PRICE, TAX_CATEGORY_ID, created_by, create_date) VALUES (PO_ID_SEQ.NEXTVAL, CUR_PRD_ID, 1, '28', '0', '2', 'chris', SYSDATE);
  INSERT INTO PRODUCT_OFFERING_META_DATA (ID, PRODUCT_OFFERING_ID, NAME, VALUE, created_by, create_date) VALUES (PROMD_ID_SEQ.NEXTVAL, PO_ID_SEQ.CURRVAL, 'entitlement_uri', 'http://:hostname:/svc/user/entitlements/mow/:id:.json', 'chris', SYSDATE);
  INSERT INTO PRODUCT_OFFERING_META_DATA (ID, PRODUCT_OFFERING_ID, NAME, VALUE, created_by, create_date) VALUES (PROMD_ID_SEQ.NEXTVAL, PO_ID_SEQ.CURRVAL, 'DEFAULT_VAT_RATE', '{"*": 0.0}', 'chris', SYSDATE);
  INSERT INTO PRODUCT_OFFERING_META_DATA (ID, PRODUCT_OFFERING_ID, NAME, VALUE, created_by, create_date) VALUES (PROMD_ID_SEQ.NEXTVAL, PO_ID_SEQ.CURRVAL, 'capability', 'MOW', 'chris', SYSDATE);
  INSERT INTO OFFER_PRODUCT_OFFERING (OFFER_ID, PRODUCT_OFFERING_ID, created_by, create_date) VALUES (OFR_ID_SEQ.CURRVAL, PO_ID_SEQ.CURRVAL, 'chris', SYSDATE);
  INSERT INTO DISCOUNT (ID, NAME, DESCRIPTION, FIXED_AMOUNT, PERCENT_AMOUNT, DISCOUNT_TYPE_ID, created_by, create_date) VALUES (DSC_ID_SEQ.NEXTVAL, 'Auto Discount', 'Automatically generated to target price 20.0 given base price 20.000008', '0', '0.0', 1, 'chris', SYSDATE);
  INSERT INTO DISCOUNT_PRODUCT_OFFERING (DISCOUNT_ID, PRODUCT_OFFERING_ID, created_by, create_date) VALUES (DSC_ID_SEQ.CURRVAL, PO_ID_SEQ.CURRVAL, 'chris', SYSDATE);
  BEGIN
    SELECT ID INTO CUR_PRD_ID FROM PRODUCT WHERE NAME = 'Archive Article' AND PRODUCT_STATUS_ID = 1 AND ROWNUM <= 1;
  EXCEPTION
    WHEN NO_DATA_FOUND THEN
      INSERT INTO PRODUCT (ID, NAME, PRODUCTION_COST, PRODUCT_STATUS_ID, PRODUCT_URI, UNIT_PRICE, created_by, create_date) VALUES (PRD_ID_SEQ.NEXTVAL, 'Archive Article', '0', 1, NULL, '0', 'chris', SYSDATE);
      SELECT ID INTO CUR_PRD_ID FROM PRODUCT WHERE NAME = 'Archive Article' AND PRODUCT_STATUS_ID = 1 AND ROWNUM <= 1;
    WHEN OTHERS THEN
      RAISE;
  END;
  INSERT INTO PRODUCT_OFFERING (ID, PRODUCT_ID, TAX_POLICY_TYPE_ID, QUANTITY, UNIT_PRICE, TAX_CATEGORY_ID, created_by, create_date) VALUES (PO_ID_SEQ.NEXTVAL, CUR_PRD_ID, 1, '100', '0', '2', 'chris', SYSDATE);
  INSERT INTO PRODUCT_OFFERING_META_DATA (ID, PRODUCT_OFFERING_ID, NAME, VALUE, created_by, create_date) VALUES (PROMD_ID_SEQ.NEXTVAL, PO_ID_SEQ.CURRVAL, 'entitlement_uri', 'http://:hostname:/svc/user/entitlements/archive/size/100/:id:.json', 'chris', SYSDATE);
  INSERT INTO PRODUCT_OFFERING_META_DATA (ID, PRODUCT_OFFERING_ID, NAME, VALUE, created_by, create_date) VALUES (PROMD_ID_SEQ.NEXTVAL, PO_ID_SEQ.CURRVAL, 'capability', 'AAA', 'chris', SYSDATE);
  INSERT INTO PRODUCT_OFFERING_META_DATA (ID, PRODUCT_OFFERING_ID, NAME, VALUE, created_by, create_date) VALUES (PROMD_ID_SEQ.NEXTVAL, PO_ID_SEQ.CURRVAL, 'DEFAULT_VAT_RATE', '{"*": 0.0}', 'chris', SYSDATE);
  INSERT INTO OFFER_PRODUCT_OFFERING (OFFER_ID, PRODUCT_OFFERING_ID, created_by, create_date) VALUES (OFR_ID_SEQ.CURRVAL, PO_ID_SEQ.CURRVAL, 'chris', SYSDATE);
  INSERT INTO DISCOUNT (ID, NAME, DESCRIPTION, FIXED_AMOUNT, PERCENT_AMOUNT, DISCOUNT_TYPE_ID, created_by, create_date) VALUES (DSC_ID_SEQ.NEXTVAL, 'Auto Discount', 'Automatically generated to target price 20.0 given base price 20.000008', '0', '0.0', 1, 'chris', SYSDATE);
  INSERT INTO DISCOUNT_PRODUCT_OFFERING (DISCOUNT_ID, PRODUCT_OFFERING_ID, created_by, create_date) VALUES (DSC_ID_SEQ.CURRVAL, PO_ID_SEQ.CURRVAL, 'chris', SYSDATE);
  BEGIN
    SELECT ID INTO CUR_PRD_ID FROM PRODUCT WHERE NAME = 'TimesMachine' AND PRODUCT_STATUS_ID = 1 AND ROWNUM <= 1;
  EXCEPTION
    WHEN NO_DATA_FOUND THEN
      INSERT INTO PRODUCT (ID, NAME, PRODUCTION_COST, PRODUCT_STATUS_ID, PRODUCT_URI, UNIT_PRICE, created_by, create_date) VALUES (PRD_ID_SEQ.NEXTVAL, 'TimesMachine', '0', 1, NULL, '0', 'chris', SYSDATE);
      SELECT ID INTO CUR_PRD_ID FROM PRODUCT WHERE NAME = 'TimesMachine' AND PRODUCT_STATUS_ID = 1 AND ROWNUM <= 1;
    WHEN OTHERS THEN
      RAISE;
  END;
  INSERT INTO PRODUCT_OFFERING (ID, PRODUCT_ID, TAX_POLICY_TYPE_ID, QUANTITY, UNIT_PRICE, TAX_CATEGORY_ID, created_by, create_date) VALUES (PO_ID_SEQ.NEXTVAL, CUR_PRD_ID, 1, '100', '0', '2', 'chris', SYSDATE);
  INSERT INTO PRODUCT_OFFERING_META_DATA (ID, PRODUCT_OFFERING_ID, NAME, VALUE, created_by, create_date) VALUES (PROMD_ID_SEQ.NEXTVAL, PO_ID_SEQ.CURRVAL, 'entitlement_uri', 'http://:hostname:/svc/user/entitlements/mm/:id:.json', 'chris', SYSDATE);
  INSERT INTO PRODUCT_OFFERING_META_DATA (ID, PRODUCT_OFFERING_ID, NAME, VALUE, created_by, create_date) VALUES (PROMD_ID_SEQ.NEXTVAL, PO_ID_SEQ.CURRVAL, 'DEFAULT_VAT_RATE', '{"*": 0.0}', 'chris', SYSDATE);
  INSERT INTO OFFER_PRODUCT_OFFERING (OFFER_ID, PRODUCT_OFFERING_ID, created_by, create_date) VALUES (OFR_ID_SEQ.CURRVAL, PO_ID_SEQ.CURRVAL, 'chris', SYSDATE);
  INSERT INTO DISCOUNT (ID, NAME, DESCRIPTION, FIXED_AMOUNT, PERCENT_AMOUNT, DISCOUNT_TYPE_ID, created_by, create_date) VALUES (DSC_ID_SEQ.NEXTVAL, 'Auto Discount', 'Automatically generated to target price 20.0 given base price 20.000008', '0', '0.0', 1, 'chris', SYSDATE);
  INSERT INTO DISCOUNT_PRODUCT_OFFERING (DISCOUNT_ID, PRODUCT_OFFERING_ID, created_by, create_date) VALUES (DSC_ID_SEQ.CURRVAL, PO_ID_SEQ.CURRVAL, 'chris', SYSDATE);
  BEGIN
    SELECT ID INTO CUR_PRD_ID FROM PRODUCT WHERE NAME = 'Tablet' AND PRODUCT_STATUS_ID = 1 AND ROWNUM <= 1;
  EXCEPTION
    WHEN NO_DATA_FOUND THEN
      INSERT INTO PRODUCT (ID, NAME, PRODUCTION_COST, PRODUCT_STATUS_ID, PRODUCT_URI, UNIT_PRICE, created_by, create_date) VALUES (PRD_ID_SEQ.NEXTVAL, 'Tablet', '0', 1, NULL, '0.357143', 'chris', SYSDATE);
      SELECT ID INTO CUR_PRD_ID FROM PRODUCT WHERE NAME = 'Tablet' AND PRODUCT_STATUS_ID = 1 AND ROWNUM <= 1;
    WHEN OTHERS THEN
      RAISE;
  END;
  INSERT INTO PRODUCT_OFFERING (ID, PRODUCT_ID, TAX_POLICY_TYPE_ID, QUANTITY, UNIT_PRICE, TAX_CATEGORY_ID, created_by, create_date) VALUES (PO_ID_SEQ.NEXTVAL, CUR_PRD_ID, 1, '28', '0.357143', '2', 'chris', SYSDATE);
  INSERT INTO PRODUCT_OFFERING_META_DATA (ID, PRODUCT_OFFERING_ID, NAME, VALUE, created_by, create_date) VALUES (PROMD_ID_SEQ.NEXTVAL, PO_ID_SEQ.CURRVAL, 'entitlement_uri', 'http://:hostname:/svc/user/entitlements/mtd/:id:.json', 'chris', SYSDATE);
  INSERT INTO PRODUCT_OFFERING_META_DATA (ID, PRODUCT_OFFERING_ID, NAME, VALUE, created_by, create_date) VALUES (PROMD_ID_SEQ.NEXTVAL, PO_ID_SEQ.CURRVAL, 'DEFAULT_VAT_RATE', '{"*": 0.0}', 'chris', SYSDATE);
  INSERT INTO PRODUCT_OFFERING_META_DATA (ID, PRODUCT_OFFERING_ID, NAME, VALUE, created_by, create_date) VALUES (PROMD_ID_SEQ.NEXTVAL, PO_ID_SEQ.CURRVAL, 'capability', 'MTD', 'chris', SYSDATE);
  INSERT INTO OFFER_PRODUCT_OFFERING (OFFER_ID, PRODUCT_OFFERING_ID, created_by, create_date) VALUES (OFR_ID_SEQ.CURRVAL, PO_ID_SEQ.CURRVAL, 'chris', SYSDATE);
  INSERT INTO DISCOUNT (ID, NAME, DESCRIPTION, FIXED_AMOUNT, PERCENT_AMOUNT, DISCOUNT_TYPE_ID, created_by, create_date) VALUES (DSC_ID_SEQ.NEXTVAL, 'Auto Discount', 'Automatically generated to target price 20.0 given base price 20.000008', '0', '0.0', 1, 'chris', SYSDATE);
  INSERT INTO DISCOUNT_PRODUCT_OFFERING (DISCOUNT_ID, PRODUCT_OFFERING_ID, created_by, create_date) VALUES (DSC_ID_SEQ.CURRVAL, PO_ID_SEQ.CURRVAL, 'chris', SYSDATE);
  BEGIN
    SELECT ID INTO CUR_PRD_ID FROM PRODUCT WHERE NAME = 'TimesReader' AND PRODUCT_STATUS_ID = 1 AND ROWNUM <= 1;
  EXCEPTION
    WHEN NO_DATA_FOUND THEN
      INSERT INTO PRODUCT (ID, NAME, PRODUCTION_COST, PRODUCT_STATUS_ID, PRODUCT_URI, UNIT_PRICE, created_by, create_date) VALUES (PRD_ID_SEQ.NEXTVAL, 'TimesReader', '0', 1, NULL, '0', 'chris', SYSDATE);
      SELECT ID INTO CUR_PRD_ID FROM PRODUCT WHERE NAME = 'TimesReader' AND PRODUCT_STATUS_ID = 1 AND ROWNUM <= 1;
    WHEN OTHERS THEN
      RAISE;
  END;
  INSERT INTO PRODUCT_OFFERING (ID, PRODUCT_ID, TAX_POLICY_TYPE_ID, QUANTITY, UNIT_PRICE, TAX_CATEGORY_ID, created_by, create_date) VALUES (PO_ID_SEQ.NEXTVAL, CUR_PRD_ID, 1, '28', '0', '2', 'chris', SYSDATE);
  INSERT INTO PRODUCT_OFFERING_META_DATA (ID, PRODUCT_OFFERING_ID, NAME, VALUE, created_by, create_date) VALUES (PROMD_ID_SEQ.NEXTVAL, PO_ID_SEQ.CURRVAL, 'entitlement_uri', 'http://:hostname:/svc/user/entitlements/tr/:id:.json', 'chris', SYSDATE);
  INSERT INTO PRODUCT_OFFERING_META_DATA (ID, PRODUCT_OFFERING_ID, NAME, VALUE, created_by, create_date) VALUES (PROMD_ID_SEQ.NEXTVAL, PO_ID_SEQ.CURRVAL, 'capability', 'TR', 'chris', SYSDATE);
  INSERT INTO PRODUCT_OFFERING_META_DATA (ID, PRODUCT_OFFERING_ID, NAME, VALUE, created_by, create_date) VALUES (PROMD_ID_SEQ.NEXTVAL, PO_ID_SEQ.CURRVAL, 'DEFAULT_VAT_RATE', '{"*": 0.0}', 'chris', SYSDATE);
  INSERT INTO OFFER_PRODUCT_OFFERING (OFFER_ID, PRODUCT_OFFERING_ID, created_by, create_date) VALUES (OFR_ID_SEQ.CURRVAL, PO_ID_SEQ.CURRVAL, 'chris', SYSDATE);
  INSERT INTO DISCOUNT (ID, NAME, DESCRIPTION, FIXED_AMOUNT, PERCENT_AMOUNT, DISCOUNT_TYPE_ID, created_by, create_date) VALUES (DSC_ID_SEQ.NEXTVAL, 'Auto Discount', 'Automatically generated to target price 20.0 given base price 20.000008', '0', '0.0', 1, 'chris', SYSDATE);
  INSERT INTO DISCOUNT_PRODUCT_OFFERING (DISCOUNT_ID, PRODUCT_OFFERING_ID, created_by, create_date) VALUES (DSC_ID_SEQ.CURRVAL, PO_ID_SEQ.CURRVAL, 'chris', SYSDATE);
  BEGIN
    SELECT ID INTO CUR_PRD_ID FROM PRODUCT WHERE NAME = 'IHTReader' AND PRODUCT_STATUS_ID = 1 AND ROWNUM <= 1;
  EXCEPTION
    WHEN NO_DATA_FOUND THEN
      INSERT INTO PRODUCT (ID, NAME, PRODUCTION_COST, PRODUCT_STATUS_ID, PRODUCT_URI, UNIT_PRICE, created_by, create_date) VALUES (PRD_ID_SEQ.NEXTVAL, 'IHTReader', '0', 1, NULL, '0', 'chris', SYSDATE);
      SELECT ID INTO CUR_PRD_ID FROM PRODUCT WHERE NAME = 'IHTReader' AND PRODUCT_STATUS_ID = 1 AND ROWNUM <= 1;
    WHEN OTHERS THEN
      RAISE;
  END;
  INSERT INTO PRODUCT_OFFERING (ID, PRODUCT_ID, TAX_POLICY_TYPE_ID, QUANTITY, UNIT_PRICE, TAX_CATEGORY_ID, created_by, create_date) VALUES (PO_ID_SEQ.NEXTVAL, CUR_PRD_ID, 1, '28', '0', '2', 'chris', SYSDATE);
  INSERT INTO PRODUCT_OFFERING_META_DATA (ID, PRODUCT_OFFERING_ID, NAME, VALUE, created_by, create_date) VALUES (PROMD_ID_SEQ.NEXTVAL, PO_ID_SEQ.CURRVAL, 'entitlement_uri', 'http://:hostname:/svc/user/entitlements/tr/:id:.json', 'chris', SYSDATE);
  INSERT INTO PRODUCT_OFFERING_META_DATA (ID, PRODUCT_OFFERING_ID, NAME, VALUE, created_by, create_date) VALUES (PROMD_ID_SEQ.NEXTVAL, PO_ID_SEQ.CURRVAL, 'capability', 'TR', 'chris', SYSDATE);
  INSERT INTO PRODUCT_OFFERING_META_DATA (ID, PRODUCT_OFFERING_ID, NAME, VALUE, created_by, create_date) VALUES (PROMD_ID_SEQ.NEXTVAL, PO_ID_SEQ.CURRVAL, 'DEFAULT_VAT_RATE', '{"*": 0.0}', 'chris', SYSDATE);
  INSERT INTO OFFER_PRODUCT_OFFERING (OFFER_ID, PRODUCT_OFFERING_ID, created_by, create_date) VALUES (OFR_ID_SEQ.CURRVAL, PO_ID_SEQ.CURRVAL, 'chris', SYSDATE);
  INSERT INTO DISCOUNT (ID, NAME, DESCRIPTION, FIXED_AMOUNT, PERCENT_AMOUNT, DISCOUNT_TYPE_ID, created_by, create_date) VALUES (DSC_ID_SEQ.NEXTVAL, 'Auto Discount', 'Automatically generated to target price 20.0 given base price 20.000008', '0', '0.0', 1, 'chris', SYSDATE);
  INSERT INTO DISCOUNT_PRODUCT_OFFERING (DISCOUNT_ID, PRODUCT_OFFERING_ID, created_by, create_date) VALUES (DSC_ID_SEQ.CURRVAL, PO_ID_SEQ.CURRVAL, 'chris', SYSDATE);
  INSERT INTO OFFER_OFFER_CHAIN (OFFER_ID, OFFER_CHAIN_ID, INDEX_VALUE, NUM_RECURRENCES, created_by, create_date, updated_by, update_date) VALUES (OFR_ID_SEQ.CURRVAL, 229869, '1', '-1', 'chris', SYSDATE, 'chris', SYSDATE);
  END;
  BEGIN
    SELECT 1 INTO TMP_VAR FROM OFFER_CHAIN WHERE ID = 455308 AND ROWNUM <= 1;
    UPDATE OFFER_CHAIN SET NAME='NYTimes: Web+Tablet', DESCRIPTION='Unlimited access to The New York Times on the web, and access to the full app for your tablet .', PRODUCT_URI='', UPDATE_DATE = SYSDATE, UPDATED_BY = 'OFFERMAKER' WHERE ID = 455308;
  EXCEPTION
    WHEN NO_DATA_FOUND THEN
      INSERT INTO OFFER_CHAIN (ID, NAME, DESCRIPTION, ADOPTABILITY_WINDOW_START_DATE, ADOPTABILITY_WINDOW_END_DATE, IS_GIFT_CERTIFICATE, PRODUCT_URI, OFFER_CHAIN_STATUS_ID, created_by, create_date, updated_by, update_date) VALUES (455308, 'NYTimes: Web+Tablet', 'Unlimited access to The New York Times on the web, and access to the full app for your tablet .', '01-Jan-2011', '01-Jan-2999', '0', NULL, '1', 'chris', SYSDATE, 'chris', SYSDATE);
  END;
  DELETE FROM OFFER_CHAIN_ELIGIBILITY WHERE offer_chain_id = 455308;
  INSERT INTO OFFER_CHAIN_ELIGIBILITY (ID, OFFER_CHAIN_ID, NAME, VALUE, created_by, create_date) VALUES (ELG_ID_SEQ.NEXTVAL, 455308, 'IS_COMP', '0', 'chris', SYSDATE);
  INSERT INTO OFFER_CHAIN_ELIGIBILITY (ID, OFFER_CHAIN_ID, NAME, VALUE, created_by, create_date) VALUES (ELG_ID_SEQ.NEXTVAL, 455308, 'MAX_CONCURRENT_SUBS', '1', 'chris', SYSDATE);
  DELETE FROM OFFER_CHAIN_META_DATA WHERE offer_chain_id = 455308;
  INSERT INTO OFFER_CHAIN_META_DATA (ID, OFFER_CHAIN_ID, NAME, VALUE, created_by, create_date) VALUES (OCMD_ID_SEQ.NEXTVAL, 455308, 'IS_COMP', '0', 'chris', SYSDATE);
  INSERT INTO OFFER_CHAIN_META_DATA (ID, OFFER_CHAIN_ID, NAME, VALUE, created_by, create_date) VALUES (OCMD_ID_SEQ.NEXTVAL, 455308, 'BUNDLE_EXPLANATION', 'Special promo offer setup for Times Reader annual migration', 'chris', SYSDATE);
  INSERT INTO OFFER_CHAIN_META_DATA (ID, OFFER_CHAIN_ID, NAME, VALUE, created_by, create_date) VALUES (OCMD_ID_SEQ.NEXTVAL, 455308, 'PRICE_DESCRIPTION', 'Web+Tablet App First 4 Weeks: FREE Thereafter: $20.00 every 4 weeks', 'chris', SYSDATE);
  INSERT INTO OFFER_CHAIN_META_DATA (ID, OFFER_CHAIN_ID, NAME, VALUE, created_by, create_date) VALUES (OCMD_ID_SEQ.NEXTVAL, 455308, 'OFFER_TYPE', 'Free Trial for 4 Weeks', 'chris', SYSDATE);
  INSERT INTO OFFER_CHAIN_META_DATA (ID, OFFER_CHAIN_ID, NAME, VALUE, created_by, create_date) VALUES (OCMD_ID_SEQ.NEXTVAL, 455308, 'OFFER_PRICE_DESCRIPTOR', 'N/A', 'chris', SYSDATE);
  INSERT INTO OFFER_CHAIN_META_DATA (ID, OFFER_CHAIN_ID, NAME, VALUE, created_by, create_date) VALUES (OCMD_ID_SEQ.NEXTVAL, 455308, 'OFFER_PRICE', 'N/A', 'chris', SYSDATE);
  INSERT INTO OFFER_CHAIN_META_DATA (ID, OFFER_CHAIN_ID, NAME, VALUE, created_by, create_date) VALUES (OCMD_ID_SEQ.NEXTVAL, 455308, 'OFFER_PRICE_DETAIL', '($5.00 / week thereafter)', 'chris', SYSDATE);
  INSERT INTO OFFER_CHAIN_META_DATA (ID, OFFER_CHAIN_ID, NAME, VALUE, created_by, create_date) VALUES (OCMD_ID_SEQ.NEXTVAL, 455308, 'PROMO_PRICE_FOOTER_LABEL', 'First 4 Weeks', 'chris', SYSDATE);
  INSERT INTO OFFER_CHAIN_META_DATA (ID, OFFER_CHAIN_ID, NAME, VALUE, created_by, create_date) VALUES (OCMD_ID_SEQ.NEXTVAL, 455308, 'ACTUAL_PRICE_FOOTER_LABEL', 'Thereafter', 'chris', SYSDATE);
  INSERT INTO OFFER_CHAIN_META_DATA (ID, OFFER_CHAIN_ID, NAME, VALUE, created_by, create_date) VALUES (OCMD_ID_SEQ.NEXTVAL, 455308, 'BILLING_CYCLE', 'every 4 weeks*', 'chris', SYSDATE);
  INSERT INTO OFFER_CHAIN_META_DATA (ID, OFFER_CHAIN_ID, NAME, VALUE, created_by, create_date) VALUES (OCMD_ID_SEQ.NEXTVAL, 455308, 'SUBSCRIBER_TYPE', 'Regular', 'chris', SYSDATE);
  INSERT INTO OFFER_CHAIN_META_DATA (ID, OFFER_CHAIN_ID, NAME, VALUE, created_by, create_date) VALUES (OCMD_ID_SEQ.NEXTVAL, 455308, 'REFUND_POLICY', 'Monthly Billing: No refund.  Users will maintain access for the remainder of the billing period.  Users will not be billed in the next billing cycle.', 'chris', SYSDATE);
  INSERT INTO OFFER_CHAIN_META_DATA (ID, OFFER_CHAIN_ID, NAME, VALUE, created_by, create_date) VALUES (OCMD_ID_SEQ.NEXTVAL, 455308, 'CANCELABLE', '1', 'chris', SYSDATE);
  INSERT INTO OFFER_CHAIN_META_DATA (ID, OFFER_CHAIN_ID, NAME, VALUE, created_by, create_date) VALUES (OCMD_ID_SEQ.NEXTVAL, 455308, 'UPGRADABLE_OFFER_CHAIN_IDS', '37,38,60,61,62,63,64,65,66,67,68,69,70,71,72,73,74,75,1000000060,1000000061,1000000063,1000000064,1000000066,1000000067,1000000068,1000000070,1000000071,1000000072,1000000073,1000000074,1000000075,121,122,123,124,125,126', 'chris', SYSDATE);
  INSERT INTO OFFER_CHAIN_META_DATA (ID, OFFER_CHAIN_ID, NAME, VALUE, created_by, create_date) VALUES (OCMD_ID_SEQ.NEXTVAL, 455308, 'BUNDLE', 'Bundle B', 'chris', SYSDATE);
  INSERT INTO OFFER_CHAIN_META_DATA (ID, OFFER_CHAIN_ID, NAME, VALUE, created_by, create_date) VALUES (OCMD_ID_SEQ.NEXTVAL, 455308, 'SIEBEL_CAMPAIGN_CODE', 'SIEBELDEFAULT', 'chris', SYSDATE);
  INSERT INTO OFFER_CHAIN_META_DATA (ID, OFFER_CHAIN_ID, NAME, VALUE, created_by, create_date) VALUES (OCMD_ID_SEQ.NEXTVAL, 455308, 'ANNUAL_PRICE', '260.00', 'chris', SYSDATE);
  INSERT INTO OFFER_CHAIN_META_DATA (ID, OFFER_CHAIN_ID, NAME, VALUE, created_by, create_date) VALUES (OCMD_ID_SEQ.NEXTVAL, 455308, 'UID', '877413d2ebaf75a803966d6e9726b889e74ecf53de0ae5e11f09d03245618c3c', 'chris', SYSDATE);
  BEGIN
    SELECT 1 INTO TMP_VAR FROM OFFER_OFFER_CHAIN WHERE OFFER_CHAIN_ID = 455308 AND INDEX_VALUE = 0 AND ROWNUM <= 1;
  EXCEPTION
    WHEN NO_DATA_FOUND THEN
  INSERT INTO OFFER (ID, OFFER_STATUS_ID, ENTITLEMENT_DURATION, created_by, create_date, updated_by, update_date) VALUES (OFR_ID_SEQ.NEXTVAL, 1, 'P0Y0M365DT0H0M', 'chris', SYSDATE, 'chris', SYSDATE);
  BEGIN
    SELECT ID INTO CUR_PRD_ID FROM PRODUCT WHERE NAME = 'Web' AND PRODUCT_STATUS_ID = 1 AND ROWNUM <= 1;
  EXCEPTION
    WHEN NO_DATA_FOUND THEN
      INSERT INTO PRODUCT (ID, NAME, PRODUCTION_COST, PRODUCT_STATUS_ID, PRODUCT_URI, UNIT_PRICE, created_by, create_date) VALUES (PRD_ID_SEQ.NEXTVAL, 'Web', '0', 1, NULL, '0.357143', 'chris', SYSDATE);
      SELECT ID INTO CUR_PRD_ID FROM PRODUCT WHERE NAME = 'Web' AND PRODUCT_STATUS_ID = 1 AND ROWNUM <= 1;
    WHEN OTHERS THEN
      RAISE;
  END;
  INSERT INTO PRODUCT_OFFERING (ID, PRODUCT_ID, TAX_POLICY_TYPE_ID, QUANTITY, UNIT_PRICE, TAX_CATEGORY_ID, created_by, create_date) VALUES (PO_ID_SEQ.NEXTVAL, CUR_PRD_ID, 1, '365', '0.357143', '2', 'chris', SYSDATE);
  INSERT INTO PRODUCT_OFFERING_META_DATA (ID, PRODUCT_OFFERING_ID, NAME, VALUE, created_by, create_date) VALUES (PROMD_ID_SEQ.NEXTVAL, PO_ID_SEQ.CURRVAL, 'entitlement_uri', 'http://:hostname:/svc/user/entitlements/mm/:id:.json', 'chris', SYSDATE);
  INSERT INTO PRODUCT_OFFERING_META_DATA (ID, PRODUCT_OFFERING_ID, NAME, VALUE, created_by, create_date) VALUES (PROMD_ID_SEQ.NEXTVAL, PO_ID_SEQ.CURRVAL, 'DEFAULT_VAT_RATE', '{"*": 0.0}', 'chris', SYSDATE);
  INSERT INTO PRODUCT_OFFERING_META_DATA (ID, PRODUCT_OFFERING_ID, NAME, VALUE, created_by, create_date) VALUES (PROMD_ID_SEQ.NEXTVAL, PO_ID_SEQ.CURRVAL, 'CAPABILITY', 'MM', 'chris', SYSDATE);
  INSERT INTO OFFER_PRODUCT_OFFERING (OFFER_ID, PRODUCT_OFFERING_ID, created_by, create_date) VALUES (OFR_ID_SEQ.CURRVAL, PO_ID_SEQ.CURRVAL, 'chris', SYSDATE);
  INSERT INTO DISCOUNT (ID, NAME, DESCRIPTION, FIXED_AMOUNT, PERCENT_AMOUNT, DISCOUNT_TYPE_ID, created_by, create_date) VALUES (DSC_ID_SEQ.NEXTVAL, 'Auto Discount', 'Automatically generated to target price 289.88 given base price 260.71439', '0', '-11.19', 1, 'chris', SYSDATE);
  INSERT INTO DISCOUNT_PRODUCT_OFFERING (DISCOUNT_ID, PRODUCT_OFFERING_ID, created_by, create_date) VALUES (DSC_ID_SEQ.CURRVAL, PO_ID_SEQ.CURRVAL, 'chris', SYSDATE);
  BEGIN
    SELECT ID INTO CUR_PRD_ID FROM PRODUCT WHERE NAME = 'Mobile' AND PRODUCT_STATUS_ID = 1 AND ROWNUM <= 1;
  EXCEPTION
    WHEN NO_DATA_FOUND THEN
      INSERT INTO PRODUCT (ID, NAME, PRODUCTION_COST, PRODUCT_STATUS_ID, PRODUCT_URI, UNIT_PRICE, created_by, create_date) VALUES (PRD_ID_SEQ.NEXTVAL, 'Mobile', '0', 1, NULL, '0', 'chris', SYSDATE);
      SELECT ID INTO CUR_PRD_ID FROM PRODUCT WHERE NAME = 'Mobile' AND PRODUCT_STATUS_ID = 1 AND ROWNUM <= 1;
    WHEN OTHERS THEN
      RAISE;
  END;
  INSERT INTO PRODUCT_OFFERING (ID, PRODUCT_ID, TAX_POLICY_TYPE_ID, QUANTITY, UNIT_PRICE, TAX_CATEGORY_ID, created_by, create_date) VALUES (PO_ID_SEQ.NEXTVAL, CUR_PRD_ID, 1, '365', '0', '2', 'chris', SYSDATE);
  INSERT INTO PRODUCT_OFFERING_META_DATA (ID, PRODUCT_OFFERING_ID, NAME, VALUE, created_by, create_date) VALUES (PROMD_ID_SEQ.NEXTVAL, PO_ID_SEQ.CURRVAL, 'entitlement_uri', 'http://:hostname:/svc/user/entitlements/mow/:id:.json', 'chris', SYSDATE);
  INSERT INTO PRODUCT_OFFERING_META_DATA (ID, PRODUCT_OFFERING_ID, NAME, VALUE, created_by, create_date) VALUES (PROMD_ID_SEQ.NEXTVAL, PO_ID_SEQ.CURRVAL, 'DEFAULT_VAT_RATE', '{"*": 0.0}', 'chris', SYSDATE);
  INSERT INTO PRODUCT_OFFERING_META_DATA (ID, PRODUCT_OFFERING_ID, NAME, VALUE, created_by, create_date) VALUES (PROMD_ID_SEQ.NEXTVAL, PO_ID_SEQ.CURRVAL, 'capability', 'MOW', 'chris', SYSDATE);
  INSERT INTO OFFER_PRODUCT_OFFERING (OFFER_ID, PRODUCT_OFFERING_ID, created_by, create_date) VALUES (OFR_ID_SEQ.CURRVAL, PO_ID_SEQ.CURRVAL, 'chris', SYSDATE);
  INSERT INTO DISCOUNT (ID, NAME, DESCRIPTION, FIXED_AMOUNT, PERCENT_AMOUNT, DISCOUNT_TYPE_ID, created_by, create_date) VALUES (DSC_ID_SEQ.NEXTVAL, 'Auto Discount', 'Automatically generated to target price 289.88 given base price 260.71439', '0', '-11.19', 1, 'chris', SYSDATE);
  INSERT INTO DISCOUNT_PRODUCT_OFFERING (DISCOUNT_ID, PRODUCT_OFFERING_ID, created_by, create_date) VALUES (DSC_ID_SEQ.CURRVAL, PO_ID_SEQ.CURRVAL, 'chris', SYSDATE);
  BEGIN
    SELECT ID INTO CUR_PRD_ID FROM PRODUCT WHERE NAME = 'Archive Article' AND PRODUCT_STATUS_ID = 1 AND ROWNUM <= 1;
  EXCEPTION
    WHEN NO_DATA_FOUND THEN
      INSERT INTO PRODUCT (ID, NAME, PRODUCTION_COST, PRODUCT_STATUS_ID, PRODUCT_URI, UNIT_PRICE, created_by, create_date) VALUES (PRD_ID_SEQ.NEXTVAL, 'Archive Article', '0', 1, NULL, '0', 'chris', SYSDATE);
      SELECT ID INTO CUR_PRD_ID FROM PRODUCT WHERE NAME = 'Archive Article' AND PRODUCT_STATUS_ID = 1 AND ROWNUM <= 1;
    WHEN OTHERS THEN
      RAISE;
  END;
  INSERT INTO PRODUCT_OFFERING (ID, PRODUCT_ID, TAX_POLICY_TYPE_ID, QUANTITY, UNIT_PRICE, TAX_CATEGORY_ID, created_by, create_date) VALUES (PO_ID_SEQ.NEXTVAL, CUR_PRD_ID, 1, '1200', '0', '2', 'chris', SYSDATE);
  INSERT INTO PRODUCT_OFFERING_META_DATA (ID, PRODUCT_OFFERING_ID, NAME, VALUE, created_by, create_date) VALUES (PROMD_ID_SEQ.NEXTVAL, PO_ID_SEQ.CURRVAL, 'entitlement_uri', 'http://:hostname:/svc/user/entitlements/archive/size/1200/:id:.json', 'chris', SYSDATE);
  INSERT INTO PRODUCT_OFFERING_META_DATA (ID, PRODUCT_OFFERING_ID, NAME, VALUE, created_by, create_date) VALUES (PROMD_ID_SEQ.NEXTVAL, PO_ID_SEQ.CURRVAL, 'capability', 'AAA', 'chris', SYSDATE);
  INSERT INTO PRODUCT_OFFERING_META_DATA (ID, PRODUCT_OFFERING_ID, NAME, VALUE, created_by, create_date) VALUES (PROMD_ID_SEQ.NEXTVAL, PO_ID_SEQ.CURRVAL, 'DEFAULT_VAT_RATE', '{"*": 0.0}', 'chris', SYSDATE);
  INSERT INTO OFFER_PRODUCT_OFFERING (OFFER_ID, PRODUCT_OFFERING_ID, created_by, create_date) VALUES (OFR_ID_SEQ.CURRVAL, PO_ID_SEQ.CURRVAL, 'chris', SYSDATE);
  INSERT INTO DISCOUNT (ID, NAME, DESCRIPTION, FIXED_AMOUNT, PERCENT_AMOUNT, DISCOUNT_TYPE_ID, created_by, create_date) VALUES (DSC_ID_SEQ.NEXTVAL, 'Auto Discount', 'Automatically generated to target price 289.88 given base price 260.71439', '0', '-11.19', 1, 'chris', SYSDATE);
  INSERT INTO DISCOUNT_PRODUCT_OFFERING (DISCOUNT_ID, PRODUCT_OFFERING_ID, created_by, create_date) VALUES (DSC_ID_SEQ.CURRVAL, PO_ID_SEQ.CURRVAL, 'chris', SYSDATE);
  BEGIN
    SELECT ID INTO CUR_PRD_ID FROM PRODUCT WHERE NAME = 'TimesMachine' AND PRODUCT_STATUS_ID = 1 AND ROWNUM <= 1;
  EXCEPTION
    WHEN NO_DATA_FOUND THEN
      INSERT INTO PRODUCT (ID, NAME, PRODUCTION_COST, PRODUCT_STATUS_ID, PRODUCT_URI, UNIT_PRICE, created_by, create_date) VALUES (PRD_ID_SEQ.NEXTVAL, 'TimesMachine', '0', 1, NULL, '0', 'chris', SYSDATE);
      SELECT ID INTO CUR_PRD_ID FROM PRODUCT WHERE NAME = 'TimesMachine' AND PRODUCT_STATUS_ID = 1 AND ROWNUM <= 1;
    WHEN OTHERS THEN
      RAISE;
  END;
  INSERT INTO PRODUCT_OFFERING (ID, PRODUCT_ID, TAX_POLICY_TYPE_ID, QUANTITY, UNIT_PRICE, TAX_CATEGORY_ID, created_by, create_date) VALUES (PO_ID_SEQ.NEXTVAL, CUR_PRD_ID, 1, '1200', '0', '2', 'chris', SYSDATE);
  INSERT INTO PRODUCT_OFFERING_META_DATA (ID, PRODUCT_OFFERING_ID, NAME, VALUE, created_by, create_date) VALUES (PROMD_ID_SEQ.NEXTVAL, PO_ID_SEQ.CURRVAL, 'entitlement_uri', 'http://:hostname:/svc/user/entitlements/mm/:id:.json', 'chris', SYSDATE);
  INSERT INTO PRODUCT_OFFERING_META_DATA (ID, PRODUCT_OFFERING_ID, NAME, VALUE, created_by, create_date) VALUES (PROMD_ID_SEQ.NEXTVAL, PO_ID_SEQ.CURRVAL, 'DEFAULT_VAT_RATE', '{"*": 0.0}', 'chris', SYSDATE);
  INSERT INTO OFFER_PRODUCT_OFFERING (OFFER_ID, PRODUCT_OFFERING_ID, created_by, create_date) VALUES (OFR_ID_SEQ.CURRVAL, PO_ID_SEQ.CURRVAL, 'chris', SYSDATE);
  INSERT INTO DISCOUNT (ID, NAME, DESCRIPTION, FIXED_AMOUNT, PERCENT_AMOUNT, DISCOUNT_TYPE_ID, created_by, create_date) VALUES (DSC_ID_SEQ.NEXTVAL, 'Auto Discount', 'Automatically generated to target price 289.88 given base price 260.71439', '0', '-11.19', 1, 'chris', SYSDATE);
  INSERT INTO DISCOUNT_PRODUCT_OFFERING (DISCOUNT_ID, PRODUCT_OFFERING_ID, created_by, create_date) VALUES (DSC_ID_SEQ.CURRVAL, PO_ID_SEQ.CURRVAL, 'chris', SYSDATE);
  BEGIN
    SELECT ID INTO CUR_PRD_ID FROM PRODUCT WHERE NAME = 'Tablet' AND PRODUCT_STATUS_ID = 1 AND ROWNUM <= 1;
  EXCEPTION
    WHEN NO_DATA_FOUND THEN
      INSERT INTO PRODUCT (ID, NAME, PRODUCTION_COST, PRODUCT_STATUS_ID, PRODUCT_URI, UNIT_PRICE, created_by, create_date) VALUES (PRD_ID_SEQ.NEXTVAL, 'Tablet', '0', 1, NULL, '0.357143', 'chris', SYSDATE);
      SELECT ID INTO CUR_PRD_ID FROM PRODUCT WHERE NAME = 'Tablet' AND PRODUCT_STATUS_ID = 1 AND ROWNUM <= 1;
    WHEN OTHERS THEN
      RAISE;
  END;
  INSERT INTO PRODUCT_OFFERING (ID, PRODUCT_ID, TAX_POLICY_TYPE_ID, QUANTITY, UNIT_PRICE, TAX_CATEGORY_ID, created_by, create_date) VALUES (PO_ID_SEQ.NEXTVAL, CUR_PRD_ID, 1, '365', '0.357143', '2', 'chris', SYSDATE);
  INSERT INTO PRODUCT_OFFERING_META_DATA (ID, PRODUCT_OFFERING_ID, NAME, VALUE, created_by, create_date) VALUES (PROMD_ID_SEQ.NEXTVAL, PO_ID_SEQ.CURRVAL, 'entitlement_uri', 'http://:hostname:/svc/user/entitlements/mtd/:id:.json', 'chris', SYSDATE);
  INSERT INTO PRODUCT_OFFERING_META_DATA (ID, PRODUCT_OFFERING_ID, NAME, VALUE, created_by, create_date) VALUES (PROMD_ID_SEQ.NEXTVAL, PO_ID_SEQ.CURRVAL, 'DEFAULT_VAT_RATE', '{"*": 0.0}', 'chris', SYSDATE);
  INSERT INTO PRODUCT_OFFERING_META_DATA (ID, PRODUCT_OFFERING_ID, NAME, VALUE, created_by, create_date) VALUES (PROMD_ID_SEQ.NEXTVAL, PO_ID_SEQ.CURRVAL, 'capability', 'MTD', 'chris', SYSDATE);
  INSERT INTO OFFER_PRODUCT_OFFERING (OFFER_ID, PRODUCT_OFFERING_ID, created_by, create_date) VALUES (OFR_ID_SEQ.CURRVAL, PO_ID_SEQ.CURRVAL, 'chris', SYSDATE);
  INSERT INTO DISCOUNT (ID, NAME, DESCRIPTION, FIXED_AMOUNT, PERCENT_AMOUNT, DISCOUNT_TYPE_ID, created_by, create_date) VALUES (DSC_ID_SEQ.NEXTVAL, 'Auto Discount', 'Automatically generated to target price 289.88 given base price 260.71439', '0', '-11.19', 1, 'chris', SYSDATE);
  INSERT INTO DISCOUNT_PRODUCT_OFFERING (DISCOUNT_ID, PRODUCT_OFFERING_ID, created_by, create_date) VALUES (DSC_ID_SEQ.CURRVAL, PO_ID_SEQ.CURRVAL, 'chris', SYSDATE);
  BEGIN
    SELECT ID INTO CUR_PRD_ID FROM PRODUCT WHERE NAME = 'TimesReader' AND PRODUCT_STATUS_ID = 1 AND ROWNUM <= 1;
  EXCEPTION
    WHEN NO_DATA_FOUND THEN
      INSERT INTO PRODUCT (ID, NAME, PRODUCTION_COST, PRODUCT_STATUS_ID, PRODUCT_URI, UNIT_PRICE, created_by, create_date) VALUES (PRD_ID_SEQ.NEXTVAL, 'TimesReader', '0', 1, NULL, '0', 'chris', SYSDATE);
      SELECT ID INTO CUR_PRD_ID FROM PRODUCT WHERE NAME = 'TimesReader' AND PRODUCT_STATUS_ID = 1 AND ROWNUM <= 1;
    WHEN OTHERS THEN
      RAISE;
  END;
  INSERT INTO PRODUCT_OFFERING (ID, PRODUCT_ID, TAX_POLICY_TYPE_ID, QUANTITY, UNIT_PRICE, TAX_CATEGORY_ID, created_by, create_date) VALUES (PO_ID_SEQ.NEXTVAL, CUR_PRD_ID, 1, '365', '0', '2', 'chris', SYSDATE);
  INSERT INTO PRODUCT_OFFERING_META_DATA (ID, PRODUCT_OFFERING_ID, NAME, VALUE, created_by, create_date) VALUES (PROMD_ID_SEQ.NEXTVAL, PO_ID_SEQ.CURRVAL, 'entitlement_uri', 'http://:hostname:/svc/user/entitlements/tr/:id:.json', 'chris', SYSDATE);
  INSERT INTO PRODUCT_OFFERING_META_DATA (ID, PRODUCT_OFFERING_ID, NAME, VALUE, created_by, create_date) VALUES (PROMD_ID_SEQ.NEXTVAL, PO_ID_SEQ.CURRVAL, 'capability', 'TR', 'chris', SYSDATE);
  INSERT INTO PRODUCT_OFFERING_META_DATA (ID, PRODUCT_OFFERING_ID, NAME, VALUE, created_by, create_date) VALUES (PROMD_ID_SEQ.NEXTVAL, PO_ID_SEQ.CURRVAL, 'DEFAULT_VAT_RATE', '{"*": 0.0}', 'chris', SYSDATE);
  INSERT INTO OFFER_PRODUCT_OFFERING (OFFER_ID, PRODUCT_OFFERING_ID, created_by, create_date) VALUES (OFR_ID_SEQ.CURRVAL, PO_ID_SEQ.CURRVAL, 'chris', SYSDATE);
  INSERT INTO DISCOUNT (ID, NAME, DESCRIPTION, FIXED_AMOUNT, PERCENT_AMOUNT, DISCOUNT_TYPE_ID, created_by, create_date) VALUES (DSC_ID_SEQ.NEXTVAL, 'Auto Discount', 'Automatically generated to target price 289.88 given base price 260.71439', '0', '-11.19', 1, 'chris', SYSDATE);
  INSERT INTO DISCOUNT_PRODUCT_OFFERING (DISCOUNT_ID, PRODUCT_OFFERING_ID, created_by, create_date) VALUES (DSC_ID_SEQ.CURRVAL, PO_ID_SEQ.CURRVAL, 'chris', SYSDATE);
  BEGIN
    SELECT ID INTO CUR_PRD_ID FROM PRODUCT WHERE NAME = 'IHTReader' AND PRODUCT_STATUS_ID = 1 AND ROWNUM <= 1;
  EXCEPTION
    WHEN NO_DATA_FOUND THEN
      INSERT INTO PRODUCT (ID, NAME, PRODUCTION_COST, PRODUCT_STATUS_ID, PRODUCT_URI, UNIT_PRICE, created_by, create_date) VALUES (PRD_ID_SEQ.NEXTVAL, 'IHTReader', '0', 1, NULL, '0', 'chris', SYSDATE);
      SELECT ID INTO CUR_PRD_ID FROM PRODUCT WHERE NAME = 'IHTReader' AND PRODUCT_STATUS_ID = 1 AND ROWNUM <= 1;
    WHEN OTHERS THEN
      RAISE;
  END;
  INSERT INTO PRODUCT_OFFERING (ID, PRODUCT_ID, TAX_POLICY_TYPE_ID, QUANTITY, UNIT_PRICE, TAX_CATEGORY_ID, created_by, create_date) VALUES (PO_ID_SEQ.NEXTVAL, CUR_PRD_ID, 1, '365', '0', '2', 'chris', SYSDATE);
  INSERT INTO PRODUCT_OFFERING_META_DATA (ID, PRODUCT_OFFERING_ID, NAME, VALUE, created_by, create_date) VALUES (PROMD_ID_SEQ.NEXTVAL, PO_ID_SEQ.CURRVAL, 'entitlement_uri', 'http://:hostname:/svc/user/entitlements/tr/:id:.json', 'chris', SYSDATE);
  INSERT INTO PRODUCT_OFFERING_META_DATA (ID, PRODUCT_OFFERING_ID, NAME, VALUE, created_by, create_date) VALUES (PROMD_ID_SEQ.NEXTVAL, PO_ID_SEQ.CURRVAL, 'capability', 'TR', 'chris', SYSDATE);
  INSERT INTO PRODUCT_OFFERING_META_DATA (ID, PRODUCT_OFFERING_ID, NAME, VALUE, created_by, create_date) VALUES (PROMD_ID_SEQ.NEXTVAL, PO_ID_SEQ.CURRVAL, 'DEFAULT_VAT_RATE', '{"*": 0.0}', 'chris', SYSDATE);
  INSERT INTO OFFER_PRODUCT_OFFERING (OFFER_ID, PRODUCT_OFFERING_ID, created_by, create_date) VALUES (OFR_ID_SEQ.CURRVAL, PO_ID_SEQ.CURRVAL, 'chris', SYSDATE);
  INSERT INTO DISCOUNT (ID, NAME, DESCRIPTION, FIXED_AMOUNT, PERCENT_AMOUNT, DISCOUNT_TYPE_ID, created_by, create_date) VALUES (DSC_ID_SEQ.NEXTVAL, 'Auto Discount', 'Automatically generated to target price 289.88 given base price 260.71439', '0', '-11.19', 1, 'chris', SYSDATE);
  INSERT INTO DISCOUNT_PRODUCT_OFFERING (DISCOUNT_ID, PRODUCT_OFFERING_ID, created_by, create_date) VALUES (DSC_ID_SEQ.CURRVAL, PO_ID_SEQ.CURRVAL, 'chris', SYSDATE);
  INSERT INTO OFFER_OFFER_CHAIN (OFFER_ID, OFFER_CHAIN_ID, INDEX_VALUE, NUM_RECURRENCES, created_by, create_date, updated_by, update_date) VALUES (OFR_ID_SEQ.CURRVAL, 455308, '0', '-1', 'chris', SYSDATE, 'chris', SYSDATE);
  END;
  BEGIN
    SELECT 1 INTO TMP_VAR FROM OFFER_CHAIN WHERE ID = 851767 AND ROWNUM <= 1;
    UPDATE OFFER_CHAIN SET NAME='NYTimes: Web+Tablet', DESCRIPTION='Unlimited access to The New York Times on the web, and access to the full app for your tablet .', PRODUCT_URI='', UPDATE_DATE = SYSDATE, UPDATED_BY = 'OFFERMAKER' WHERE ID = 851767;
  EXCEPTION
    WHEN NO_DATA_FOUND THEN
      INSERT INTO OFFER_CHAIN (ID, NAME, DESCRIPTION, ADOPTABILITY_WINDOW_START_DATE, ADOPTABILITY_WINDOW_END_DATE, IS_GIFT_CERTIFICATE, PRODUCT_URI, OFFER_CHAIN_STATUS_ID, created_by, create_date, updated_by, update_date) VALUES (851767, 'NYTimes: Web+Tablet', 'Unlimited access to The New York Times on the web, and access to the full app for your tablet .', '01-Jan-2011', '01-Jan-2999', '0', NULL, '1', 'chris', SYSDATE, 'chris', SYSDATE);
  END;
  DELETE FROM OFFER_CHAIN_ELIGIBILITY WHERE offer_chain_id = 851767;
  INSERT INTO OFFER_CHAIN_ELIGIBILITY (ID, OFFER_CHAIN_ID, NAME, VALUE, created_by, create_date) VALUES (ELG_ID_SEQ.NEXTVAL, 851767, 'IS_COMP', '1', 'chris', SYSDATE);
  INSERT INTO OFFER_CHAIN_ELIGIBILITY (ID, OFFER_CHAIN_ID, NAME, VALUE, created_by, create_date) VALUES (ELG_ID_SEQ.NEXTVAL, 851767, 'MAX_CONCURRENT_SUBS', '1', 'chris', SYSDATE);
  DELETE FROM OFFER_CHAIN_META_DATA WHERE offer_chain_id = 851767;
  INSERT INTO OFFER_CHAIN_META_DATA (ID, OFFER_CHAIN_ID, NAME, VALUE, created_by, create_date) VALUES (OCMD_ID_SEQ.NEXTVAL, 851767, 'IS_COMP', '1', 'chris', SYSDATE);
  INSERT INTO OFFER_CHAIN_META_DATA (ID, OFFER_CHAIN_ID, NAME, VALUE, created_by, create_date) VALUES (OCMD_ID_SEQ.NEXTVAL, 851767, 'BUNDLE_EXPLANATION', 'Special promo offer setup for Times Reader trial/edu migration', 'chris', SYSDATE);
  INSERT INTO OFFER_CHAIN_META_DATA (ID, OFFER_CHAIN_ID, NAME, VALUE, created_by, create_date) VALUES (OCMD_ID_SEQ.NEXTVAL, 851767, 'PRICE_DESCRIPTION', 'Web+Tablet App First 4 Weeks: FREE Thereafter: $20.00 every 4 weeks', 'chris', SYSDATE);
  INSERT INTO OFFER_CHAIN_META_DATA (ID, OFFER_CHAIN_ID, NAME, VALUE, created_by, create_date) VALUES (OCMD_ID_SEQ.NEXTVAL, 851767, 'OFFER_TYPE', 'Free Trial for 4 Weeks', 'chris', SYSDATE);
  INSERT INTO OFFER_CHAIN_META_DATA (ID, OFFER_CHAIN_ID, NAME, VALUE, created_by, create_date) VALUES (OCMD_ID_SEQ.NEXTVAL, 851767, 'OFFER_PRICE_DESCRIPTOR', 'N/A', 'chris', SYSDATE);
  INSERT INTO OFFER_CHAIN_META_DATA (ID, OFFER_CHAIN_ID, NAME, VALUE, created_by, create_date) VALUES (OCMD_ID_SEQ.NEXTVAL, 851767, 'OFFER_PRICE', 'N/A', 'chris', SYSDATE);
  INSERT INTO OFFER_CHAIN_META_DATA (ID, OFFER_CHAIN_ID, NAME, VALUE, created_by, create_date) VALUES (OCMD_ID_SEQ.NEXTVAL, 851767, 'OFFER_PRICE_DETAIL', '($5.00 / week thereafter)', 'chris', SYSDATE);
  INSERT INTO OFFER_CHAIN_META_DATA (ID, OFFER_CHAIN_ID, NAME, VALUE, created_by, create_date) VALUES (OCMD_ID_SEQ.NEXTVAL, 851767, 'PROMO_PRICE_FOOTER_LABEL', 'First 4 Weeks', 'chris', SYSDATE);
  INSERT INTO OFFER_CHAIN_META_DATA (ID, OFFER_CHAIN_ID, NAME, VALUE, created_by, create_date) VALUES (OCMD_ID_SEQ.NEXTVAL, 851767, 'ACTUAL_PRICE_FOOTER_LABEL', 'Thereafter', 'chris', SYSDATE);
  INSERT INTO OFFER_CHAIN_META_DATA (ID, OFFER_CHAIN_ID, NAME, VALUE, created_by, create_date) VALUES (OCMD_ID_SEQ.NEXTVAL, 851767, 'BILLING_CYCLE', 'every 4 weeks*', 'chris', SYSDATE);
  INSERT INTO OFFER_CHAIN_META_DATA (ID, OFFER_CHAIN_ID, NAME, VALUE, created_by, create_date) VALUES (OCMD_ID_SEQ.NEXTVAL, 851767, 'SUBSCRIBER_TYPE', 'Regular', 'chris', SYSDATE);
  INSERT INTO OFFER_CHAIN_META_DATA (ID, OFFER_CHAIN_ID, NAME, VALUE, created_by, create_date) VALUES (OCMD_ID_SEQ.NEXTVAL, 851767, 'REFUND_POLICY', 'Monthly Billing: No refund.  Users will maintain access for the remainder of the billing period.  Users will not be billed in the next billing cycle.', 'chris', SYSDATE);
  INSERT INTO OFFER_CHAIN_META_DATA (ID, OFFER_CHAIN_ID, NAME, VALUE, created_by, create_date) VALUES (OCMD_ID_SEQ.NEXTVAL, 851767, 'CANCELABLE', '1', 'chris', SYSDATE);
  INSERT INTO OFFER_CHAIN_META_DATA (ID, OFFER_CHAIN_ID, NAME, VALUE, created_by, create_date) VALUES (OCMD_ID_SEQ.NEXTVAL, 851767, 'UPGRADABLE_OFFER_CHAIN_IDS', '37,38,60,61,62,63,64,65,66,67,68,69,70,71,72,73,74,75,1000000060,1000000061,1000000063,1000000064,1000000066,1000000067,1000000068,1000000070,1000000071,1000000072,1000000073,1000000074,1000000075,121,122,123,124,125,126', 'chris', SYSDATE);
  INSERT INTO OFFER_CHAIN_META_DATA (ID, OFFER_CHAIN_ID, NAME, VALUE, created_by, create_date) VALUES (OCMD_ID_SEQ.NEXTVAL, 851767, 'BUNDLE', 'Bundle B', 'chris', SYSDATE);
  INSERT INTO OFFER_CHAIN_META_DATA (ID, OFFER_CHAIN_ID, NAME, VALUE, created_by, create_date) VALUES (OCMD_ID_SEQ.NEXTVAL, 851767, 'SIEBEL_CAMPAIGN_CODE', 'SIEBELDEFAULT', 'chris', SYSDATE);
  INSERT INTO OFFER_CHAIN_META_DATA (ID, OFFER_CHAIN_ID, NAME, VALUE, created_by, create_date) VALUES (OCMD_ID_SEQ.NEXTVAL, 851767, 'ANNUAL_PRICE', '260.00', 'chris', SYSDATE);
  INSERT INTO OFFER_CHAIN_META_DATA (ID, OFFER_CHAIN_ID, NAME, VALUE, created_by, create_date) VALUES (OCMD_ID_SEQ.NEXTVAL, 851767, 'UID', '69f098c9b9c07e00a3754e0ec52ab9eb99be6775cb5bcc5e8fbce995d101208a', 'chris', SYSDATE);
  BEGIN
    SELECT 1 INTO TMP_VAR FROM OFFER_OFFER_CHAIN WHERE OFFER_CHAIN_ID = 851767 AND INDEX_VALUE = 0 AND ROWNUM <= 1;
  EXCEPTION
    WHEN NO_DATA_FOUND THEN
  INSERT INTO OFFER (ID, OFFER_STATUS_ID, ENTITLEMENT_DURATION, created_by, create_date, updated_by, update_date) VALUES (OFR_ID_SEQ.NEXTVAL, 1, 'P0Y0M28DT0H0M', 'chris', SYSDATE, 'chris', SYSDATE);
  BEGIN
    SELECT ID INTO CUR_PRD_ID FROM PRODUCT WHERE NAME = 'Web' AND PRODUCT_STATUS_ID = 1 AND ROWNUM <= 1;
  EXCEPTION
    WHEN NO_DATA_FOUND THEN
      INSERT INTO PRODUCT (ID, NAME, PRODUCTION_COST, PRODUCT_STATUS_ID, PRODUCT_URI, UNIT_PRICE, created_by, create_date) VALUES (PRD_ID_SEQ.NEXTVAL, 'Web', '0', 1, NULL, '0.357143', 'chris', SYSDATE);
      SELECT ID INTO CUR_PRD_ID FROM PRODUCT WHERE NAME = 'Web' AND PRODUCT_STATUS_ID = 1 AND ROWNUM <= 1;
    WHEN OTHERS THEN
      RAISE;
  END;
  INSERT INTO PRODUCT_OFFERING (ID, PRODUCT_ID, TAX_POLICY_TYPE_ID, QUANTITY, UNIT_PRICE, TAX_CATEGORY_ID, created_by, create_date) VALUES (PO_ID_SEQ.NEXTVAL, CUR_PRD_ID, 1, '28', '0.357143', '2', 'chris', SYSDATE);
  INSERT INTO PRODUCT_OFFERING_META_DATA (ID, PRODUCT_OFFERING_ID, NAME, VALUE, created_by, create_date) VALUES (PROMD_ID_SEQ.NEXTVAL, PO_ID_SEQ.CURRVAL, 'entitlement_uri', 'http://:hostname:/svc/user/entitlements/mm/:id:.json', 'chris', SYSDATE);
  INSERT INTO PRODUCT_OFFERING_META_DATA (ID, PRODUCT_OFFERING_ID, NAME, VALUE, created_by, create_date) VALUES (PROMD_ID_SEQ.NEXTVAL, PO_ID_SEQ.CURRVAL, 'DEFAULT_VAT_RATE', '{"*": }', 'chris', SYSDATE);
  INSERT INTO PRODUCT_OFFERING_META_DATA (ID, PRODUCT_OFFERING_ID, NAME, VALUE, created_by, create_date) VALUES (PROMD_ID_SEQ.NEXTVAL, PO_ID_SEQ.CURRVAL, 'CAPABILITY', 'MM', 'chris', SYSDATE);
  INSERT INTO OFFER_PRODUCT_OFFERING (OFFER_ID, PRODUCT_OFFERING_ID, created_by, create_date) VALUES (OFR_ID_SEQ.CURRVAL, PO_ID_SEQ.CURRVAL, 'chris', SYSDATE);
  INSERT INTO DISCOUNT (ID, NAME, DESCRIPTION, FIXED_AMOUNT, PERCENT_AMOUNT, DISCOUNT_TYPE_ID, created_by, create_date) VALUES (DSC_ID_SEQ.NEXTVAL, 'Auto Discount', 'Automatically generated to target price 0.0 given base price 20.000008', '0', '100.0', 1, 'chris', SYSDATE);
  INSERT INTO DISCOUNT_PRODUCT_OFFERING (DISCOUNT_ID, PRODUCT_OFFERING_ID, created_by, create_date) VALUES (DSC_ID_SEQ.CURRVAL, PO_ID_SEQ.CURRVAL, 'chris', SYSDATE);
  BEGIN
    SELECT ID INTO CUR_PRD_ID FROM PRODUCT WHERE NAME = 'Mobile' AND PRODUCT_STATUS_ID = 1 AND ROWNUM <= 1;
  EXCEPTION
    WHEN NO_DATA_FOUND THEN
      INSERT INTO PRODUCT (ID, NAME, PRODUCTION_COST, PRODUCT_STATUS_ID, PRODUCT_URI, UNIT_PRICE, created_by, create_date) VALUES (PRD_ID_SEQ.NEXTVAL, 'Mobile', '0', 1, NULL, '0', 'chris', SYSDATE);
      SELECT ID INTO CUR_PRD_ID FROM PRODUCT WHERE NAME = 'Mobile' AND PRODUCT_STATUS_ID = 1 AND ROWNUM <= 1;
    WHEN OTHERS THEN
      RAISE;
  END;
  INSERT INTO PRODUCT_OFFERING (ID, PRODUCT_ID, TAX_POLICY_TYPE_ID, QUANTITY, UNIT_PRICE, TAX_CATEGORY_ID, created_by, create_date) VALUES (PO_ID_SEQ.NEXTVAL, CUR_PRD_ID, 1, '28', '0', '2', 'chris', SYSDATE);
  INSERT INTO PRODUCT_OFFERING_META_DATA (ID, PRODUCT_OFFERING_ID, NAME, VALUE, created_by, create_date) VALUES (PROMD_ID_SEQ.NEXTVAL, PO_ID_SEQ.CURRVAL, 'entitlement_uri', 'http://:hostname:/svc/user/entitlements/mow/:id:.json', 'chris', SYSDATE);
  INSERT INTO PRODUCT_OFFERING_META_DATA (ID, PRODUCT_OFFERING_ID, NAME, VALUE, created_by, create_date) VALUES (PROMD_ID_SEQ.NEXTVAL, PO_ID_SEQ.CURRVAL, 'DEFAULT_VAT_RATE', '{"*": }', 'chris', SYSDATE);
  INSERT INTO PRODUCT_OFFERING_META_DATA (ID, PRODUCT_OFFERING_ID, NAME, VALUE, created_by, create_date) VALUES (PROMD_ID_SEQ.NEXTVAL, PO_ID_SEQ.CURRVAL, 'capability', 'MOW', 'chris', SYSDATE);
  INSERT INTO OFFER_PRODUCT_OFFERING (OFFER_ID, PRODUCT_OFFERING_ID, created_by, create_date) VALUES (OFR_ID_SEQ.CURRVAL, PO_ID_SEQ.CURRVAL, 'chris', SYSDATE);
  INSERT INTO DISCOUNT (ID, NAME, DESCRIPTION, FIXED_AMOUNT, PERCENT_AMOUNT, DISCOUNT_TYPE_ID, created_by, create_date) VALUES (DSC_ID_SEQ.NEXTVAL, 'Auto Discount', 'Automatically generated to target price 0.0 given base price 20.000008', '0', '100.0', 1, 'chris', SYSDATE);
  INSERT INTO DISCOUNT_PRODUCT_OFFERING (DISCOUNT_ID, PRODUCT_OFFERING_ID, created_by, create_date) VALUES (DSC_ID_SEQ.CURRVAL, PO_ID_SEQ.CURRVAL, 'chris', SYSDATE);
  BEGIN
    SELECT ID INTO CUR_PRD_ID FROM PRODUCT WHERE NAME = 'Archive Article' AND PRODUCT_STATUS_ID = 1 AND ROWNUM <= 1;
  EXCEPTION
    WHEN NO_DATA_FOUND THEN
      INSERT INTO PRODUCT (ID, NAME, PRODUCTION_COST, PRODUCT_STATUS_ID, PRODUCT_URI, UNIT_PRICE, created_by, create_date) VALUES (PRD_ID_SEQ.NEXTVAL, 'Archive Article', '0', 1, NULL, '0', 'chris', SYSDATE);
      SELECT ID INTO CUR_PRD_ID FROM PRODUCT WHERE NAME = 'Archive Article' AND PRODUCT_STATUS_ID = 1 AND ROWNUM <= 1;
    WHEN OTHERS THEN
      RAISE;
  END;
  INSERT INTO PRODUCT_OFFERING (ID, PRODUCT_ID, TAX_POLICY_TYPE_ID, QUANTITY, UNIT_PRICE, TAX_CATEGORY_ID, created_by, create_date) VALUES (PO_ID_SEQ.NEXTVAL, CUR_PRD_ID, 1, '100', '0', '2', 'chris', SYSDATE);
  INSERT INTO PRODUCT_OFFERING_META_DATA (ID, PRODUCT_OFFERING_ID, NAME, VALUE, created_by, create_date) VALUES (PROMD_ID_SEQ.NEXTVAL, PO_ID_SEQ.CURRVAL, 'entitlement_uri', 'http://:hostname:/svc/user/entitlements/archive/size/100/:id:.json', 'chris', SYSDATE);
  INSERT INTO PRODUCT_OFFERING_META_DATA (ID, PRODUCT_OFFERING_ID, NAME, VALUE, created_by, create_date) VALUES (PROMD_ID_SEQ.NEXTVAL, PO_ID_SEQ.CURRVAL, 'capability', 'AAA', 'chris', SYSDATE);
  INSERT INTO PRODUCT_OFFERING_META_DATA (ID, PRODUCT_OFFERING_ID, NAME, VALUE, created_by, create_date) VALUES (PROMD_ID_SEQ.NEXTVAL, PO_ID_SEQ.CURRVAL, 'DEFAULT_VAT_RATE', '{"*": }', 'chris', SYSDATE);
  INSERT INTO OFFER_PRODUCT_OFFERING (OFFER_ID, PRODUCT_OFFERING_ID, created_by, create_date) VALUES (OFR_ID_SEQ.CURRVAL, PO_ID_SEQ.CURRVAL, 'chris', SYSDATE);
  INSERT INTO DISCOUNT (ID, NAME, DESCRIPTION, FIXED_AMOUNT, PERCENT_AMOUNT, DISCOUNT_TYPE_ID, created_by, create_date) VALUES (DSC_ID_SEQ.NEXTVAL, 'Auto Discount', 'Automatically generated to target price 0.0 given base price 20.000008', '0', '100.0', 1, 'chris', SYSDATE);
  INSERT INTO DISCOUNT_PRODUCT_OFFERING (DISCOUNT_ID, PRODUCT_OFFERING_ID, created_by, create_date) VALUES (DSC_ID_SEQ.CURRVAL, PO_ID_SEQ.CURRVAL, 'chris', SYSDATE);
  BEGIN
    SELECT ID INTO CUR_PRD_ID FROM PRODUCT WHERE NAME = 'TimesMachine' AND PRODUCT_STATUS_ID = 1 AND ROWNUM <= 1;
  EXCEPTION
    WHEN NO_DATA_FOUND THEN
      INSERT INTO PRODUCT (ID, NAME, PRODUCTION_COST, PRODUCT_STATUS_ID, PRODUCT_URI, UNIT_PRICE, created_by, create_date) VALUES (PRD_ID_SEQ.NEXTVAL, 'TimesMachine', '0', 1, NULL, '0', 'chris', SYSDATE);
      SELECT ID INTO CUR_PRD_ID FROM PRODUCT WHERE NAME = 'TimesMachine' AND PRODUCT_STATUS_ID = 1 AND ROWNUM <= 1;
    WHEN OTHERS THEN
      RAISE;
  END;
  INSERT INTO PRODUCT_OFFERING (ID, PRODUCT_ID, TAX_POLICY_TYPE_ID, QUANTITY, UNIT_PRICE, TAX_CATEGORY_ID, created_by, create_date) VALUES (PO_ID_SEQ.NEXTVAL, CUR_PRD_ID, 1, '100', '0', '2', 'chris', SYSDATE);
  INSERT INTO PRODUCT_OFFERING_META_DATA (ID, PRODUCT_OFFERING_ID, NAME, VALUE, created_by, create_date) VALUES (PROMD_ID_SEQ.NEXTVAL, PO_ID_SEQ.CURRVAL, 'entitlement_uri', 'http://:hostname:/svc/user/entitlements/mm/:id:.json', 'chris', SYSDATE);
  INSERT INTO PRODUCT_OFFERING_META_DATA (ID, PRODUCT_OFFERING_ID, NAME, VALUE, created_by, create_date) VALUES (PROMD_ID_SEQ.NEXTVAL, PO_ID_SEQ.CURRVAL, 'DEFAULT_VAT_RATE', '{"*": }', 'chris', SYSDATE);
  INSERT INTO OFFER_PRODUCT_OFFERING (OFFER_ID, PRODUCT_OFFERING_ID, created_by, create_date) VALUES (OFR_ID_SEQ.CURRVAL, PO_ID_SEQ.CURRVAL, 'chris', SYSDATE);
  INSERT INTO DISCOUNT (ID, NAME, DESCRIPTION, FIXED_AMOUNT, PERCENT_AMOUNT, DISCOUNT_TYPE_ID, created_by, create_date) VALUES (DSC_ID_SEQ.NEXTVAL, 'Auto Discount', 'Automatically generated to target price 0.0 given base price 20.000008', '0', '100.0', 1, 'chris', SYSDATE);
  INSERT INTO DISCOUNT_PRODUCT_OFFERING (DISCOUNT_ID, PRODUCT_OFFERING_ID, created_by, create_date) VALUES (DSC_ID_SEQ.CURRVAL, PO_ID_SEQ.CURRVAL, 'chris', SYSDATE);
  BEGIN
    SELECT ID INTO CUR_PRD_ID FROM PRODUCT WHERE NAME = 'Tablet' AND PRODUCT_STATUS_ID = 1 AND ROWNUM <= 1;
  EXCEPTION
    WHEN NO_DATA_FOUND THEN
      INSERT INTO PRODUCT (ID, NAME, PRODUCTION_COST, PRODUCT_STATUS_ID, PRODUCT_URI, UNIT_PRICE, created_by, create_date) VALUES (PRD_ID_SEQ.NEXTVAL, 'Tablet', '0', 1, NULL, '0.357143', 'chris', SYSDATE);
      SELECT ID INTO CUR_PRD_ID FROM PRODUCT WHERE NAME = 'Tablet' AND PRODUCT_STATUS_ID = 1 AND ROWNUM <= 1;
    WHEN OTHERS THEN
      RAISE;
  END;
  INSERT INTO PRODUCT_OFFERING (ID, PRODUCT_ID, TAX_POLICY_TYPE_ID, QUANTITY, UNIT_PRICE, TAX_CATEGORY_ID, created_by, create_date) VALUES (PO_ID_SEQ.NEXTVAL, CUR_PRD_ID, 1, '28', '0.357143', '2', 'chris', SYSDATE);
  INSERT INTO PRODUCT_OFFERING_META_DATA (ID, PRODUCT_OFFERING_ID, NAME, VALUE, created_by, create_date) VALUES (PROMD_ID_SEQ.NEXTVAL, PO_ID_SEQ.CURRVAL, 'entitlement_uri', 'http://:hostname:/svc/user/entitlements/mtd/:id:.json', 'chris', SYSDATE);
  INSERT INTO PRODUCT_OFFERING_META_DATA (ID, PRODUCT_OFFERING_ID, NAME, VALUE, created_by, create_date) VALUES (PROMD_ID_SEQ.NEXTVAL, PO_ID_SEQ.CURRVAL, 'DEFAULT_VAT_RATE', '{"*": }', 'chris', SYSDATE);
  INSERT INTO PRODUCT_OFFERING_META_DATA (ID, PRODUCT_OFFERING_ID, NAME, VALUE, created_by, create_date) VALUES (PROMD_ID_SEQ.NEXTVAL, PO_ID_SEQ.CURRVAL, 'capability', 'MTD', 'chris', SYSDATE);
  INSERT INTO OFFER_PRODUCT_OFFERING (OFFER_ID, PRODUCT_OFFERING_ID, created_by, create_date) VALUES (OFR_ID_SEQ.CURRVAL, PO_ID_SEQ.CURRVAL, 'chris', SYSDATE);
  INSERT INTO DISCOUNT (ID, NAME, DESCRIPTION, FIXED_AMOUNT, PERCENT_AMOUNT, DISCOUNT_TYPE_ID, created_by, create_date) VALUES (DSC_ID_SEQ.NEXTVAL, 'Auto Discount', 'Automatically generated to target price 0.0 given base price 20.000008', '0', '100.0', 1, 'chris', SYSDATE);
  INSERT INTO DISCOUNT_PRODUCT_OFFERING (DISCOUNT_ID, PRODUCT_OFFERING_ID, created_by, create_date) VALUES (DSC_ID_SEQ.CURRVAL, PO_ID_SEQ.CURRVAL, 'chris', SYSDATE);
  BEGIN
    SELECT ID INTO CUR_PRD_ID FROM PRODUCT WHERE NAME = 'TimesReader' AND PRODUCT_STATUS_ID = 1 AND ROWNUM <= 1;
  EXCEPTION
    WHEN NO_DATA_FOUND THEN
      INSERT INTO PRODUCT (ID, NAME, PRODUCTION_COST, PRODUCT_STATUS_ID, PRODUCT_URI, UNIT_PRICE, created_by, create_date) VALUES (PRD_ID_SEQ.NEXTVAL, 'TimesReader', '0', 1, NULL, '0', 'chris', SYSDATE);
      SELECT ID INTO CUR_PRD_ID FROM PRODUCT WHERE NAME = 'TimesReader' AND PRODUCT_STATUS_ID = 1 AND ROWNUM <= 1;
    WHEN OTHERS THEN
      RAISE;
  END;
  INSERT INTO PRODUCT_OFFERING (ID, PRODUCT_ID, TAX_POLICY_TYPE_ID, QUANTITY, UNIT_PRICE, TAX_CATEGORY_ID, created_by, create_date) VALUES (PO_ID_SEQ.NEXTVAL, CUR_PRD_ID, 1, '28', '0', '2', 'chris', SYSDATE);
  INSERT INTO PRODUCT_OFFERING_META_DATA (ID, PRODUCT_OFFERING_ID, NAME, VALUE, created_by, create_date) VALUES (PROMD_ID_SEQ.NEXTVAL, PO_ID_SEQ.CURRVAL, 'entitlement_uri', 'http://:hostname:/svc/user/entitlements/tr/:id:.json', 'chris', SYSDATE);
  INSERT INTO PRODUCT_OFFERING_META_DATA (ID, PRODUCT_OFFERING_ID, NAME, VALUE, created_by, create_date) VALUES (PROMD_ID_SEQ.NEXTVAL, PO_ID_SEQ.CURRVAL, 'capability', 'TR', 'chris', SYSDATE);
  INSERT INTO PRODUCT_OFFERING_META_DATA (ID, PRODUCT_OFFERING_ID, NAME, VALUE, created_by, create_date) VALUES (PROMD_ID_SEQ.NEXTVAL, PO_ID_SEQ.CURRVAL, 'DEFAULT_VAT_RATE', '{"*": }', 'chris', SYSDATE);
  INSERT INTO OFFER_PRODUCT_OFFERING (OFFER_ID, PRODUCT_OFFERING_ID, created_by, create_date) VALUES (OFR_ID_SEQ.CURRVAL, PO_ID_SEQ.CURRVAL, 'chris', SYSDATE);
  INSERT INTO DISCOUNT (ID, NAME, DESCRIPTION, FIXED_AMOUNT, PERCENT_AMOUNT, DISCOUNT_TYPE_ID, created_by, create_date) VALUES (DSC_ID_SEQ.NEXTVAL, 'Auto Discount', 'Automatically generated to target price 0.0 given base price 20.000008', '0', '100.0', 1, 'chris', SYSDATE);
  INSERT INTO DISCOUNT_PRODUCT_OFFERING (DISCOUNT_ID, PRODUCT_OFFERING_ID, created_by, create_date) VALUES (DSC_ID_SEQ.CURRVAL, PO_ID_SEQ.CURRVAL, 'chris', SYSDATE);
  BEGIN
    SELECT ID INTO CUR_PRD_ID FROM PRODUCT WHERE NAME = 'IHTReader' AND PRODUCT_STATUS_ID = 1 AND ROWNUM <= 1;
  EXCEPTION
    WHEN NO_DATA_FOUND THEN
      INSERT INTO PRODUCT (ID, NAME, PRODUCTION_COST, PRODUCT_STATUS_ID, PRODUCT_URI, UNIT_PRICE, created_by, create_date) VALUES (PRD_ID_SEQ.NEXTVAL, 'IHTReader', '0', 1, NULL, '0', 'chris', SYSDATE);
      SELECT ID INTO CUR_PRD_ID FROM PRODUCT WHERE NAME = 'IHTReader' AND PRODUCT_STATUS_ID = 1 AND ROWNUM <= 1;
    WHEN OTHERS THEN
      RAISE;
  END;
  INSERT INTO PRODUCT_OFFERING (ID, PRODUCT_ID, TAX_POLICY_TYPE_ID, QUANTITY, UNIT_PRICE, TAX_CATEGORY_ID, created_by, create_date) VALUES (PO_ID_SEQ.NEXTVAL, CUR_PRD_ID, 1, '28', '0', '2', 'chris', SYSDATE);
  INSERT INTO PRODUCT_OFFERING_META_DATA (ID, PRODUCT_OFFERING_ID, NAME, VALUE, created_by, create_date) VALUES (PROMD_ID_SEQ.NEXTVAL, PO_ID_SEQ.CURRVAL, 'entitlement_uri', 'http://:hostname:/svc/user/entitlements/tr/:id:.json', 'chris', SYSDATE);
  INSERT INTO PRODUCT_OFFERING_META_DATA (ID, PRODUCT_OFFERING_ID, NAME, VALUE, created_by, create_date) VALUES (PROMD_ID_SEQ.NEXTVAL, PO_ID_SEQ.CURRVAL, 'capability', 'TR', 'chris', SYSDATE);
  INSERT INTO PRODUCT_OFFERING_META_DATA (ID, PRODUCT_OFFERING_ID, NAME, VALUE, created_by, create_date) VALUES (PROMD_ID_SEQ.NEXTVAL, PO_ID_SEQ.CURRVAL, 'DEFAULT_VAT_RATE', '{"*": }', 'chris', SYSDATE);
  INSERT INTO OFFER_PRODUCT_OFFERING (OFFER_ID, PRODUCT_OFFERING_ID, created_by, create_date) VALUES (OFR_ID_SEQ.CURRVAL, PO_ID_SEQ.CURRVAL, 'chris', SYSDATE);
  INSERT INTO DISCOUNT (ID, NAME, DESCRIPTION, FIXED_AMOUNT, PERCENT_AMOUNT, DISCOUNT_TYPE_ID, created_by, create_date) VALUES (DSC_ID_SEQ.NEXTVAL, 'Auto Discount', 'Automatically generated to target price 0.0 given base price 20.000008', '0', '100.0', 1, 'chris', SYSDATE);
  INSERT INTO DISCOUNT_PRODUCT_OFFERING (DISCOUNT_ID, PRODUCT_OFFERING_ID, created_by, create_date) VALUES (DSC_ID_SEQ.CURRVAL, PO_ID_SEQ.CURRVAL, 'chris', SYSDATE);
  INSERT INTO OFFER_OFFER_CHAIN (OFFER_ID, OFFER_CHAIN_ID, INDEX_VALUE, NUM_RECURRENCES, created_by, create_date, updated_by, update_date) VALUES (OFR_ID_SEQ.CURRVAL, 851767, '0', '-1', 'chris', SYSDATE, 'chris', SYSDATE);
  END;
END;
/
EXIT

