WHENEVER SQLERROR EXIT SQL.SQLCODE ROLLBACK
SET SCAN OFF
SET DEFINE OFF

DECLARE
  CUR_PRD_ID NUMBER;
BEGIN
  INSERT INTO OFFER_CHAIN (ID, NAME, DESCRIPTION, ADOPTABILITY_WINDOW_START_DATE, ADOPTABILITY_WINDOW_END_DATE, IS_GIFT_CERTIFICATE, PRODUCT_URI, OFFER_CHAIN_STATUS_ID, created_by, create_date, updated_by, update_date) VALUES (470052, 'NYTimes: Web+Smartphone', 'Unlimited access to The New York Times on the web, and access to the full apps on your iPhone, Blackberry or Android-powered phone.', '01-Jan-2011', '01-Jan-2999', NULL, NULL, 1, 'chris', SYSDATE, 'chris', SYSDATE);
  INSERT INTO OFFER_CHAIN_ELIGIBILITY (ID, OFFER_CHAIN_ID, NAME, VALUE, created_by, create_date) VALUES (ELG_ID_SEQ.NEXTVAL, 470052, 'IS_COMP', '0', 'chris', SYSDATE);
  INSERT INTO OFFER_CHAIN_ELIGIBILITY (ID, OFFER_CHAIN_ID, NAME, VALUE, created_by, create_date) VALUES (ELG_ID_SEQ.NEXTVAL, 470052, 'MAX_CONCURRENT_SUBS', '1', 'chris', SYSDATE);
  INSERT INTO OFFER_CHAIN_META_DATA (ID, OFFER_CHAIN_ID, NAME, VALUE, created_by, create_date) VALUES (OCMD_ID_SEQ.NEXTVAL, 470052, 'IS_COMP', '0', 'chris', SYSDATE);
  INSERT INTO OFFER_CHAIN_META_DATA (ID, OFFER_CHAIN_ID, NAME, VALUE, created_by, create_date) VALUES (OCMD_ID_SEQ.NEXTVAL, 470052, 'PRICE_DESCRIPTION', 'Free Trail First 3 days: FREE Thereafter: US = $20.00 every 4 weeks, International = $22.00 every 4 weeks', 'chris', SYSDATE);
  INSERT INTO OFFER_CHAIN_META_DATA (ID, OFFER_CHAIN_ID, NAME, VALUE, created_by, create_date) VALUES (OCMD_ID_SEQ.NEXTVAL, 470052, 'OFFER_TYPE', 'Free Trial for 3 Days', 'chris', SYSDATE);
  INSERT INTO OFFER_CHAIN_META_DATA (ID, OFFER_CHAIN_ID, NAME, VALUE, created_by, create_date) VALUES (OCMD_ID_SEQ.NEXTVAL, 470052, 'PRODUCT_MARKETING_IMAGE', ' ', 'chris', SYSDATE);
  INSERT INTO OFFER_CHAIN_META_DATA (ID, OFFER_CHAIN_ID, NAME, VALUE, created_by, create_date) VALUES (OCMD_ID_SEQ.NEXTVAL, 470052, 'PRODUCT_MARKETING_DESCRIPTOR', ' ', 'chris', SYSDATE);
  INSERT INTO OFFER_CHAIN_META_DATA (ID, OFFER_CHAIN_ID, NAME, VALUE, created_by, create_date) VALUES (OCMD_ID_SEQ.NEXTVAL, 470052, 'OFFER_PRICE_DESCRIPTOR', 'FREE TRIAL - LIMITED TIME OFFER', 'chris', SYSDATE);
  INSERT INTO OFFER_CHAIN_META_DATA (ID, OFFER_CHAIN_ID, NAME, VALUE, created_by, create_date) VALUES (OCMD_ID_SEQ.NEXTVAL, 470052, 'OFFER_PRICE', '3 day free trial', 'chris', SYSDATE);
  INSERT INTO OFFER_CHAIN_META_DATA (ID, OFFER_CHAIN_ID, NAME, VALUE, created_by, create_date) VALUES (OCMD_ID_SEQ.NEXTVAL, 470052, 'OFFER_PRICE_DETAIL', '($5.00 / week thereafter)', 'chris', SYSDATE);
  INSERT INTO OFFER_CHAIN_META_DATA (ID, OFFER_CHAIN_ID, NAME, VALUE, created_by, create_date) VALUES (OCMD_ID_SEQ.NEXTVAL, 470052, 'OFFER_PRICE_DESCRIPTOR_INTERNATIONAL', 'FREE TRIAL - LIMITED TIME OFFER', 'chris', SYSDATE);
  INSERT INTO OFFER_CHAIN_META_DATA (ID, OFFER_CHAIN_ID, NAME, VALUE, created_by, create_date) VALUES (OCMD_ID_SEQ.NEXTVAL, 470052, 'OFFER_PRICE_INTERNATIONAL', '3 Day FREE Trial', 'chris', SYSDATE);
  INSERT INTO OFFER_CHAIN_META_DATA (ID, OFFER_CHAIN_ID, NAME, VALUE, created_by, create_date) VALUES (OCMD_ID_SEQ.NEXTVAL, 470052, 'OFFER_PRICE_DETAIL_INTERNATIONAL', '($5.50 / week thereafter)', 'chris', SYSDATE);
  INSERT INTO OFFER_CHAIN_META_DATA (ID, OFFER_CHAIN_ID, NAME, VALUE, created_by, create_date) VALUES (OCMD_ID_SEQ.NEXTVAL, 470052, 'PROMO_PRICE_FOOTER_LABEL', 'First 3 days', 'chris', SYSDATE);
  INSERT INTO OFFER_CHAIN_META_DATA (ID, OFFER_CHAIN_ID, NAME, VALUE, created_by, create_date) VALUES (OCMD_ID_SEQ.NEXTVAL, 470052, 'ACTUAL_PRICE_FOOTER_LABEL', 'Thereafter', 'chris', SYSDATE);
  INSERT INTO OFFER_CHAIN_META_DATA (ID, OFFER_CHAIN_ID, NAME, VALUE, created_by, create_date) VALUES (OCMD_ID_SEQ.NEXTVAL, 470052, 'BILLING_CYCLE', 'every 1 day for 3 days, then every 4 weeks', 'chris', SYSDATE);
  INSERT INTO OFFER_CHAIN_META_DATA (ID, OFFER_CHAIN_ID, NAME, VALUE, created_by, create_date) VALUES (OCMD_ID_SEQ.NEXTVAL, 470052, 'SUBSCRIBER_TYPE', 'Regular', 'chris', SYSDATE);
  INSERT INTO OFFER_CHAIN_META_DATA (ID, OFFER_CHAIN_ID, NAME, VALUE, created_by, create_date) VALUES (OCMD_ID_SEQ.NEXTVAL, 470052, 'REFUND_POLICY', 'Monthly Billing: No refund.  Users will maintain access for the remainder of the billing period.  Users will not be billed in the next billing cycle.', 'chris', SYSDATE);
  INSERT INTO OFFER_CHAIN_META_DATA (ID, OFFER_CHAIN_ID, NAME, VALUE, created_by, create_date) VALUES (OCMD_ID_SEQ.NEXTVAL, 470052, 'ADX_BUNDLE', 'TBD', 'chris', SYSDATE);
  INSERT INTO OFFER_CHAIN_META_DATA (ID, OFFER_CHAIN_ID, NAME, VALUE, created_by, create_date) VALUES (OCMD_ID_SEQ.NEXTVAL, 470052, 'CIS_PRD_ID', 'TBD', 'chris', SYSDATE);
  INSERT INTO OFFER_CHAIN_META_DATA (ID, OFFER_CHAIN_ID, NAME, VALUE, created_by, create_date) VALUES (OCMD_ID_SEQ.NEXTVAL, 470052, 'SIEBEL_CAMPAIGN_CODE', ' ', 'chris', SYSDATE);
  INSERT INTO OFFER_CHAIN_META_DATA (ID, OFFER_CHAIN_ID, NAME, VALUE, created_by, create_date) VALUES (OCMD_ID_SEQ.NEXTVAL, 470052, 'ANNUAL_PRICE', '260.0', 'chris', SYSDATE);
  INSERT INTO OFFER_CHAIN_META_DATA (ID, OFFER_CHAIN_ID, NAME, VALUE, created_by, create_date) VALUES (OCMD_ID_SEQ.NEXTVAL, 470052, 'UID', 'fe3e1614752461781b3daf166b26677ddd469991ed605cff98c3c5e7683ebcbf', 'chris', SYSDATE);
  INSERT INTO OFFER (ID, OFFER_STATUS_ID, ENTITLEMENT_DURATION, created_by, create_date, updated_by, update_date) VALUES (OFR_ID_SEQ.NEXTVAL, 1, 'P0Y0M1.0DT0H0M', 'chris', SYSDATE, 'chris', SYSDATE);
  BEGIN
    SELECT ID INTO CUR_PRD_ID FROM PRODUCT WHERE NAME = 'Web' AND PRODUCT_STATUS_ID = 1 AND ROWNUM <= 1;
  EXCEPTION
    WHEN NO_DATA_FOUND THEN
      INSERT INTO PRODUCT (ID, NAME, PRODUCTION_COST, PRODUCT_STATUS_ID, PRODUCT_URI, UNIT_PRICE, created_by, create_date) VALUES (PRD_ID_SEQ.NEXTVAL, 'Web', '0', 1, NULL, '0.33', 'chris', SYSDATE);
      SELECT ID INTO CUR_PRD_ID FROM PRODUCT WHERE NAME = 'Web' AND PRODUCT_STATUS_ID = 1 AND ROWNUM <= 1;
    WHEN OTHERS THEN
      RAISE;
  END;
  INSERT INTO PRODUCT_OFFERING (ID, PRODUCT_ID, TAX_POLICY_TYPE_ID, QUANTITY, UNIT_PRICE, TAX_CATEGORY_ID, created_by, create_date) VALUES (PO_ID_SEQ.NEXTVAL, CUR_PRD_ID, 1, '1.0', '0.33', '2', 'chris', SYSDATE);
  INSERT INTO PRODUCT_OFFERING_META_DATA (ID, PRODUCT_OFFERING_ID, NAME, VALUE, created_by, create_date) VALUES (PROMD_ID_SEQ.NEXTVAL, PO_ID_SEQ.CURRVAL, 'entitlement_uri', 'http://:hostname:/svc/user/entitlements/mm/:id:.json', 'chris', SYSDATE);
  INSERT INTO PRODUCT_OFFERING_META_DATA (ID, PRODUCT_OFFERING_ID, NAME, VALUE, created_by, create_date) VALUES (PROMD_ID_SEQ.NEXTVAL, PO_ID_SEQ.CURRVAL, 'DEFAULT_VAT_RATE', '{"*": .1}', 'chris', SYSDATE);
  INSERT INTO PRODUCT_OFFERING_META_DATA (ID, PRODUCT_OFFERING_ID, NAME, VALUE, created_by, create_date) VALUES (PROMD_ID_SEQ.NEXTVAL, PO_ID_SEQ.CURRVAL, 'CAPABILITY', 'WEB', 'chris', SYSDATE);
  INSERT INTO OFFER_PRODUCT_OFFERING (OFFER_ID, PRODUCT_OFFERING_ID, created_by, create_date) VALUES (OFR_ID_SEQ.CURRVAL, PO_ID_SEQ.CURRVAL, 'chris', SYSDATE);
  INSERT INTO DISCOUNT (ID, NAME, DESCRIPTION, FIXED_AMOUNT, PERCENT_AMOUNT, DISCOUNT_TYPE_ID, created_by, create_date) VALUES (DSC_ID_SEQ.NEXTVAL, 'Auto Discount', 'Automatically generated to target price 0.0 given base price 0.58', NULL, '0.0', 1, 'chris', SYSDATE);
  INSERT INTO DISCOUNT_PRODUCT_OFFERING (DISCOUNT_ID, PRODUCT_OFFERING_ID, created_by, create_date) VALUES (DSC_ID_SEQ.CURRVAL, PO_ID_SEQ.CURRVAL, 'chris', SYSDATE);
  BEGIN
    SELECT ID INTO CUR_PRD_ID FROM PRODUCT WHERE NAME = 'Mobile' AND PRODUCT_STATUS_ID = 1 AND ROWNUM <= 1;
  EXCEPTION
    WHEN NO_DATA_FOUND THEN
      INSERT INTO PRODUCT (ID, NAME, PRODUCTION_COST, PRODUCT_STATUS_ID, PRODUCT_URI, UNIT_PRICE, created_by, create_date) VALUES (PRD_ID_SEQ.NEXTVAL, 'Mobile', '0', 1, NULL, '0', 'chris', SYSDATE);
      SELECT ID INTO CUR_PRD_ID FROM PRODUCT WHERE NAME = 'Mobile' AND PRODUCT_STATUS_ID = 1 AND ROWNUM <= 1;
    WHEN OTHERS THEN
      RAISE;
  END;
  INSERT INTO PRODUCT_OFFERING (ID, PRODUCT_ID, TAX_POLICY_TYPE_ID, QUANTITY, UNIT_PRICE, TAX_CATEGORY_ID, created_by, create_date) VALUES (PO_ID_SEQ.NEXTVAL, CUR_PRD_ID, 1, '1.0', '0', '2', 'chris', SYSDATE);
  INSERT INTO PRODUCT_OFFERING_META_DATA (ID, PRODUCT_OFFERING_ID, NAME, VALUE, created_by, create_date) VALUES (PROMD_ID_SEQ.NEXTVAL, PO_ID_SEQ.CURRVAL, 'entitlement_uri', 'http://:hostname:/svc/user/entitlements/mow/:id:.json', 'chris', SYSDATE);
  INSERT INTO PRODUCT_OFFERING_META_DATA (ID, PRODUCT_OFFERING_ID, NAME, VALUE, created_by, create_date) VALUES (PROMD_ID_SEQ.NEXTVAL, PO_ID_SEQ.CURRVAL, 'DEFAULT_VAT_RATE', '{"*": .1}', 'chris', SYSDATE);
  INSERT INTO OFFER_PRODUCT_OFFERING (OFFER_ID, PRODUCT_OFFERING_ID, created_by, create_date) VALUES (OFR_ID_SEQ.CURRVAL, PO_ID_SEQ.CURRVAL, 'chris', SYSDATE);
  INSERT INTO DISCOUNT (ID, NAME, DESCRIPTION, FIXED_AMOUNT, PERCENT_AMOUNT, DISCOUNT_TYPE_ID, created_by, create_date) VALUES (DSC_ID_SEQ.NEXTVAL, 'Auto Discount', 'Automatically generated to target price 0.0 given base price 0.58', NULL, '0.0', 1, 'chris', SYSDATE);
  INSERT INTO DISCOUNT_PRODUCT_OFFERING (DISCOUNT_ID, PRODUCT_OFFERING_ID, created_by, create_date) VALUES (DSC_ID_SEQ.CURRVAL, PO_ID_SEQ.CURRVAL, 'chris', SYSDATE);
  BEGIN
    SELECT ID INTO CUR_PRD_ID FROM PRODUCT WHERE NAME = 'Archive Article' AND PRODUCT_STATUS_ID = 1 AND ROWNUM <= 1;
  EXCEPTION
    WHEN NO_DATA_FOUND THEN
      INSERT INTO PRODUCT (ID, NAME, PRODUCTION_COST, PRODUCT_STATUS_ID, PRODUCT_URI, UNIT_PRICE, created_by, create_date) VALUES (PRD_ID_SEQ.NEXTVAL, 'Archive Article', '0', 1, NULL, '0', 'chris', SYSDATE);
      SELECT ID INTO CUR_PRD_ID FROM PRODUCT WHERE NAME = 'Archive Article' AND PRODUCT_STATUS_ID = 1 AND ROWNUM <= 1;
    WHEN OTHERS THEN
      RAISE;
  END;
  INSERT INTO PRODUCT_OFFERING (ID, PRODUCT_ID, TAX_POLICY_TYPE_ID, QUANTITY, UNIT_PRICE, TAX_CATEGORY_ID, created_by, create_date) VALUES (PO_ID_SEQ.NEXTVAL, CUR_PRD_ID, 1, '100', '0', '2', 'chris', SYSDATE);
  INSERT INTO PRODUCT_OFFERING_META_DATA (ID, PRODUCT_OFFERING_ID, NAME, VALUE, created_by, create_date) VALUES (PROMD_ID_SEQ.NEXTVAL, PO_ID_SEQ.CURRVAL, 'entitlement_uri', 'http://:hostname:/svc/user/entitlements/archive/size/100/:id:.json', 'chris', SYSDATE);
  INSERT INTO PRODUCT_OFFERING_META_DATA (ID, PRODUCT_OFFERING_ID, NAME, VALUE, created_by, create_date) VALUES (PROMD_ID_SEQ.NEXTVAL, PO_ID_SEQ.CURRVAL, 'capability', 'AAA', 'chris', SYSDATE);
  INSERT INTO PRODUCT_OFFERING_META_DATA (ID, PRODUCT_OFFERING_ID, NAME, VALUE, created_by, create_date) VALUES (PROMD_ID_SEQ.NEXTVAL, PO_ID_SEQ.CURRVAL, 'DEFAULT_VAT_RATE', '{"*": .1}', 'chris', SYSDATE);
  INSERT INTO OFFER_PRODUCT_OFFERING (OFFER_ID, PRODUCT_OFFERING_ID, created_by, create_date) VALUES (OFR_ID_SEQ.CURRVAL, PO_ID_SEQ.CURRVAL, 'chris', SYSDATE);
  INSERT INTO DISCOUNT (ID, NAME, DESCRIPTION, FIXED_AMOUNT, PERCENT_AMOUNT, DISCOUNT_TYPE_ID, created_by, create_date) VALUES (DSC_ID_SEQ.NEXTVAL, 'Auto Discount', 'Automatically generated to target price 0.0 given base price 0.58', NULL, '0.0', 1, 'chris', SYSDATE);
  INSERT INTO DISCOUNT_PRODUCT_OFFERING (DISCOUNT_ID, PRODUCT_OFFERING_ID, created_by, create_date) VALUES (DSC_ID_SEQ.CURRVAL, PO_ID_SEQ.CURRVAL, 'chris', SYSDATE);
  BEGIN
    SELECT ID INTO CUR_PRD_ID FROM PRODUCT WHERE NAME = 'TimesMachine' AND PRODUCT_STATUS_ID = 1 AND ROWNUM <= 1;
  EXCEPTION
    WHEN NO_DATA_FOUND THEN
      INSERT INTO PRODUCT (ID, NAME, PRODUCTION_COST, PRODUCT_STATUS_ID, PRODUCT_URI, UNIT_PRICE, created_by, create_date) VALUES (PRD_ID_SEQ.NEXTVAL, 'TimesMachine', '0', 1, NULL, '0', 'chris', SYSDATE);
      SELECT ID INTO CUR_PRD_ID FROM PRODUCT WHERE NAME = 'TimesMachine' AND PRODUCT_STATUS_ID = 1 AND ROWNUM <= 1;
    WHEN OTHERS THEN
      RAISE;
  END;
  INSERT INTO PRODUCT_OFFERING (ID, PRODUCT_ID, TAX_POLICY_TYPE_ID, QUANTITY, UNIT_PRICE, TAX_CATEGORY_ID, created_by, create_date) VALUES (PO_ID_SEQ.NEXTVAL, CUR_PRD_ID, 1, '100', '0', '2', 'chris', SYSDATE);
  INSERT INTO PRODUCT_OFFERING_META_DATA (ID, PRODUCT_OFFERING_ID, NAME, VALUE, created_by, create_date) VALUES (PROMD_ID_SEQ.NEXTVAL, PO_ID_SEQ.CURRVAL, 'entitlement_uri', 'http://:hostname:/svc/user/entitlements/mm/:id:.json', 'chris', SYSDATE);
  INSERT INTO PRODUCT_OFFERING_META_DATA (ID, PRODUCT_OFFERING_ID, NAME, VALUE, created_by, create_date) VALUES (PROMD_ID_SEQ.NEXTVAL, PO_ID_SEQ.CURRVAL, 'DEFAULT_VAT_RATE', '{"*": .1}', 'chris', SYSDATE);
  INSERT INTO OFFER_PRODUCT_OFFERING (OFFER_ID, PRODUCT_OFFERING_ID, created_by, create_date) VALUES (OFR_ID_SEQ.CURRVAL, PO_ID_SEQ.CURRVAL, 'chris', SYSDATE);
  INSERT INTO DISCOUNT (ID, NAME, DESCRIPTION, FIXED_AMOUNT, PERCENT_AMOUNT, DISCOUNT_TYPE_ID, created_by, create_date) VALUES (DSC_ID_SEQ.NEXTVAL, 'Auto Discount', 'Automatically generated to target price 0.0 given base price 0.58', NULL, '0.0', 1, 'chris', SYSDATE);
  INSERT INTO DISCOUNT_PRODUCT_OFFERING (DISCOUNT_ID, PRODUCT_OFFERING_ID, created_by, create_date) VALUES (DSC_ID_SEQ.CURRVAL, PO_ID_SEQ.CURRVAL, 'chris', SYSDATE);
  BEGIN
    SELECT ID INTO CUR_PRD_ID FROM PRODUCT WHERE NAME = 'Smartphone' AND PRODUCT_STATUS_ID = 1 AND ROWNUM <= 1;
  EXCEPTION
    WHEN NO_DATA_FOUND THEN
      INSERT INTO PRODUCT (ID, NAME, PRODUCTION_COST, PRODUCT_STATUS_ID, PRODUCT_URI, UNIT_PRICE, created_by, create_date) VALUES (PRD_ID_SEQ.NEXTVAL, 'Smartphone', '0', 1, NULL, '0.25', 'chris', SYSDATE);
      SELECT ID INTO CUR_PRD_ID FROM PRODUCT WHERE NAME = 'Smartphone' AND PRODUCT_STATUS_ID = 1 AND ROWNUM <= 1;
    WHEN OTHERS THEN
      RAISE;
  END;
  INSERT INTO PRODUCT_OFFERING (ID, PRODUCT_ID, TAX_POLICY_TYPE_ID, QUANTITY, UNIT_PRICE, TAX_CATEGORY_ID, created_by, create_date) VALUES (PO_ID_SEQ.NEXTVAL, CUR_PRD_ID, 1, '1.0', '0.25', '2', 'chris', SYSDATE);
  INSERT INTO PRODUCT_OFFERING_META_DATA (ID, PRODUCT_OFFERING_ID, NAME, VALUE, created_by, create_date) VALUES (PROMD_ID_SEQ.NEXTVAL, PO_ID_SEQ.CURRVAL, 'entitlement_uri', 'http://:hostname:/svc/user/entitlements/msd/:id:.json', 'chris', SYSDATE);
  INSERT INTO PRODUCT_OFFERING_META_DATA (ID, PRODUCT_OFFERING_ID, NAME, VALUE, created_by, create_date) VALUES (PROMD_ID_SEQ.NEXTVAL, PO_ID_SEQ.CURRVAL, 'DEFAULT_VAT_RATE', '{"*": .1}', 'chris', SYSDATE);
  INSERT INTO OFFER_PRODUCT_OFFERING (OFFER_ID, PRODUCT_OFFERING_ID, created_by, create_date) VALUES (OFR_ID_SEQ.CURRVAL, PO_ID_SEQ.CURRVAL, 'chris', SYSDATE);
  INSERT INTO DISCOUNT (ID, NAME, DESCRIPTION, FIXED_AMOUNT, PERCENT_AMOUNT, DISCOUNT_TYPE_ID, created_by, create_date) VALUES (DSC_ID_SEQ.NEXTVAL, 'Auto Discount', 'Automatically generated to target price 0.0 given base price 0.58', NULL, '0.0', 1, 'chris', SYSDATE);
  INSERT INTO DISCOUNT_PRODUCT_OFFERING (DISCOUNT_ID, PRODUCT_OFFERING_ID, created_by, create_date) VALUES (DSC_ID_SEQ.CURRVAL, PO_ID_SEQ.CURRVAL, 'chris', SYSDATE);
  INSERT INTO OFFER_OFFER_CHAIN (OFFER_ID, OFFER_CHAIN_ID, INDEX_VALUE, NUM_RECURRENCES, created_by, create_date, updated_by, update_date) VALUES (OFR_ID_SEQ.CURRVAL, 470052, '0', '3.0', 'chris', SYSDATE, 'chris', SYSDATE);
  INSERT INTO OFFER (ID, OFFER_STATUS_ID, ENTITLEMENT_DURATION, created_by, create_date, updated_by, update_date) VALUES (OFR_ID_SEQ.NEXTVAL, 1, 'P0Y0M28.0DT0H0M', 'chris', SYSDATE, 'chris', SYSDATE);
  BEGIN
    SELECT ID INTO CUR_PRD_ID FROM PRODUCT WHERE NAME = 'Web' AND PRODUCT_STATUS_ID = 1 AND ROWNUM <= 1;
  EXCEPTION
    WHEN NO_DATA_FOUND THEN
      INSERT INTO PRODUCT (ID, NAME, PRODUCTION_COST, PRODUCT_STATUS_ID, PRODUCT_URI, UNIT_PRICE, created_by, create_date) VALUES (PRD_ID_SEQ.NEXTVAL, 'Web', '0', 1, NULL, '0.33', 'chris', SYSDATE);
      SELECT ID INTO CUR_PRD_ID FROM PRODUCT WHERE NAME = 'Web' AND PRODUCT_STATUS_ID = 1 AND ROWNUM <= 1;
    WHEN OTHERS THEN
      RAISE;
  END;
  INSERT INTO PRODUCT_OFFERING (ID, PRODUCT_ID, TAX_POLICY_TYPE_ID, QUANTITY, UNIT_PRICE, TAX_CATEGORY_ID, created_by, create_date) VALUES (PO_ID_SEQ.NEXTVAL, CUR_PRD_ID, 1, '28.0', '0.33', '2', 'chris', SYSDATE);
  INSERT INTO PRODUCT_OFFERING_META_DATA (ID, PRODUCT_OFFERING_ID, NAME, VALUE, created_by, create_date) VALUES (PROMD_ID_SEQ.NEXTVAL, PO_ID_SEQ.CURRVAL, 'entitlement_uri', 'http://:hostname:/svc/user/entitlements/mm/:id:.json', 'chris', SYSDATE);
  INSERT INTO PRODUCT_OFFERING_META_DATA (ID, PRODUCT_OFFERING_ID, NAME, VALUE, created_by, create_date) VALUES (PROMD_ID_SEQ.NEXTVAL, PO_ID_SEQ.CURRVAL, 'DEFAULT_VAT_RATE', '{"*": .1}', 'chris', SYSDATE);
  INSERT INTO PRODUCT_OFFERING_META_DATA (ID, PRODUCT_OFFERING_ID, NAME, VALUE, created_by, create_date) VALUES (PROMD_ID_SEQ.NEXTVAL, PO_ID_SEQ.CURRVAL, 'CAPABILITY', 'WEB', 'chris', SYSDATE);
  INSERT INTO OFFER_PRODUCT_OFFERING (OFFER_ID, PRODUCT_OFFERING_ID, created_by, create_date) VALUES (OFR_ID_SEQ.CURRVAL, PO_ID_SEQ.CURRVAL, 'chris', SYSDATE);
  INSERT INTO DISCOUNT (ID, NAME, DESCRIPTION, FIXED_AMOUNT, PERCENT_AMOUNT, DISCOUNT_TYPE_ID, created_by, create_date) VALUES (DSC_ID_SEQ.NEXTVAL, 'Auto Discount', 'Automatically generated to target price 20.0 given base price 16.24', NULL, '123.15270936', 1, 'chris', SYSDATE);
  INSERT INTO DISCOUNT_PRODUCT_OFFERING (DISCOUNT_ID, PRODUCT_OFFERING_ID, created_by, create_date) VALUES (DSC_ID_SEQ.CURRVAL, PO_ID_SEQ.CURRVAL, 'chris', SYSDATE);
  BEGIN
    SELECT ID INTO CUR_PRD_ID FROM PRODUCT WHERE NAME = 'Mobile' AND PRODUCT_STATUS_ID = 1 AND ROWNUM <= 1;
  EXCEPTION
    WHEN NO_DATA_FOUND THEN
      INSERT INTO PRODUCT (ID, NAME, PRODUCTION_COST, PRODUCT_STATUS_ID, PRODUCT_URI, UNIT_PRICE, created_by, create_date) VALUES (PRD_ID_SEQ.NEXTVAL, 'Mobile', '0', 1, NULL, '0', 'chris', SYSDATE);
      SELECT ID INTO CUR_PRD_ID FROM PRODUCT WHERE NAME = 'Mobile' AND PRODUCT_STATUS_ID = 1 AND ROWNUM <= 1;
    WHEN OTHERS THEN
      RAISE;
  END;
  INSERT INTO PRODUCT_OFFERING (ID, PRODUCT_ID, TAX_POLICY_TYPE_ID, QUANTITY, UNIT_PRICE, TAX_CATEGORY_ID, created_by, create_date) VALUES (PO_ID_SEQ.NEXTVAL, CUR_PRD_ID, 1, '28.0', '0', '2', 'chris', SYSDATE);
  INSERT INTO PRODUCT_OFFERING_META_DATA (ID, PRODUCT_OFFERING_ID, NAME, VALUE, created_by, create_date) VALUES (PROMD_ID_SEQ.NEXTVAL, PO_ID_SEQ.CURRVAL, 'entitlement_uri', 'http://:hostname:/svc/user/entitlements/mow/:id:.json', 'chris', SYSDATE);
  INSERT INTO PRODUCT_OFFERING_META_DATA (ID, PRODUCT_OFFERING_ID, NAME, VALUE, created_by, create_date) VALUES (PROMD_ID_SEQ.NEXTVAL, PO_ID_SEQ.CURRVAL, 'DEFAULT_VAT_RATE', '{"*": .1}', 'chris', SYSDATE);
  INSERT INTO OFFER_PRODUCT_OFFERING (OFFER_ID, PRODUCT_OFFERING_ID, created_by, create_date) VALUES (OFR_ID_SEQ.CURRVAL, PO_ID_SEQ.CURRVAL, 'chris', SYSDATE);
  INSERT INTO DISCOUNT (ID, NAME, DESCRIPTION, FIXED_AMOUNT, PERCENT_AMOUNT, DISCOUNT_TYPE_ID, created_by, create_date) VALUES (DSC_ID_SEQ.NEXTVAL, 'Auto Discount', 'Automatically generated to target price 20.0 given base price 16.24', NULL, '123.15270936', 1, 'chris', SYSDATE);
  INSERT INTO DISCOUNT_PRODUCT_OFFERING (DISCOUNT_ID, PRODUCT_OFFERING_ID, created_by, create_date) VALUES (DSC_ID_SEQ.CURRVAL, PO_ID_SEQ.CURRVAL, 'chris', SYSDATE);
  BEGIN
    SELECT ID INTO CUR_PRD_ID FROM PRODUCT WHERE NAME = 'Archive Article' AND PRODUCT_STATUS_ID = 1 AND ROWNUM <= 1;
  EXCEPTION
    WHEN NO_DATA_FOUND THEN
      INSERT INTO PRODUCT (ID, NAME, PRODUCTION_COST, PRODUCT_STATUS_ID, PRODUCT_URI, UNIT_PRICE, created_by, create_date) VALUES (PRD_ID_SEQ.NEXTVAL, 'Archive Article', '0', 1, NULL, '0', 'chris', SYSDATE);
      SELECT ID INTO CUR_PRD_ID FROM PRODUCT WHERE NAME = 'Archive Article' AND PRODUCT_STATUS_ID = 1 AND ROWNUM <= 1;
    WHEN OTHERS THEN
      RAISE;
  END;
  INSERT INTO PRODUCT_OFFERING (ID, PRODUCT_ID, TAX_POLICY_TYPE_ID, QUANTITY, UNIT_PRICE, TAX_CATEGORY_ID, created_by, create_date) VALUES (PO_ID_SEQ.NEXTVAL, CUR_PRD_ID, 1, '100', '0', '2', 'chris', SYSDATE);
  INSERT INTO PRODUCT_OFFERING_META_DATA (ID, PRODUCT_OFFERING_ID, NAME, VALUE, created_by, create_date) VALUES (PROMD_ID_SEQ.NEXTVAL, PO_ID_SEQ.CURRVAL, 'entitlement_uri', 'http://:hostname:/svc/user/entitlements/archive/size/100/:id:.json', 'chris', SYSDATE);
  INSERT INTO PRODUCT_OFFERING_META_DATA (ID, PRODUCT_OFFERING_ID, NAME, VALUE, created_by, create_date) VALUES (PROMD_ID_SEQ.NEXTVAL, PO_ID_SEQ.CURRVAL, 'capability', 'AAA', 'chris', SYSDATE);
  INSERT INTO PRODUCT_OFFERING_META_DATA (ID, PRODUCT_OFFERING_ID, NAME, VALUE, created_by, create_date) VALUES (PROMD_ID_SEQ.NEXTVAL, PO_ID_SEQ.CURRVAL, 'DEFAULT_VAT_RATE', '{"*": .1}', 'chris', SYSDATE);
  INSERT INTO OFFER_PRODUCT_OFFERING (OFFER_ID, PRODUCT_OFFERING_ID, created_by, create_date) VALUES (OFR_ID_SEQ.CURRVAL, PO_ID_SEQ.CURRVAL, 'chris', SYSDATE);
  INSERT INTO DISCOUNT (ID, NAME, DESCRIPTION, FIXED_AMOUNT, PERCENT_AMOUNT, DISCOUNT_TYPE_ID, created_by, create_date) VALUES (DSC_ID_SEQ.NEXTVAL, 'Auto Discount', 'Automatically generated to target price 20.0 given base price 16.24', NULL, '123.15270936', 1, 'chris', SYSDATE);
  INSERT INTO DISCOUNT_PRODUCT_OFFERING (DISCOUNT_ID, PRODUCT_OFFERING_ID, created_by, create_date) VALUES (DSC_ID_SEQ.CURRVAL, PO_ID_SEQ.CURRVAL, 'chris', SYSDATE);
  BEGIN
    SELECT ID INTO CUR_PRD_ID FROM PRODUCT WHERE NAME = 'TimesMachine' AND PRODUCT_STATUS_ID = 1 AND ROWNUM <= 1;
  EXCEPTION
    WHEN NO_DATA_FOUND THEN
      INSERT INTO PRODUCT (ID, NAME, PRODUCTION_COST, PRODUCT_STATUS_ID, PRODUCT_URI, UNIT_PRICE, created_by, create_date) VALUES (PRD_ID_SEQ.NEXTVAL, 'TimesMachine', '0', 1, NULL, '0', 'chris', SYSDATE);
      SELECT ID INTO CUR_PRD_ID FROM PRODUCT WHERE NAME = 'TimesMachine' AND PRODUCT_STATUS_ID = 1 AND ROWNUM <= 1;
    WHEN OTHERS THEN
      RAISE;
  END;
  INSERT INTO PRODUCT_OFFERING (ID, PRODUCT_ID, TAX_POLICY_TYPE_ID, QUANTITY, UNIT_PRICE, TAX_CATEGORY_ID, created_by, create_date) VALUES (PO_ID_SEQ.NEXTVAL, CUR_PRD_ID, 1, '100', '0', '2', 'chris', SYSDATE);
  INSERT INTO PRODUCT_OFFERING_META_DATA (ID, PRODUCT_OFFERING_ID, NAME, VALUE, created_by, create_date) VALUES (PROMD_ID_SEQ.NEXTVAL, PO_ID_SEQ.CURRVAL, 'entitlement_uri', 'http://:hostname:/svc/user/entitlements/mm/:id:.json', 'chris', SYSDATE);
  INSERT INTO PRODUCT_OFFERING_META_DATA (ID, PRODUCT_OFFERING_ID, NAME, VALUE, created_by, create_date) VALUES (PROMD_ID_SEQ.NEXTVAL, PO_ID_SEQ.CURRVAL, 'DEFAULT_VAT_RATE', '{"*": .1}', 'chris', SYSDATE);
  INSERT INTO OFFER_PRODUCT_OFFERING (OFFER_ID, PRODUCT_OFFERING_ID, created_by, create_date) VALUES (OFR_ID_SEQ.CURRVAL, PO_ID_SEQ.CURRVAL, 'chris', SYSDATE);
  INSERT INTO DISCOUNT (ID, NAME, DESCRIPTION, FIXED_AMOUNT, PERCENT_AMOUNT, DISCOUNT_TYPE_ID, created_by, create_date) VALUES (DSC_ID_SEQ.NEXTVAL, 'Auto Discount', 'Automatically generated to target price 20.0 given base price 16.24', NULL, '123.15270936', 1, 'chris', SYSDATE);
  INSERT INTO DISCOUNT_PRODUCT_OFFERING (DISCOUNT_ID, PRODUCT_OFFERING_ID, created_by, create_date) VALUES (DSC_ID_SEQ.CURRVAL, PO_ID_SEQ.CURRVAL, 'chris', SYSDATE);
  BEGIN
    SELECT ID INTO CUR_PRD_ID FROM PRODUCT WHERE NAME = 'Smartphone' AND PRODUCT_STATUS_ID = 1 AND ROWNUM <= 1;
  EXCEPTION
    WHEN NO_DATA_FOUND THEN
      INSERT INTO PRODUCT (ID, NAME, PRODUCTION_COST, PRODUCT_STATUS_ID, PRODUCT_URI, UNIT_PRICE, created_by, create_date) VALUES (PRD_ID_SEQ.NEXTVAL, 'Smartphone', '0', 1, NULL, '0.25', 'chris', SYSDATE);
      SELECT ID INTO CUR_PRD_ID FROM PRODUCT WHERE NAME = 'Smartphone' AND PRODUCT_STATUS_ID = 1 AND ROWNUM <= 1;
    WHEN OTHERS THEN
      RAISE;
  END;
  INSERT INTO PRODUCT_OFFERING (ID, PRODUCT_ID, TAX_POLICY_TYPE_ID, QUANTITY, UNIT_PRICE, TAX_CATEGORY_ID, created_by, create_date) VALUES (PO_ID_SEQ.NEXTVAL, CUR_PRD_ID, 1, '28.0', '0.25', '2', 'chris', SYSDATE);
  INSERT INTO PRODUCT_OFFERING_META_DATA (ID, PRODUCT_OFFERING_ID, NAME, VALUE, created_by, create_date) VALUES (PROMD_ID_SEQ.NEXTVAL, PO_ID_SEQ.CURRVAL, 'entitlement_uri', 'http://:hostname:/svc/user/entitlements/msd/:id:.json', 'chris', SYSDATE);
  INSERT INTO PRODUCT_OFFERING_META_DATA (ID, PRODUCT_OFFERING_ID, NAME, VALUE, created_by, create_date) VALUES (PROMD_ID_SEQ.NEXTVAL, PO_ID_SEQ.CURRVAL, 'DEFAULT_VAT_RATE', '{"*": .1}', 'chris', SYSDATE);
  INSERT INTO OFFER_PRODUCT_OFFERING (OFFER_ID, PRODUCT_OFFERING_ID, created_by, create_date) VALUES (OFR_ID_SEQ.CURRVAL, PO_ID_SEQ.CURRVAL, 'chris', SYSDATE);
  INSERT INTO DISCOUNT (ID, NAME, DESCRIPTION, FIXED_AMOUNT, PERCENT_AMOUNT, DISCOUNT_TYPE_ID, created_by, create_date) VALUES (DSC_ID_SEQ.NEXTVAL, 'Auto Discount', 'Automatically generated to target price 20.0 given base price 16.24', NULL, '123.15270936', 1, 'chris', SYSDATE);
  INSERT INTO DISCOUNT_PRODUCT_OFFERING (DISCOUNT_ID, PRODUCT_OFFERING_ID, created_by, create_date) VALUES (DSC_ID_SEQ.CURRVAL, PO_ID_SEQ.CURRVAL, 'chris', SYSDATE);
  INSERT INTO OFFER_OFFER_CHAIN (OFFER_ID, OFFER_CHAIN_ID, INDEX_VALUE, NUM_RECURRENCES, created_by, create_date, updated_by, update_date) VALUES (OFR_ID_SEQ.CURRVAL, 470052, '1', '-1', 'chris', SYSDATE, 'chris', SYSDATE);
  INSERT INTO OFFER_CHAIN (ID, NAME, DESCRIPTION, ADOPTABILITY_WINDOW_START_DATE, ADOPTABILITY_WINDOW_END_DATE, IS_GIFT_CERTIFICATE, PRODUCT_URI, OFFER_CHAIN_STATUS_ID, created_by, create_date, updated_by, update_date) VALUES (440461, 'NYTimes: Web+Smartphone', 'Unlimited access to The New York Times on the web, and access to the full apps on your iPhone, Blackberry or Android-powered phone.', '01-Jan-2011', '01-Jan-2999', NULL, NULL, 1, 'chris', SYSDATE, 'chris', SYSDATE);
  INSERT INTO OFFER_CHAIN_ELIGIBILITY (ID, OFFER_CHAIN_ID, NAME, VALUE, created_by, create_date) VALUES (ELG_ID_SEQ.NEXTVAL, 440461, 'IS_COMP', '0', 'chris', SYSDATE);
  INSERT INTO OFFER_CHAIN_ELIGIBILITY (ID, OFFER_CHAIN_ID, NAME, VALUE, created_by, create_date) VALUES (ELG_ID_SEQ.NEXTVAL, 440461, 'MAX_CONCURRENT_SUBS', '1', 'chris', SYSDATE);
  INSERT INTO OFFER_CHAIN_META_DATA (ID, OFFER_CHAIN_ID, NAME, VALUE, created_by, create_date) VALUES (OCMD_ID_SEQ.NEXTVAL, 440461, 'IS_COMP', '0', 'chris', SYSDATE);
  INSERT INTO OFFER_CHAIN_META_DATA (ID, OFFER_CHAIN_ID, NAME, VALUE, created_by, create_date) VALUES (OCMD_ID_SEQ.NEXTVAL, 440461, 'PRICE_DESCRIPTION', '$0.99 Offer First 3 Days: $0.99/day Thereafter: US = $20.00 every 4 weeks, International = $22.00 every 4 weeks', 'chris', SYSDATE);
  INSERT INTO OFFER_CHAIN_META_DATA (ID, OFFER_CHAIN_ID, NAME, VALUE, created_by, create_date) VALUES (OCMD_ID_SEQ.NEXTVAL, 440461, 'OFFER_TYPE', '$0.99 for first 3 days', 'chris', SYSDATE);
  INSERT INTO OFFER_CHAIN_META_DATA (ID, OFFER_CHAIN_ID, NAME, VALUE, created_by, create_date) VALUES (OCMD_ID_SEQ.NEXTVAL, 440461, 'PRODUCT_MARKETING_IMAGE', ' ', 'chris', SYSDATE);
  INSERT INTO OFFER_CHAIN_META_DATA (ID, OFFER_CHAIN_ID, NAME, VALUE, created_by, create_date) VALUES (OCMD_ID_SEQ.NEXTVAL, 440461, 'PRODUCT_MARKETING_DESCRIPTOR', ' ', 'chris', SYSDATE);
  INSERT INTO OFFER_CHAIN_META_DATA (ID, OFFER_CHAIN_ID, NAME, VALUE, created_by, create_date) VALUES (OCMD_ID_SEQ.NEXTVAL, 440461, 'OFFER_PRICE_DESCRIPTOR', 'LIMITED TIME OFFER', 'chris', SYSDATE);
  INSERT INTO OFFER_CHAIN_META_DATA (ID, OFFER_CHAIN_ID, NAME, VALUE, created_by, create_date) VALUES (OCMD_ID_SEQ.NEXTVAL, 440461, 'OFFER_PRICE', 'Only $0.99 for the first 3 days', 'chris', SYSDATE);
  INSERT INTO OFFER_CHAIN_META_DATA (ID, OFFER_CHAIN_ID, NAME, VALUE, created_by, create_date) VALUES (OCMD_ID_SEQ.NEXTVAL, 440461, 'OFFER_PRICE_DETAIL', '($5.00 / week thereafter)', 'chris', SYSDATE);
  INSERT INTO OFFER_CHAIN_META_DATA (ID, OFFER_CHAIN_ID, NAME, VALUE, created_by, create_date) VALUES (OCMD_ID_SEQ.NEXTVAL, 440461, 'OFFER_PRICE_DESCRIPTOR_INTERNATIONAL', 'LIMITED TIME OFFER', 'chris', SYSDATE);
  INSERT INTO OFFER_CHAIN_META_DATA (ID, OFFER_CHAIN_ID, NAME, VALUE, created_by, create_date) VALUES (OCMD_ID_SEQ.NEXTVAL, 440461, 'OFFER_PRICE_INTERNATIONAL', 'Only $0.99 for the first 3 days', 'chris', SYSDATE);
  INSERT INTO OFFER_CHAIN_META_DATA (ID, OFFER_CHAIN_ID, NAME, VALUE, created_by, create_date) VALUES (OCMD_ID_SEQ.NEXTVAL, 440461, 'OFFER_PRICE_DETAIL_INTERNATIONAL', '($5.50 / week thereafter)', 'chris', SYSDATE);
  INSERT INTO OFFER_CHAIN_META_DATA (ID, OFFER_CHAIN_ID, NAME, VALUE, created_by, create_date) VALUES (OCMD_ID_SEQ.NEXTVAL, 440461, 'PROMO_PRICE_FOOTER_LABEL', 'First 3 days', 'chris', SYSDATE);
  INSERT INTO OFFER_CHAIN_META_DATA (ID, OFFER_CHAIN_ID, NAME, VALUE, created_by, create_date) VALUES (OCMD_ID_SEQ.NEXTVAL, 440461, 'ACTUAL_PRICE_FOOTER_LABEL', 'Thereafter', 'chris', SYSDATE);
  INSERT INTO OFFER_CHAIN_META_DATA (ID, OFFER_CHAIN_ID, NAME, VALUE, created_by, create_date) VALUES (OCMD_ID_SEQ.NEXTVAL, 440461, 'BILLING_CYCLE', 'every 1 day for 3 days, then every 4 weeks', 'chris', SYSDATE);
  INSERT INTO OFFER_CHAIN_META_DATA (ID, OFFER_CHAIN_ID, NAME, VALUE, created_by, create_date) VALUES (OCMD_ID_SEQ.NEXTVAL, 440461, 'SUBSCRIBER_TYPE', 'Regular', 'chris', SYSDATE);
  INSERT INTO OFFER_CHAIN_META_DATA (ID, OFFER_CHAIN_ID, NAME, VALUE, created_by, create_date) VALUES (OCMD_ID_SEQ.NEXTVAL, 440461, 'REFUND_POLICY', 'Monthly Billing: No refund.  Users will maintain access for the remainder of the billing period.  Users will not be billed in the next billing cycle.', 'chris', SYSDATE);
  INSERT INTO OFFER_CHAIN_META_DATA (ID, OFFER_CHAIN_ID, NAME, VALUE, created_by, create_date) VALUES (OCMD_ID_SEQ.NEXTVAL, 440461, 'ADX_BUNDLE', 'TBD', 'chris', SYSDATE);
  INSERT INTO OFFER_CHAIN_META_DATA (ID, OFFER_CHAIN_ID, NAME, VALUE, created_by, create_date) VALUES (OCMD_ID_SEQ.NEXTVAL, 440461, 'CIS_PRD_ID', ' ', 'chris', SYSDATE);
  INSERT INTO OFFER_CHAIN_META_DATA (ID, OFFER_CHAIN_ID, NAME, VALUE, created_by, create_date) VALUES (OCMD_ID_SEQ.NEXTVAL, 440461, 'SIEBEL_CAMPAIGN_CODE', ' ', 'chris', SYSDATE);
  INSERT INTO OFFER_CHAIN_META_DATA (ID, OFFER_CHAIN_ID, NAME, VALUE, created_by, create_date) VALUES (OCMD_ID_SEQ.NEXTVAL, 440461, 'ANNUAL_PRICE', '260.0', 'chris', SYSDATE);
  INSERT INTO OFFER_CHAIN_META_DATA (ID, OFFER_CHAIN_ID, NAME, VALUE, created_by, create_date) VALUES (OCMD_ID_SEQ.NEXTVAL, 440461, 'UID', 'e456a09f7015a44ed66ec9645c0f5b0d17f7e058e795781a092fb358975bd3b1', 'chris', SYSDATE);
  INSERT INTO OFFER (ID, OFFER_STATUS_ID, ENTITLEMENT_DURATION, created_by, create_date, updated_by, update_date) VALUES (OFR_ID_SEQ.NEXTVAL, 1, 'P0Y0M1.0DT0H0M', 'chris', SYSDATE, 'chris', SYSDATE);
  BEGIN
    SELECT ID INTO CUR_PRD_ID FROM PRODUCT WHERE NAME = 'Web' AND PRODUCT_STATUS_ID = 1 AND ROWNUM <= 1;
  EXCEPTION
    WHEN NO_DATA_FOUND THEN
      INSERT INTO PRODUCT (ID, NAME, PRODUCTION_COST, PRODUCT_STATUS_ID, PRODUCT_URI, UNIT_PRICE, created_by, create_date) VALUES (PRD_ID_SEQ.NEXTVAL, 'Web', '0', 1, NULL, '0.33', 'chris', SYSDATE);
      SELECT ID INTO CUR_PRD_ID FROM PRODUCT WHERE NAME = 'Web' AND PRODUCT_STATUS_ID = 1 AND ROWNUM <= 1;
    WHEN OTHERS THEN
      RAISE;
  END;
  INSERT INTO PRODUCT_OFFERING (ID, PRODUCT_ID, TAX_POLICY_TYPE_ID, QUANTITY, UNIT_PRICE, TAX_CATEGORY_ID, created_by, create_date) VALUES (PO_ID_SEQ.NEXTVAL, CUR_PRD_ID, 1, '1.0', '0.33', '2', 'chris', SYSDATE);
  INSERT INTO PRODUCT_OFFERING_META_DATA (ID, PRODUCT_OFFERING_ID, NAME, VALUE, created_by, create_date) VALUES (PROMD_ID_SEQ.NEXTVAL, PO_ID_SEQ.CURRVAL, 'entitlement_uri', 'http://:hostname:/svc/user/entitlements/mm/:id:.json', 'chris', SYSDATE);
  INSERT INTO PRODUCT_OFFERING_META_DATA (ID, PRODUCT_OFFERING_ID, NAME, VALUE, created_by, create_date) VALUES (PROMD_ID_SEQ.NEXTVAL, PO_ID_SEQ.CURRVAL, 'DEFAULT_VAT_RATE', '{"*": .1}', 'chris', SYSDATE);
  INSERT INTO PRODUCT_OFFERING_META_DATA (ID, PRODUCT_OFFERING_ID, NAME, VALUE, created_by, create_date) VALUES (PROMD_ID_SEQ.NEXTVAL, PO_ID_SEQ.CURRVAL, 'CAPABILITY', 'WEB', 'chris', SYSDATE);
  INSERT INTO OFFER_PRODUCT_OFFERING (OFFER_ID, PRODUCT_OFFERING_ID, created_by, create_date) VALUES (OFR_ID_SEQ.CURRVAL, PO_ID_SEQ.CURRVAL, 'chris', SYSDATE);
  INSERT INTO DISCOUNT (ID, NAME, DESCRIPTION, FIXED_AMOUNT, PERCENT_AMOUNT, DISCOUNT_TYPE_ID, created_by, create_date) VALUES (DSC_ID_SEQ.NEXTVAL, 'Auto Discount', 'Automatically generated to target price 0.99 given base price 0.58', NULL, '170.689655172', 1, 'chris', SYSDATE);
  INSERT INTO DISCOUNT_PRODUCT_OFFERING (DISCOUNT_ID, PRODUCT_OFFERING_ID, created_by, create_date) VALUES (DSC_ID_SEQ.CURRVAL, PO_ID_SEQ.CURRVAL, 'chris', SYSDATE);
  BEGIN
    SELECT ID INTO CUR_PRD_ID FROM PRODUCT WHERE NAME = 'Mobile' AND PRODUCT_STATUS_ID = 1 AND ROWNUM <= 1;
  EXCEPTION
    WHEN NO_DATA_FOUND THEN
      INSERT INTO PRODUCT (ID, NAME, PRODUCTION_COST, PRODUCT_STATUS_ID, PRODUCT_URI, UNIT_PRICE, created_by, create_date) VALUES (PRD_ID_SEQ.NEXTVAL, 'Mobile', '0', 1, NULL, '0', 'chris', SYSDATE);
      SELECT ID INTO CUR_PRD_ID FROM PRODUCT WHERE NAME = 'Mobile' AND PRODUCT_STATUS_ID = 1 AND ROWNUM <= 1;
    WHEN OTHERS THEN
      RAISE;
  END;
  INSERT INTO PRODUCT_OFFERING (ID, PRODUCT_ID, TAX_POLICY_TYPE_ID, QUANTITY, UNIT_PRICE, TAX_CATEGORY_ID, created_by, create_date) VALUES (PO_ID_SEQ.NEXTVAL, CUR_PRD_ID, 1, '1.0', '0', '2', 'chris', SYSDATE);
  INSERT INTO PRODUCT_OFFERING_META_DATA (ID, PRODUCT_OFFERING_ID, NAME, VALUE, created_by, create_date) VALUES (PROMD_ID_SEQ.NEXTVAL, PO_ID_SEQ.CURRVAL, 'entitlement_uri', 'http://:hostname:/svc/user/entitlements/mow/:id:.json', 'chris', SYSDATE);
  INSERT INTO PRODUCT_OFFERING_META_DATA (ID, PRODUCT_OFFERING_ID, NAME, VALUE, created_by, create_date) VALUES (PROMD_ID_SEQ.NEXTVAL, PO_ID_SEQ.CURRVAL, 'DEFAULT_VAT_RATE', '{"*": .1}', 'chris', SYSDATE);
  INSERT INTO OFFER_PRODUCT_OFFERING (OFFER_ID, PRODUCT_OFFERING_ID, created_by, create_date) VALUES (OFR_ID_SEQ.CURRVAL, PO_ID_SEQ.CURRVAL, 'chris', SYSDATE);
  INSERT INTO DISCOUNT (ID, NAME, DESCRIPTION, FIXED_AMOUNT, PERCENT_AMOUNT, DISCOUNT_TYPE_ID, created_by, create_date) VALUES (DSC_ID_SEQ.NEXTVAL, 'Auto Discount', 'Automatically generated to target price 0.99 given base price 0.58', NULL, '170.689655172', 1, 'chris', SYSDATE);
  INSERT INTO DISCOUNT_PRODUCT_OFFERING (DISCOUNT_ID, PRODUCT_OFFERING_ID, created_by, create_date) VALUES (DSC_ID_SEQ.CURRVAL, PO_ID_SEQ.CURRVAL, 'chris', SYSDATE);
  BEGIN
    SELECT ID INTO CUR_PRD_ID FROM PRODUCT WHERE NAME = 'Archive Article' AND PRODUCT_STATUS_ID = 1 AND ROWNUM <= 1;
  EXCEPTION
    WHEN NO_DATA_FOUND THEN
      INSERT INTO PRODUCT (ID, NAME, PRODUCTION_COST, PRODUCT_STATUS_ID, PRODUCT_URI, UNIT_PRICE, created_by, create_date) VALUES (PRD_ID_SEQ.NEXTVAL, 'Archive Article', '0', 1, NULL, '0', 'chris', SYSDATE);
      SELECT ID INTO CUR_PRD_ID FROM PRODUCT WHERE NAME = 'Archive Article' AND PRODUCT_STATUS_ID = 1 AND ROWNUM <= 1;
    WHEN OTHERS THEN
      RAISE;
  END;
  INSERT INTO PRODUCT_OFFERING (ID, PRODUCT_ID, TAX_POLICY_TYPE_ID, QUANTITY, UNIT_PRICE, TAX_CATEGORY_ID, created_by, create_date) VALUES (PO_ID_SEQ.NEXTVAL, CUR_PRD_ID, 1, '100', '0', '2', 'chris', SYSDATE);
  INSERT INTO PRODUCT_OFFERING_META_DATA (ID, PRODUCT_OFFERING_ID, NAME, VALUE, created_by, create_date) VALUES (PROMD_ID_SEQ.NEXTVAL, PO_ID_SEQ.CURRVAL, 'entitlement_uri', 'http://:hostname:/svc/user/entitlements/archive/size/100/:id:.json', 'chris', SYSDATE);
  INSERT INTO PRODUCT_OFFERING_META_DATA (ID, PRODUCT_OFFERING_ID, NAME, VALUE, created_by, create_date) VALUES (PROMD_ID_SEQ.NEXTVAL, PO_ID_SEQ.CURRVAL, 'capability', 'AAA', 'chris', SYSDATE);
  INSERT INTO PRODUCT_OFFERING_META_DATA (ID, PRODUCT_OFFERING_ID, NAME, VALUE, created_by, create_date) VALUES (PROMD_ID_SEQ.NEXTVAL, PO_ID_SEQ.CURRVAL, 'DEFAULT_VAT_RATE', '{"*": .1}', 'chris', SYSDATE);
  INSERT INTO OFFER_PRODUCT_OFFERING (OFFER_ID, PRODUCT_OFFERING_ID, created_by, create_date) VALUES (OFR_ID_SEQ.CURRVAL, PO_ID_SEQ.CURRVAL, 'chris', SYSDATE);
  INSERT INTO DISCOUNT (ID, NAME, DESCRIPTION, FIXED_AMOUNT, PERCENT_AMOUNT, DISCOUNT_TYPE_ID, created_by, create_date) VALUES (DSC_ID_SEQ.NEXTVAL, 'Auto Discount', 'Automatically generated to target price 0.99 given base price 0.58', NULL, '170.689655172', 1, 'chris', SYSDATE);
  INSERT INTO DISCOUNT_PRODUCT_OFFERING (DISCOUNT_ID, PRODUCT_OFFERING_ID, created_by, create_date) VALUES (DSC_ID_SEQ.CURRVAL, PO_ID_SEQ.CURRVAL, 'chris', SYSDATE);
  BEGIN
    SELECT ID INTO CUR_PRD_ID FROM PRODUCT WHERE NAME = 'TimesMachine' AND PRODUCT_STATUS_ID = 1 AND ROWNUM <= 1;
  EXCEPTION
    WHEN NO_DATA_FOUND THEN
      INSERT INTO PRODUCT (ID, NAME, PRODUCTION_COST, PRODUCT_STATUS_ID, PRODUCT_URI, UNIT_PRICE, created_by, create_date) VALUES (PRD_ID_SEQ.NEXTVAL, 'TimesMachine', '0', 1, NULL, '0', 'chris', SYSDATE);
      SELECT ID INTO CUR_PRD_ID FROM PRODUCT WHERE NAME = 'TimesMachine' AND PRODUCT_STATUS_ID = 1 AND ROWNUM <= 1;
    WHEN OTHERS THEN
      RAISE;
  END;
  INSERT INTO PRODUCT_OFFERING (ID, PRODUCT_ID, TAX_POLICY_TYPE_ID, QUANTITY, UNIT_PRICE, TAX_CATEGORY_ID, created_by, create_date) VALUES (PO_ID_SEQ.NEXTVAL, CUR_PRD_ID, 1, '100', '0', '2', 'chris', SYSDATE);
  INSERT INTO PRODUCT_OFFERING_META_DATA (ID, PRODUCT_OFFERING_ID, NAME, VALUE, created_by, create_date) VALUES (PROMD_ID_SEQ.NEXTVAL, PO_ID_SEQ.CURRVAL, 'entitlement_uri', 'http://:hostname:/svc/user/entitlements/mm/:id:.json', 'chris', SYSDATE);
  INSERT INTO PRODUCT_OFFERING_META_DATA (ID, PRODUCT_OFFERING_ID, NAME, VALUE, created_by, create_date) VALUES (PROMD_ID_SEQ.NEXTVAL, PO_ID_SEQ.CURRVAL, 'DEFAULT_VAT_RATE', '{"*": .1}', 'chris', SYSDATE);
  INSERT INTO OFFER_PRODUCT_OFFERING (OFFER_ID, PRODUCT_OFFERING_ID, created_by, create_date) VALUES (OFR_ID_SEQ.CURRVAL, PO_ID_SEQ.CURRVAL, 'chris', SYSDATE);
  INSERT INTO DISCOUNT (ID, NAME, DESCRIPTION, FIXED_AMOUNT, PERCENT_AMOUNT, DISCOUNT_TYPE_ID, created_by, create_date) VALUES (DSC_ID_SEQ.NEXTVAL, 'Auto Discount', 'Automatically generated to target price 0.99 given base price 0.58', NULL, '170.689655172', 1, 'chris', SYSDATE);
  INSERT INTO DISCOUNT_PRODUCT_OFFERING (DISCOUNT_ID, PRODUCT_OFFERING_ID, created_by, create_date) VALUES (DSC_ID_SEQ.CURRVAL, PO_ID_SEQ.CURRVAL, 'chris', SYSDATE);
  BEGIN
    SELECT ID INTO CUR_PRD_ID FROM PRODUCT WHERE NAME = 'Smartphone' AND PRODUCT_STATUS_ID = 1 AND ROWNUM <= 1;
  EXCEPTION
    WHEN NO_DATA_FOUND THEN
      INSERT INTO PRODUCT (ID, NAME, PRODUCTION_COST, PRODUCT_STATUS_ID, PRODUCT_URI, UNIT_PRICE, created_by, create_date) VALUES (PRD_ID_SEQ.NEXTVAL, 'Smartphone', '0', 1, NULL, '0.25', 'chris', SYSDATE);
      SELECT ID INTO CUR_PRD_ID FROM PRODUCT WHERE NAME = 'Smartphone' AND PRODUCT_STATUS_ID = 1 AND ROWNUM <= 1;
    WHEN OTHERS THEN
      RAISE;
  END;
  INSERT INTO PRODUCT_OFFERING (ID, PRODUCT_ID, TAX_POLICY_TYPE_ID, QUANTITY, UNIT_PRICE, TAX_CATEGORY_ID, created_by, create_date) VALUES (PO_ID_SEQ.NEXTVAL, CUR_PRD_ID, 1, '1.0', '0.25', '2', 'chris', SYSDATE);
  INSERT INTO PRODUCT_OFFERING_META_DATA (ID, PRODUCT_OFFERING_ID, NAME, VALUE, created_by, create_date) VALUES (PROMD_ID_SEQ.NEXTVAL, PO_ID_SEQ.CURRVAL, 'entitlement_uri', 'http://:hostname:/svc/user/entitlements/msd/:id:.json', 'chris', SYSDATE);
  INSERT INTO PRODUCT_OFFERING_META_DATA (ID, PRODUCT_OFFERING_ID, NAME, VALUE, created_by, create_date) VALUES (PROMD_ID_SEQ.NEXTVAL, PO_ID_SEQ.CURRVAL, 'DEFAULT_VAT_RATE', '{"*": .1}', 'chris', SYSDATE);
  INSERT INTO OFFER_PRODUCT_OFFERING (OFFER_ID, PRODUCT_OFFERING_ID, created_by, create_date) VALUES (OFR_ID_SEQ.CURRVAL, PO_ID_SEQ.CURRVAL, 'chris', SYSDATE);
  INSERT INTO DISCOUNT (ID, NAME, DESCRIPTION, FIXED_AMOUNT, PERCENT_AMOUNT, DISCOUNT_TYPE_ID, created_by, create_date) VALUES (DSC_ID_SEQ.NEXTVAL, 'Auto Discount', 'Automatically generated to target price 0.99 given base price 0.58', NULL, '170.689655172', 1, 'chris', SYSDATE);
  INSERT INTO DISCOUNT_PRODUCT_OFFERING (DISCOUNT_ID, PRODUCT_OFFERING_ID, created_by, create_date) VALUES (DSC_ID_SEQ.CURRVAL, PO_ID_SEQ.CURRVAL, 'chris', SYSDATE);
  INSERT INTO OFFER_OFFER_CHAIN (OFFER_ID, OFFER_CHAIN_ID, INDEX_VALUE, NUM_RECURRENCES, created_by, create_date, updated_by, update_date) VALUES (OFR_ID_SEQ.CURRVAL, 440461, '0', '3.0', 'chris', SYSDATE, 'chris', SYSDATE);
  INSERT INTO OFFER (ID, OFFER_STATUS_ID, ENTITLEMENT_DURATION, created_by, create_date, updated_by, update_date) VALUES (OFR_ID_SEQ.NEXTVAL, 1, 'P0Y0M28.0DT0H0M', 'chris', SYSDATE, 'chris', SYSDATE);
  BEGIN
    SELECT ID INTO CUR_PRD_ID FROM PRODUCT WHERE NAME = 'Web' AND PRODUCT_STATUS_ID = 1 AND ROWNUM <= 1;
  EXCEPTION
    WHEN NO_DATA_FOUND THEN
      INSERT INTO PRODUCT (ID, NAME, PRODUCTION_COST, PRODUCT_STATUS_ID, PRODUCT_URI, UNIT_PRICE, created_by, create_date) VALUES (PRD_ID_SEQ.NEXTVAL, 'Web', '0', 1, NULL, '0.33', 'chris', SYSDATE);
      SELECT ID INTO CUR_PRD_ID FROM PRODUCT WHERE NAME = 'Web' AND PRODUCT_STATUS_ID = 1 AND ROWNUM <= 1;
    WHEN OTHERS THEN
      RAISE;
  END;
  INSERT INTO PRODUCT_OFFERING (ID, PRODUCT_ID, TAX_POLICY_TYPE_ID, QUANTITY, UNIT_PRICE, TAX_CATEGORY_ID, created_by, create_date) VALUES (PO_ID_SEQ.NEXTVAL, CUR_PRD_ID, 1, '28.0', '0.33', '2', 'chris', SYSDATE);
  INSERT INTO PRODUCT_OFFERING_META_DATA (ID, PRODUCT_OFFERING_ID, NAME, VALUE, created_by, create_date) VALUES (PROMD_ID_SEQ.NEXTVAL, PO_ID_SEQ.CURRVAL, 'entitlement_uri', 'http://:hostname:/svc/user/entitlements/mm/:id:.json', 'chris', SYSDATE);
  INSERT INTO PRODUCT_OFFERING_META_DATA (ID, PRODUCT_OFFERING_ID, NAME, VALUE, created_by, create_date) VALUES (PROMD_ID_SEQ.NEXTVAL, PO_ID_SEQ.CURRVAL, 'DEFAULT_VAT_RATE', '{"*": .1}', 'chris', SYSDATE);
  INSERT INTO PRODUCT_OFFERING_META_DATA (ID, PRODUCT_OFFERING_ID, NAME, VALUE, created_by, create_date) VALUES (PROMD_ID_SEQ.NEXTVAL, PO_ID_SEQ.CURRVAL, 'CAPABILITY', 'WEB', 'chris', SYSDATE);
  INSERT INTO OFFER_PRODUCT_OFFERING (OFFER_ID, PRODUCT_OFFERING_ID, created_by, create_date) VALUES (OFR_ID_SEQ.CURRVAL, PO_ID_SEQ.CURRVAL, 'chris', SYSDATE);
  INSERT INTO DISCOUNT (ID, NAME, DESCRIPTION, FIXED_AMOUNT, PERCENT_AMOUNT, DISCOUNT_TYPE_ID, created_by, create_date) VALUES (DSC_ID_SEQ.NEXTVAL, 'Auto Discount', 'Automatically generated to target price 20.0 given base price 16.24', NULL, '123.15270936', 1, 'chris', SYSDATE);
  INSERT INTO DISCOUNT_PRODUCT_OFFERING (DISCOUNT_ID, PRODUCT_OFFERING_ID, created_by, create_date) VALUES (DSC_ID_SEQ.CURRVAL, PO_ID_SEQ.CURRVAL, 'chris', SYSDATE);
  BEGIN
    SELECT ID INTO CUR_PRD_ID FROM PRODUCT WHERE NAME = 'Mobile' AND PRODUCT_STATUS_ID = 1 AND ROWNUM <= 1;
  EXCEPTION
    WHEN NO_DATA_FOUND THEN
      INSERT INTO PRODUCT (ID, NAME, PRODUCTION_COST, PRODUCT_STATUS_ID, PRODUCT_URI, UNIT_PRICE, created_by, create_date) VALUES (PRD_ID_SEQ.NEXTVAL, 'Mobile', '0', 1, NULL, '0', 'chris', SYSDATE);
      SELECT ID INTO CUR_PRD_ID FROM PRODUCT WHERE NAME = 'Mobile' AND PRODUCT_STATUS_ID = 1 AND ROWNUM <= 1;
    WHEN OTHERS THEN
      RAISE;
  END;
  INSERT INTO PRODUCT_OFFERING (ID, PRODUCT_ID, TAX_POLICY_TYPE_ID, QUANTITY, UNIT_PRICE, TAX_CATEGORY_ID, created_by, create_date) VALUES (PO_ID_SEQ.NEXTVAL, CUR_PRD_ID, 1, '28.0', '0', '2', 'chris', SYSDATE);
  INSERT INTO PRODUCT_OFFERING_META_DATA (ID, PRODUCT_OFFERING_ID, NAME, VALUE, created_by, create_date) VALUES (PROMD_ID_SEQ.NEXTVAL, PO_ID_SEQ.CURRVAL, 'entitlement_uri', 'http://:hostname:/svc/user/entitlements/mow/:id:.json', 'chris', SYSDATE);
  INSERT INTO PRODUCT_OFFERING_META_DATA (ID, PRODUCT_OFFERING_ID, NAME, VALUE, created_by, create_date) VALUES (PROMD_ID_SEQ.NEXTVAL, PO_ID_SEQ.CURRVAL, 'DEFAULT_VAT_RATE', '{"*": .1}', 'chris', SYSDATE);
  INSERT INTO OFFER_PRODUCT_OFFERING (OFFER_ID, PRODUCT_OFFERING_ID, created_by, create_date) VALUES (OFR_ID_SEQ.CURRVAL, PO_ID_SEQ.CURRVAL, 'chris', SYSDATE);
  INSERT INTO DISCOUNT (ID, NAME, DESCRIPTION, FIXED_AMOUNT, PERCENT_AMOUNT, DISCOUNT_TYPE_ID, created_by, create_date) VALUES (DSC_ID_SEQ.NEXTVAL, 'Auto Discount', 'Automatically generated to target price 20.0 given base price 16.24', NULL, '123.15270936', 1, 'chris', SYSDATE);
  INSERT INTO DISCOUNT_PRODUCT_OFFERING (DISCOUNT_ID, PRODUCT_OFFERING_ID, created_by, create_date) VALUES (DSC_ID_SEQ.CURRVAL, PO_ID_SEQ.CURRVAL, 'chris', SYSDATE);
  BEGIN
    SELECT ID INTO CUR_PRD_ID FROM PRODUCT WHERE NAME = 'Archive Article' AND PRODUCT_STATUS_ID = 1 AND ROWNUM <= 1;
  EXCEPTION
    WHEN NO_DATA_FOUND THEN
      INSERT INTO PRODUCT (ID, NAME, PRODUCTION_COST, PRODUCT_STATUS_ID, PRODUCT_URI, UNIT_PRICE, created_by, create_date) VALUES (PRD_ID_SEQ.NEXTVAL, 'Archive Article', '0', 1, NULL, '0', 'chris', SYSDATE);
      SELECT ID INTO CUR_PRD_ID FROM PRODUCT WHERE NAME = 'Archive Article' AND PRODUCT_STATUS_ID = 1 AND ROWNUM <= 1;
    WHEN OTHERS THEN
      RAISE;
  END;
  INSERT INTO PRODUCT_OFFERING (ID, PRODUCT_ID, TAX_POLICY_TYPE_ID, QUANTITY, UNIT_PRICE, TAX_CATEGORY_ID, created_by, create_date) VALUES (PO_ID_SEQ.NEXTVAL, CUR_PRD_ID, 1, '100', '0', '2', 'chris', SYSDATE);
  INSERT INTO PRODUCT_OFFERING_META_DATA (ID, PRODUCT_OFFERING_ID, NAME, VALUE, created_by, create_date) VALUES (PROMD_ID_SEQ.NEXTVAL, PO_ID_SEQ.CURRVAL, 'entitlement_uri', 'http://:hostname:/svc/user/entitlements/archive/size/100/:id:.json', 'chris', SYSDATE);
  INSERT INTO PRODUCT_OFFERING_META_DATA (ID, PRODUCT_OFFERING_ID, NAME, VALUE, created_by, create_date) VALUES (PROMD_ID_SEQ.NEXTVAL, PO_ID_SEQ.CURRVAL, 'capability', 'AAA', 'chris', SYSDATE);
  INSERT INTO PRODUCT_OFFERING_META_DATA (ID, PRODUCT_OFFERING_ID, NAME, VALUE, created_by, create_date) VALUES (PROMD_ID_SEQ.NEXTVAL, PO_ID_SEQ.CURRVAL, 'DEFAULT_VAT_RATE', '{"*": .1}', 'chris', SYSDATE);
  INSERT INTO OFFER_PRODUCT_OFFERING (OFFER_ID, PRODUCT_OFFERING_ID, created_by, create_date) VALUES (OFR_ID_SEQ.CURRVAL, PO_ID_SEQ.CURRVAL, 'chris', SYSDATE);
  INSERT INTO DISCOUNT (ID, NAME, DESCRIPTION, FIXED_AMOUNT, PERCENT_AMOUNT, DISCOUNT_TYPE_ID, created_by, create_date) VALUES (DSC_ID_SEQ.NEXTVAL, 'Auto Discount', 'Automatically generated to target price 20.0 given base price 16.24', NULL, '123.15270936', 1, 'chris', SYSDATE);
  INSERT INTO DISCOUNT_PRODUCT_OFFERING (DISCOUNT_ID, PRODUCT_OFFERING_ID, created_by, create_date) VALUES (DSC_ID_SEQ.CURRVAL, PO_ID_SEQ.CURRVAL, 'chris', SYSDATE);
  BEGIN
    SELECT ID INTO CUR_PRD_ID FROM PRODUCT WHERE NAME = 'TimesMachine' AND PRODUCT_STATUS_ID = 1 AND ROWNUM <= 1;
  EXCEPTION
    WHEN NO_DATA_FOUND THEN
      INSERT INTO PRODUCT (ID, NAME, PRODUCTION_COST, PRODUCT_STATUS_ID, PRODUCT_URI, UNIT_PRICE, created_by, create_date) VALUES (PRD_ID_SEQ.NEXTVAL, 'TimesMachine', '0', 1, NULL, '0', 'chris', SYSDATE);
      SELECT ID INTO CUR_PRD_ID FROM PRODUCT WHERE NAME = 'TimesMachine' AND PRODUCT_STATUS_ID = 1 AND ROWNUM <= 1;
    WHEN OTHERS THEN
      RAISE;
  END;
  INSERT INTO PRODUCT_OFFERING (ID, PRODUCT_ID, TAX_POLICY_TYPE_ID, QUANTITY, UNIT_PRICE, TAX_CATEGORY_ID, created_by, create_date) VALUES (PO_ID_SEQ.NEXTVAL, CUR_PRD_ID, 1, '100', '0', '2', 'chris', SYSDATE);
  INSERT INTO PRODUCT_OFFERING_META_DATA (ID, PRODUCT_OFFERING_ID, NAME, VALUE, created_by, create_date) VALUES (PROMD_ID_SEQ.NEXTVAL, PO_ID_SEQ.CURRVAL, 'entitlement_uri', 'http://:hostname:/svc/user/entitlements/mm/:id:.json', 'chris', SYSDATE);
  INSERT INTO PRODUCT_OFFERING_META_DATA (ID, PRODUCT_OFFERING_ID, NAME, VALUE, created_by, create_date) VALUES (PROMD_ID_SEQ.NEXTVAL, PO_ID_SEQ.CURRVAL, 'DEFAULT_VAT_RATE', '{"*": .1}', 'chris', SYSDATE);
  INSERT INTO OFFER_PRODUCT_OFFERING (OFFER_ID, PRODUCT_OFFERING_ID, created_by, create_date) VALUES (OFR_ID_SEQ.CURRVAL, PO_ID_SEQ.CURRVAL, 'chris', SYSDATE);
  INSERT INTO DISCOUNT (ID, NAME, DESCRIPTION, FIXED_AMOUNT, PERCENT_AMOUNT, DISCOUNT_TYPE_ID, created_by, create_date) VALUES (DSC_ID_SEQ.NEXTVAL, 'Auto Discount', 'Automatically generated to target price 20.0 given base price 16.24', NULL, '123.15270936', 1, 'chris', SYSDATE);
  INSERT INTO DISCOUNT_PRODUCT_OFFERING (DISCOUNT_ID, PRODUCT_OFFERING_ID, created_by, create_date) VALUES (DSC_ID_SEQ.CURRVAL, PO_ID_SEQ.CURRVAL, 'chris', SYSDATE);
  BEGIN
    SELECT ID INTO CUR_PRD_ID FROM PRODUCT WHERE NAME = 'Smartphone' AND PRODUCT_STATUS_ID = 1 AND ROWNUM <= 1;
  EXCEPTION
    WHEN NO_DATA_FOUND THEN
      INSERT INTO PRODUCT (ID, NAME, PRODUCTION_COST, PRODUCT_STATUS_ID, PRODUCT_URI, UNIT_PRICE, created_by, create_date) VALUES (PRD_ID_SEQ.NEXTVAL, 'Smartphone', '0', 1, NULL, '0.25', 'chris', SYSDATE);
      SELECT ID INTO CUR_PRD_ID FROM PRODUCT WHERE NAME = 'Smartphone' AND PRODUCT_STATUS_ID = 1 AND ROWNUM <= 1;
    WHEN OTHERS THEN
      RAISE;
  END;
  INSERT INTO PRODUCT_OFFERING (ID, PRODUCT_ID, TAX_POLICY_TYPE_ID, QUANTITY, UNIT_PRICE, TAX_CATEGORY_ID, created_by, create_date) VALUES (PO_ID_SEQ.NEXTVAL, CUR_PRD_ID, 1, '28.0', '0.25', '2', 'chris', SYSDATE);
  INSERT INTO PRODUCT_OFFERING_META_DATA (ID, PRODUCT_OFFERING_ID, NAME, VALUE, created_by, create_date) VALUES (PROMD_ID_SEQ.NEXTVAL, PO_ID_SEQ.CURRVAL, 'entitlement_uri', 'http://:hostname:/svc/user/entitlements/msd/:id:.json', 'chris', SYSDATE);
  INSERT INTO PRODUCT_OFFERING_META_DATA (ID, PRODUCT_OFFERING_ID, NAME, VALUE, created_by, create_date) VALUES (PROMD_ID_SEQ.NEXTVAL, PO_ID_SEQ.CURRVAL, 'DEFAULT_VAT_RATE', '{"*": .1}', 'chris', SYSDATE);
  INSERT INTO OFFER_PRODUCT_OFFERING (OFFER_ID, PRODUCT_OFFERING_ID, created_by, create_date) VALUES (OFR_ID_SEQ.CURRVAL, PO_ID_SEQ.CURRVAL, 'chris', SYSDATE);
  INSERT INTO DISCOUNT (ID, NAME, DESCRIPTION, FIXED_AMOUNT, PERCENT_AMOUNT, DISCOUNT_TYPE_ID, created_by, create_date) VALUES (DSC_ID_SEQ.NEXTVAL, 'Auto Discount', 'Automatically generated to target price 20.0 given base price 16.24', NULL, '123.15270936', 1, 'chris', SYSDATE);
  INSERT INTO DISCOUNT_PRODUCT_OFFERING (DISCOUNT_ID, PRODUCT_OFFERING_ID, created_by, create_date) VALUES (DSC_ID_SEQ.CURRVAL, PO_ID_SEQ.CURRVAL, 'chris', SYSDATE);
  INSERT INTO OFFER_OFFER_CHAIN (OFFER_ID, OFFER_CHAIN_ID, INDEX_VALUE, NUM_RECURRENCES, created_by, create_date, updated_by, update_date) VALUES (OFR_ID_SEQ.CURRVAL, 440461, '1', '-1', 'chris', SYSDATE, 'chris', SYSDATE);
  INSERT INTO OFFER_CHAIN (ID, NAME, DESCRIPTION, ADOPTABILITY_WINDOW_START_DATE, ADOPTABILITY_WINDOW_END_DATE, IS_GIFT_CERTIFICATE, PRODUCT_URI, OFFER_CHAIN_STATUS_ID, created_by, create_date, updated_by, update_date) VALUES (231695, 'All Digital Access', 'Unlimited access to The New York Times on all your devices, including the web and apps on your computer, smartphone and tablet devices.', '01-Jan-2011', '01-Jan-2999', NULL, NULL, 1, 'chris', SYSDATE, 'chris', SYSDATE);
  INSERT INTO OFFER_CHAIN_ELIGIBILITY (ID, OFFER_CHAIN_ID, NAME, VALUE, created_by, create_date) VALUES (ELG_ID_SEQ.NEXTVAL, 231695, 'IS_COMP', '0', 'chris', SYSDATE);
  INSERT INTO OFFER_CHAIN_ELIGIBILITY (ID, OFFER_CHAIN_ID, NAME, VALUE, created_by, create_date) VALUES (ELG_ID_SEQ.NEXTVAL, 231695, 'MAX_CONCURRENT_SUBS', '1', 'chris', SYSDATE);
  INSERT INTO OFFER_CHAIN_META_DATA (ID, OFFER_CHAIN_ID, NAME, VALUE, created_by, create_date) VALUES (OCMD_ID_SEQ.NEXTVAL, 231695, 'IS_COMP', '0', 'chris', SYSDATE);
  INSERT INTO OFFER_CHAIN_META_DATA (ID, OFFER_CHAIN_ID, NAME, VALUE, created_by, create_date) VALUES (OCMD_ID_SEQ.NEXTVAL, 231695, 'PRICE_DESCRIPTION', 'Complimentary Access for Employees for 3 days', 'chris', SYSDATE);
  INSERT INTO OFFER_CHAIN_META_DATA (ID, OFFER_CHAIN_ID, NAME, VALUE, created_by, create_date) VALUES (OCMD_ID_SEQ.NEXTVAL, 231695, 'OFFER_TYPE', 'Complimentary', 'chris', SYSDATE);
  INSERT INTO OFFER_CHAIN_META_DATA (ID, OFFER_CHAIN_ID, NAME, VALUE, created_by, create_date) VALUES (OCMD_ID_SEQ.NEXTVAL, 231695, 'PRODUCT_MARKETING_IMAGE', ' ', 'chris', SYSDATE);
  INSERT INTO OFFER_CHAIN_META_DATA (ID, OFFER_CHAIN_ID, NAME, VALUE, created_by, create_date) VALUES (OCMD_ID_SEQ.NEXTVAL, 231695, 'PRODUCT_MARKETING_DESCRIPTOR', ' ', 'chris', SYSDATE);
  INSERT INTO OFFER_CHAIN_META_DATA (ID, OFFER_CHAIN_ID, NAME, VALUE, created_by, create_date) VALUES (OCMD_ID_SEQ.NEXTVAL, 231695, 'OFFER_PRICE_DESCRIPTOR', ' ', 'chris', SYSDATE);
  INSERT INTO OFFER_CHAIN_META_DATA (ID, OFFER_CHAIN_ID, NAME, VALUE, created_by, create_date) VALUES (OCMD_ID_SEQ.NEXTVAL, 231695, 'OFFER_PRICE', '3 days Complimentary Access', 'chris', SYSDATE);
  INSERT INTO OFFER_CHAIN_META_DATA (ID, OFFER_CHAIN_ID, NAME, VALUE, created_by, create_date) VALUES (OCMD_ID_SEQ.NEXTVAL, 231695, 'OFFER_PRICE_DETAIL', ' ', 'chris', SYSDATE);
  INSERT INTO OFFER_CHAIN_META_DATA (ID, OFFER_CHAIN_ID, NAME, VALUE, created_by, create_date) VALUES (OCMD_ID_SEQ.NEXTVAL, 231695, 'OFFER_PRICE_DESCRIPTOR_INTERNATIONAL', ' ', 'chris', SYSDATE);
  INSERT INTO OFFER_CHAIN_META_DATA (ID, OFFER_CHAIN_ID, NAME, VALUE, created_by, create_date) VALUES (OCMD_ID_SEQ.NEXTVAL, 231695, 'OFFER_PRICE_INTERNATIONAL', ' ', 'chris', SYSDATE);
  INSERT INTO OFFER_CHAIN_META_DATA (ID, OFFER_CHAIN_ID, NAME, VALUE, created_by, create_date) VALUES (OCMD_ID_SEQ.NEXTVAL, 231695, 'OFFER_PRICE_DETAIL_INTERNATIONAL', ' ', 'chris', SYSDATE);
  INSERT INTO OFFER_CHAIN_META_DATA (ID, OFFER_CHAIN_ID, NAME, VALUE, created_by, create_date) VALUES (OCMD_ID_SEQ.NEXTVAL, 231695, 'PROMO_PRICE_FOOTER_LABEL', 'Billing Cycle', 'chris', SYSDATE);
  INSERT INTO OFFER_CHAIN_META_DATA (ID, OFFER_CHAIN_ID, NAME, VALUE, created_by, create_date) VALUES (OCMD_ID_SEQ.NEXTVAL, 231695, 'ACTUAL_PRICE_FOOTER_LABEL', ' ', 'chris', SYSDATE);
  INSERT INTO OFFER_CHAIN_META_DATA (ID, OFFER_CHAIN_ID, NAME, VALUE, created_by, create_date) VALUES (OCMD_ID_SEQ.NEXTVAL, 231695, 'BILLING_CYCLE', 'every 4 weeks', 'chris', SYSDATE);
  INSERT INTO OFFER_CHAIN_META_DATA (ID, OFFER_CHAIN_ID, NAME, VALUE, created_by, create_date) VALUES (OCMD_ID_SEQ.NEXTVAL, 231695, 'SUBSCRIBER_TYPE', 'Complimentary - Employee', 'chris', SYSDATE);
  INSERT INTO OFFER_CHAIN_META_DATA (ID, OFFER_CHAIN_ID, NAME, VALUE, created_by, create_date) VALUES (OCMD_ID_SEQ.NEXTVAL, 231695, 'REFUND_POLICY', 'Complimentary Access: No refund.  Access removed within 6 hours if cancelled.', 'chris', SYSDATE);
  INSERT INTO OFFER_CHAIN_META_DATA (ID, OFFER_CHAIN_ID, NAME, VALUE, created_by, create_date) VALUES (OCMD_ID_SEQ.NEXTVAL, 231695, 'ADX_BUNDLE', ' ', 'chris', SYSDATE);
  INSERT INTO OFFER_CHAIN_META_DATA (ID, OFFER_CHAIN_ID, NAME, VALUE, created_by, create_date) VALUES (OCMD_ID_SEQ.NEXTVAL, 231695, 'CIS_PRD_ID', ' ', 'chris', SYSDATE);
  INSERT INTO OFFER_CHAIN_META_DATA (ID, OFFER_CHAIN_ID, NAME, VALUE, created_by, create_date) VALUES (OCMD_ID_SEQ.NEXTVAL, 231695, 'SIEBEL_CAMPAIGN_CODE', 'TBD', 'chris', SYSDATE);
  INSERT INTO OFFER_CHAIN_META_DATA (ID, OFFER_CHAIN_ID, NAME, VALUE, created_by, create_date) VALUES (OCMD_ID_SEQ.NEXTVAL, 231695, 'ANNUAL_PRICE', ' ', 'chris', SYSDATE);
  INSERT INTO OFFER_CHAIN_META_DATA (ID, OFFER_CHAIN_ID, NAME, VALUE, created_by, create_date) VALUES (OCMD_ID_SEQ.NEXTVAL, 231695, 'UID', '49f141dc9004273e8dc76f08e66b12b0e65bcd619973e8a84603ae8c58d8b56f', 'chris', SYSDATE);
  INSERT INTO OFFER (ID, OFFER_STATUS_ID, ENTITLEMENT_DURATION, created_by, create_date, updated_by, update_date) VALUES (OFR_ID_SEQ.NEXTVAL, 1, 'P0Y0M1.0DT0H0M', 'chris', SYSDATE, 'chris', SYSDATE);
  BEGIN
    SELECT ID INTO CUR_PRD_ID FROM PRODUCT WHERE NAME = 'Web' AND PRODUCT_STATUS_ID = 1 AND ROWNUM <= 1;
  EXCEPTION
    WHEN NO_DATA_FOUND THEN
      INSERT INTO PRODUCT (ID, NAME, PRODUCTION_COST, PRODUCT_STATUS_ID, PRODUCT_URI, UNIT_PRICE, created_by, create_date) VALUES (PRD_ID_SEQ.NEXTVAL, 'Web', '0', 1, NULL, '0.33', 'chris', SYSDATE);
      SELECT ID INTO CUR_PRD_ID FROM PRODUCT WHERE NAME = 'Web' AND PRODUCT_STATUS_ID = 1 AND ROWNUM <= 1;
    WHEN OTHERS THEN
      RAISE;
  END;
  INSERT INTO PRODUCT_OFFERING (ID, PRODUCT_ID, TAX_POLICY_TYPE_ID, QUANTITY, UNIT_PRICE, TAX_CATEGORY_ID, created_by, create_date) VALUES (PO_ID_SEQ.NEXTVAL, CUR_PRD_ID, 1, '1.0', '0.33', '2', 'chris', SYSDATE);
  INSERT INTO PRODUCT_OFFERING_META_DATA (ID, PRODUCT_OFFERING_ID, NAME, VALUE, created_by, create_date) VALUES (PROMD_ID_SEQ.NEXTVAL, PO_ID_SEQ.CURRVAL, 'entitlement_uri', 'http://:hostname:/svc/user/entitlements/mm/:id:.json', 'chris', SYSDATE);
  INSERT INTO PRODUCT_OFFERING_META_DATA (ID, PRODUCT_OFFERING_ID, NAME, VALUE, created_by, create_date) VALUES (PROMD_ID_SEQ.NEXTVAL, PO_ID_SEQ.CURRVAL, 'DEFAULT_VAT_RATE', '{"*": .1}', 'chris', SYSDATE);
  INSERT INTO PRODUCT_OFFERING_META_DATA (ID, PRODUCT_OFFERING_ID, NAME, VALUE, created_by, create_date) VALUES (PROMD_ID_SEQ.NEXTVAL, PO_ID_SEQ.CURRVAL, 'CAPABILITY', 'WEB', 'chris', SYSDATE);
  INSERT INTO OFFER_PRODUCT_OFFERING (OFFER_ID, PRODUCT_OFFERING_ID, created_by, create_date) VALUES (OFR_ID_SEQ.CURRVAL, PO_ID_SEQ.CURRVAL, 'chris', SYSDATE);
  INSERT INTO DISCOUNT (ID, NAME, DESCRIPTION, FIXED_AMOUNT, PERCENT_AMOUNT, DISCOUNT_TYPE_ID, created_by, create_date) VALUES (DSC_ID_SEQ.NEXTVAL, 'Auto Discount', 'Automatically generated to target price 0.0 given base price 1.27', NULL, '0.0', 1, 'chris', SYSDATE);
  INSERT INTO DISCOUNT_PRODUCT_OFFERING (DISCOUNT_ID, PRODUCT_OFFERING_ID, created_by, create_date) VALUES (DSC_ID_SEQ.CURRVAL, PO_ID_SEQ.CURRVAL, 'chris', SYSDATE);
  BEGIN
    SELECT ID INTO CUR_PRD_ID FROM PRODUCT WHERE NAME = 'Mobile' AND PRODUCT_STATUS_ID = 1 AND ROWNUM <= 1;
  EXCEPTION
    WHEN NO_DATA_FOUND THEN
      INSERT INTO PRODUCT (ID, NAME, PRODUCTION_COST, PRODUCT_STATUS_ID, PRODUCT_URI, UNIT_PRICE, created_by, create_date) VALUES (PRD_ID_SEQ.NEXTVAL, 'Mobile', '0', 1, NULL, '0', 'chris', SYSDATE);
      SELECT ID INTO CUR_PRD_ID FROM PRODUCT WHERE NAME = 'Mobile' AND PRODUCT_STATUS_ID = 1 AND ROWNUM <= 1;
    WHEN OTHERS THEN
      RAISE;
  END;
  INSERT INTO PRODUCT_OFFERING (ID, PRODUCT_ID, TAX_POLICY_TYPE_ID, QUANTITY, UNIT_PRICE, TAX_CATEGORY_ID, created_by, create_date) VALUES (PO_ID_SEQ.NEXTVAL, CUR_PRD_ID, 1, '1.0', '0', '2', 'chris', SYSDATE);
  INSERT INTO PRODUCT_OFFERING_META_DATA (ID, PRODUCT_OFFERING_ID, NAME, VALUE, created_by, create_date) VALUES (PROMD_ID_SEQ.NEXTVAL, PO_ID_SEQ.CURRVAL, 'entitlement_uri', 'http://:hostname:/svc/user/entitlements/mow/:id:.json', 'chris', SYSDATE);
  INSERT INTO PRODUCT_OFFERING_META_DATA (ID, PRODUCT_OFFERING_ID, NAME, VALUE, created_by, create_date) VALUES (PROMD_ID_SEQ.NEXTVAL, PO_ID_SEQ.CURRVAL, 'DEFAULT_VAT_RATE', '{"*": .1}', 'chris', SYSDATE);
  INSERT INTO OFFER_PRODUCT_OFFERING (OFFER_ID, PRODUCT_OFFERING_ID, created_by, create_date) VALUES (OFR_ID_SEQ.CURRVAL, PO_ID_SEQ.CURRVAL, 'chris', SYSDATE);
  INSERT INTO DISCOUNT (ID, NAME, DESCRIPTION, FIXED_AMOUNT, PERCENT_AMOUNT, DISCOUNT_TYPE_ID, created_by, create_date) VALUES (DSC_ID_SEQ.NEXTVAL, 'Auto Discount', 'Automatically generated to target price 0.0 given base price 1.27', NULL, '0.0', 1, 'chris', SYSDATE);
  INSERT INTO DISCOUNT_PRODUCT_OFFERING (DISCOUNT_ID, PRODUCT_OFFERING_ID, created_by, create_date) VALUES (DSC_ID_SEQ.CURRVAL, PO_ID_SEQ.CURRVAL, 'chris', SYSDATE);
  BEGIN
    SELECT ID INTO CUR_PRD_ID FROM PRODUCT WHERE NAME = 'Archive Article' AND PRODUCT_STATUS_ID = 1 AND ROWNUM <= 1;
  EXCEPTION
    WHEN NO_DATA_FOUND THEN
      INSERT INTO PRODUCT (ID, NAME, PRODUCTION_COST, PRODUCT_STATUS_ID, PRODUCT_URI, UNIT_PRICE, created_by, create_date) VALUES (PRD_ID_SEQ.NEXTVAL, 'Archive Article', '0', 1, NULL, '0', 'chris', SYSDATE);
      SELECT ID INTO CUR_PRD_ID FROM PRODUCT WHERE NAME = 'Archive Article' AND PRODUCT_STATUS_ID = 1 AND ROWNUM <= 1;
    WHEN OTHERS THEN
      RAISE;
  END;
  INSERT INTO PRODUCT_OFFERING (ID, PRODUCT_ID, TAX_POLICY_TYPE_ID, QUANTITY, UNIT_PRICE, TAX_CATEGORY_ID, created_by, create_date) VALUES (PO_ID_SEQ.NEXTVAL, CUR_PRD_ID, 1, '100', '0', '2', 'chris', SYSDATE);
  INSERT INTO PRODUCT_OFFERING_META_DATA (ID, PRODUCT_OFFERING_ID, NAME, VALUE, created_by, create_date) VALUES (PROMD_ID_SEQ.NEXTVAL, PO_ID_SEQ.CURRVAL, 'entitlement_uri', 'http://:hostname:/svc/user/entitlements/archive/size/100/:id:.json', 'chris', SYSDATE);
  INSERT INTO PRODUCT_OFFERING_META_DATA (ID, PRODUCT_OFFERING_ID, NAME, VALUE, created_by, create_date) VALUES (PROMD_ID_SEQ.NEXTVAL, PO_ID_SEQ.CURRVAL, 'capability', 'AAA', 'chris', SYSDATE);
  INSERT INTO PRODUCT_OFFERING_META_DATA (ID, PRODUCT_OFFERING_ID, NAME, VALUE, created_by, create_date) VALUES (PROMD_ID_SEQ.NEXTVAL, PO_ID_SEQ.CURRVAL, 'DEFAULT_VAT_RATE', '{"*": .1}', 'chris', SYSDATE);
  INSERT INTO OFFER_PRODUCT_OFFERING (OFFER_ID, PRODUCT_OFFERING_ID, created_by, create_date) VALUES (OFR_ID_SEQ.CURRVAL, PO_ID_SEQ.CURRVAL, 'chris', SYSDATE);
  INSERT INTO DISCOUNT (ID, NAME, DESCRIPTION, FIXED_AMOUNT, PERCENT_AMOUNT, DISCOUNT_TYPE_ID, created_by, create_date) VALUES (DSC_ID_SEQ.NEXTVAL, 'Auto Discount', 'Automatically generated to target price 0.0 given base price 1.27', NULL, '0.0', 1, 'chris', SYSDATE);
  INSERT INTO DISCOUNT_PRODUCT_OFFERING (DISCOUNT_ID, PRODUCT_OFFERING_ID, created_by, create_date) VALUES (DSC_ID_SEQ.CURRVAL, PO_ID_SEQ.CURRVAL, 'chris', SYSDATE);
  BEGIN
    SELECT ID INTO CUR_PRD_ID FROM PRODUCT WHERE NAME = 'TimesMachine' AND PRODUCT_STATUS_ID = 1 AND ROWNUM <= 1;
  EXCEPTION
    WHEN NO_DATA_FOUND THEN
      INSERT INTO PRODUCT (ID, NAME, PRODUCTION_COST, PRODUCT_STATUS_ID, PRODUCT_URI, UNIT_PRICE, created_by, create_date) VALUES (PRD_ID_SEQ.NEXTVAL, 'TimesMachine', '0', 1, NULL, '0', 'chris', SYSDATE);
      SELECT ID INTO CUR_PRD_ID FROM PRODUCT WHERE NAME = 'TimesMachine' AND PRODUCT_STATUS_ID = 1 AND ROWNUM <= 1;
    WHEN OTHERS THEN
      RAISE;
  END;
  INSERT INTO PRODUCT_OFFERING (ID, PRODUCT_ID, TAX_POLICY_TYPE_ID, QUANTITY, UNIT_PRICE, TAX_CATEGORY_ID, created_by, create_date) VALUES (PO_ID_SEQ.NEXTVAL, CUR_PRD_ID, 1, '100', '0', '2', 'chris', SYSDATE);
  INSERT INTO PRODUCT_OFFERING_META_DATA (ID, PRODUCT_OFFERING_ID, NAME, VALUE, created_by, create_date) VALUES (PROMD_ID_SEQ.NEXTVAL, PO_ID_SEQ.CURRVAL, 'entitlement_uri', 'http://:hostname:/svc/user/entitlements/mm/:id:.json', 'chris', SYSDATE);
  INSERT INTO PRODUCT_OFFERING_META_DATA (ID, PRODUCT_OFFERING_ID, NAME, VALUE, created_by, create_date) VALUES (PROMD_ID_SEQ.NEXTVAL, PO_ID_SEQ.CURRVAL, 'DEFAULT_VAT_RATE', '{"*": .1}', 'chris', SYSDATE);
  INSERT INTO OFFER_PRODUCT_OFFERING (OFFER_ID, PRODUCT_OFFERING_ID, created_by, create_date) VALUES (OFR_ID_SEQ.CURRVAL, PO_ID_SEQ.CURRVAL, 'chris', SYSDATE);
  INSERT INTO DISCOUNT (ID, NAME, DESCRIPTION, FIXED_AMOUNT, PERCENT_AMOUNT, DISCOUNT_TYPE_ID, created_by, create_date) VALUES (DSC_ID_SEQ.NEXTVAL, 'Auto Discount', 'Automatically generated to target price 0.0 given base price 1.27', NULL, '0.0', 1, 'chris', SYSDATE);
  INSERT INTO DISCOUNT_PRODUCT_OFFERING (DISCOUNT_ID, PRODUCT_OFFERING_ID, created_by, create_date) VALUES (DSC_ID_SEQ.CURRVAL, PO_ID_SEQ.CURRVAL, 'chris', SYSDATE);
  BEGIN
    SELECT ID INTO CUR_PRD_ID FROM PRODUCT WHERE NAME = 'Smartphone' AND PRODUCT_STATUS_ID = 1 AND ROWNUM <= 1;
  EXCEPTION
    WHEN NO_DATA_FOUND THEN
      INSERT INTO PRODUCT (ID, NAME, PRODUCTION_COST, PRODUCT_STATUS_ID, PRODUCT_URI, UNIT_PRICE, created_by, create_date) VALUES (PRD_ID_SEQ.NEXTVAL, 'Smartphone', '0', 1, NULL, '0.25', 'chris', SYSDATE);
      SELECT ID INTO CUR_PRD_ID FROM PRODUCT WHERE NAME = 'Smartphone' AND PRODUCT_STATUS_ID = 1 AND ROWNUM <= 1;
    WHEN OTHERS THEN
      RAISE;
  END;
  INSERT INTO PRODUCT_OFFERING (ID, PRODUCT_ID, TAX_POLICY_TYPE_ID, QUANTITY, UNIT_PRICE, TAX_CATEGORY_ID, created_by, create_date) VALUES (PO_ID_SEQ.NEXTVAL, CUR_PRD_ID, 1, '1.0', '0.25', '2', 'chris', SYSDATE);
  INSERT INTO PRODUCT_OFFERING_META_DATA (ID, PRODUCT_OFFERING_ID, NAME, VALUE, created_by, create_date) VALUES (PROMD_ID_SEQ.NEXTVAL, PO_ID_SEQ.CURRVAL, 'entitlement_uri', 'http://:hostname:/svc/user/entitlements/msd/:id:.json', 'chris', SYSDATE);
  INSERT INTO PRODUCT_OFFERING_META_DATA (ID, PRODUCT_OFFERING_ID, NAME, VALUE, created_by, create_date) VALUES (PROMD_ID_SEQ.NEXTVAL, PO_ID_SEQ.CURRVAL, 'DEFAULT_VAT_RATE', '{"*": .1}', 'chris', SYSDATE);
  INSERT INTO OFFER_PRODUCT_OFFERING (OFFER_ID, PRODUCT_OFFERING_ID, created_by, create_date) VALUES (OFR_ID_SEQ.CURRVAL, PO_ID_SEQ.CURRVAL, 'chris', SYSDATE);
  INSERT INTO DISCOUNT (ID, NAME, DESCRIPTION, FIXED_AMOUNT, PERCENT_AMOUNT, DISCOUNT_TYPE_ID, created_by, create_date) VALUES (DSC_ID_SEQ.NEXTVAL, 'Auto Discount', 'Automatically generated to target price 0.0 given base price 1.27', NULL, '0.0', 1, 'chris', SYSDATE);
  INSERT INTO DISCOUNT_PRODUCT_OFFERING (DISCOUNT_ID, PRODUCT_OFFERING_ID, created_by, create_date) VALUES (DSC_ID_SEQ.CURRVAL, PO_ID_SEQ.CURRVAL, 'chris', SYSDATE);
  BEGIN
    SELECT ID INTO CUR_PRD_ID FROM PRODUCT WHERE NAME = 'Tablet' AND PRODUCT_STATUS_ID = 1 AND ROWNUM <= 1;
  EXCEPTION
    WHEN NO_DATA_FOUND THEN
      INSERT INTO PRODUCT (ID, NAME, PRODUCTION_COST, PRODUCT_STATUS_ID, PRODUCT_URI, UNIT_PRICE, created_by, create_date) VALUES (PRD_ID_SEQ.NEXTVAL, 'Tablet', '0', 1, NULL, '0.49', 'chris', SYSDATE);
      SELECT ID INTO CUR_PRD_ID FROM PRODUCT WHERE NAME = 'Tablet' AND PRODUCT_STATUS_ID = 1 AND ROWNUM <= 1;
    WHEN OTHERS THEN
      RAISE;
  END;
  INSERT INTO PRODUCT_OFFERING (ID, PRODUCT_ID, TAX_POLICY_TYPE_ID, QUANTITY, UNIT_PRICE, TAX_CATEGORY_ID, created_by, create_date) VALUES (PO_ID_SEQ.NEXTVAL, CUR_PRD_ID, 1, '1.0', '0.49', '2', 'chris', SYSDATE);
  INSERT INTO PRODUCT_OFFERING_META_DATA (ID, PRODUCT_OFFERING_ID, NAME, VALUE, created_by, create_date) VALUES (PROMD_ID_SEQ.NEXTVAL, PO_ID_SEQ.CURRVAL, 'entitlement_uri', 'http://:hostname:/svc/user/entitlements/mtd/:id:.json', 'chris', SYSDATE);
  INSERT INTO PRODUCT_OFFERING_META_DATA (ID, PRODUCT_OFFERING_ID, NAME, VALUE, created_by, create_date) VALUES (PROMD_ID_SEQ.NEXTVAL, PO_ID_SEQ.CURRVAL, 'DEFAULT_VAT_RATE', '{"*": .1}', 'chris', SYSDATE);
  INSERT INTO OFFER_PRODUCT_OFFERING (OFFER_ID, PRODUCT_OFFERING_ID, created_by, create_date) VALUES (OFR_ID_SEQ.CURRVAL, PO_ID_SEQ.CURRVAL, 'chris', SYSDATE);
  INSERT INTO DISCOUNT (ID, NAME, DESCRIPTION, FIXED_AMOUNT, PERCENT_AMOUNT, DISCOUNT_TYPE_ID, created_by, create_date) VALUES (DSC_ID_SEQ.NEXTVAL, 'Auto Discount', 'Automatically generated to target price 0.0 given base price 1.27', NULL, '0.0', 1, 'chris', SYSDATE);
  INSERT INTO DISCOUNT_PRODUCT_OFFERING (DISCOUNT_ID, PRODUCT_OFFERING_ID, created_by, create_date) VALUES (DSC_ID_SEQ.CURRVAL, PO_ID_SEQ.CURRVAL, 'chris', SYSDATE);
  BEGIN
    SELECT ID INTO CUR_PRD_ID FROM PRODUCT WHERE NAME = 'TimesReader' AND PRODUCT_STATUS_ID = 1 AND ROWNUM <= 1;
  EXCEPTION
    WHEN NO_DATA_FOUND THEN
      INSERT INTO PRODUCT (ID, NAME, PRODUCTION_COST, PRODUCT_STATUS_ID, PRODUCT_URI, UNIT_PRICE, created_by, create_date) VALUES (PRD_ID_SEQ.NEXTVAL, 'TimesReader', '0', 1, NULL, '0.2', 'chris', SYSDATE);
      SELECT ID INTO CUR_PRD_ID FROM PRODUCT WHERE NAME = 'TimesReader' AND PRODUCT_STATUS_ID = 1 AND ROWNUM <= 1;
    WHEN OTHERS THEN
      RAISE;
  END;
  INSERT INTO PRODUCT_OFFERING (ID, PRODUCT_ID, TAX_POLICY_TYPE_ID, QUANTITY, UNIT_PRICE, TAX_CATEGORY_ID, created_by, create_date) VALUES (PO_ID_SEQ.NEXTVAL, CUR_PRD_ID, 1, '1.0', '0.2', '2', 'chris', SYSDATE);
  INSERT INTO PRODUCT_OFFERING_META_DATA (ID, PRODUCT_OFFERING_ID, NAME, VALUE, created_by, create_date) VALUES (PROMD_ID_SEQ.NEXTVAL, PO_ID_SEQ.CURRVAL, 'entitlement_uri', 'http://:hostname:/svc/user/entitlements/tr/:id:.json', 'chris', SYSDATE);
  INSERT INTO PRODUCT_OFFERING_META_DATA (ID, PRODUCT_OFFERING_ID, NAME, VALUE, created_by, create_date) VALUES (PROMD_ID_SEQ.NEXTVAL, PO_ID_SEQ.CURRVAL, 'capability', 'TR', 'chris', SYSDATE);
  INSERT INTO PRODUCT_OFFERING_META_DATA (ID, PRODUCT_OFFERING_ID, NAME, VALUE, created_by, create_date) VALUES (PROMD_ID_SEQ.NEXTVAL, PO_ID_SEQ.CURRVAL, 'DEFAULT_VAT_RATE', '{"*": .1}', 'chris', SYSDATE);
  INSERT INTO OFFER_PRODUCT_OFFERING (OFFER_ID, PRODUCT_OFFERING_ID, created_by, create_date) VALUES (OFR_ID_SEQ.CURRVAL, PO_ID_SEQ.CURRVAL, 'chris', SYSDATE);
  INSERT INTO DISCOUNT (ID, NAME, DESCRIPTION, FIXED_AMOUNT, PERCENT_AMOUNT, DISCOUNT_TYPE_ID, created_by, create_date) VALUES (DSC_ID_SEQ.NEXTVAL, 'Auto Discount', 'Automatically generated to target price 0.0 given base price 1.27', NULL, '0.0', 1, 'chris', SYSDATE);
  INSERT INTO DISCOUNT_PRODUCT_OFFERING (DISCOUNT_ID, PRODUCT_OFFERING_ID, created_by, create_date) VALUES (DSC_ID_SEQ.CURRVAL, PO_ID_SEQ.CURRVAL, 'chris', SYSDATE);
  INSERT INTO OFFER_OFFER_CHAIN (OFFER_ID, OFFER_CHAIN_ID, INDEX_VALUE, NUM_RECURRENCES, created_by, create_date, updated_by, update_date) VALUES (OFR_ID_SEQ.CURRVAL, 231695, '0', '3.0', 'chris', SYSDATE, 'chris', SYSDATE);
  INSERT INTO OFFER_CHAIN (ID, NAME, DESCRIPTION, ADOPTABILITY_WINDOW_START_DATE, ADOPTABILITY_WINDOW_END_DATE, IS_GIFT_CERTIFICATE, PRODUCT_URI, OFFER_CHAIN_STATUS_ID, created_by, create_date, updated_by, update_date) VALUES (277248, 'NYTimes: Web+Smartphone', 'Unlimited access to The New York Times on the web, and access to the full apps on your iPhone, Blackberry or Android-powered phone.', '01-Jan-2011', '01-Jan-2999', NULL, NULL, 1, 'chris', SYSDATE, 'chris', SYSDATE);
  INSERT INTO OFFER_CHAIN_ELIGIBILITY (ID, OFFER_CHAIN_ID, NAME, VALUE, created_by, create_date) VALUES (ELG_ID_SEQ.NEXTVAL, 277248, 'IS_COMP', '0', 'chris', SYSDATE);
  INSERT INTO OFFER_CHAIN_ELIGIBILITY (ID, OFFER_CHAIN_ID, NAME, VALUE, created_by, create_date) VALUES (ELG_ID_SEQ.NEXTVAL, 277248, 'MAX_CONCURRENT_SUBS', '1', 'chris', SYSDATE);
  INSERT INTO OFFER_CHAIN_META_DATA (ID, OFFER_CHAIN_ID, NAME, VALUE, created_by, create_date) VALUES (OCMD_ID_SEQ.NEXTVAL, 277248, 'IS_COMP', '0', 'chris', SYSDATE);
  INSERT INTO OFFER_CHAIN_META_DATA (ID, OFFER_CHAIN_ID, NAME, VALUE, created_by, create_date) VALUES (OCMD_ID_SEQ.NEXTVAL, 277248, 'PRICE_DESCRIPTION', '75% OFF EDU lOffer US = $5.00 every 1 day', 'chris', SYSDATE);
  INSERT INTO OFFER_CHAIN_META_DATA (ID, OFFER_CHAIN_ID, NAME, VALUE, created_by, create_date) VALUES (OCMD_ID_SEQ.NEXTVAL, 277248, 'OFFER_TYPE', '75% OFF for the Year', 'chris', SYSDATE);
  INSERT INTO OFFER_CHAIN_META_DATA (ID, OFFER_CHAIN_ID, NAME, VALUE, created_by, create_date) VALUES (OCMD_ID_SEQ.NEXTVAL, 277248, 'PRODUCT_MARKETING_IMAGE', ' ', 'chris', SYSDATE);
  INSERT INTO OFFER_CHAIN_META_DATA (ID, OFFER_CHAIN_ID, NAME, VALUE, created_by, create_date) VALUES (OCMD_ID_SEQ.NEXTVAL, 277248, 'PRODUCT_MARKETING_DESCRIPTOR', ' ', 'chris', SYSDATE);
  INSERT INTO OFFER_CHAIN_META_DATA (ID, OFFER_CHAIN_ID, NAME, VALUE, created_by, create_date) VALUES (OCMD_ID_SEQ.NEXTVAL, 277248, 'OFFER_PRICE_DESCRIPTOR', '75% OFF - SPECIAL DEAL', 'chris', SYSDATE);
  INSERT INTO OFFER_CHAIN_META_DATA (ID, OFFER_CHAIN_ID, NAME, VALUE, created_by, create_date) VALUES (OCMD_ID_SEQ.NEXTVAL, 277248, 'OFFER_PRICE', 'Pay only $1.25 / day', 'chris', SYSDATE);
  INSERT INTO OFFER_CHAIN_META_DATA (ID, OFFER_CHAIN_ID, NAME, VALUE, created_by, create_date) VALUES (OCMD_ID_SEQ.NEXTVAL, 277248, 'OFFER_PRICE_DETAIL', ' ', 'chris', SYSDATE);
  INSERT INTO OFFER_CHAIN_META_DATA (ID, OFFER_CHAIN_ID, NAME, VALUE, created_by, create_date) VALUES (OCMD_ID_SEQ.NEXTVAL, 277248, 'OFFER_PRICE_DESCRIPTOR_INTERNATIONAL', ' ', 'chris', SYSDATE);
  INSERT INTO OFFER_CHAIN_META_DATA (ID, OFFER_CHAIN_ID, NAME, VALUE, created_by, create_date) VALUES (OCMD_ID_SEQ.NEXTVAL, 277248, 'OFFER_PRICE_INTERNATIONAL', ' ', 'chris', SYSDATE);
  INSERT INTO OFFER_CHAIN_META_DATA (ID, OFFER_CHAIN_ID, NAME, VALUE, created_by, create_date) VALUES (OCMD_ID_SEQ.NEXTVAL, 277248, 'OFFER_PRICE_DETAIL_INTERNATIONAL', ' ', 'chris', SYSDATE);
  INSERT INTO OFFER_CHAIN_META_DATA (ID, OFFER_CHAIN_ID, NAME, VALUE, created_by, create_date) VALUES (OCMD_ID_SEQ.NEXTVAL, 277248, 'PROMO_PRICE_FOOTER_LABEL', 'Billing Cycle', 'chris', SYSDATE);
  INSERT INTO OFFER_CHAIN_META_DATA (ID, OFFER_CHAIN_ID, NAME, VALUE, created_by, create_date) VALUES (OCMD_ID_SEQ.NEXTVAL, 277248, 'ACTUAL_PRICE_FOOTER_LABEL', ' ', 'chris', SYSDATE);
  INSERT INTO OFFER_CHAIN_META_DATA (ID, OFFER_CHAIN_ID, NAME, VALUE, created_by, create_date) VALUES (OCMD_ID_SEQ.NEXTVAL, 277248, 'BILLING_CYCLE', 'every 1 day', 'chris', SYSDATE);
  INSERT INTO OFFER_CHAIN_META_DATA (ID, OFFER_CHAIN_ID, NAME, VALUE, created_by, create_date) VALUES (OCMD_ID_SEQ.NEXTVAL, 277248, 'SUBSCRIBER_TYPE', 'Readership - Tier 1', 'chris', SYSDATE);
  INSERT INTO OFFER_CHAIN_META_DATA (ID, OFFER_CHAIN_ID, NAME, VALUE, created_by, create_date) VALUES (OCMD_ID_SEQ.NEXTVAL, 277248, 'REFUND_POLICY', 'Monthly Billing: No refund.  Users will maintain access for the remainder of the billing period.  Users will not be billed in the next billing cycle.', 'chris', SYSDATE);
  INSERT INTO OFFER_CHAIN_META_DATA (ID, OFFER_CHAIN_ID, NAME, VALUE, created_by, create_date) VALUES (OCMD_ID_SEQ.NEXTVAL, 277248, 'ADX_BUNDLE', ' ', 'chris', SYSDATE);
  INSERT INTO OFFER_CHAIN_META_DATA (ID, OFFER_CHAIN_ID, NAME, VALUE, created_by, create_date) VALUES (OCMD_ID_SEQ.NEXTVAL, 277248, 'CIS_PRD_ID', ' ', 'chris', SYSDATE);
  INSERT INTO OFFER_CHAIN_META_DATA (ID, OFFER_CHAIN_ID, NAME, VALUE, created_by, create_date) VALUES (OCMD_ID_SEQ.NEXTVAL, 277248, 'SIEBEL_CAMPAIGN_CODE', 'TBD', 'chris', SYSDATE);
  INSERT INTO OFFER_CHAIN_META_DATA (ID, OFFER_CHAIN_ID, NAME, VALUE, created_by, create_date) VALUES (OCMD_ID_SEQ.NEXTVAL, 277248, 'ANNUAL_PRICE', '65.0', 'chris', SYSDATE);
  INSERT INTO OFFER_CHAIN_META_DATA (ID, OFFER_CHAIN_ID, NAME, VALUE, created_by, create_date) VALUES (OCMD_ID_SEQ.NEXTVAL, 277248, 'UID', '92390208cf1ce6cc0335e9e5a2ceecf8dc8d7eb2a0a3e2a91d5b9dec85fc1d4d', 'chris', SYSDATE);
  INSERT INTO OFFER (ID, OFFER_STATUS_ID, ENTITLEMENT_DURATION, created_by, create_date, updated_by, update_date) VALUES (OFR_ID_SEQ.NEXTVAL, 1, 'P0Y0M1.0DT0H0M', 'chris', SYSDATE, 'chris', SYSDATE);
  BEGIN
    SELECT ID INTO CUR_PRD_ID FROM PRODUCT WHERE NAME = 'Web' AND PRODUCT_STATUS_ID = 1 AND ROWNUM <= 1;
  EXCEPTION
    WHEN NO_DATA_FOUND THEN
      INSERT INTO PRODUCT (ID, NAME, PRODUCTION_COST, PRODUCT_STATUS_ID, PRODUCT_URI, UNIT_PRICE, created_by, create_date) VALUES (PRD_ID_SEQ.NEXTVAL, 'Web', '0', 1, NULL, '0.33', 'chris', SYSDATE);
      SELECT ID INTO CUR_PRD_ID FROM PRODUCT WHERE NAME = 'Web' AND PRODUCT_STATUS_ID = 1 AND ROWNUM <= 1;
    WHEN OTHERS THEN
      RAISE;
  END;
  INSERT INTO PRODUCT_OFFERING (ID, PRODUCT_ID, TAX_POLICY_TYPE_ID, QUANTITY, UNIT_PRICE, TAX_CATEGORY_ID, created_by, create_date) VALUES (PO_ID_SEQ.NEXTVAL, CUR_PRD_ID, 1, '1.0', '0.33', '2', 'chris', SYSDATE);
  INSERT INTO PRODUCT_OFFERING_META_DATA (ID, PRODUCT_OFFERING_ID, NAME, VALUE, created_by, create_date) VALUES (PROMD_ID_SEQ.NEXTVAL, PO_ID_SEQ.CURRVAL, 'entitlement_uri', 'http://:hostname:/svc/user/entitlements/mm/:id:.json', 'chris', SYSDATE);
  INSERT INTO PRODUCT_OFFERING_META_DATA (ID, PRODUCT_OFFERING_ID, NAME, VALUE, created_by, create_date) VALUES (PROMD_ID_SEQ.NEXTVAL, PO_ID_SEQ.CURRVAL, 'DEFAULT_VAT_RATE', '{"*": .1}', 'chris', SYSDATE);
  INSERT INTO PRODUCT_OFFERING_META_DATA (ID, PRODUCT_OFFERING_ID, NAME, VALUE, created_by, create_date) VALUES (PROMD_ID_SEQ.NEXTVAL, PO_ID_SEQ.CURRVAL, 'CAPABILITY', 'WEB', 'chris', SYSDATE);
  INSERT INTO OFFER_PRODUCT_OFFERING (OFFER_ID, PRODUCT_OFFERING_ID, created_by, create_date) VALUES (OFR_ID_SEQ.CURRVAL, PO_ID_SEQ.CURRVAL, 'chris', SYSDATE);
  INSERT INTO DISCOUNT (ID, NAME, DESCRIPTION, FIXED_AMOUNT, PERCENT_AMOUNT, DISCOUNT_TYPE_ID, created_by, create_date) VALUES (DSC_ID_SEQ.NEXTVAL, 'Auto Discount', 'Automatically generated to target price 5.0 given base price 0.58', NULL, '862.068965517', 1, 'chris', SYSDATE);
  INSERT INTO DISCOUNT_PRODUCT_OFFERING (DISCOUNT_ID, PRODUCT_OFFERING_ID, created_by, create_date) VALUES (DSC_ID_SEQ.CURRVAL, PO_ID_SEQ.CURRVAL, 'chris', SYSDATE);
  BEGIN
    SELECT ID INTO CUR_PRD_ID FROM PRODUCT WHERE NAME = 'Mobile' AND PRODUCT_STATUS_ID = 1 AND ROWNUM <= 1;
  EXCEPTION
    WHEN NO_DATA_FOUND THEN
      INSERT INTO PRODUCT (ID, NAME, PRODUCTION_COST, PRODUCT_STATUS_ID, PRODUCT_URI, UNIT_PRICE, created_by, create_date) VALUES (PRD_ID_SEQ.NEXTVAL, 'Mobile', '0', 1, NULL, '0', 'chris', SYSDATE);
      SELECT ID INTO CUR_PRD_ID FROM PRODUCT WHERE NAME = 'Mobile' AND PRODUCT_STATUS_ID = 1 AND ROWNUM <= 1;
    WHEN OTHERS THEN
      RAISE;
  END;
  INSERT INTO PRODUCT_OFFERING (ID, PRODUCT_ID, TAX_POLICY_TYPE_ID, QUANTITY, UNIT_PRICE, TAX_CATEGORY_ID, created_by, create_date) VALUES (PO_ID_SEQ.NEXTVAL, CUR_PRD_ID, 1, '1.0', '0', '2', 'chris', SYSDATE);
  INSERT INTO PRODUCT_OFFERING_META_DATA (ID, PRODUCT_OFFERING_ID, NAME, VALUE, created_by, create_date) VALUES (PROMD_ID_SEQ.NEXTVAL, PO_ID_SEQ.CURRVAL, 'entitlement_uri', 'http://:hostname:/svc/user/entitlements/mow/:id:.json', 'chris', SYSDATE);
  INSERT INTO PRODUCT_OFFERING_META_DATA (ID, PRODUCT_OFFERING_ID, NAME, VALUE, created_by, create_date) VALUES (PROMD_ID_SEQ.NEXTVAL, PO_ID_SEQ.CURRVAL, 'DEFAULT_VAT_RATE', '{"*": .1}', 'chris', SYSDATE);
  INSERT INTO OFFER_PRODUCT_OFFERING (OFFER_ID, PRODUCT_OFFERING_ID, created_by, create_date) VALUES (OFR_ID_SEQ.CURRVAL, PO_ID_SEQ.CURRVAL, 'chris', SYSDATE);
  INSERT INTO DISCOUNT (ID, NAME, DESCRIPTION, FIXED_AMOUNT, PERCENT_AMOUNT, DISCOUNT_TYPE_ID, created_by, create_date) VALUES (DSC_ID_SEQ.NEXTVAL, 'Auto Discount', 'Automatically generated to target price 5.0 given base price 0.58', NULL, '862.068965517', 1, 'chris', SYSDATE);
  INSERT INTO DISCOUNT_PRODUCT_OFFERING (DISCOUNT_ID, PRODUCT_OFFERING_ID, created_by, create_date) VALUES (DSC_ID_SEQ.CURRVAL, PO_ID_SEQ.CURRVAL, 'chris', SYSDATE);
  BEGIN
    SELECT ID INTO CUR_PRD_ID FROM PRODUCT WHERE NAME = 'Archive Article' AND PRODUCT_STATUS_ID = 1 AND ROWNUM <= 1;
  EXCEPTION
    WHEN NO_DATA_FOUND THEN
      INSERT INTO PRODUCT (ID, NAME, PRODUCTION_COST, PRODUCT_STATUS_ID, PRODUCT_URI, UNIT_PRICE, created_by, create_date) VALUES (PRD_ID_SEQ.NEXTVAL, 'Archive Article', '0', 1, NULL, '0', 'chris', SYSDATE);
      SELECT ID INTO CUR_PRD_ID FROM PRODUCT WHERE NAME = 'Archive Article' AND PRODUCT_STATUS_ID = 1 AND ROWNUM <= 1;
    WHEN OTHERS THEN
      RAISE;
  END;
  INSERT INTO PRODUCT_OFFERING (ID, PRODUCT_ID, TAX_POLICY_TYPE_ID, QUANTITY, UNIT_PRICE, TAX_CATEGORY_ID, created_by, create_date) VALUES (PO_ID_SEQ.NEXTVAL, CUR_PRD_ID, 1, '100', '0', '2', 'chris', SYSDATE);
  INSERT INTO PRODUCT_OFFERING_META_DATA (ID, PRODUCT_OFFERING_ID, NAME, VALUE, created_by, create_date) VALUES (PROMD_ID_SEQ.NEXTVAL, PO_ID_SEQ.CURRVAL, 'entitlement_uri', 'http://:hostname:/svc/user/entitlements/archive/size/100/:id:.json', 'chris', SYSDATE);
  INSERT INTO PRODUCT_OFFERING_META_DATA (ID, PRODUCT_OFFERING_ID, NAME, VALUE, created_by, create_date) VALUES (PROMD_ID_SEQ.NEXTVAL, PO_ID_SEQ.CURRVAL, 'capability', 'AAA', 'chris', SYSDATE);
  INSERT INTO PRODUCT_OFFERING_META_DATA (ID, PRODUCT_OFFERING_ID, NAME, VALUE, created_by, create_date) VALUES (PROMD_ID_SEQ.NEXTVAL, PO_ID_SEQ.CURRVAL, 'DEFAULT_VAT_RATE', '{"*": .1}', 'chris', SYSDATE);
  INSERT INTO OFFER_PRODUCT_OFFERING (OFFER_ID, PRODUCT_OFFERING_ID, created_by, create_date) VALUES (OFR_ID_SEQ.CURRVAL, PO_ID_SEQ.CURRVAL, 'chris', SYSDATE);
  INSERT INTO DISCOUNT (ID, NAME, DESCRIPTION, FIXED_AMOUNT, PERCENT_AMOUNT, DISCOUNT_TYPE_ID, created_by, create_date) VALUES (DSC_ID_SEQ.NEXTVAL, 'Auto Discount', 'Automatically generated to target price 5.0 given base price 0.58', NULL, '862.068965517', 1, 'chris', SYSDATE);
  INSERT INTO DISCOUNT_PRODUCT_OFFERING (DISCOUNT_ID, PRODUCT_OFFERING_ID, created_by, create_date) VALUES (DSC_ID_SEQ.CURRVAL, PO_ID_SEQ.CURRVAL, 'chris', SYSDATE);
  BEGIN
    SELECT ID INTO CUR_PRD_ID FROM PRODUCT WHERE NAME = 'TimesMachine' AND PRODUCT_STATUS_ID = 1 AND ROWNUM <= 1;
  EXCEPTION
    WHEN NO_DATA_FOUND THEN
      INSERT INTO PRODUCT (ID, NAME, PRODUCTION_COST, PRODUCT_STATUS_ID, PRODUCT_URI, UNIT_PRICE, created_by, create_date) VALUES (PRD_ID_SEQ.NEXTVAL, 'TimesMachine', '0', 1, NULL, '0', 'chris', SYSDATE);
      SELECT ID INTO CUR_PRD_ID FROM PRODUCT WHERE NAME = 'TimesMachine' AND PRODUCT_STATUS_ID = 1 AND ROWNUM <= 1;
    WHEN OTHERS THEN
      RAISE;
  END;
  INSERT INTO PRODUCT_OFFERING (ID, PRODUCT_ID, TAX_POLICY_TYPE_ID, QUANTITY, UNIT_PRICE, TAX_CATEGORY_ID, created_by, create_date) VALUES (PO_ID_SEQ.NEXTVAL, CUR_PRD_ID, 1, '100', '0', '2', 'chris', SYSDATE);
  INSERT INTO PRODUCT_OFFERING_META_DATA (ID, PRODUCT_OFFERING_ID, NAME, VALUE, created_by, create_date) VALUES (PROMD_ID_SEQ.NEXTVAL, PO_ID_SEQ.CURRVAL, 'entitlement_uri', 'http://:hostname:/svc/user/entitlements/mm/:id:.json', 'chris', SYSDATE);
  INSERT INTO PRODUCT_OFFERING_META_DATA (ID, PRODUCT_OFFERING_ID, NAME, VALUE, created_by, create_date) VALUES (PROMD_ID_SEQ.NEXTVAL, PO_ID_SEQ.CURRVAL, 'DEFAULT_VAT_RATE', '{"*": .1}', 'chris', SYSDATE);
  INSERT INTO OFFER_PRODUCT_OFFERING (OFFER_ID, PRODUCT_OFFERING_ID, created_by, create_date) VALUES (OFR_ID_SEQ.CURRVAL, PO_ID_SEQ.CURRVAL, 'chris', SYSDATE);
  INSERT INTO DISCOUNT (ID, NAME, DESCRIPTION, FIXED_AMOUNT, PERCENT_AMOUNT, DISCOUNT_TYPE_ID, created_by, create_date) VALUES (DSC_ID_SEQ.NEXTVAL, 'Auto Discount', 'Automatically generated to target price 5.0 given base price 0.58', NULL, '862.068965517', 1, 'chris', SYSDATE);
  INSERT INTO DISCOUNT_PRODUCT_OFFERING (DISCOUNT_ID, PRODUCT_OFFERING_ID, created_by, create_date) VALUES (DSC_ID_SEQ.CURRVAL, PO_ID_SEQ.CURRVAL, 'chris', SYSDATE);
  BEGIN
    SELECT ID INTO CUR_PRD_ID FROM PRODUCT WHERE NAME = 'Smartphone' AND PRODUCT_STATUS_ID = 1 AND ROWNUM <= 1;
  EXCEPTION
    WHEN NO_DATA_FOUND THEN
      INSERT INTO PRODUCT (ID, NAME, PRODUCTION_COST, PRODUCT_STATUS_ID, PRODUCT_URI, UNIT_PRICE, created_by, create_date) VALUES (PRD_ID_SEQ.NEXTVAL, 'Smartphone', '0', 1, NULL, '0.25', 'chris', SYSDATE);
      SELECT ID INTO CUR_PRD_ID FROM PRODUCT WHERE NAME = 'Smartphone' AND PRODUCT_STATUS_ID = 1 AND ROWNUM <= 1;
    WHEN OTHERS THEN
      RAISE;
  END;
  INSERT INTO PRODUCT_OFFERING (ID, PRODUCT_ID, TAX_POLICY_TYPE_ID, QUANTITY, UNIT_PRICE, TAX_CATEGORY_ID, created_by, create_date) VALUES (PO_ID_SEQ.NEXTVAL, CUR_PRD_ID, 1, '1.0', '0.25', '2', 'chris', SYSDATE);
  INSERT INTO PRODUCT_OFFERING_META_DATA (ID, PRODUCT_OFFERING_ID, NAME, VALUE, created_by, create_date) VALUES (PROMD_ID_SEQ.NEXTVAL, PO_ID_SEQ.CURRVAL, 'entitlement_uri', 'http://:hostname:/svc/user/entitlements/msd/:id:.json', 'chris', SYSDATE);
  INSERT INTO PRODUCT_OFFERING_META_DATA (ID, PRODUCT_OFFERING_ID, NAME, VALUE, created_by, create_date) VALUES (PROMD_ID_SEQ.NEXTVAL, PO_ID_SEQ.CURRVAL, 'DEFAULT_VAT_RATE', '{"*": .1}', 'chris', SYSDATE);
  INSERT INTO OFFER_PRODUCT_OFFERING (OFFER_ID, PRODUCT_OFFERING_ID, created_by, create_date) VALUES (OFR_ID_SEQ.CURRVAL, PO_ID_SEQ.CURRVAL, 'chris', SYSDATE);
  INSERT INTO DISCOUNT (ID, NAME, DESCRIPTION, FIXED_AMOUNT, PERCENT_AMOUNT, DISCOUNT_TYPE_ID, created_by, create_date) VALUES (DSC_ID_SEQ.NEXTVAL, 'Auto Discount', 'Automatically generated to target price 5.0 given base price 0.58', NULL, '862.068965517', 1, 'chris', SYSDATE);
  INSERT INTO DISCOUNT_PRODUCT_OFFERING (DISCOUNT_ID, PRODUCT_OFFERING_ID, created_by, create_date) VALUES (DSC_ID_SEQ.CURRVAL, PO_ID_SEQ.CURRVAL, 'chris', SYSDATE);
  INSERT INTO OFFER_OFFER_CHAIN (OFFER_ID, OFFER_CHAIN_ID, INDEX_VALUE, NUM_RECURRENCES, created_by, create_date, updated_by, update_date) VALUES (OFR_ID_SEQ.CURRVAL, 277248, '0', '3.0', 'chris', SYSDATE, 'chris', SYSDATE);
END;
/
